company_id,ticker,peer_group,fiscal_year,canonical_field,coverage_verified,fact_available,winning_tag,winning_accession,winning_filing_date,version_count,conflict_count,max_relative_difference,latest_restated_selectable
abnb,ABNB,marketplace_platform,2018,revenue,1,0,,,,0,0,,0
abnb,ABNB,marketplace_platform,2018,net_income,1,0,,,,0,0,,0
abnb,ABNB,marketplace_platform,2018,total_assets,1,0,,,,0,0,,0
abnb,ABNB,marketplace_platform,2018,total_equity,1,0,,,,0,0,,0
abnb,ABNB,marketplace_platform,2019,revenue,1,1,RevenueFromContractWithCustomerExcludingAssessedTax,0001559720-22-000006,2022-02-25,1,0,,1
abnb,ABNB,marketplace_platform,2019,net_income,1,1,NetIncomeLoss,0001559720-22-000006,2022-02-25,1,0,,1
abnb,ABNB,marketplace_platform,2019,total_assets,1,0,,,,0,0,,0
abnb,ABNB,marketplace_platform,2019,total_equity,1,1,StockholdersEquity,0001559720-23-000003,2023-02-17,2,1,0.00038985148514858236,1
abnb,ABNB,marketplace_platform,2020,revenue,1,1,RevenueFromContractWithCustomerExcludingAssessedTax,0001559720-23-000003,2023-02-17,2,1,5.8910597986995e-05,1
abnb,ABNB,marketplace_platform,2020,net_income,1,1,NetIncomeLoss,0001559720-23-000003,2023-02-17,3,2,6.194111232271554e-05,1
abnb,ABNB,marketplace_platform,2020,total_assets,1,1,Assets,0001559720-22-000006,2022-02-25,1,0,,1
abnb,ABNB,marketplace_platform,2020,total_equity,1,1,StockholdersEquity,0001559720-24-000006,2024-02-16,3,2,0.0002699069286452609,1
abnb,ABNB,marketplace_platform,2021,revenue,1,1,RevenueFromContractWithCustomerExcludingAssessedTax,0001559720-24-000006,2024-02-16,3,2,4.005340453934942e-05,1
abnb,ABNB,marketplace_platform,2021,net_income,1,1,NetIncomeLoss,0001559720-24-000006,2024-02-16,5,4,9.659090909088583e-05,1
abnb,ABNB,marketplace_platform,2021,total_assets,1,1,Assets,0001559720-23-000003,2023-02-17,2,1,3.4578348409699454e-05,1
abnb,ABNB,marketplace_platform,2021,total_equity,1,1,StockholdersEquity,0001559720-25-000010,2025-02-13,4,3,0.00014931937172769384,1
abnb,ABNB,marketplace_platform,2022,revenue,1,1,RevenueFromContractWithCustomerExcludingAssessedTax,0001559720-25-000010,2025-02-13,3,0,,1
abnb,ABNB,marketplace_platform,2022,net_income,1,1,NetIncomeLoss,0001559720-25-000010,2025-02-13,6,0,,1
abnb,ABNB,marketplace_platform,2022,total_assets,1,1,Assets,0001559720-24-000006,2024-02-16,2,0,,1
abnb,ABNB,marketplace_platform,2022,total_equity,1,1,StockholdersEquity,0001559720-26-000004,2026-02-12,4,0,,1
abnb,ABNB,marketplace_platform,2023,revenue,1,1,RevenueFromContractWithCustomerExcludingAssessedTax,0001559720-26-000004,2026-02-12,3,0,,1
abnb,ABNB,marketplace_platform,2023,net_income,1,1,NetIncomeLoss,0001559720-26-000004,2026-02-12,6,0,,1
abnb,ABNB,marketplace_platform,2023,total_assets,1,1,Assets,0001559720-25-000010,2025-02-13,2,0,,1
abnb,ABNB,marketplace_platform,2023,total_equity,1,1,StockholdersEquity,0001559720-26-000004,2026-02-12,3,0,,1
abnb,ABNB,marketplace_platform,2024,revenue,1,1,RevenueFromContractWithCustomerExcludingAssessedTax,0001559720-26-000004,2026-02-12,2,0,,1
abnb,ABNB,marketplace_platform,2024,net_income,1,1,NetIncomeLoss,0001559720-26-000004,2026-02-12,4,0,,1
abnb,ABNB,marketplace_platform,2024,total_assets,1,1,Assets,0001559720-26-000004,2026-02-12,2,0,,1
abnb,ABNB,marketplace_platform,2024,total_equity,1,1,StockholdersEquity,0001559720-26-000004,2026-02-12,2,0,,1
aka,AKA,dtc_brand,2018,revenue,1,0,,,,0,0,,0
aka,AKA,dtc_brand,2018,net_income,1,0,,,,0,0,,0
aka,AKA,dtc_brand,2018,total_assets,1,0,,,,0,0,,0
aka,AKA,dtc_brand,2018,total_equity,1,0,,,,0,0,,0
aka,AKA,dtc_brand,2019,revenue,1,1,RevenueFromContractWithCustomerExcludingAssessedTax,0001865107-22-000033,2022-03-01,1,0,,1
aka,AKA,dtc_brand,2019,net_income,1,1,NetIncomeLoss,0001865107-22-000033,2022-03-01,2,1,0.034433285509325715,1
aka,AKA,dtc_brand,2019,total_assets,1,0,,,,0,0,,0
aka,AKA,dtc_brand,2019,total_equity,1,1,StockholdersEquityIncludingPortionAttributableToNoncontrollingInterest,0001865107-22-000033,2022-03-01,1,0,,1
aka,AKA,dtc_brand,2020,revenue,1,1,RevenueFromContractWithCustomerExcludingAssessedTax,0001865107-23-000012,2023-03-09,2,0,,1
aka,AKA,dtc_brand,2020,net_income,1,1,NetIncomeLoss,0001865107-23-000012,2023-03-09,4,3,0.032858936793637515,1
aka,AKA,dtc_brand,2020,total_assets,1,1,Assets,0001865107-22-000033,2022-03-01,1,0,,1
aka,AKA,dtc_brand,2020,total_equity,1,1,StockholdersEquityIncludingPortionAttributableToNoncontrollingInterest,0001865107-22-000033,2022-03-01,1,0,,1
aka,AKA,dtc_brand,2021,revenue,1,1,RevenueFromContractWithCustomerExcludingAssessedTax,0001865107-24-000010,2024-03-07,3,0,,1
aka,AKA,dtc_brand,2021,net_income,1,1,NetIncomeLoss,0001865107-24-000010,2024-03-07,6,5,0.020609919571045614,1
aka,AKA,dtc_brand,2021,total_assets,1,1,Assets,0001865107-23-000012,2023-03-09,2,0,,1
aka,AKA,dtc_brand,2021,total_equity,1,1,StockholdersEquityIncludingPortionAttributableToNoncontrollingInterest,0001865107-25-000016,2025-03-06,4,0,,1
aka,AKA,dtc_brand,2022,revenue,1,1,RevenueFromContractWithCustomerExcludingAssessedTax,0001865107-25-000016,2025-03-06,3,0,,1
aka,AKA,dtc_brand,2022,net_income,1,1,NetIncomeLoss,0001865107-25-000016,2025-03-06,6,0,,1
aka,AKA,dtc_brand,2022,total_assets,1,1,Assets,0001865107-24-000010,2024-03-07,2,0,,1
aka,AKA,dtc_brand,2022,total_equity,1,1,StockholdersEquity,0001865107-26-000008,2026-03-05,4,0,,1
aka,AKA,dtc_brand,2023,revenue,1,1,RevenueFromContractWithCustomerExcludingAssessedTax,0001865107-26-000008,2026-03-05,3,0,,1
aka,AKA,dtc_brand,2023,net_income,1,1,NetIncomeLoss,0001865107-26-000008,2026-03-05,5,0,,1
aka,AKA,dtc_brand,2023,total_assets,1,1,Assets,0001865107-25-000016,2025-03-06,2,0,,1
aka,AKA,dtc_brand,2023,total_equity,1,1,StockholdersEquity,0001865107-26-000008,2026-03-05,3,0,,1
aka,AKA,dtc_brand,2024,revenue,1,1,RevenueFromContractWithCustomerExcludingAssessedTax,0001865107-26-000008,2026-03-05,2,0,,1
aka,AKA,dtc_brand,2024,net_income,1,1,NetIncomeLoss,0001865107-26-000008,2026-03-05,3,0,,1
aka,AKA,dtc_brand,2024,total_assets,1,1,Assets,0001865107-26-000008,2026-03-05,2,0,,1
aka,AKA,dtc_brand,2024,total_equity,1,1,StockholdersEquity,0001865107-26-000008,2026-03-05,2,0,,1
amzn,AMZN,hybrid,2018,revenue,1,1,RevenueFromContractWithCustomerExcludingAssessedTax,0001018724-21-000004,2021-02-03,3,0,,1
amzn,AMZN,hybrid,2018,net_income,1,1,NetIncomeLoss,0001018724-21-000004,2021-02-03,3,0,,1
amzn,AMZN,hybrid,2018,total_assets,1,1,Assets,0001018724-21-000004,2021-02-03,3,0,,1
amzn,AMZN,hybrid,2018,total_equity,1,1,StockholdersEquity,0001018724-22-000005,2022-02-04,4,0,,1
amzn,AMZN,hybrid,2019,revenue,1,1,RevenueFromContractWithCustomerExcludingAssessedTax,0001018724-22-000005,2022-02-04,3,0,,1
amzn,AMZN,hybrid,2019,net_income,1,1,NetIncomeLoss,0001018724-22-000005,2022-02-04,3,0,,1
amzn,AMZN,hybrid,2019,total_assets,1,1,Assets,0001018724-22-000005,2022-02-04,3,0,,1
amzn,AMZN,hybrid,2019,total_equity,1,1,StockholdersEquity,0001018724-23-000004,2023-02-03,4,0,,1
amzn,AMZN,hybrid,2020,revenue,1,1,RevenueFromContractWithCustomerExcludingAssessedTax,0001018724-23-000004,2023-02-03,3,0,,1
amzn,AMZN,hybrid,2020,net_income,1,1,NetIncomeLoss,0001018724-23-000004,2023-02-03,3,0,,1
amzn,AMZN,hybrid,2020,total_assets,1,1,Assets,0001018724-23-000004,2023-02-03,3,0,,1
amzn,AMZN,hybrid,2020,total_equity,1,1,StockholdersEquity,0001018724-24-000008,2024-02-02,4,0,,1
amzn,AMZN,hybrid,2021,revenue,1,1,RevenueFromContractWithCustomerExcludingAssessedTax,0001018724-24-000008,2024-02-02,3,0,,1
amzn,AMZN,hybrid,2021,net_income,1,1,NetIncomeLoss,0001018724-24-000008,2024-02-02,3,0,,1
amzn,AMZN,hybrid,2021,total_assets,1,1,Assets,0001018724-24-000008,2024-02-02,3,0,,1
amzn,AMZN,hybrid,2021,total_equity,1,1,StockholdersEquity,0001018724-25-000004,2025-02-07,4,0,,1
amzn,AMZN,hybrid,2022,revenue,1,1,RevenueFromContractWithCustomerExcludingAssessedTax,0001018724-25-000004,2025-02-07,3,0,,1
amzn,AMZN,hybrid,2022,net_income,1,1,NetIncomeLoss,0001018724-25-000004,2025-02-07,3,0,,1
amzn,AMZN,hybrid,2022,total_assets,1,1,Assets,0001018724-25-000004,2025-02-07,3,0,,1
amzn,AMZN,hybrid,2022,total_equity,1,1,StockholdersEquity,0001018724-26-000004,2026-02-06,4,0,,1
amzn,AMZN,hybrid,2023,revenue,1,1,RevenueFromContractWithCustomerExcludingAssessedTax,0001018724-26-000004,2026-02-06,3,0,,1
amzn,AMZN,hybrid,2023,net_income,1,1,NetIncomeLoss,0001018724-26-000004,2026-02-06,3,0,,1
amzn,AMZN,hybrid,2023,total_assets,1,1,Assets,0001018724-26-000004,2026-02-06,3,0,,1
amzn,AMZN,hybrid,2023,total_equity,1,1,StockholdersEquity,0001018724-26-000004,2026-02-06,3,0,,1
amzn,AMZN,hybrid,2024,revenue,1,1,RevenueFromContractWithCustomerExcludingAssessedTax,0001018724-26-000004,2026-02-06,2,0,,1
amzn,AMZN,hybrid,2024,net_income,1,1,NetIncomeLoss,0001018724-26-000004,2026-02-06,2,0,,1
amzn,AMZN,hybrid,2024,total_assets,1,1,Assets,0001018724-26-000004,2026-02-06,2,0,,1
amzn,AMZN,hybrid,2024,total_equity,1,1,StockholdersEquity,0001018724-26-000004,2026-02-06,2,0,,1
aprn,APRN,inventory_led_ecommerce,2018,revenue,1,1,RevenueFromContractWithCustomerExcludingAssessedTax,0001558370-21-001484,2021-02-23,3,0,,1
aprn,APRN,inventory_led_ecommerce,2018,net_income,1,1,NetIncomeLoss,0001558370-21-001484,2021-02-23,6,0,,1
aprn,APRN,inventory_led_ecommerce,2018,total_assets,1,1,Assets,0001558370-20-000920,2020-02-18,2,0,,1
aprn,APRN,inventory_led_ecommerce,2018,total_equity,1,1,StockholdersEquity,0001558370-22-002191,2022-02-25,4,0,,1
aprn,APRN,inventory_led_ecommerce,2019,revenue,1,1,RevenueFromContractWithCustomerExcludingAssessedTax,0001558370-22-002191,2022-02-25,3,0,,1
aprn,APRN,inventory_led_ecommerce,2019,net_income,1,1,NetIncomeLoss,0001558370-22-002191,2022-02-25,6,0,,1
aprn,APRN,inventory_led_ecommerce,2019,total_assets,1,1,Assets,0001558370-21-001484,2021-02-23,2,0,,1
aprn,APRN,inventory_led_ecommerce,2019,total_equity,1,1,StockholdersEquity,0001701114-23-000020,2023-03-16,4,0,,1
aprn,APRN,inventory_led_ecommerce,2020,revenue,1,1,RevenueFromContractWithCustomerExcludingAssessedTax,0001701114-23-000020,2023-03-16,3,0,,1
aprn,APRN,inventory_led_ecommerce,2020,net_income,1,1,NetIncomeLoss,0001701114-23-000020,2023-03-16,6,0,,1
aprn,APRN,inventory_led_ecommerce,2020,total_assets,1,1,Assets,0001558370-22-002191,2022-02-25,2,0,,1
aprn,APRN,inventory_led_ecommerce,2020,total_equity,1,1,StockholdersEquity,0001701114-23-000020,2023-03-16,3,0,,1
aprn,APRN,inventory_led_ecommerce,2021,revenue,1,1,RevenueFromContractWithCustomerExcludingAssessedTax,0001701114-23-000020,2023-03-16,2,0,,1
aprn,APRN,inventory_led_ecommerce,2021,net_income,1,1,NetIncomeLoss,0001701114-23-000020,2023-03-16,4,0,,1
aprn,APRN,inventory_led_ecommerce,2021,total_assets,1,1,Assets,0001701114-23-000020,2023-03-16,2,0,,1
aprn,APRN,inventory_led_ecommerce,2021,total_equity,1,1,StockholdersEquity,0001701114-23-000020,2023-03-16,2,0,,1
aprn,APRN,inventory_led_ecommerce,2022,revenue,1,1,RevenueFromContractWithCustomerExcludingAssessedTax,0001701114-23-000020,2023-03-16,1,0,,1
aprn,APRN,inventory_led_ecommerce,2022,net_income,1,1,NetIncomeLoss,0001701114-23-000020,2023-03-16,2,0,,1
aprn,APRN,inventory_led_ecommerce,2022,total_assets,1,1,Assets,0001701114-23-000020,2023-03-16,1,0,,1
aprn,APRN,inventory_led_ecommerce,2022,total_equity,1,1,StockholdersEquity,0001701114-23-000020,2023-03-16,1,0,,1
aprn,APRN,inventory_led_ecommerce,2023,revenue,1,0,,,,0,0,,0
aprn,APRN,inventory_led_ecommerce,2023,net_income,1,0,,,,0,0,,0
aprn,APRN,inventory_led_ecommerce,2023,total_assets,1,0,,,,0,0,,0
aprn,APRN,inventory_led_ecommerce,2023,total_equity,1,0,,,,0,0,,0
aprn,APRN,inventory_led_ecommerce,2024,revenue,1,0,,,,0,0,,0
aprn,APRN,inventory_led_ecommerce,2024,net_income,1,0,,,,0,0,,0
aprn,APRN,inventory_led_ecommerce,2024,total_assets,1,0,,,,0,0,,0
aprn,APRN,inventory_led_ecommerce,2024,total_equity,1,0,,,,0,0,,0
bark,BARK,dtc_brand,2018,revenue,1,0,,,,0,0,,0
bark,BARK,dtc_brand,2018,net_income,1,0,,,,0,0,,0
bark,BARK,dtc_brand,2018,total_assets,1,0,,,,0,0,,0
bark,BARK,dtc_brand,2018,total_equity,1,0,,,,0,0,,0
bark,BARK,dtc_brand,2019,revenue,1,0,,,,0,0,,0
bark,BARK,dtc_brand,2019,net_income,1,0,,,,0,0,,0
bark,BARK,dtc_brand,2019,total_assets,1,0,,,,0,0,,0
bark,BARK,dtc_brand,2019,total_equity,1,0,,,,0,0,,0
bark,BARK,dtc_brand,2020,revenue,1,1,RevenueFromContractWithCustomerExcludingAssessedTax,0001819574-22-000049,2022-05-31,1,0,,1
bark,BARK,dtc_brand,2020,net_income,1,1,NetIncomeLoss,0001819574-22-000049,2022-05-31,2,0,,1
bark,BARK,dtc_brand,2020,total_assets,1,0,,,,0,0,,0
bark,BARK,dtc_brand,2020,total_equity,1,1,StockholdersEquity,0001819574-23-000009,2023-06-01,2,0,,1
bark,BARK,dtc_brand,2021,revenue,1,1,RevenueFromContractWithCustomerExcludingAssessedTax,0001819574-23-000009,2023-06-01,2,0,,1
bark,BARK,dtc_brand,2021,net_income,1,1,NetIncomeLoss,0001819574-23-000009,2023-06-01,4,0,,1
bark,BARK,dtc_brand,2021,total_assets,1,1,Assets,0001819574-22-000049,2022-05-31,3,2,0.6883850579664994,1
bark,BARK,dtc_brand,2021,total_equity,1,1,StockholdersEquity,0001819574-24-000025,2024-06-03,5,4,1.0314525004717872,1
bark,BARK,dtc_brand,2022,revenue,1,1,RevenueFromContractWithCustomerExcludingAssessedTax,0001819574-24-000025,2024-06-03,3,0,,1
bark,BARK,dtc_brand,2022,net_income,1,1,NetIncomeLoss,0001819574-24-000025,2024-06-03,6,0,,1
bark,BARK,dtc_brand,2022,total_assets,1,1,Assets,0001819574-23-000009,2023-06-01,2,0,,1
bark,BARK,dtc_brand,2022,total_equity,1,1,StockholdersEquity,0001819574-25-000024,2025-06-04,4,0,,1
bark,BARK,dtc_brand,2023,revenue,1,1,RevenueFromContractWithCustomerExcludingAssessedTax,0001819574-25-000024,2025-06-04,3,0,,1
bark,BARK,dtc_brand,2023,net_income,1,1,NetIncomeLoss,0001819574-25-000033,2025-07-29,7,0,,1
bark,BARK,dtc_brand,2023,total_assets,1,1,Assets,0001819574-24-000025,2024-06-03,2,0,,1
bark,BARK,dtc_brand,2023,total_equity,1,1,StockholdersEquity,0001628280-26-042242,2026-06-10,4,0,,1
bark,BARK,dtc_brand,2024,revenue,1,1,RevenueFromContractWithCustomerExcludingAssessedTax,0001628280-26-042242,2026-06-10,3,0,,1
bark,BARK,dtc_brand,2024,net_income,1,1,NetIncomeLoss,0001628280-26-042242,2026-06-10,7,0,,1
bark,BARK,dtc_brand,2024,total_assets,1,1,Assets,0001819574-25-000024,2025-06-04,2,0,,1
bark,BARK,dtc_brand,2024,total_equity,1,1,StockholdersEquity,0001628280-26-042242,2026-06-10,3,0,,1
bbby,BBBY,inventory_led_ecommerce,2018,revenue,1,1,RevenueFromContractWithCustomerExcludingAssessedTax,0000886158-21-000015,2021-04-22,3,0,,1
bbby,BBBY,inventory_led_ecommerce,2018,net_income,1,1,NetIncomeLoss,0000886158-21-000015,2021-04-22,4,0,,1
bbby,BBBY,inventory_led_ecommerce,2018,total_assets,1,1,Assets,0000886158-20-000008,2020-04-29,2,0,,1
bbby,BBBY,inventory_led_ecommerce,2018,total_equity,1,1,StockholdersEquity,0000886158-22-000047,2022-04-21,4,0,,1
bbby,BBBY,inventory_led_ecommerce,2019,revenue,1,1,RevenueFromContractWithCustomerExcludingAssessedTax,0000886158-22-000047,2022-04-21,3,0,,1
bbby,BBBY,inventory_led_ecommerce,2019,net_income,1,1,NetIncomeLoss,0000886158-22-000047,2022-04-21,5,0,,1
bbby,BBBY,inventory_led_ecommerce,2019,total_assets,1,1,Assets,0000886158-21-000015,2021-04-22,2,0,,1
bbby,BBBY,inventory_led_ecommerce,2019,total_equity,1,1,StockholdersEquity,0000886158-23-000059,2023-06-14,4,0,,1
bbby,BBBY,inventory_led_ecommerce,2020,revenue,1,1,RevenueFromContractWithCustomerExcludingAssessedTax,0000886158-23-000059,2023-06-14,3,0,,1
bbby,BBBY,inventory_led_ecommerce,2020,net_income,1,1,NetIncomeLoss,0000886158-23-000059,2023-06-14,6,0,,1
bbby,BBBY,inventory_led_ecommerce,2020,total_assets,1,1,Assets,0000886158-22-000047,2022-04-21,2,0,,1
bbby,BBBY,inventory_led_ecommerce,2020,total_equity,1,1,StockholdersEquity,0000886158-23-000059,2023-06-14,3,0,,1
bbby,BBBY,inventory_led_ecommerce,2021,revenue,1,1,RevenueFromContractWithCustomerExcludingAssessedTax,0000886158-23-000059,2023-06-14,2,0,,1
bbby,BBBY,inventory_led_ecommerce,2021,net_income,1,1,NetIncomeLoss,0000886158-23-000059,2023-06-14,4,0,,1
bbby,BBBY,inventory_led_ecommerce,2021,total_assets,1,1,Assets,0000886158-23-000059,2023-06-14,2,0,,1
bbby,BBBY,inventory_led_ecommerce,2021,total_equity,1,1,StockholdersEquity,0000886158-23-000059,2023-06-14,2,0,,1
bbby,BBBY,inventory_led_ecommerce,2022,revenue,1,1,RevenueFromContractWithCustomerExcludingAssessedTax,0000886158-23-000059,2023-06-14,1,0,,1
bbby,BBBY,inventory_led_ecommerce,2022,net_income,1,1,NetIncomeLoss,0000886158-23-000059,2023-06-14,2,0,,1
bbby,BBBY,inventory_led_ecommerce,2022,total_assets,1,1,Assets,0000886158-23-000059,2023-06-14,1,0,,1
bbby,BBBY,inventory_led_ecommerce,2022,total_equity,1,1,StockholdersEquity,0000886158-23-000059,2023-06-14,1,0,,1
bbby,BBBY,inventory_led_ecommerce,2023,revenue,1,0,,,,0,0,,0
bbby,BBBY,inventory_led_ecommerce,2023,net_income,1,0,,,,0,0,,0
bbby,BBBY,inventory_led_ecommerce,2023,total_assets,1,0,,,,0,0,,0
bbby,BBBY,inventory_led_ecommerce,2023,total_equity,1,0,,,,0,0,,0
bbby,BBBY,inventory_led_ecommerce,2024,revenue,1,0,,,,0,0,,0
bbby,BBBY,inventory_led_ecommerce,2024,net_income,1,0,,,,0,0,,0
bbby,BBBY,inventory_led_ecommerce,2024,total_assets,1,0,,,,0,0,,0
bbby,BBBY,inventory_led_ecommerce,2024,total_equity,1,0,,,,0,0,,0
bird,BIRD,dtc_brand,2018,revenue,1,0,,,,0,0,,0
bird,BIRD,dtc_brand,2018,net_income,1,0,,,,0,0,,0
bird,BIRD,dtc_brand,2018,total_assets,1,0,,,,0,0,,0
bird,BIRD,dtc_brand,2018,total_equity,1,0,,,,0,0,,0
bird,BIRD,dtc_brand,2019,revenue,1,1,RevenueFromContractWithCustomerIncludingAssessedTax,0001653909-22-000016,2022-03-16,1,0,,1
bird,BIRD,dtc_brand,2019,net_income,1,1,NetIncomeLoss,0001653909-22-000016,2022-03-16,2,0,,1
bird,BIRD,dtc_brand,2019,total_assets,1,0,,,,0,0,,0
bird,BIRD,dtc_brand,2019,total_equity,1,1,StockholdersEquity,0001653909-23-000030,2023-03-10,2,0,,1
bird,BIRD,dtc_brand,2020,revenue,1,1,RevenueFromContractWithCustomerIncludingAssessedTax,0001653909-23-000030,2023-03-10,2,0,,1
bird,BIRD,dtc_brand,2020,net_income,1,1,NetIncomeLoss,0001653909-23-000030,2023-03-10,4,0,,1
bird,BIRD,dtc_brand,2020,total_assets,1,1,Assets,0001653909-22-000016,2022-03-16,1,0,,1
bird,BIRD,dtc_brand,2020,total_equity,1,1,StockholdersEquity,0001653909-23-000030,2023-03-10,2,0,,1
bird,BIRD,dtc_brand,2021,revenue,1,1,RevenueFromContractWithCustomerIncludingAssessedTax,0001653909-23-000030,2023-03-10,2,0,,1
bird,BIRD,dtc_brand,2021,net_income,1,1,NetIncomeLoss,0001653909-23-000030,2023-03-10,4,0,,1
bird,BIRD,dtc_brand,2021,total_assets,1,1,Assets,0001653909-23-000030,2023-03-10,2,0,,1
bird,BIRD,dtc_brand,2021,total_equity,1,1,StockholdersEquity,0001653909-24-000015,2024-03-13,3,0,,1
bird,BIRD,dtc_brand,2022,revenue,1,1,RevenueFromContractWithCustomerIncludingAssessedTax,0001653909-24-000015,2024-03-13,2,0,,1
bird,BIRD,dtc_brand,2022,net_income,1,1,NetIncomeLoss,0001653909-24-000015,2024-03-13,4,0,,1
bird,BIRD,dtc_brand,2022,total_assets,1,1,Assets,0001653909-24-000015,2024-03-13,2,0,,1
bird,BIRD,dtc_brand,2022,total_equity,1,1,StockholdersEquity,0001628280-25-012130,2025-03-12,3,0,,1
bird,BIRD,dtc_brand,2023,revenue,1,1,RevenueFromContractWithCustomerIncludingAssessedTax,0001628280-25-012130,2025-03-12,2,0,,1
bird,BIRD,dtc_brand,2023,net_income,1,1,NetIncomeLoss,0001628280-25-012130,2025-03-12,4,0,,1
bird,BIRD,dtc_brand,2023,total_assets,1,1,Assets,0001628280-25-012130,2025-03-12,2,0,,1
bird,BIRD,dtc_brand,2023,total_equity,1,1,StockholdersEquity,0001628280-26-022192,2026-03-31,3,0,,1
bird,BIRD,dtc_brand,2024,revenue,1,1,RevenueFromContractWithCustomerIncludingAssessedTax,0001628280-26-022192,2026-03-31,2,0,,1
bird,BIRD,dtc_brand,2024,net_income,1,1,NetIncomeLoss,0001628280-26-022192,2026-03-31,4,0,,1
bird,BIRD,dtc_brand,2024,total_assets,1,1,Assets,0001628280-26-022192,2026-03-31,2,0,,1
bird,BIRD,dtc_brand,2024,total_equity,1,1,StockholdersEquity,0001628280-26-022192,2026-03-31,2,0,,1
bkng,BKNG,marketplace_platform,2018,revenue,1,1,Revenues,0001075531-21-000019,2021-02-24,3,0,,1
bkng,BKNG,marketplace_platform,2018,net_income,1,1,NetIncomeLossAvailableToCommonStockholdersBasic,0001075531-21-000019,2021-02-24,3,0,,1
bkng,BKNG,marketplace_platform,2018,total_assets,1,1,Assets,0001075531-20-000011,2020-02-26,2,0,,1
bkng,BKNG,marketplace_platform,2018,total_equity,1,1,StockholdersEquity,0001075531-22-000008,2022-02-23,4,0,,1
bkng,BKNG,marketplace_platform,2019,revenue,1,1,Revenues,0001075531-22-000008,2022-02-23,3,0,,1
bkng,BKNG,marketplace_platform,2019,net_income,1,1,NetIncomeLossAvailableToCommonStockholdersBasic,0001075531-22-000008,2022-02-23,3,0,,1
bkng,BKNG,marketplace_platform,2019,total_assets,1,1,Assets,0001075531-21-000019,2021-02-24,2,0,,1
bkng,BKNG,marketplace_platform,2019,total_equity,1,1,StockholdersEquity,0001075531-23-000016,2023-02-23,4,0,,1
bkng,BKNG,marketplace_platform,2020,revenue,1,1,Revenues,0001075531-23-000016,2023-02-23,3,0,,1
bkng,BKNG,marketplace_platform,2020,net_income,1,1,NetIncomeLossAvailableToCommonStockholdersBasic,0001075531-23-000016,2023-02-23,3,0,,1
bkng,BKNG,marketplace_platform,2020,total_assets,1,1,Assets,0001075531-22-000008,2022-02-23,2,0,,1
bkng,BKNG,marketplace_platform,2020,total_equity,1,1,StockholdersEquity,0001075531-24-000014,2024-02-22,4,0,,1
bkng,BKNG,marketplace_platform,2021,revenue,1,1,Revenues,0001075531-24-000014,2024-02-22,3,0,,1
bkng,BKNG,marketplace_platform,2021,net_income,1,1,NetIncomeLossAvailableToCommonStockholdersBasic,0001075531-24-000014,2024-02-22,3,0,,1
bkng,BKNG,marketplace_platform,2021,total_assets,1,1,Assets,0001075531-23-000016,2023-02-23,2,0,,1
bkng,BKNG,marketplace_platform,2021,total_equity,1,1,StockholdersEquity,0001075531-25-000010,2025-02-20,4,0,,1
bkng,BKNG,marketplace_platform,2022,revenue,1,1,Revenues,0001075531-25-000010,2025-02-20,3,0,,1
bkng,BKNG,marketplace_platform,2022,net_income,1,1,NetIncomeLossAvailableToCommonStockholdersBasic,0001075531-25-000010,2025-02-20,3,0,,1
bkng,BKNG,marketplace_platform,2022,total_assets,1,1,Assets,0001075531-24-000014,2024-02-22,2,0,,1
bkng,BKNG,marketplace_platform,2022,total_equity,1,1,StockholdersEquity,0001075531-26-000009,2026-02-18,4,0,,1
bkng,BKNG,marketplace_platform,2023,revenue,1,1,Revenues,0001075531-26-000009,2026-02-18,3,0,,1
bkng,BKNG,marketplace_platform,2023,net_income,1,1,NetIncomeLossAvailableToCommonStockholdersBasic,0001075531-26-000009,2026-02-18,3,0,,1
bkng,BKNG,marketplace_platform,2023,total_assets,1,1,Assets,0001075531-25-000010,2025-02-20,2,0,,1
bkng,BKNG,marketplace_platform,2023,total_equity,1,1,StockholdersEquity,0001075531-26-000009,2026-02-18,3,0,,1
bkng,BKNG,marketplace_platform,2024,revenue,1,1,Revenues,0001075531-26-000009,2026-02-18,2,0,,1
bkng,BKNG,marketplace_platform,2024,net_income,1,1,NetIncomeLossAvailableToCommonStockholdersBasic,0001075531-26-000009,2026-02-18,2,0,,1
bkng,BKNG,marketplace_platform,2024,total_assets,1,1,Assets,0001075531-26-000009,2026-02-18,2,0,,1
bkng,BKNG,marketplace_platform,2024,total_equity,1,1,StockholdersEquity,0001075531-26-000009,2026-02-18,2,0,,1
boxd,BOXD,inventory_led_ecommerce,2018,revenue,1,0,,,,0,0,,0
boxd,BOXD,inventory_led_ecommerce,2018,net_income,1,0,,,,0,0,,0
boxd,BOXD,inventory_led_ecommerce,2018,total_assets,1,0,,,,0,0,,0
boxd,BOXD,inventory_led_ecommerce,2018,total_equity,1,0,,,,0,0,,0
boxd,BOXD,inventory_led_ecommerce,2019,revenue,1,1,RevenueFromContractWithCustomerExcludingAssessedTax,0001828672-22-000026,2022-03-15,1,0,,1
boxd,BOXD,inventory_led_ecommerce,2019,net_income,1,1,NetIncomeLoss,0001828672-22-000026,2022-03-15,2,1,0.017661875783615267,1
boxd,BOXD,inventory_led_ecommerce,2019,total_assets,1,0,,,,0,0,,0
boxd,BOXD,inventory_led_ecommerce,2019,total_equity,1,1,StockholdersEquity,0001828672-22-000026,2022-03-15,1,0,,1
boxd,BOXD,inventory_led_ecommerce,2020,revenue,1,1,RevenueFromContractWithCustomerExcludingAssessedTax,0001828672-22-000026,2022-03-15,1,0,,1
boxd,BOXD,inventory_led_ecommerce,2020,net_income,1,1,NetIncomeLoss,0001828672-22-000026,2022-03-15,2,1,0.03166092935604283,1
boxd,BOXD,inventory_led_ecommerce,2020,total_assets,1,1,Assets,0001828672-22-000026,2022-03-15,1,0,,1
boxd,BOXD,inventory_led_ecommerce,2020,total_equity,1,1,StockholdersEquity,0001828672-22-000026,2022-03-15,1,0,,1
boxd,BOXD,inventory_led_ecommerce,2021,revenue,1,1,RevenueFromContractWithCustomerExcludingAssessedTax,0001828672-22-000026,2022-03-15,1,0,,1
boxd,BOXD,inventory_led_ecommerce,2021,net_income,1,1,NetIncomeLoss,0001828672-22-000026,2022-03-15,2,1,0.029457776112297527,1
boxd,BOXD,inventory_led_ecommerce,2021,total_assets,1,1,Assets,0001828672-22-000026,2022-03-15,1,0,,1
boxd,BOXD,inventory_led_ecommerce,2021,total_equity,1,1,StockholdersEquity,0001828672-22-000026,2022-03-15,1,0,,1
boxd,BOXD,inventory_led_ecommerce,2022,revenue,1,0,,,,0,0,,0
boxd,BOXD,inventory_led_ecommerce,2022,net_income,1,0,,,,0,0,,0
boxd,BOXD,inventory_led_ecommerce,2022,total_assets,1,0,,,,0,0,,0
boxd,BOXD,inventory_led_ecommerce,2022,total_equity,1,0,,,,0,0,,0
boxd,BOXD,inventory_led_ecommerce,2023,revenue,1,0,,,,0,0,,0
boxd,BOXD,inventory_led_ecommerce,2023,net_income,1,0,,,,0,0,,0
boxd,BOXD,inventory_led_ecommerce,2023,total_assets,1,0,,,,0,0,,0
boxd,BOXD,inventory_led_ecommerce,2023,total_equity,1,0,,,,0,0,,0
boxd,BOXD,inventory_led_ecommerce,2024,revenue,1,0,,,,0,0,,0
boxd,BOXD,inventory_led_ecommerce,2024,net_income,1,0,,,,0,0,,0
boxd,BOXD,inventory_led_ecommerce,2024,total_assets,1,0,,,,0,0,,0
boxd,BOXD,inventory_led_ecommerce,2024,total_equity,1,0,,,,0,0,,0
byon,BYON,hybrid,2018,revenue,1,1,RevenueFromContractWithCustomerExcludingAssessedTax,0001130713-21-000019,2021-02-26,3,0,,1
byon,BYON,hybrid,2018,net_income,1,1,NetIncomeLoss,0001130713-21-000019,2021-02-26,9,8,0.0558062794196147,1
byon,BYON,hybrid,2018,total_assets,1,1,Assets,0001130713-20-000014,2020-03-13,2,0,,1
byon,BYON,hybrid,2018,total_equity,1,1,StockholdersEquityIncludingPortionAttributableToNoncontrollingInterest,0001130713-21-000019,2021-02-26,5,4,0.3747401592740595,1
byon,BYON,hybrid,2019,revenue,1,1,RevenueFromContractWithCustomerExcludingAssessedTax,0001130713-22-000009,2022-02-25,3,2,0.017034454979672077,1
byon,BYON,hybrid,2019,net_income,1,1,NetIncomeLoss,0001130713-22-000009,2022-02-25,9,8,0.1057033346738783,1
byon,BYON,hybrid,2019,total_assets,1,1,Assets,0001130713-21-000019,2021-02-26,2,0,,1
byon,BYON,hybrid,2019,total_equity,1,1,StockholdersEquityIncludingPortionAttributableToNoncontrollingInterest,0001130713-22-000009,2022-02-25,5,4,0.3529335694807567,1
byon,BYON,hybrid,2020,revenue,1,1,RevenueFromContractWithCustomerExcludingAssessedTax,0001130713-23-000014,2023-02-24,3,2,0.022401725800598633,1
byon,BYON,hybrid,2020,net_income,1,1,NetIncomeLoss,0001130713-23-000014,2023-02-24,9,8,0.17553257977536113,1
byon,BYON,hybrid,2020,total_assets,1,1,Assets,0001130713-22-000009,2022-02-25,2,0,,1
byon,BYON,hybrid,2020,total_equity,1,1,StockholdersEquityIncludingPortionAttributableToNoncontrollingInterest,0001130713-23-000014,2023-02-24,5,4,0.14354863106942978,1
byon,BYON,hybrid,2021,revenue,1,1,RevenueFromContractWithCustomerExcludingAssessedTax,0001130713-24-000013,2024-02-23,3,0,,1
byon,BYON,hybrid,2021,net_income,1,1,NetIncomeLoss,0001130713-24-000013,2024-02-23,9,8,0.09761359317054137,1
byon,BYON,hybrid,2021,total_assets,1,1,Assets,0001130713-23-000014,2023-02-24,2,0,,1
byon,BYON,hybrid,2021,total_equity,1,1,StockholdersEquityIncludingPortionAttributableToNoncontrollingInterest,0001130713-24-000013,2024-02-23,5,0,,1
byon,BYON,hybrid,2022,revenue,1,1,RevenueFromContractWithCustomerExcludingAssessedTax,0001130713-25-000024,2025-02-25,3,0,,1
byon,BYON,hybrid,2022,net_income,1,1,NetIncomeLoss,0001130713-25-000024,2025-02-25,8,7,0.0481609717334545,1
byon,BYON,hybrid,2022,total_assets,1,1,Assets,0001130713-24-000013,2024-02-23,2,0,,1
byon,BYON,hybrid,2022,total_equity,1,1,StockholdersEquityIncludingPortionAttributableToNoncontrollingInterest,0001130713-25-000024,2025-02-25,4,0,,1
byon,BYON,hybrid,2023,revenue,1,1,RevenueFromContractWithCustomerExcludingAssessedTax,0001130713-26-000018,2026-02-24,3,0,,1
byon,BYON,hybrid,2023,net_income,1,1,ProfitLoss,0001130713-26-000018,2026-02-24,6,0,,1
byon,BYON,hybrid,2023,total_assets,1,1,Assets,0001130713-25-000024,2025-02-25,2,0,,1
byon,BYON,hybrid,2023,total_equity,1,1,StockholdersEquityIncludingPortionAttributableToNoncontrollingInterest,0001130713-26-000018,2026-02-24,3,0,,1
byon,BYON,hybrid,2024,revenue,1,1,RevenueFromContractWithCustomerExcludingAssessedTax,0001130713-26-000018,2026-02-24,2,0,,1
byon,BYON,hybrid,2024,net_income,1,1,ProfitLoss,0001130713-26-000018,2026-02-24,3,0,,1
byon,BYON,hybrid,2024,total_assets,1,1,Assets,0001130713-26-000018,2026-02-24,2,0,,1
byon,BYON,hybrid,2024,total_equity,1,1,StockholdersEquity,0001130713-26-000018,2026-02-24,3,0,,1
carg,CARG,marketplace_platform,2018,revenue,1,1,RevenueFromContractWithCustomerExcludingAssessedTax,0001564590-21-005612,2021-02-12,3,0,,1
carg,CARG,marketplace_platform,2018,net_income,1,1,NetIncomeLoss,0001564590-21-005612,2021-02-12,8,0,,1
carg,CARG,marketplace_platform,2018,total_assets,1,1,Assets,0001564590-20-004805,2020-02-14,2,0,,1
carg,CARG,marketplace_platform,2018,total_equity,1,1,StockholdersEquity,0000950170-22-002023,2022-02-25,4,0,,1
carg,CARG,marketplace_platform,2019,revenue,1,1,RevenueFromContractWithCustomerExcludingAssessedTax,0000950170-22-002023,2022-02-25,3,0,,1
carg,CARG,marketplace_platform,2019,net_income,1,1,NetIncomeLoss,0000950170-22-002023,2022-02-25,8,0,,1
carg,CARG,marketplace_platform,2019,total_assets,1,1,Assets,0001564590-21-005612,2021-02-12,2,0,,1
carg,CARG,marketplace_platform,2019,total_equity,1,1,StockholdersEquity,0000950170-23-005473,2023-03-01,4,0,,1
carg,CARG,marketplace_platform,2020,revenue,1,1,RevenueFromContractWithCustomerExcludingAssessedTax,0000950170-23-005473,2023-03-01,3,0,,1
carg,CARG,marketplace_platform,2020,net_income,1,1,NetIncomeLoss,0000950170-23-005473,2023-03-01,8,0,,1
carg,CARG,marketplace_platform,2020,total_assets,1,1,Assets,0000950170-23-005473,2023-03-01,3,0,,1
carg,CARG,marketplace_platform,2020,total_equity,1,1,StockholdersEquity,0000950170-24-020157,2024-02-26,4,0,,1
carg,CARG,marketplace_platform,2021,revenue,1,1,RevenueFromContractWithCustomerExcludingAssessedTax,0000950170-24-020157,2024-02-26,3,0,,1
carg,CARG,marketplace_platform,2021,net_income,1,1,NetIncomeLoss,0000950170-24-020157,2024-02-26,9,8,1.0014096884039398,1
carg,CARG,marketplace_platform,2021,total_assets,1,1,Assets,0000950170-24-020157,2024-02-26,3,0,,1
carg,CARG,marketplace_platform,2021,total_equity,1,1,StockholdersEquity,0000950170-25-024181,2025-02-20,4,0,,1
carg,CARG,marketplace_platform,2022,revenue,1,1,RevenueFromContractWithCustomerExcludingAssessedTax,0000950170-25-024181,2025-02-20,3,0,,1
carg,CARG,marketplace_platform,2022,net_income,1,1,NetIncomeLoss,0000950170-25-024181,2025-02-20,9,8,1.2963845142024244,1
carg,CARG,marketplace_platform,2022,total_assets,1,1,Assets,0000950170-25-024181,2025-02-20,3,0,,1
carg,CARG,marketplace_platform,2022,total_equity,1,1,StockholdersEquity,0001193125-26-059435,2026-02-19,4,0,,1
carg,CARG,marketplace_platform,2023,revenue,1,1,RevenueFromContractWithCustomerExcludingAssessedTax,0001193125-26-059435,2026-02-19,3,2,0.30901275878016254,1
carg,CARG,marketplace_platform,2023,net_income,1,1,NetIncomeLoss,0001193125-26-059435,2026-02-19,9,8,0.4030371934383628,1
carg,CARG,marketplace_platform,2023,total_assets,1,1,Assets,0000950170-25-024181,2025-02-20,2,0,,1
carg,CARG,marketplace_platform,2023,total_equity,1,1,StockholdersEquity,0001193125-26-059435,2026-02-19,3,0,,1
carg,CARG,marketplace_platform,2024,revenue,1,1,RevenueFromContractWithCustomerExcludingAssessedTax,0001193125-26-059435,2026-02-19,2,1,0.12072016079313927,1
carg,CARG,marketplace_platform,2024,net_income,1,1,NetIncomeLoss,0001193125-26-059435,2026-02-19,6,0,,1
carg,CARG,marketplace_platform,2024,total_assets,1,1,Assets,0001193125-26-059435,2026-02-19,2,0,,1
carg,CARG,marketplace_platform,2024,total_equity,1,1,StockholdersEquity,0001193125-26-059435,2026-02-19,2,0,,1
cars,CARS,marketplace_platform,2018,revenue,1,1,RevenueFromContractWithCustomerExcludingAssessedTax,0001564590-21-008812,2021-02-25,3,0,,1
cars,CARS,marketplace_platform,2018,net_income,1,1,NetIncomeLoss,0001564590-21-008812,2021-02-25,3,0,,1
cars,CARS,marketplace_platform,2018,total_assets,1,1,Assets,0001564590-20-006776,2020-02-26,2,0,,1
cars,CARS,marketplace_platform,2018,total_equity,1,1,StockholdersEquity,0000950170-22-002101,2022-02-25,4,0,,1
cars,CARS,marketplace_platform,2019,revenue,1,1,RevenueFromContractWithCustomerExcludingAssessedTax,0000950170-22-002101,2022-02-25,3,0,,1
cars,CARS,marketplace_platform,2019,net_income,1,1,NetIncomeLoss,0000950170-22-002101,2022-02-25,3,0,,1
cars,CARS,marketplace_platform,2019,total_assets,1,1,Assets,0001564590-21-008812,2021-02-25,2,0,,1
cars,CARS,marketplace_platform,2019,total_equity,1,1,StockholdersEquity,0000950170-23-004093,2023-02-23,4,0,,1
cars,CARS,marketplace_platform,2020,revenue,1,1,RevenueFromContractWithCustomerExcludingAssessedTax,0000950170-23-004093,2023-02-23,3,0,,1
cars,CARS,marketplace_platform,2020,net_income,1,1,NetIncomeLoss,0000950170-23-004093,2023-02-23,3,2,0.035500933968313525,1
cars,CARS,marketplace_platform,2020,total_assets,1,1,Assets,0000950170-22-002101,2022-02-25,2,0,,1
cars,CARS,marketplace_platform,2020,total_equity,1,1,StockholdersEquity,0000950170-24-018824,2024-02-22,4,3,0.0760857166137049,1
cars,CARS,marketplace_platform,2021,revenue,1,1,RevenueFromContractWithCustomerExcludingAssessedTax,0000950170-24-018824,2024-02-22,3,0,,1
cars,CARS,marketplace_platform,2021,net_income,1,1,NetIncomeLoss,0000950170-24-018824,2024-02-22,3,2,0.28468167917709203,1
cars,CARS,marketplace_platform,2021,total_assets,1,1,Assets,0000950170-23-004093,2023-02-23,2,0,,1
cars,CARS,marketplace_platform,2021,total_equity,1,1,StockholdersEquity,0000950170-25-029023,2025-02-27,4,3,0.0781016029345258,1
cars,CARS,marketplace_platform,2022,revenue,1,1,RevenueFromContractWithCustomerExcludingAssessedTax,0000950170-25-029023,2025-02-27,3,0,,1
cars,CARS,marketplace_platform,2022,net_income,1,1,NetIncomeLoss,0000950170-25-029023,2025-02-27,3,0,,1
cars,CARS,marketplace_platform,2022,total_assets,1,1,Assets,0000950170-24-018824,2024-02-22,2,0,,1
cars,CARS,marketplace_platform,2022,total_equity,1,1,StockholdersEquity,0001193125-26-076546,2026-02-26,4,0,,1
cars,CARS,marketplace_platform,2023,revenue,1,1,RevenueFromContractWithCustomerExcludingAssessedTax,0001193125-26-076546,2026-02-26,3,0,,1
cars,CARS,marketplace_platform,2023,net_income,1,1,NetIncomeLoss,0001193125-26-076546,2026-02-26,3,0,,1
cars,CARS,marketplace_platform,2023,total_assets,1,1,Assets,0000950170-25-029023,2025-02-27,2,0,,1
cars,CARS,marketplace_platform,2023,total_equity,1,1,StockholdersEquity,0001193125-26-076546,2026-02-26,3,0,,1
cars,CARS,marketplace_platform,2024,revenue,1,1,RevenueFromContractWithCustomerExcludingAssessedTax,0001193125-26-076546,2026-02-26,2,0,,1
cars,CARS,marketplace_platform,2024,net_income,1,1,NetIncomeLoss,0001193125-26-076546,2026-02-26,2,0,,1
cars,CARS,marketplace_platform,2024,total_assets,1,1,Assets,0001193125-26-076546,2026-02-26,2,0,,1
cars,CARS,marketplace_platform,2024,total_equity,1,1,StockholdersEquity,0001193125-26-076546,2026-02-26,2,0,,1
chwy,CHWY,inventory_led_ecommerce,2018,revenue,1,1,RevenueFromContractWithCustomerExcludingAssessedTax,0001766502-21-000008,2021-03-30,2,0,,1
chwy,CHWY,inventory_led_ecommerce,2018,net_income,1,1,NetIncomeLoss,0001766502-21-000008,2021-03-30,3,0,,1
chwy,CHWY,inventory_led_ecommerce,2018,total_assets,1,1,Assets,0001766502-20-000007,2020-04-02,1,0,,1
chwy,CHWY,inventory_led_ecommerce,2018,total_equity,1,1,StockholdersEquity,0001766502-22-000008,2022-03-29,3,0,,1
chwy,CHWY,inventory_led_ecommerce,2019,revenue,1,1,RevenueFromContractWithCustomerExcludingAssessedTax,0001766502-22-000008,2022-03-29,3,0,,1
chwy,CHWY,inventory_led_ecommerce,2019,net_income,1,1,NetIncomeLoss,0001766502-22-000008,2022-03-29,4,0,,1
chwy,CHWY,inventory_led_ecommerce,2019,total_assets,1,1,Assets,0001766502-21-000008,2021-03-30,2,0,,1
chwy,CHWY,inventory_led_ecommerce,2019,total_equity,1,1,StockholdersEquity,0001766502-23-000011,2023-03-22,4,0,,1
chwy,CHWY,inventory_led_ecommerce,2020,revenue,1,1,RevenueFromContractWithCustomerExcludingAssessedTax,0001766502-23-000011,2023-03-22,3,0,,1
chwy,CHWY,inventory_led_ecommerce,2020,net_income,1,1,NetIncomeLoss,0001766502-23-000011,2023-03-22,3,0,,1
chwy,CHWY,inventory_led_ecommerce,2020,total_assets,1,1,Assets,0001766502-22-000008,2022-03-29,2,0,,1
chwy,CHWY,inventory_led_ecommerce,2020,total_equity,1,1,StockholdersEquity,0001766502-24-000014,2024-03-20,4,3,0.9635437511369839,1
chwy,CHWY,inventory_led_ecommerce,2021,revenue,1,1,RevenueFromContractWithCustomerExcludingAssessedTax,0001766502-24-000014,2024-03-20,3,2,0.00854583716340744,1
chwy,CHWY,inventory_led_ecommerce,2021,net_income,1,1,NetIncomeLoss,0001766502-24-000014,2024-03-20,3,2,0.018482322124270357,1
chwy,CHWY,inventory_led_ecommerce,2021,total_assets,1,1,Assets,0001766502-23-000011,2023-03-22,2,0,,1
chwy,CHWY,inventory_led_ecommerce,2021,total_equity,1,1,StockholdersEquity,0001766502-25-000014,2025-03-26,4,3,1.3719333669863705,1
chwy,CHWY,inventory_led_ecommerce,2022,revenue,1,1,RevenueFromContractWithCustomerExcludingAssessedTax,0001766502-25-000014,2025-03-26,3,2,0.001982508152979513,1
chwy,CHWY,inventory_led_ecommerce,2022,net_income,1,1,NetIncomeLoss,0001766502-25-000014,2025-03-26,3,2,0.01336700134271231,1
chwy,CHWY,inventory_led_ecommerce,2022,total_assets,1,1,Assets,0001766502-24-000014,2024-03-20,2,1,0.0018818819454421664,1
chwy,CHWY,inventory_led_ecommerce,2022,total_equity,1,1,StockholdersEquity,0001766502-26-000034,2026-03-25,4,3,0.3347286338116031,1
chwy,CHWY,inventory_led_ecommerce,2023,revenue,1,1,RevenueFromContractWithCustomerExcludingAssessedTax,0001766502-26-000034,2026-03-25,3,2,1.7940920547393243e-06,1
chwy,CHWY,inventory_led_ecommerce,2023,net_income,1,1,NetIncomeLoss,0001766502-26-000034,2026-03-25,3,2,0.000505050505050584,1
chwy,CHWY,inventory_led_ecommerce,2023,total_assets,1,1,Assets,0001766502-25-000014,2025-03-26,2,0,,1
chwy,CHWY,inventory_led_ecommerce,2023,total_equity,1,1,StockholdersEquity,0001766502-26-000034,2026-03-25,3,2,0.00010973936899859528,1
chwy,CHWY,inventory_led_ecommerce,2024,revenue,1,1,RevenueFromContractWithCustomerExcludingAssessedTax,0001766502-26-000034,2026-03-25,2,1,2.950772680891174e-06,1
chwy,CHWY,inventory_led_ecommerce,2024,net_income,1,1,NetIncomeLoss,0001766502-26-000034,2026-03-25,2,1,9.67659791189481e-05,1
chwy,CHWY,inventory_led_ecommerce,2024,total_assets,1,1,Assets,0001766502-26-000034,2026-03-25,2,1,8.956709238694196e-06,1
chwy,CHWY,inventory_led_ecommerce,2024,total_equity,1,1,StockholdersEquity,0001766502-26-000034,2026-03-25,2,1,0.00015678776290629757,1
cvna,CVNA,inventory_led_ecommerce,2018,revenue,1,1,RevenueFromContractWithCustomerExcludingAssessedTax,0001690820-21-000069,2021-02-25,3,0,,1
cvna,CVNA,inventory_led_ecommerce,2018,net_income,1,1,NetIncomeLoss,0001690820-21-000069,2021-02-25,9,8,3.5919857235561325,1
cvna,CVNA,inventory_led_ecommerce,2018,total_assets,1,1,Assets,0001690820-20-000052,2020-02-26,2,0,,1
cvna,CVNA,inventory_led_ecommerce,2018,total_equity,1,1,StockholdersEquityIncludingPortionAttributableToNoncontrollingInterest,0001690820-22-000080,2022-02-24,6,5,0.6766167400881057,1
cvna,CVNA,inventory_led_ecommerce,2019,revenue,1,1,RevenueFromContractWithCustomerExcludingAssessedTax,0001690820-22-000080,2022-02-24,3,2,2.6395939086247327e-05,1
cvna,CVNA,inventory_led_ecommerce,2019,net_income,1,1,NetIncomeLoss,0001690820-22-000080,2022-02-24,9,8,2.1739130434782608,1
cvna,CVNA,inventory_led_ecommerce,2019,total_assets,1,1,Assets,0001690820-21-000069,2021-02-25,2,0,,1
cvna,CVNA,inventory_led_ecommerce,2019,total_equity,1,1,StockholdersEquityIncludingPortionAttributableToNoncontrollingInterest,0001690820-23-000052,2023-02-23,6,5,0.48900000000000005,1
cvna,CVNA,inventory_led_ecommerce,2020,revenue,1,1,RevenueFromContractWithCustomerExcludingAssessedTax,0001690820-23-000052,2023-02-23,3,2,7.785931626998392e-05,1
cvna,CVNA,inventory_led_ecommerce,2020,net_income,1,1,NetIncomeLoss,0001690820-23-000052,2023-02-23,9,8,1.7030526315789472,1
cvna,CVNA,inventory_led_ecommerce,2020,total_assets,1,1,Assets,0001690820-22-000080,2022-02-24,2,1,0.0001545304777594896,1
cvna,CVNA,inventory_led_ecommerce,2020,total_equity,1,1,StockholdersEquityIncludingPortionAttributableToNoncontrollingInterest,0001690820-24-000093,2024-02-22,6,5,0.5167082294264339,1
cvna,CVNA,inventory_led_ecommerce,2021,revenue,1,1,RevenueFromContractWithCustomerExcludingAssessedTax,0001690820-24-000093,2024-02-22,3,0,,1
cvna,CVNA,inventory_led_ecommerce,2021,net_income,1,1,NetIncomeLoss,0001690820-24-000093,2024-02-22,9,8,1.125925925925926,1
cvna,CVNA,inventory_led_ecommerce,2021,total_assets,1,1,Assets,0001690820-23-000052,2023-02-23,2,0,,1
cvna,CVNA,inventory_led_ecommerce,2021,total_equity,1,1,StockholdersEquityIncludingPortionAttributableToNoncontrollingInterest,0001690820-25-000074,2025-02-19,6,5,0.41714285714285715,1
cvna,CVNA,inventory_led_ecommerce,2022,revenue,1,1,RevenueFromContractWithCustomerExcludingAssessedTax,0001690820-25-000074,2025-02-19,3,0,,1
cvna,CVNA,inventory_led_ecommerce,2022,net_income,1,1,NetIncomeLoss,0001690820-25-000074,2025-02-19,9,8,0.8235664776307499,1
cvna,CVNA,inventory_led_ecommerce,2022,total_assets,1,1,Assets,0001690820-24-000093,2024-02-22,2,0,,1
cvna,CVNA,inventory_led_ecommerce,2022,total_equity,1,1,StockholdersEquityIncludingPortionAttributableToNoncontrollingInterest,0001690820-26-000009,2026-02-18,6,5,0.5080721747388414,1
cvna,CVNA,inventory_led_ecommerce,2023,revenue,1,1,RevenueFromContractWithCustomerExcludingAssessedTax,0001690820-26-000009,2026-02-18,3,0,,1
cvna,CVNA,inventory_led_ecommerce,2023,net_income,1,1,NetIncomeLoss,0001690820-26-000009,2026-02-18,9,8,0.6666666666666666,1
cvna,CVNA,inventory_led_ecommerce,2023,total_assets,1,1,Assets,0001690820-25-000074,2025-02-19,2,0,,1
cvna,CVNA,inventory_led_ecommerce,2023,total_equity,1,1,StockholdersEquityIncludingPortionAttributableToNoncontrollingInterest,0001690820-26-000009,2026-02-18,5,4,1.6328125,1
cvna,CVNA,inventory_led_ecommerce,2024,revenue,1,1,RevenueFromContractWithCustomerExcludingAssessedTax,0001690820-26-000009,2026-02-18,2,0,,1
cvna,CVNA,inventory_led_ecommerce,2024,net_income,1,1,NetIncomeLoss,0001690820-26-000009,2026-02-18,6,5,0.9238095238095239,1
cvna,CVNA,inventory_led_ecommerce,2024,total_assets,1,1,Assets,0001690820-26-000009,2026-02-18,2,0,,1
cvna,CVNA,inventory_led_ecommerce,2024,total_equity,1,1,StockholdersEquity,0001690820-26-000009,2026-02-18,4,3,0.09126984126984126,1
dash,DASH,marketplace_platform,2018,revenue,1,1,RevenueFromContractWithCustomerExcludingAssessedTax,0001628280-21-004032,2021-03-05,1,0,,1
dash,DASH,marketplace_platform,2018,net_income,1,1,NetIncomeLoss,0001628280-21-004032,2021-03-05,2,1,0.014705882352941176,1
dash,DASH,marketplace_platform,2018,total_assets,1,0,,,,0,0,,0
dash,DASH,marketplace_platform,2018,total_equity,1,1,StockholdersEquity,0001628280-22-004350,2022-03-01,2,0,,1
dash,DASH,marketplace_platform,2019,revenue,1,1,RevenueFromContractWithCustomerExcludingAssessedTax,0001628280-22-004350,2022-03-01,2,0,,1
dash,DASH,marketplace_platform,2019,net_income,1,1,NetIncomeLoss,0001628280-22-004350,2022-03-01,4,3,0.0014992503748125937,1
dash,DASH,marketplace_platform,2019,total_assets,1,1,Assets,0001628280-21-004032,2021-03-05,1,0,,1
dash,DASH,marketplace_platform,2019,total_equity,1,1,StockholdersEquity,0001628280-23-005131,2023-02-27,3,0,,1
dash,DASH,marketplace_platform,2020,revenue,1,1,RevenueFromContractWithCustomerExcludingAssessedTax,0001628280-23-005131,2023-02-27,3,0,,1
dash,DASH,marketplace_platform,2020,net_income,1,1,NetIncomeLoss,0001628280-23-005131,2023-02-27,6,0,,1
dash,DASH,marketplace_platform,2020,total_assets,1,1,Assets,0001628280-22-004350,2022-03-01,2,0,,1
dash,DASH,marketplace_platform,2020,total_equity,1,1,StockholdersEquity,0001628280-24-005600,2024-02-20,4,0,,1
dash,DASH,marketplace_platform,2021,revenue,1,1,RevenueFromContractWithCustomerExcludingAssessedTax,0001628280-24-005600,2024-02-20,3,0,,1
dash,DASH,marketplace_platform,2021,net_income,1,1,NetIncomeLoss,0001628280-24-005600,2024-02-20,6,0,,1
dash,DASH,marketplace_platform,2021,total_assets,1,1,Assets,0001628280-23-005131,2023-02-27,2,0,,1
dash,DASH,marketplace_platform,2021,total_equity,1,1,StockholdersEquity,0001628280-25-005715,2025-02-14,4,0,,1
dash,DASH,marketplace_platform,2022,revenue,1,1,RevenueFromContractWithCustomerExcludingAssessedTax,0001628280-25-005715,2025-02-14,3,0,,1
dash,DASH,marketplace_platform,2022,net_income,1,1,NetIncomeLoss,0001628280-25-005715,2025-02-14,6,5,0.002197802197802198,1
dash,DASH,marketplace_platform,2022,total_assets,1,1,Assets,0001628280-24-005600,2024-02-20,2,0,,1
dash,DASH,marketplace_platform,2022,total_equity,1,1,StockholdersEquity,0001792789-26-000035,2026-05-06,5,0,,1
dash,DASH,marketplace_platform,2023,revenue,1,1,RevenueFromContractWithCustomerExcludingAssessedTax,0001792789-26-000035,2026-05-06,4,0,,1
dash,DASH,marketplace_platform,2023,net_income,1,1,NetIncomeLoss,0001792789-26-000035,2026-05-06,8,7,0.012544802867383513,1
dash,DASH,marketplace_platform,2023,total_assets,1,1,Assets,0001628280-25-005715,2025-02-14,2,0,,1
dash,DASH,marketplace_platform,2023,total_equity,1,1,StockholdersEquity,0001792789-26-000035,2026-05-06,4,0,,1
dash,DASH,marketplace_platform,2024,revenue,1,1,RevenueFromContractWithCustomerExcludingAssessedTax,0001792789-26-000035,2026-05-06,3,0,,1
dash,DASH,marketplace_platform,2024,net_income,1,1,NetIncomeLoss,0001792789-26-000035,2026-05-06,6,5,0.04878048780487805,1
dash,DASH,marketplace_platform,2024,total_assets,1,1,Assets,0001792789-26-000035,2026-05-06,3,0,,1
dash,DASH,marketplace_platform,2024,total_equity,1,1,StockholdersEquity,0001792789-26-000035,2026-05-06,3,0,,1
ebay,EBAY,marketplace_platform,2018,revenue,1,1,RevenueFromContractWithCustomerExcludingAssessedTax,0001065088-21-000006,2021-02-04,3,2,0.2423121387283237,1
ebay,EBAY,marketplace_platform,2018,net_income,1,1,NetIncomeLoss,0001065088-21-000006,2021-02-04,3,0,,1
ebay,EBAY,marketplace_platform,2018,total_assets,1,1,Assets,0001065088-20-000006,2020-01-31,2,0,,1
ebay,EBAY,marketplace_platform,2018,total_equity,1,1,StockholdersEquity,0001065088-21-000006,2021-02-04,3,0,,1
ebay,EBAY,marketplace_platform,2019,revenue,1,1,RevenueFromContractWithCustomerExcludingAssessedTax,0001065088-22-000006,2022-02-24,3,2,0.4537622829452147,1
ebay,EBAY,marketplace_platform,2019,net_income,1,1,NetIncomeLoss,0001065088-22-000006,2022-02-24,3,0,,1
ebay,EBAY,marketplace_platform,2019,total_assets,1,1,Assets,0001065088-21-000006,2021-02-04,2,0,,1
ebay,EBAY,marketplace_platform,2019,total_equity,1,1,StockholdersEquity,0001065088-22-000006,2022-02-24,3,0,,1
ebay,EBAY,marketplace_platform,2020,revenue,1,1,RevenueFromContractWithCustomerExcludingAssessedTax,0001065088-23-000006,2023-02-23,3,2,0.15482347650101191,1
ebay,EBAY,marketplace_platform,2020,net_income,1,1,NetIncomeLoss,0001065088-23-000006,2023-02-23,3,0,,1
ebay,EBAY,marketplace_platform,2020,total_assets,1,1,Assets,0001065088-22-000006,2022-02-24,2,0,,1
ebay,EBAY,marketplace_platform,2020,total_equity,1,1,StockholdersEquity,0001065088-23-000006,2023-02-23,3,0,,1
ebay,EBAY,marketplace_platform,2021,revenue,1,1,RevenueFromContractWithCustomerExcludingAssessedTax,0001065088-24-000036,2024-02-28,3,0,,1
ebay,EBAY,marketplace_platform,2021,net_income,1,1,NetIncomeLoss,0001065088-24-000036,2024-02-28,3,0,,1
ebay,EBAY,marketplace_platform,2021,total_assets,1,1,Assets,0001065088-23-000006,2023-02-23,2,0,,1
ebay,EBAY,marketplace_platform,2021,total_equity,1,1,StockholdersEquity,0001065088-24-000036,2024-02-28,3,0,,1
ebay,EBAY,marketplace_platform,2022,revenue,1,1,RevenueFromContractWithCustomerExcludingAssessedTax,0001065088-25-000037,2025-02-27,3,0,,1
ebay,EBAY,marketplace_platform,2022,net_income,1,1,NetIncomeLoss,0001065088-25-000037,2025-02-27,3,0,,1
ebay,EBAY,marketplace_platform,2022,total_assets,1,1,Assets,0001065088-24-000036,2024-02-28,2,0,,1
ebay,EBAY,marketplace_platform,2022,total_equity,1,1,StockholdersEquity,0001065088-25-000037,2025-02-27,3,0,,1
ebay,EBAY,marketplace_platform,2023,revenue,1,1,RevenueFromContractWithCustomerExcludingAssessedTax,0001065088-26-000027,2026-02-19,3,0,,1
ebay,EBAY,marketplace_platform,2023,net_income,1,1,NetIncomeLoss,0001065088-26-000027,2026-02-19,3,0,,1
ebay,EBAY,marketplace_platform,2023,total_assets,1,1,Assets,0001065088-25-000037,2025-02-27,2,0,,1
ebay,EBAY,marketplace_platform,2023,total_equity,1,1,StockholdersEquity,0001065088-26-000027,2026-02-19,3,0,,1
ebay,EBAY,marketplace_platform,2024,revenue,1,1,RevenueFromContractWithCustomerExcludingAssessedTax,0001065088-26-000027,2026-02-19,2,0,,1
ebay,EBAY,marketplace_platform,2024,net_income,1,1,NetIncomeLoss,0001065088-26-000027,2026-02-19,2,0,,1
ebay,EBAY,marketplace_platform,2024,total_assets,1,1,Assets,0001065088-26-000027,2026-02-19,2,0,,1
ebay,EBAY,marketplace_platform,2024,total_equity,1,1,StockholdersEquity,0001065088-26-000027,2026-02-19,2,0,,1
etsy,ETSY,marketplace_platform,2018,revenue,1,1,RevenueFromContractWithCustomerExcludingAssessedTax,0001370637-21-000012,2021-02-26,3,0,,1
etsy,ETSY,marketplace_platform,2018,net_income,1,1,NetIncomeLoss,0001370637-21-000012,2021-02-26,6,5,0.0004774748035256499,1
etsy,ETSY,marketplace_platform,2018,total_assets,1,1,Assets,0001370637-20-000046,2020-02-27,2,0,,1
etsy,ETSY,marketplace_platform,2018,total_equity,1,1,StockholdersEquity,0001370637-22-000024,2022-02-25,4,0,,1
etsy,ETSY,marketplace_platform,2019,revenue,1,1,RevenueFromContractWithCustomerExcludingAssessedTax,0001370637-22-000024,2022-02-25,3,0,,1
etsy,ETSY,marketplace_platform,2019,net_income,1,1,NetIncomeLoss,0001370637-22-000024,2022-02-25,5,0,,1
etsy,ETSY,marketplace_platform,2019,total_assets,1,1,Assets,0001370637-21-000012,2021-02-26,2,0,,1
etsy,ETSY,marketplace_platform,2019,total_equity,1,1,StockholdersEquity,0001370637-23-000017,2023-02-23,4,0,,1
etsy,ETSY,marketplace_platform,2020,revenue,1,1,RevenueFromContractWithCustomerExcludingAssessedTax,0001370637-23-000017,2023-02-23,3,0,,1
etsy,ETSY,marketplace_platform,2020,net_income,1,1,NetIncomeLoss,0001370637-23-000017,2023-02-23,4,0,,1
etsy,ETSY,marketplace_platform,2020,total_assets,1,1,Assets,0001370637-22-000024,2022-02-25,2,0,,1
etsy,ETSY,marketplace_platform,2020,total_equity,1,1,StockholdersEquity,0001370637-24-000013,2024-02-22,4,0,,1
etsy,ETSY,marketplace_platform,2021,revenue,1,1,RevenueFromContractWithCustomerExcludingAssessedTax,0001370637-24-000013,2024-02-22,3,0,,1
etsy,ETSY,marketplace_platform,2021,net_income,1,1,NetIncomeLoss,0001370637-24-000013,2024-02-22,3,0,,1
etsy,ETSY,marketplace_platform,2021,total_assets,1,1,Assets,0001370637-23-000017,2023-02-23,2,0,,1
etsy,ETSY,marketplace_platform,2021,total_equity,1,1,StockholdersEquity,0001370637-25-000017,2025-02-19,4,0,,1
etsy,ETSY,marketplace_platform,2022,revenue,1,1,RevenueFromContractWithCustomerExcludingAssessedTax,0001370637-25-000017,2025-02-19,3,0,,1
etsy,ETSY,marketplace_platform,2022,net_income,1,1,NetIncomeLoss,0001370637-25-000017,2025-02-19,3,0,,1
etsy,ETSY,marketplace_platform,2022,total_assets,1,1,Assets,0001370637-24-000013,2024-02-22,2,0,,1
etsy,ETSY,marketplace_platform,2022,total_equity,1,1,StockholdersEquity,0001370637-26-000019,2026-02-19,4,0,,1
etsy,ETSY,marketplace_platform,2023,revenue,1,1,RevenueFromContractWithCustomerExcludingAssessedTax,0001370637-26-000019,2026-02-19,3,0,,1
etsy,ETSY,marketplace_platform,2023,net_income,1,1,NetIncomeLoss,0001370637-26-000019,2026-02-19,3,0,,1
etsy,ETSY,marketplace_platform,2023,total_assets,1,1,Assets,0001370637-25-000017,2025-02-19,2,0,,1
etsy,ETSY,marketplace_platform,2023,total_equity,1,1,StockholdersEquity,0001370637-26-000019,2026-02-19,3,0,,1
etsy,ETSY,marketplace_platform,2024,revenue,1,1,RevenueFromContractWithCustomerExcludingAssessedTax,0001370637-26-000019,2026-02-19,2,0,,1
etsy,ETSY,marketplace_platform,2024,net_income,1,1,NetIncomeLoss,0001370637-26-000019,2026-02-19,2,0,,1
etsy,ETSY,marketplace_platform,2024,total_assets,1,1,Assets,0001370637-26-000019,2026-02-19,2,0,,1
etsy,ETSY,marketplace_platform,2024,total_equity,1,1,StockholdersEquity,0001370637-26-000019,2026-02-19,2,0,,1
expe,EXPE,marketplace_platform,2018,revenue,1,1,RevenueFromContractWithCustomerExcludingAssessedTax,0001324424-21-000015,2021-02-12,3,0,,1
expe,EXPE,marketplace_platform,2018,net_income,1,1,NetIncomeLoss,0001324424-21-000015,2021-02-12,7,6,0.019704433497536946,1
expe,EXPE,marketplace_platform,2018,total_assets,1,1,Assets,0001324424-20-000009,2020-02-14,2,0,,1
expe,EXPE,marketplace_platform,2018,total_equity,1,1,StockholdersEquityIncludingPortionAttributableToNoncontrollingInterest,0001324424-22-000009,2022-02-11,6,5,0.2737568571934171,1
expe,EXPE,marketplace_platform,2019,revenue,1,1,RevenueFromContractWithCustomerExcludingAssessedTax,0001324424-22-000009,2022-02-11,3,0,,1
expe,EXPE,marketplace_platform,2019,net_income,1,1,NetIncomeLoss,0001324424-22-000009,2022-02-11,8,7,0.012389380530973451,1
expe,EXPE,marketplace_platform,2019,total_assets,1,1,Assets,0001324424-21-000015,2021-02-12,2,0,,1
expe,EXPE,marketplace_platform,2019,total_equity,1,1,StockholdersEquityIncludingPortionAttributableToNoncontrollingInterest,0001324424-23-000007,2023-02-10,6,5,0.28341763005780346,1
expe,EXPE,marketplace_platform,2020,revenue,1,1,RevenueFromContractWithCustomerExcludingAssessedTax,0001324424-23-000007,2023-02-10,3,0,,1
expe,EXPE,marketplace_platform,2020,net_income,1,1,NetIncomeLoss,0001324424-23-000007,2023-02-10,9,8,0.0444104134762634,1
expe,EXPE,marketplace_platform,2020,total_assets,1,1,Assets,0001324424-22-000009,2022-02-11,2,0,,1
expe,EXPE,marketplace_platform,2020,total_equity,1,1,StockholdersEquityIncludingPortionAttributableToNoncontrollingInterest,0001324424-24-000007,2024-02-09,6,5,0.4973368841544607,1
expe,EXPE,marketplace_platform,2021,revenue,1,1,RevenueFromContractWithCustomerExcludingAssessedTax,0001324424-24-000007,2024-02-09,3,0,,1
expe,EXPE,marketplace_platform,2021,net_income,1,1,NetIncomeLoss,0001324424-24-000007,2024-02-09,9,8,23.416666666666668,1
expe,EXPE,marketplace_platform,2021,total_assets,1,1,Assets,0001324424-23-000007,2023-02-10,2,0,,1
expe,EXPE,marketplace_platform,2021,total_equity,1,1,StockholdersEquityIncludingPortionAttributableToNoncontrollingInterest,0001324424-25-000008,2025-02-07,6,5,0.42088963963963966,1
expe,EXPE,marketplace_platform,2022,revenue,1,1,RevenueFromContractWithCustomerExcludingAssessedTax,0001324424-25-000008,2025-02-07,3,0,,1
expe,EXPE,marketplace_platform,2022,net_income,1,1,NetIncomeLoss,0001324424-25-000008,2025-02-07,8,7,0.02556818181818182,1
expe,EXPE,marketplace_platform,2022,total_assets,1,1,Assets,0001324424-24-000007,2024-02-09,2,0,,1
expe,EXPE,marketplace_platform,2022,total_equity,1,1,StockholdersEquityIncludingPortionAttributableToNoncontrollingInterest,0001324424-26-000008,2026-02-13,6,5,0.3876072961373391,1
expe,EXPE,marketplace_platform,2023,revenue,1,1,RevenueFromContractWithCustomerExcludingAssessedTax,0001324424-26-000008,2026-02-13,3,0,,1
expe,EXPE,marketplace_platform,2023,net_income,1,1,NetIncomeLoss,0001324424-26-000008,2026-02-13,7,6,0.13676286072772897,1
expe,EXPE,marketplace_platform,2023,total_assets,1,1,Assets,0001324424-25-000008,2025-02-07,2,0,,1
expe,EXPE,marketplace_platform,2023,total_equity,1,1,StockholdersEquityIncludingPortionAttributableToNoncontrollingInterest,0001324424-26-000008,2026-02-13,5,4,0.44938980617372576,1
expe,EXPE,marketplace_platform,2024,revenue,1,1,RevenueFromContractWithCustomerExcludingAssessedTax,0001324424-26-000008,2026-02-13,2,0,,1
expe,EXPE,marketplace_platform,2024,net_income,1,1,NetIncomeLoss,0001324424-26-000008,2026-02-13,4,3,0.008103727714748784,1
expe,EXPE,marketplace_platform,2024,total_assets,1,1,Assets,0001324424-26-000008,2026-02-13,2,0,,1
expe,EXPE,marketplace_platform,2024,total_equity,1,1,StockholdersEquity,0001324424-26-000008,2026-02-13,4,3,0.7976878612716763,1
figs,FIGS,dtc_brand,2018,revenue,1,0,,,,0,0,,0
figs,FIGS,dtc_brand,2018,net_income,1,0,,,,0,0,,0
figs,FIGS,dtc_brand,2018,total_assets,1,0,,,,0,0,,0
figs,FIGS,dtc_brand,2018,total_equity,1,0,,,,0,0,,0
figs,FIGS,dtc_brand,2019,revenue,1,1,RevenueFromContractWithCustomerExcludingAssessedTax,0000950170-22-003380,2022-03-10,2,0,,1
figs,FIGS,dtc_brand,2019,net_income,1,1,NetIncomeLoss,0000950170-22-003380,2022-03-10,2,0,,1
figs,FIGS,dtc_brand,2019,total_assets,1,0,,,,0,0,,0
figs,FIGS,dtc_brand,2019,total_equity,1,1,StockholdersEquity,0001628280-23-005575,2023-02-28,2,0,,1
figs,FIGS,dtc_brand,2020,revenue,1,1,RevenueFromContractWithCustomerExcludingAssessedTax,0001628280-23-005575,2023-02-28,3,0,,1
figs,FIGS,dtc_brand,2020,net_income,1,1,NetIncomeLoss,0001628280-23-005575,2023-02-28,4,0,,1
figs,FIGS,dtc_brand,2020,total_assets,1,1,Assets,0000950170-22-003380,2022-03-10,1,0,,1
figs,FIGS,dtc_brand,2020,total_equity,1,1,StockholdersEquity,0001628280-24-007659,2024-02-28,3,0,,1
figs,FIGS,dtc_brand,2021,revenue,1,1,RevenueFromContractWithCustomerExcludingAssessedTax,0001628280-24-007659,2024-02-28,4,0,,1
figs,FIGS,dtc_brand,2021,net_income,1,1,NetIncomeLoss,0001628280-24-007659,2024-02-28,6,0,,1
figs,FIGS,dtc_brand,2021,total_assets,1,1,Assets,0001628280-23-005575,2023-02-28,2,0,,1
figs,FIGS,dtc_brand,2021,total_equity,1,1,StockholdersEquity,0001628280-25-008688,2025-02-27,4,0,,1
figs,FIGS,dtc_brand,2022,revenue,1,1,RevenueFromContractWithCustomerExcludingAssessedTax,0001628280-25-008688,2025-02-27,3,0,,1
figs,FIGS,dtc_brand,2022,net_income,1,1,NetIncomeLoss,0001628280-25-008688,2025-02-27,6,0,,1
figs,FIGS,dtc_brand,2022,total_assets,1,1,Assets,0001628280-24-007659,2024-02-28,2,0,,1
figs,FIGS,dtc_brand,2022,total_equity,1,1,StockholdersEquity,0001628280-26-012333,2026-02-26,4,0,,1
figs,FIGS,dtc_brand,2023,revenue,1,1,RevenueFromContractWithCustomerExcludingAssessedTax,0001628280-26-012333,2026-02-26,3,0,,1
figs,FIGS,dtc_brand,2023,net_income,1,1,NetIncomeLoss,0001628280-26-012333,2026-02-26,6,0,,1
figs,FIGS,dtc_brand,2023,total_assets,1,1,Assets,0001628280-25-008688,2025-02-27,2,0,,1
figs,FIGS,dtc_brand,2023,total_equity,1,1,StockholdersEquity,0001628280-26-012333,2026-02-26,3,0,,1
figs,FIGS,dtc_brand,2024,revenue,1,1,RevenueFromContractWithCustomerExcludingAssessedTax,0001628280-26-012333,2026-02-26,2,0,,1
figs,FIGS,dtc_brand,2024,net_income,1,1,NetIncomeLoss,0001628280-26-012333,2026-02-26,4,0,,1
figs,FIGS,dtc_brand,2024,total_assets,1,1,Assets,0001628280-26-012333,2026-02-26,2,0,,1
figs,FIGS,dtc_brand,2024,total_equity,1,1,StockholdersEquity,0001628280-26-012333,2026-02-26,2,0,,1
ftch,FTCH,marketplace_platform,2018,revenue,1,0,,,,0,0,,0
ftch,FTCH,marketplace_platform,2018,net_income,1,0,,,,0,0,,0
ftch,FTCH,marketplace_platform,2018,total_assets,1,0,,,,0,0,,0
ftch,FTCH,marketplace_platform,2018,total_equity,1,0,,,,0,0,,0
ftch,FTCH,marketplace_platform,2019,revenue,1,0,,,,0,0,,0
ftch,FTCH,marketplace_platform,2019,net_income,1,0,,,,0,0,,0
ftch,FTCH,marketplace_platform,2019,total_assets,1,0,,,,0,0,,0
ftch,FTCH,marketplace_platform,2019,total_equity,1,0,,,,0,0,,0
ftch,FTCH,marketplace_platform,2020,revenue,1,0,,,,0,0,,0
ftch,FTCH,marketplace_platform,2020,net_income,1,0,,,,0,0,,0
ftch,FTCH,marketplace_platform,2020,total_assets,1,0,,,,0,0,,0
ftch,FTCH,marketplace_platform,2020,total_equity,1,0,,,,0,0,,0
ftch,FTCH,marketplace_platform,2021,revenue,1,0,,,,0,0,,0
ftch,FTCH,marketplace_platform,2021,net_income,1,0,,,,0,0,,0
ftch,FTCH,marketplace_platform,2021,total_assets,1,0,,,,0,0,,0
ftch,FTCH,marketplace_platform,2021,total_equity,1,0,,,,0,0,,0
ftch,FTCH,marketplace_platform,2022,revenue,1,0,,,,0,0,,0
ftch,FTCH,marketplace_platform,2022,net_income,1,0,,,,0,0,,0
ftch,FTCH,marketplace_platform,2022,total_assets,1,0,,,,0,0,,0
ftch,FTCH,marketplace_platform,2022,total_equity,1,0,,,,0,0,,0
ftch,FTCH,marketplace_platform,2023,revenue,1,0,,,,0,0,,0
ftch,FTCH,marketplace_platform,2023,net_income,1,0,,,,0,0,,0
ftch,FTCH,marketplace_platform,2023,total_assets,1,0,,,,0,0,,0
ftch,FTCH,marketplace_platform,2023,total_equity,1,0,,,,0,0,,0
ftch,FTCH,marketplace_platform,2024,revenue,1,0,,,,0,0,,0
ftch,FTCH,marketplace_platform,2024,net_income,1,0,,,,0,0,,0
ftch,FTCH,marketplace_platform,2024,total_assets,1,0,,,,0,0,,0
ftch,FTCH,marketplace_platform,2024,total_equity,1,0,,,,0,0,,0
grov,GROV,hybrid,2018,revenue,1,0,,,,0,0,,0
grov,GROV,hybrid,2018,net_income,1,0,,,,0,0,,0
grov,GROV,hybrid,2018,total_assets,1,0,,,,0,0,,0
grov,GROV,hybrid,2018,total_equity,1,0,,,,0,0,,0
grov,GROV,hybrid,2019,revenue,1,0,,,,0,0,,0
grov,GROV,hybrid,2019,net_income,1,0,,,,0,0,,0
grov,GROV,hybrid,2019,total_assets,1,0,,,,0,0,,0
grov,GROV,hybrid,2019,total_equity,1,0,,,,0,0,,0
grov,GROV,hybrid,2020,revenue,1,1,RevenueFromContractWithCustomerExcludingAssessedTax,0001841761-23-000012,2023-03-16,1,0,,1
grov,GROV,hybrid,2020,net_income,1,1,NetIncomeLoss,0001841761-23-000012,2023-03-16,1,0,,1
grov,GROV,hybrid,2020,total_assets,1,0,,,,0,0,,0
grov,GROV,hybrid,2020,total_equity,1,1,StockholdersEquity,0001628280-24-012257,2024-03-20,2,0,,1
grov,GROV,hybrid,2021,revenue,1,1,RevenueFromContractWithCustomerExcludingAssessedTax,0001628280-24-012257,2024-03-20,2,0,,1
grov,GROV,hybrid,2021,net_income,1,1,NetIncomeLoss,0001628280-24-012257,2024-03-20,4,3,1.0198561326308355,1
grov,GROV,hybrid,2021,total_assets,1,1,Assets,0001841761-23-000012,2023-03-16,2,1,1.212975059323845,1
grov,GROV,hybrid,2021,total_equity,1,1,StockholdersEquity,0001628280-24-012257,2024-03-20,3,2,0.9352582455032995,1
grov,GROV,hybrid,2022,revenue,1,1,RevenueFromContractWithCustomerExcludingAssessedTax,0001628280-24-012257,2024-03-20,2,0,,1
grov,GROV,hybrid,2022,net_income,1,1,NetIncomeLoss,0001628280-24-012257,2024-03-20,3,0,,1
grov,GROV,hybrid,2022,total_assets,1,1,Assets,0001628280-24-012257,2024-03-20,2,0,,1
grov,GROV,hybrid,2022,total_equity,1,1,StockholdersEquity,0001628280-25-013839,2025-03-19,3,0,,1
grov,GROV,hybrid,2023,revenue,1,1,RevenueFromContractWithCustomerExcludingAssessedTax,0001628280-25-013839,2025-03-19,2,0,,1
grov,GROV,hybrid,2023,net_income,1,1,NetIncomeLoss,0001628280-25-013839,2025-03-19,4,3,0.027525906735751244,1
grov,GROV,hybrid,2023,total_assets,1,1,Assets,0001628280-25-013839,2025-03-19,2,0,,1
grov,GROV,hybrid,2023,total_equity,1,1,StockholdersEquity,0001841761-26-000010,2026-03-05,3,0,,1
grov,GROV,hybrid,2024,revenue,1,1,RevenueFromContractWithCustomerExcludingAssessedTax,0001841761-26-000010,2026-03-05,2,0,,1
grov,GROV,hybrid,2024,net_income,1,1,NetIncomeLoss,0001841761-26-000010,2026-03-05,4,3,0.030959413630893783,1
grov,GROV,hybrid,2024,total_assets,1,1,Assets,0001841761-26-000010,2026-03-05,2,0,,1
grov,GROV,hybrid,2024,total_equity,1,1,StockholdersEquity,0001841761-26-000010,2026-03-05,2,0,,1
grpn,GRPN,marketplace_platform,2018,revenue,1,1,RevenueFromContractWithCustomerExcludingAssessedTax,0001490281-21-000023,2021-02-25,3,0,,1
grpn,GRPN,marketplace_platform,2018,net_income,1,1,NetIncomeLoss,0001490281-21-000023,2021-02-25,6,5,1.179438577488943,1
grpn,GRPN,marketplace_platform,2018,total_assets,1,1,Assets,0001490281-20-000021,2020-02-18,2,0,,1
grpn,GRPN,marketplace_platform,2018,total_equity,1,1,StockholdersEquityIncludingPortionAttributableToNoncontrollingInterest,0001490281-22-000027,2022-02-28,6,5,0.003562364908484073,1
grpn,GRPN,marketplace_platform,2019,revenue,1,1,RevenueFromContractWithCustomerExcludingAssessedTax,0001490281-22-000027,2022-02-28,3,0,,1
grpn,GRPN,marketplace_platform,2019,net_income,1,1,NetIncomeLoss,0001490281-22-000027,2022-02-28,7,6,0.47736515171828214,1
grpn,GRPN,marketplace_platform,2019,total_assets,1,1,Assets,0001490281-21-000023,2021-02-25,2,0,,1
grpn,GRPN,marketplace_platform,2019,total_equity,1,1,StockholdersEquityIncludingPortionAttributableToNoncontrollingInterest,0001490281-23-000022,2023-03-16,6,5,0.002809799365137259,1
grpn,GRPN,marketplace_platform,2020,revenue,1,1,RevenueFromContractWithCustomerExcludingAssessedTax,0001490281-23-000022,2023-03-16,3,0,,1
grpn,GRPN,marketplace_platform,2020,net_income,1,1,NetIncomeLoss,0001490281-23-000022,2023-03-16,8,7,0.0060813180935709475,1
grpn,GRPN,marketplace_platform,2020,total_assets,1,1,Assets,0001490281-22-000027,2022-02-28,2,0,,1
grpn,GRPN,marketplace_platform,2020,total_equity,1,1,StockholdersEquityIncludingPortionAttributableToNoncontrollingInterest,0001490281-24-000024,2024-03-15,6,5,9.287293125457993e-06,1
grpn,GRPN,marketplace_platform,2021,revenue,1,1,RevenueFromContractWithCustomerExcludingAssessedTax,0001490281-24-000024,2024-03-15,3,0,,1
grpn,GRPN,marketplace_platform,2021,net_income,1,1,NetIncomeLoss,0001490281-24-000024,2024-03-15,8,7,0.014157144301749355,1
grpn,GRPN,marketplace_platform,2021,total_assets,1,1,Assets,0001490281-23-000022,2023-03-16,2,0,,1
grpn,GRPN,marketplace_platform,2021,total_equity,1,1,StockholdersEquityIncludingPortionAttributableToNoncontrollingInterest,0001490281-25-000005,2025-03-11,6,5,0.002016205729067496,1
grpn,GRPN,marketplace_platform,2022,revenue,1,1,RevenueFromContractWithCustomerExcludingAssessedTax,0001490281-25-000005,2025-03-11,3,0,,1
grpn,GRPN,marketplace_platform,2022,net_income,1,1,NetIncomeLoss,0001490281-25-000005,2025-03-11,7,6,0.013589552584287689,1
grpn,GRPN,marketplace_platform,2022,total_assets,1,1,Assets,0001490281-24-000024,2024-03-15,2,0,,1
grpn,GRPN,marketplace_platform,2022,total_equity,1,1,StockholdersEquityIncludingPortionAttributableToNoncontrollingInterest,0001628280-26-016429,2026-03-10,6,5,0.04323775118536926,1
grpn,GRPN,marketplace_platform,2023,revenue,1,1,RevenueFromContractWithCustomerExcludingAssessedTax,0001628280-26-016429,2026-03-10,3,0,,1
grpn,GRPN,marketplace_platform,2023,net_income,1,1,NetIncomeLoss,0001628280-26-016429,2026-03-10,6,5,0.044685074896228104,1
grpn,GRPN,marketplace_platform,2023,total_assets,1,1,Assets,0001490281-25-000005,2025-03-11,2,0,,1
grpn,GRPN,marketplace_platform,2023,total_equity,1,1,StockholdersEquityIncludingPortionAttributableToNoncontrollingInterest,0001628280-26-016429,2026-03-10,5,4,0.007913276443738902,1
grpn,GRPN,marketplace_platform,2024,revenue,1,1,RevenueFromContractWithCustomerExcludingAssessedTax,0001628280-26-016429,2026-03-10,2,0,,1
grpn,GRPN,marketplace_platform,2024,net_income,1,1,NetIncomeLoss,0001628280-26-016429,2026-03-10,4,3,0.04257373744218744,1
grpn,GRPN,marketplace_platform,2024,total_assets,1,1,Assets,0001628280-26-016429,2026-03-10,2,0,,1
grpn,GRPN,marketplace_platform,2024,total_equity,1,1,StockholdersEquity,0001628280-26-016429,2026-03-10,4,3,0.0057821879211075395,1
hnst,HNST,dtc_brand,2018,revenue,1,0,,,,0,0,,0
hnst,HNST,dtc_brand,2018,net_income,1,0,,,,0,0,,0
hnst,HNST,dtc_brand,2018,total_assets,1,0,,,,0,0,,0
hnst,HNST,dtc_brand,2018,total_equity,1,0,,,,0,0,,0
hnst,HNST,dtc_brand,2019,revenue,1,1,RevenueFromContractWithCustomerExcludingAssessedTax,0001530979-22-000024,2022-03-28,1,0,,1
hnst,HNST,dtc_brand,2019,net_income,1,1,NetIncomeLoss,0001530979-22-000024,2022-03-28,2,0,,1
hnst,HNST,dtc_brand,2019,total_assets,1,0,,,,0,0,,0
hnst,HNST,dtc_brand,2019,total_equity,1,1,StockholdersEquity,0001530979-23-000038,2023-03-16,2,0,,1
hnst,HNST,dtc_brand,2020,revenue,1,1,RevenueFromContractWithCustomerExcludingAssessedTax,0001530979-23-000038,2023-03-16,2,0,,1
hnst,HNST,dtc_brand,2020,net_income,1,1,NetIncomeLoss,0001530979-23-000038,2023-03-16,4,0,,1
hnst,HNST,dtc_brand,2020,total_assets,1,1,Assets,0001530979-22-000024,2022-03-28,1,0,,1
hnst,HNST,dtc_brand,2020,total_equity,1,1,StockholdersEquity,0001530979-24-000028,2024-03-08,3,0,,1
hnst,HNST,dtc_brand,2021,revenue,1,1,RevenueFromContractWithCustomerExcludingAssessedTax,0001530979-24-000028,2024-03-08,3,0,,1
hnst,HNST,dtc_brand,2021,net_income,1,1,NetIncomeLoss,0001530979-24-000028,2024-03-08,6,5,0.21606039452933123,1
hnst,HNST,dtc_brand,2021,total_assets,1,1,Assets,0001530979-23-000038,2023-03-16,2,0,,1
hnst,HNST,dtc_brand,2021,total_equity,1,1,StockholdersEquity,0001530979-25-000016,2025-02-26,4,0,,1
hnst,HNST,dtc_brand,2022,revenue,1,1,RevenueFromContractWithCustomerExcludingAssessedTax,0001530979-25-000016,2025-02-26,3,0,,1
hnst,HNST,dtc_brand,2022,net_income,1,1,NetIncomeLoss,0001530979-25-000016,2025-02-26,6,0,,1
hnst,HNST,dtc_brand,2022,total_assets,1,1,Assets,0001530979-24-000028,2024-03-08,2,0,,1
hnst,HNST,dtc_brand,2022,total_equity,1,1,StockholdersEquity,0001628280-26-011634,2026-02-25,4,0,,1
hnst,HNST,dtc_brand,2023,revenue,1,1,RevenueFromContractWithCustomerExcludingAssessedTax,0001628280-26-011634,2026-02-25,3,0,,1
hnst,HNST,dtc_brand,2023,net_income,1,1,NetIncomeLoss,0001628280-26-011634,2026-02-25,6,0,,1
hnst,HNST,dtc_brand,2023,total_assets,1,1,Assets,0001530979-25-000016,2025-02-26,2,0,,1
hnst,HNST,dtc_brand,2023,total_equity,1,1,StockholdersEquity,0001628280-26-011634,2026-02-25,3,0,,1
hnst,HNST,dtc_brand,2024,revenue,1,1,RevenueFromContractWithCustomerExcludingAssessedTax,0001628280-26-011634,2026-02-25,2,0,,1
hnst,HNST,dtc_brand,2024,net_income,1,1,NetIncomeLoss,0001628280-26-011634,2026-02-25,4,0,,1
hnst,HNST,dtc_brand,2024,total_assets,1,1,Assets,0001628280-26-011634,2026-02-25,2,0,,1
hnst,HNST,dtc_brand,2024,total_equity,1,1,StockholdersEquity,0001628280-26-011634,2026-02-25,2,0,,1
love,LOVE,dtc_brand,2018,revenue,1,1,Revenues,0001213900-19-007792,2019-05-03,1,0,,1
love,LOVE,dtc_brand,2018,net_income,1,1,NetIncomeLoss,0001213900-19-007792,2019-05-03,2,1,0.21956513125345564,1
love,LOVE,dtc_brand,2018,total_assets,1,1,Assets,0001213900-19-007792,2019-05-03,1,0,,1
love,LOVE,dtc_brand,2018,total_equity,1,1,StockholdersEquity,0001213900-20-010439,2020-04-29,2,0,,1
love,LOVE,dtc_brand,2019,revenue,1,1,Revenues,0001213900-20-010439,2020-04-29,2,0,,1
love,LOVE,dtc_brand,2019,net_income,1,1,NetIncomeLoss,0001213900-20-010439,2020-04-29,5,4,4.151479724525369,1
love,LOVE,dtc_brand,2019,total_assets,1,1,Assets,0001213900-20-010439,2020-04-29,2,0,,1
love,LOVE,dtc_brand,2019,total_equity,1,1,StockholdersEquityIncludingPortionAttributableToNoncontrollingInterest,0001628280-22-007882,2022-03-30,4,3,1.7011552621904664e-06,1
love,LOVE,dtc_brand,2020,revenue,1,1,RevenueFromContractWithCustomerExcludingAssessedTax,0001628280-22-007882,2022-03-30,4,3,1.623981797610876e-06,1
love,LOVE,dtc_brand,2020,net_income,1,1,NetIncomeLoss,0001628280-22-007882,2022-03-30,7,6,1.2495889510023839e-06,1
love,LOVE,dtc_brand,2020,total_assets,1,1,Assets,0001213900-21-021548,2021-04-14,2,0,,1
love,LOVE,dtc_brand,2020,total_equity,1,1,StockholdersEquityIncludingPortionAttributableToNoncontrollingInterest,0001628280-23-040367,2023-11-30,7,6,5.246519882419184e-06,1
love,LOVE,dtc_brand,2021,revenue,1,1,RevenueFromContractWithCustomerExcludingAssessedTax,0001628280-23-040367,2023-11-30,9,8,7.79452387911904e-07,1
love,LOVE,dtc_brand,2021,net_income,1,1,NetIncomeLoss,0001628280-23-040367,2023-11-30,10,9,9.981666327162305e-06,1
love,LOVE,dtc_brand,2021,total_assets,1,1,Assets,0001628280-22-007882,2022-03-30,2,1,7.543021536517393e-07,1
love,LOVE,dtc_brand,2021,total_equity,1,1,StockholdersEquity,0001628280-24-015804,2024-04-11,8,7,5.141459618750434e-06,1
love,LOVE,dtc_brand,2022,revenue,1,1,RevenueFromContractWithCustomerExcludingAssessedTax,0001628280-24-015804,2024-04-11,10,0,,1
love,LOVE,dtc_brand,2022,net_income,1,1,NetIncomeLoss,0001628280-24-015804,2024-04-11,9,8,0.033440026954177915,1
love,LOVE,dtc_brand,2022,total_assets,1,1,Assets,0001628280-23-040367,2023-11-30,4,3,0.006759978758223073,1
love,LOVE,dtc_brand,2022,total_equity,1,1,StockholdersEquity,0001628280-25-017241,2025-04-10,10,9,0.01006247861406462,1
love,LOVE,dtc_brand,2023,revenue,1,1,RevenueFromContractWithCustomerExcludingAssessedTax,0001628280-25-017241,2025-04-10,10,9,0.000562057437355912,1
love,LOVE,dtc_brand,2023,net_income,1,1,NetIncomeLoss,0001628280-25-017241,2025-04-10,8,7,0.06621866505587441,1
love,LOVE,dtc_brand,2023,total_assets,1,1,Assets,0001628280-24-015804,2024-04-11,4,3,0.023072442771629797,1
love,LOVE,dtc_brand,2023,total_equity,1,1,StockholdersEquity,0001628280-26-022929,2026-04-02,9,8,0.0008596849202978696,1
love,LOVE,dtc_brand,2024,revenue,1,1,RevenueFromContractWithCustomerExcludingAssessedTax,0001628280-26-022929,2026-04-02,6,0,,1
love,LOVE,dtc_brand,2024,net_income,1,1,NetIncomeLoss,0001628280-26-022929,2026-04-02,3,0,,1
love,LOVE,dtc_brand,2024,total_assets,1,1,Assets,0001628280-25-017241,2025-04-10,2,0,,1
love,LOVE,dtc_brand,2024,total_equity,1,1,StockholdersEquity,0001628280-26-022929,2026-04-02,3,0,,1
me,ME,dtc_brand,2018,revenue,1,0,,,,0,0,,0
me,ME,dtc_brand,2018,net_income,1,0,,,,0,0,,0
me,ME,dtc_brand,2018,total_assets,1,0,,,,0,0,,0
me,ME,dtc_brand,2018,total_equity,1,0,,,,0,0,,0
me,ME,dtc_brand,2019,revenue,1,0,,,,0,0,,0
me,ME,dtc_brand,2019,net_income,1,0,,,,0,0,,0
me,ME,dtc_brand,2019,total_assets,1,0,,,,0,0,,0
me,ME,dtc_brand,2019,total_equity,1,0,,,,0,0,,0
me,ME,dtc_brand,2020,revenue,1,1,RevenueFromContractWithCustomerIncludingAssessedTax,0000950170-22-010852,2022-05-27,2,0,,1
me,ME,dtc_brand,2020,net_income,1,1,NetIncomeLoss,0000950170-22-010852,2022-05-27,2,0,,1
me,ME,dtc_brand,2020,total_assets,1,0,,,,0,0,,0
me,ME,dtc_brand,2020,total_equity,1,1,StockholdersEquity,0000950170-23-024232,2023-05-25,2,0,,1
me,ME,dtc_brand,2021,revenue,1,1,RevenueFromContractWithCustomerIncludingAssessedTax,0000950170-23-024232,2023-05-25,4,0,,1
me,ME,dtc_brand,2021,net_income,1,1,NetIncomeLoss,0000950170-23-024232,2023-05-25,4,0,,1
me,ME,dtc_brand,2021,total_assets,1,1,Assets,0000950170-22-010852,2022-05-27,1,0,,1
me,ME,dtc_brand,2021,total_equity,1,1,StockholdersEquity,0001804591-24-000038,2024-05-30,3,0,,1
me,ME,dtc_brand,2022,revenue,1,1,RevenueFromContractWithCustomerExcludingAssessedTax,0001804591-24-000038,2024-05-30,6,0,,1
me,ME,dtc_brand,2022,net_income,1,1,NetIncomeLoss,0001193125-25-165458,2025-07-25,6,0,,1
me,ME,dtc_brand,2022,total_assets,1,1,Assets,0000950170-23-024232,2023-05-25,2,0,,1
me,ME,dtc_brand,2022,total_equity,1,1,StockholdersEquity,0001628280-25-030786,2025-06-11,4,0,,1
me,ME,dtc_brand,2023,revenue,1,1,RevenueFromContractWithCustomerExcludingAssessedTax,0001628280-25-030786,2025-06-11,5,0,,1
me,ME,dtc_brand,2023,net_income,1,1,NetIncomeLoss,0001193125-25-165458,2025-07-25,5,4,1.283449913373259e-05,1
me,ME,dtc_brand,2023,total_assets,1,1,Assets,0001804591-24-000038,2024-05-30,2,0,,1
me,ME,dtc_brand,2023,total_equity,1,1,StockholdersEquity,0001628280-25-030786,2025-06-11,3,0,,1
me,ME,dtc_brand,2024,revenue,1,1,RevenueFromContractWithCustomerExcludingAssessedTax,0001628280-25-030786,2025-06-11,3,0,,1
me,ME,dtc_brand,2024,net_income,1,1,NetIncomeLoss,0001193125-25-165458,2025-07-25,3,2,5.999700014857376e-06,1
me,ME,dtc_brand,2024,total_assets,1,1,Assets,0001628280-25-030786,2025-06-11,2,0,,1
me,ME,dtc_brand,2024,total_equity,1,1,StockholdersEquity,0001628280-25-030786,2025-06-11,2,0,,1
posh,POSH,marketplace_platform,2018,revenue,1,1,RevenueFromContractWithCustomerExcludingAssessedTax,0001564590-21-014879,2021-03-23,1,0,,1
posh,POSH,marketplace_platform,2018,net_income,1,1,NetIncomeLoss,0001564590-21-014879,2021-03-23,3,0,,1
posh,POSH,marketplace_platform,2018,total_assets,1,0,,,,0,0,,0
posh,POSH,marketplace_platform,2018,total_equity,1,1,StockholdersEquity,0000950170-22-005057,2022-03-30,2,1,0.00039197150136620546,1
posh,POSH,marketplace_platform,2019,revenue,1,1,RevenueFromContractWithCustomerExcludingAssessedTax,0000950170-22-005057,2022-03-30,2,1,0.001180585707107371,1
posh,POSH,marketplace_platform,2019,net_income,1,1,NetIncomeLoss,0000950170-22-005057,2022-03-30,6,5,0.020283295616461396,1
posh,POSH,marketplace_platform,2019,total_assets,1,1,Assets,0001564590-21-014879,2021-03-23,1,0,,1
posh,POSH,marketplace_platform,2019,total_equity,1,1,StockholdersEquity,0000950170-22-005057,2022-03-30,2,1,0.008094680292442619,1
posh,POSH,marketplace_platform,2020,revenue,1,1,RevenueFromContractWithCustomerExcludingAssessedTax,0000950170-22-005057,2022-03-30,2,1,0.0018195649099200656,1
posh,POSH,marketplace_platform,2020,net_income,1,1,NetIncomeLoss,0000950170-22-005057,2022-03-30,6,5,0.7840921150376738,1
posh,POSH,marketplace_platform,2020,total_assets,1,1,Assets,0000950170-22-005057,2022-03-30,2,1,0.010634241703696971,1
posh,POSH,marketplace_platform,2020,total_equity,1,1,StockholdersEquity,0000950170-22-005057,2022-03-30,2,1,0.03102945887020945,1
posh,POSH,marketplace_platform,2021,revenue,1,1,RevenueFromContractWithCustomerExcludingAssessedTax,0000950170-22-005057,2022-03-30,1,0,,1
posh,POSH,marketplace_platform,2021,net_income,1,1,NetIncomeLoss,0000950170-22-005057,2022-03-30,3,0,,1
posh,POSH,marketplace_platform,2021,total_assets,1,1,Assets,0000950170-22-005057,2022-03-30,1,0,,1
posh,POSH,marketplace_platform,2021,total_equity,1,1,StockholdersEquity,0000950170-22-005057,2022-03-30,1,0,,1
posh,POSH,marketplace_platform,2022,revenue,1,0,,,,0,0,,0
posh,POSH,marketplace_platform,2022,net_income,1,0,,,,0,0,,0
posh,POSH,marketplace_platform,2022,total_assets,1,0,,,,0,0,,0
posh,POSH,marketplace_platform,2022,total_equity,1,0,,,,0,0,,0
posh,POSH,marketplace_platform,2023,revenue,1,0,,,,0,0,,0
posh,POSH,marketplace_platform,2023,net_income,1,0,,,,0,0,,0
posh,POSH,marketplace_platform,2023,total_assets,1,0,,,,0,0,,0
posh,POSH,marketplace_platform,2023,total_equity,1,0,,,,0,0,,0
posh,POSH,marketplace_platform,2024,revenue,1,0,,,,0,0,,0
posh,POSH,marketplace_platform,2024,net_income,1,0,,,,0,0,,0
posh,POSH,marketplace_platform,2024,total_assets,1,0,,,,0,0,,0
posh,POSH,marketplace_platform,2024,total_equity,1,0,,,,0,0,,0
prpl,PRPL,dtc_brand,2018,revenue,1,1,Revenues,0001213900-20-005734,2020-03-09,2,0,,1
prpl,PRPL,dtc_brand,2018,net_income,1,1,NetIncomeLoss,0001213900-20-005734,2020-03-09,4,3,3.538176770013883,1
prpl,PRPL,dtc_brand,2018,total_assets,1,1,Assets,0001213900-20-005734,2020-03-09,2,0,,1
prpl,PRPL,dtc_brand,2018,total_equity,1,1,StockholdersEquityIncludingPortionAttributableToNoncontrollingInterest,0001213900-22-010057,2022-03-01,7,6,0.9089784133095009,1
prpl,PRPL,dtc_brand,2019,revenue,1,1,Revenues,0001213900-22-010057,2022-03-01,4,0,,1
prpl,PRPL,dtc_brand,2019,net_income,1,1,NetIncomeLoss,0001213900-22-010057,2022-03-01,9,8,0.8216010277765472,1
prpl,PRPL,dtc_brand,2019,total_assets,1,1,Assets,0001213900-21-025411,2021-05-10,3,0,,1
prpl,PRPL,dtc_brand,2019,total_equity,1,1,StockholdersEquityIncludingPortionAttributableToNoncontrollingInterest,0001213900-23-021852,2023-03-22,8,7,0.9175192711983182,1
prpl,PRPL,dtc_brand,2020,revenue,1,1,Revenues,0001213900-23-021852,2023-03-22,4,0,,1
prpl,PRPL,dtc_brand,2020,net_income,1,1,NetIncomeLoss,0001213900-23-021852,2023-03-22,10,9,1.0459118408220647,1
prpl,PRPL,dtc_brand,2020,total_assets,1,1,Assets,0001213900-22-010057,2022-03-01,3,0,,1
prpl,PRPL,dtc_brand,2020,total_equity,1,1,StockholdersEquityIncludingPortionAttributableToNoncontrollingInterest,0001213900-24-021861,2024-03-12,8,7,1.3726181134422055,1
prpl,PRPL,dtc_brand,2021,revenue,1,1,Revenues,0001213900-24-021861,2024-03-12,3,2,0.0016937954397177814,1
prpl,PRPL,dtc_brand,2021,net_income,1,1,NetIncomeLoss,0001213900-24-021861,2024-03-12,8,7,0.2944765574823378,1
prpl,PRPL,dtc_brand,2021,total_assets,1,1,Assets,0001213900-23-021852,2023-03-22,2,0,,1
prpl,PRPL,dtc_brand,2021,total_equity,1,1,StockholdersEquityIncludingPortionAttributableToNoncontrollingInterest,0001213900-25-023815,2025-03-14,6,5,0.00633850210825586,1
prpl,PRPL,dtc_brand,2022,revenue,1,1,Revenues,0001213900-25-023815,2025-03-14,3,2,0.0043457705063319595,1
prpl,PRPL,dtc_brand,2022,net_income,1,1,NetIncomeLoss,0001213900-25-023815,2025-03-14,8,7,2.0,1
prpl,PRPL,dtc_brand,2022,total_assets,1,1,Assets,0001213900-24-021861,2024-03-12,2,0,,1
prpl,PRPL,dtc_brand,2022,total_equity,1,1,StockholdersEquityIncludingPortionAttributableToNoncontrollingInterest,0001213900-26-036974,2026-03-31,6,5,0.021230683161025478,1
prpl,PRPL,dtc_brand,2023,revenue,1,1,Revenues,0001213900-26-036974,2026-03-31,3,0,,1
prpl,PRPL,dtc_brand,2023,net_income,1,1,NetIncomeLoss,0001213900-26-036974,2026-03-31,8,7,2.0,1
prpl,PRPL,dtc_brand,2023,total_assets,1,1,Assets,0001213900-25-023815,2025-03-14,2,0,,1
prpl,PRPL,dtc_brand,2023,total_equity,1,1,StockholdersEquityIncludingPortionAttributableToNoncontrollingInterest,0001213900-26-036974,2026-03-31,5,4,0.0016002491198630038,1
prpl,PRPL,dtc_brand,2024,revenue,1,1,Revenues,0001213900-26-036974,2026-03-31,2,0,,1
prpl,PRPL,dtc_brand,2024,net_income,1,1,NetIncomeLoss,0001213900-26-036974,2026-03-31,6,5,2.0,1
prpl,PRPL,dtc_brand,2024,total_assets,1,1,Assets,0001213900-26-036974,2026-03-31,2,0,,1
prpl,PRPL,dtc_brand,2024,total_equity,1,1,StockholdersEquity,0001213900-26-036974,2026-03-31,4,3,0.0005446083770669983,1
pton,PTON,dtc_brand,2018,revenue,1,1,RevenueFromContractWithCustomerExcludingAssessedTax,0001639825-20-000122,2020-09-11,1,0,,1
pton,PTON,dtc_brand,2018,net_income,1,1,NetIncomeLoss,0001639825-20-000122,2020-09-11,2,0,,1
pton,PTON,dtc_brand,2018,total_assets,1,0,,,,0,0,,0
pton,PTON,dtc_brand,2018,total_equity,1,1,StockholdersEquity,0001639825-21-000256,2021-08-27,2,0,,1
pton,PTON,dtc_brand,2019,revenue,1,1,RevenueFromContractWithCustomerExcludingAssessedTax,0001639825-21-000256,2021-08-27,2,0,,1
pton,PTON,dtc_brand,2019,net_income,1,1,NetIncomeLoss,0001639825-21-000256,2021-08-27,4,3,0.25613496932515334,1
pton,PTON,dtc_brand,2019,total_assets,1,1,Assets,0001639825-20-000122,2020-09-11,1,0,,1
pton,PTON,dtc_brand,2019,total_equity,1,1,StockholdersEquity,0001639825-22-000117,2022-09-07,3,0,,1
pton,PTON,dtc_brand,2020,revenue,1,1,RevenueFromContractWithCustomerExcludingAssessedTax,0001639825-22-000117,2022-09-07,3,0,,1
pton,PTON,dtc_brand,2020,net_income,1,1,NetIncomeLoss,0001639825-22-000117,2022-09-07,6,0,,1
pton,PTON,dtc_brand,2020,total_assets,1,1,Assets,0001639825-21-000256,2021-08-27,2,0,,1
pton,PTON,dtc_brand,2020,total_equity,1,1,StockholdersEquity,0001639825-23-000132,2023-08-23,4,0,,1
pton,PTON,dtc_brand,2021,revenue,1,1,RevenueFromContractWithCustomerExcludingAssessedTax,0001639825-23-000132,2023-08-23,3,0,,1
pton,PTON,dtc_brand,2021,net_income,1,1,NetIncomeLoss,0001639825-23-000132,2023-08-23,6,0,,1
pton,PTON,dtc_brand,2021,total_assets,1,1,Assets,0001639825-22-000117,2022-09-07,2,0,,1
pton,PTON,dtc_brand,2021,total_equity,1,1,StockholdersEquity,0001639825-24-000128,2024-08-22,4,0,,1
pton,PTON,dtc_brand,2022,revenue,1,1,RevenueFromContractWithCustomerExcludingAssessedTax,0001639825-24-000128,2024-08-22,3,0,,1
pton,PTON,dtc_brand,2022,net_income,1,1,NetIncomeLoss,0001639825-24-000128,2024-08-22,6,0,,1
pton,PTON,dtc_brand,2022,total_assets,1,1,Assets,0001639825-23-000132,2023-08-23,2,0,,1
pton,PTON,dtc_brand,2022,total_equity,1,1,StockholdersEquity,0001639825-25-000138,2025-08-07,4,0,,1
pton,PTON,dtc_brand,2023,revenue,1,1,RevenueFromContractWithCustomerExcludingAssessedTax,0001639825-25-000138,2025-08-07,3,0,,1
pton,PTON,dtc_brand,2023,net_income,1,1,NetIncomeLoss,0001639825-25-000138,2025-08-07,6,0,,1
pton,PTON,dtc_brand,2023,total_assets,1,1,Assets,0001639825-24-000128,2024-08-22,2,0,,1
pton,PTON,dtc_brand,2023,total_equity,1,1,StockholdersEquity,0001639825-25-000138,2025-08-07,3,0,,1
pton,PTON,dtc_brand,2024,revenue,1,1,RevenueFromContractWithCustomerExcludingAssessedTax,0001639825-25-000138,2025-08-07,2,0,,1
pton,PTON,dtc_brand,2024,net_income,1,1,NetIncomeLoss,0001639825-25-000138,2025-08-07,4,0,,1
pton,PTON,dtc_brand,2024,total_assets,1,1,Assets,0001639825-25-000138,2025-08-07,2,0,,1
pton,PTON,dtc_brand,2024,total_equity,1,1,StockholdersEquity,0001639825-25-000138,2025-08-07,2,0,,1
qvcga,QVCGA,inventory_led_ecommerce,2018,revenue,1,1,RevenueFromContractWithCustomerExcludingAssessedTax,0001558370-21-001983,2021-02-26,4,0,,1
qvcga,QVCGA,inventory_led_ecommerce,2018,net_income,1,1,NetIncomeLoss,0001558370-21-001983,2021-02-26,6,5,0.05240174672489083,1
qvcga,QVCGA,inventory_led_ecommerce,2018,total_assets,1,1,Assets,0001558370-20-001490,2020-02-26,2,0,,1
qvcga,QVCGA,inventory_led_ecommerce,2018,total_equity,1,1,StockholdersEquityIncludingPortionAttributableToNoncontrollingInterest,0001558370-22-002174,2022-02-25,6,5,0.020891364902506964,1
qvcga,QVCGA,inventory_led_ecommerce,2019,revenue,1,1,RevenueFromContractWithCustomerExcludingAssessedTax,0001558370-22-002174,2022-02-25,3,0,,1
qvcga,QVCGA,inventory_led_ecommerce,2019,net_income,1,1,NetIncomeLoss,0001558370-22-002174,2022-02-25,6,5,0.1118421052631579,1
qvcga,QVCGA,inventory_led_ecommerce,2019,total_assets,1,1,Assets,0001558370-21-001983,2021-02-26,2,0,,1
qvcga,QVCGA,inventory_led_ecommerce,2019,total_equity,1,1,StockholdersEquityIncludingPortionAttributableToNoncontrollingInterest,0001558370-23-002572,2023-03-01,6,5,0.019448946515397084,1
qvcga,QVCGA,inventory_led_ecommerce,2020,revenue,1,1,RevenueFromContractWithCustomerExcludingAssessedTax,0001558370-23-002572,2023-03-01,3,0,,1
qvcga,QVCGA,inventory_led_ecommerce,2020,net_income,1,1,NetIncomeLoss,0001558370-23-002572,2023-03-01,6,5,0.05518394648829431,1
qvcga,QVCGA,inventory_led_ecommerce,2020,total_assets,1,1,Assets,0001558370-22-002174,2022-02-25,2,0,,1
qvcga,QVCGA,inventory_led_ecommerce,2020,total_equity,1,1,StockholdersEquityIncludingPortionAttributableToNoncontrollingInterest,0001558370-24-002032,2024-02-28,6,5,0.024667931688804556,1
qvcga,QVCGA,inventory_led_ecommerce,2021,revenue,1,1,RevenueFromContractWithCustomerExcludingAssessedTax,0001558370-24-002032,2024-02-28,3,0,,1
qvcga,QVCGA,inventory_led_ecommerce,2021,net_income,1,1,NetIncomeLoss,0001558370-24-002032,2024-02-28,6,5,0.23823529411764705,1
qvcga,QVCGA,inventory_led_ecommerce,2021,total_assets,1,1,Assets,0001558370-23-002572,2023-03-01,2,1,0.0029008764350080237,1
qvcga,QVCGA,inventory_led_ecommerce,2021,total_equity,1,1,StockholdersEquityIncludingPortionAttributableToNoncontrollingInterest,0001558370-25-001837,2025-02-27,6,5,0.04554588077695914,1
qvcga,QVCGA,inventory_led_ecommerce,2022,revenue,1,1,RevenueFromContractWithCustomerExcludingAssessedTax,0001558370-25-001837,2025-02-27,3,0,,1
qvcga,QVCGA,inventory_led_ecommerce,2022,net_income,1,1,NetIncomeLoss,0001558370-25-001837,2025-02-27,6,5,0.023901310717039322,1
qvcga,QVCGA,inventory_led_ecommerce,2022,total_assets,1,1,Assets,0001558370-24-002032,2024-02-28,2,0,,1
qvcga,QVCGA,inventory_led_ecommerce,2022,total_equity,1,1,StockholdersEquityIncludingPortionAttributableToNoncontrollingInterest,0001355096-26-000010,2026-04-15,6,5,0.21523809523809523,1
qvcga,QVCGA,inventory_led_ecommerce,2023,revenue,1,1,RevenueFromContractWithCustomerExcludingAssessedTax,0001355096-26-000010,2026-04-15,3,0,,1
qvcga,QVCGA,inventory_led_ecommerce,2023,net_income,1,1,NetIncomeLoss,0001355096-26-000010,2026-04-15,6,5,0.35172413793103446,1
qvcga,QVCGA,inventory_led_ecommerce,2023,total_assets,1,1,Assets,0001558370-25-001837,2025-02-27,2,0,,1
qvcga,QVCGA,inventory_led_ecommerce,2023,total_equity,1,1,StockholdersEquityIncludingPortionAttributableToNoncontrollingInterest,0001355096-26-000010,2026-04-15,5,4,0.21267893660531698,1
qvcga,QVCGA,inventory_led_ecommerce,2024,revenue,1,1,RevenueFromContractWithCustomerExcludingAssessedTax,0001355096-26-000010,2026-04-15,2,0,,1
qvcga,QVCGA,inventory_led_ecommerce,2024,net_income,1,1,NetIncomeLoss,0001355096-26-000010,2026-04-15,4,3,0.031007751937984496,1
qvcga,QVCGA,inventory_led_ecommerce,2024,total_assets,1,1,Assets,0001355096-26-000010,2026-04-15,2,0,,1
qvcga,QVCGA,inventory_led_ecommerce,2024,total_equity,1,1,StockholdersEquity,0001355096-26-000010,2026-04-15,4,3,0.08856848609680741,1
real,REAL,marketplace_platform,2018,revenue,1,1,RevenueFromContractWithCustomerExcludingAssessedTax,0001564590-21-009884,2021-03-01,2,0,,1
real,REAL,marketplace_platform,2018,net_income,1,1,NetIncomeLoss,0001564590-21-009884,2021-03-01,6,5,0.11775885963175604,1
real,REAL,marketplace_platform,2018,total_assets,1,1,Assets,0001564590-20-010131,2020-03-11,1,0,,1
real,REAL,marketplace_platform,2018,total_equity,1,1,StockholdersEquity,0001573221-22-000041,2022-02-28,3,0,,1
real,REAL,marketplace_platform,2019,revenue,1,1,RevenueFromContractWithCustomerExcludingAssessedTax,0001573221-22-000041,2022-02-28,3,2,0.005319989631868074,1
real,REAL,marketplace_platform,2019,net_income,1,1,NetIncomeLoss,0001573221-22-000041,2022-02-28,9,8,0.03408548293693936,1
real,REAL,marketplace_platform,2019,total_assets,1,1,Assets,0001564590-21-009884,2021-03-01,2,1,0.0036174333203652957,1
real,REAL,marketplace_platform,2019,total_equity,1,1,StockholdersEquity,0001573221-23-000022,2023-02-28,4,3,0.004990437219232287,1
real,REAL,marketplace_platform,2020,revenue,1,1,RevenueFromContractWithCustomerExcludingAssessedTax,0001573221-23-000022,2023-02-28,3,0,,1
real,REAL,marketplace_platform,2020,net_income,1,1,NetIncomeLoss,0001573221-23-000022,2023-02-28,9,0,,1
real,REAL,marketplace_platform,2020,total_assets,1,1,Assets,0001573221-22-000041,2022-02-28,2,0,,1
real,REAL,marketplace_platform,2020,total_equity,1,1,StockholdersEquity,0001573221-24-000030,2024-03-01,4,0,,1
real,REAL,marketplace_platform,2021,revenue,1,1,RevenueFromContractWithCustomerExcludingAssessedTax,0001573221-24-000030,2024-03-01,3,0,,1
real,REAL,marketplace_platform,2021,net_income,1,1,NetIncomeLoss,0001573221-24-000030,2024-03-01,8,0,,1
real,REAL,marketplace_platform,2021,total_assets,1,1,Assets,0001573221-23-000022,2023-02-28,2,0,,1
real,REAL,marketplace_platform,2021,total_equity,1,1,StockholdersEquity,0001573221-25-000013,2025-02-21,4,0,,1
real,REAL,marketplace_platform,2022,revenue,1,1,RevenueFromContractWithCustomerExcludingAssessedTax,0001573221-25-000013,2025-02-21,3,0,,1
real,REAL,marketplace_platform,2022,net_income,1,1,NetIncomeLoss,0001573221-25-000013,2025-02-21,7,0,,1
real,REAL,marketplace_platform,2022,total_assets,1,1,Assets,0001573221-24-000030,2024-03-01,2,0,,1
real,REAL,marketplace_platform,2022,total_equity,1,1,StockholdersEquity,0001573221-26-000010,2026-02-26,4,0,,1
real,REAL,marketplace_platform,2023,revenue,1,1,RevenueFromContractWithCustomerExcludingAssessedTax,0001573221-26-000010,2026-02-26,3,0,,1
real,REAL,marketplace_platform,2023,net_income,1,1,NetIncomeLoss,0001573221-26-000010,2026-02-26,6,0,,1
real,REAL,marketplace_platform,2023,total_assets,1,1,Assets,0001573221-25-000013,2025-02-21,2,0,,1
real,REAL,marketplace_platform,2023,total_equity,1,1,StockholdersEquity,0001573221-26-000010,2026-02-26,3,0,,1
real,REAL,marketplace_platform,2024,revenue,1,1,RevenueFromContractWithCustomerExcludingAssessedTax,0001573221-26-000010,2026-02-26,2,0,,1
real,REAL,marketplace_platform,2024,net_income,1,1,NetIncomeLoss,0001573221-26-000010,2026-02-26,4,0,,1
real,REAL,marketplace_platform,2024,total_assets,1,1,Assets,0001573221-26-000010,2026-02-26,2,0,,1
real,REAL,marketplace_platform,2024,total_equity,1,1,StockholdersEquity,0001573221-26-000010,2026-02-26,2,0,,1
rent,RENT,dtc_brand,2018,revenue,1,0,,,,0,0,,0
rent,RENT,dtc_brand,2018,net_income,1,0,,,,0,0,,0
rent,RENT,dtc_brand,2018,total_assets,1,0,,,,0,0,,0
rent,RENT,dtc_brand,2018,total_equity,1,0,,,,0,0,,0
rent,RENT,dtc_brand,2019,revenue,1,1,RevenueFromContractWithCustomerExcludingAssessedTax,0001468327-22-000047,2022-04-14,2,1,10.948837209302324,1
rent,RENT,dtc_brand,2019,net_income,1,1,NetIncomeLoss,0001468327-22-000047,2022-04-14,1,0,,1
rent,RENT,dtc_brand,2019,total_assets,1,0,,,,0,0,,0
rent,RENT,dtc_brand,2019,total_equity,1,1,StockholdersEquity,0001468327-23-000051,2023-04-13,2,0,,1
rent,RENT,dtc_brand,2020,revenue,1,1,RevenueFromContractWithCustomerExcludingAssessedTax,0001468327-23-000051,2023-04-13,4,3,6.291666666666666,1
rent,RENT,dtc_brand,2020,net_income,1,1,NetIncomeLoss,0001468327-23-000051,2023-04-13,2,0,,1
rent,RENT,dtc_brand,2020,total_assets,1,1,Assets,0001468327-22-000047,2022-04-14,1,0,,1
rent,RENT,dtc_brand,2020,total_equity,1,1,StockholdersEquity,0001468327-24-000114,2024-04-11,3,0,,1
rent,RENT,dtc_brand,2021,revenue,1,1,RevenueFromContractWithCustomerExcludingAssessedTax,0001468327-24-000114,2024-04-11,6,5,10.617142857142857,1
rent,RENT,dtc_brand,2021,net_income,1,1,NetIncomeLoss,0001468327-24-000114,2024-04-11,3,0,,1
rent,RENT,dtc_brand,2021,total_assets,1,1,Assets,0001468327-23-000051,2023-04-13,2,0,,1
rent,RENT,dtc_brand,2021,total_equity,1,1,StockholdersEquity,0001468327-25-000056,2025-04-15,4,0,,1
rent,RENT,dtc_brand,2022,revenue,1,1,RevenueFromContractWithCustomerExcludingAssessedTax,0001468327-25-000056,2025-04-15,6,5,9.66187050359712,1
rent,RENT,dtc_brand,2022,net_income,1,1,NetIncomeLoss,0001468327-25-000056,2025-04-15,3,0,,1
rent,RENT,dtc_brand,2022,total_assets,1,1,Assets,0001468327-24-000114,2024-04-11,2,0,,1
rent,RENT,dtc_brand,2022,total_equity,1,1,StockholdersEquity,0001468327-26-000020,2026-04-14,4,0,,1
rent,RENT,dtc_brand,2023,revenue,1,1,RevenueFromContractWithCustomerExcludingAssessedTax,0001468327-26-000020,2026-04-14,6,5,7.954954954954955,1
rent,RENT,dtc_brand,2023,net_income,1,1,NetIncomeLoss,0001468327-26-000020,2026-04-14,3,0,,1
rent,RENT,dtc_brand,2023,total_assets,1,1,Assets,0001468327-25-000056,2025-04-15,2,0,,1
rent,RENT,dtc_brand,2023,total_equity,1,1,StockholdersEquity,0001468327-26-000020,2026-04-14,3,0,,1
rent,RENT,dtc_brand,2024,revenue,1,1,RevenueFromContractWithCustomerExcludingAssessedTax,0001468327-26-000020,2026-04-14,4,3,6.523341523341523,1
rent,RENT,dtc_brand,2024,net_income,1,1,NetIncomeLoss,0001468327-26-000020,2026-04-14,2,0,,1
rent,RENT,dtc_brand,2024,total_assets,1,1,Assets,0001468327-26-000020,2026-04-14,2,0,,1
rent,RENT,dtc_brand,2024,total_equity,1,1,StockholdersEquity,0001468327-26-000020,2026-04-14,2,0,,1
rvlv,RVLV,dtc_brand,2018,revenue,1,1,RevenueFromContractWithCustomerExcludingAssessedTax,0001564590-21-008799,2021-02-25,2,0,,1
rvlv,RVLV,dtc_brand,2018,net_income,1,1,NetIncomeLoss,0001564590-21-008799,2021-02-25,6,5,0.0015316930096137215,1
rvlv,RVLV,dtc_brand,2018,total_assets,1,1,Assets,0001564590-20-006806,2020-02-26,1,0,,1
rvlv,RVLV,dtc_brand,2018,total_equity,1,1,StockholdersEquity,0000950170-22-002309,2022-02-28,3,0,,1
rvlv,RVLV,dtc_brand,2019,revenue,1,1,RevenueFromContractWithCustomerExcludingAssessedTax,0000950170-22-002309,2022-02-28,3,0,,1
rvlv,RVLV,dtc_brand,2019,net_income,1,1,NetIncomeLoss,0000950170-22-002309,2022-02-28,9,8,1.1443631367931142,1
rvlv,RVLV,dtc_brand,2019,total_assets,1,1,Assets,0001564590-21-008799,2021-02-25,2,0,,1
rvlv,RVLV,dtc_brand,2019,total_equity,1,1,StockholdersEquity,0000950170-23-004138,2023-02-23,4,0,,1
rvlv,RVLV,dtc_brand,2020,revenue,1,1,RevenueFromContractWithCustomerExcludingAssessedTax,0000950170-23-004138,2023-02-23,3,0,,1
rvlv,RVLV,dtc_brand,2020,net_income,1,1,NetIncomeLoss,0000950170-23-004138,2023-02-23,8,0,,1
rvlv,RVLV,dtc_brand,2020,total_assets,1,1,Assets,0000950170-22-002309,2022-02-28,2,0,,1
rvlv,RVLV,dtc_brand,2020,total_equity,1,1,StockholdersEquity,0000950170-24-021244,2024-02-27,4,0,,1
rvlv,RVLV,dtc_brand,2021,revenue,1,1,RevenueFromContractWithCustomerExcludingAssessedTax,0000950170-24-021244,2024-02-27,3,0,,1
rvlv,RVLV,dtc_brand,2021,net_income,1,1,NetIncomeLoss,0000950170-24-021244,2024-02-27,7,0,,1
rvlv,RVLV,dtc_brand,2021,total_assets,1,1,Assets,0000950170-23-004138,2023-02-23,2,0,,1
rvlv,RVLV,dtc_brand,2021,total_equity,1,1,StockholdersEquityIncludingPortionAttributableToNoncontrollingInterest,0000950170-25-026748,2025-02-25,4,0,,1
rvlv,RVLV,dtc_brand,2022,revenue,1,1,RevenueFromContractWithCustomerExcludingAssessedTax,0000950170-25-026748,2025-02-25,3,0,,1
rvlv,RVLV,dtc_brand,2022,net_income,1,1,NetIncomeLoss,0000950170-25-026748,2025-02-25,6,0,,1
rvlv,RVLV,dtc_brand,2022,total_assets,1,1,Assets,0000950170-24-021244,2024-02-27,2,0,,1
rvlv,RVLV,dtc_brand,2022,total_equity,1,1,StockholdersEquityIncludingPortionAttributableToNoncontrollingInterest,0001193125-26-071307,2026-02-25,4,0,,1
rvlv,RVLV,dtc_brand,2023,revenue,1,1,RevenueFromContractWithCustomerExcludingAssessedTax,0001193125-26-071307,2026-02-25,3,0,,1
rvlv,RVLV,dtc_brand,2023,net_income,1,1,NetIncomeLoss,0001193125-26-071307,2026-02-25,6,0,,1
rvlv,RVLV,dtc_brand,2023,total_assets,1,1,Assets,0000950170-25-026748,2025-02-25,2,0,,1
rvlv,RVLV,dtc_brand,2023,total_equity,1,1,StockholdersEquityIncludingPortionAttributableToNoncontrollingInterest,0001193125-26-071307,2026-02-25,3,0,,1
rvlv,RVLV,dtc_brand,2024,revenue,1,1,RevenueFromContractWithCustomerExcludingAssessedTax,0001193125-26-071307,2026-02-25,2,0,,1
rvlv,RVLV,dtc_brand,2024,net_income,1,1,NetIncomeLoss,0001193125-26-071307,2026-02-25,4,3,0.015860524244809035,1
rvlv,RVLV,dtc_brand,2024,total_assets,1,1,Assets,0001193125-26-071307,2026-02-25,2,0,,1
rvlv,RVLV,dtc_brand,2024,total_equity,1,1,StockholdersEquityIncludingPortionAttributableToNoncontrollingInterest,0001193125-26-071307,2026-02-25,2,0,,1
sdc,SDC,dtc_brand,2018,revenue,1,1,RevenueFromContractWithCustomerIncludingAssessedTax,0001775625-21-000025,2021-03-12,2,0,,1
sdc,SDC,dtc_brand,2018,net_income,1,1,NetIncomeLoss,0001775625-21-000025,2021-03-12,4,0,,1
sdc,SDC,dtc_brand,2018,total_assets,1,1,Assets,0001775625-20-000007,2020-03-10,1,0,,1
sdc,SDC,dtc_brand,2018,total_equity,1,1,StockholdersEquityIncludingPortionAttributableToNoncontrollingInterest,0001775625-22-000020,2022-03-01,3,0,,1
sdc,SDC,dtc_brand,2019,revenue,1,1,RevenueFromContractWithCustomerIncludingAssessedTax,0001775625-22-000020,2022-03-01,3,0,,1
sdc,SDC,dtc_brand,2019,net_income,1,1,NetIncomeLoss,0001775625-22-000020,2022-03-01,7,6,3.696453677748377,1
sdc,SDC,dtc_brand,2019,total_assets,1,1,Assets,0001775625-21-000025,2021-03-12,2,0,,1
sdc,SDC,dtc_brand,2019,total_equity,1,1,StockholdersEquityIncludingPortionAttributableToNoncontrollingInterest,0001775625-23-000018,2023-02-28,4,0,,1
sdc,SDC,dtc_brand,2020,revenue,1,1,RevenueFromContractWithCustomerIncludingAssessedTax,0001775625-23-000018,2023-02-28,4,0,,1
sdc,SDC,dtc_brand,2020,net_income,1,1,NetIncomeLoss,0001775625-23-000018,2023-02-28,9,8,2.5538243626062327,1
sdc,SDC,dtc_brand,2020,total_assets,1,1,Assets,0001775625-22-000020,2022-03-01,2,0,,1
sdc,SDC,dtc_brand,2020,total_equity,1,1,StockholdersEquityIncludingPortionAttributableToNoncontrollingInterest,0001775625-23-000018,2023-02-28,3,0,,1
sdc,SDC,dtc_brand,2021,revenue,1,1,RevenueFromContractWithCustomerIncludingAssessedTax,0001775625-23-000018,2023-02-28,4,0,,1
sdc,SDC,dtc_brand,2021,net_income,1,1,NetIncomeLoss,0001775625-23-000018,2023-02-28,6,5,2.2764881591534722,1
sdc,SDC,dtc_brand,2021,total_assets,1,1,Assets,0001775625-23-000018,2023-02-28,2,0,,1
sdc,SDC,dtc_brand,2021,total_equity,1,1,StockholdersEquityIncludingPortionAttributableToNoncontrollingInterest,0001775625-23-000018,2023-02-28,2,0,,1
sdc,SDC,dtc_brand,2022,revenue,1,1,RevenueFromContractWithCustomerIncludingAssessedTax,0001775625-23-000018,2023-02-28,2,0,,1
sdc,SDC,dtc_brand,2022,net_income,1,1,NetIncomeLoss,0001775625-23-000018,2023-02-28,3,2,2.2157423267441323,1
sdc,SDC,dtc_brand,2022,total_assets,1,1,Assets,0001775625-23-000018,2023-02-28,1,0,,1
sdc,SDC,dtc_brand,2022,total_equity,1,1,StockholdersEquityIncludingPortionAttributableToNoncontrollingInterest,0001775625-23-000018,2023-02-28,1,0,,1
sdc,SDC,dtc_brand,2023,revenue,1,0,,,,0,0,,0
sdc,SDC,dtc_brand,2023,net_income,1,0,,,,0,0,,0
sdc,SDC,dtc_brand,2023,total_assets,1,0,,,,0,0,,0
sdc,SDC,dtc_brand,2023,total_equity,1,0,,,,0,0,,0
sdc,SDC,dtc_brand,2024,revenue,1,0,,,,0,0,,0
sdc,SDC,dtc_brand,2024,net_income,1,0,,,,0,0,,0
sdc,SDC,dtc_brand,2024,total_assets,1,0,,,,0,0,,0
sdc,SDC,dtc_brand,2024,total_equity,1,0,,,,0,0,,0
sfix,SFIX,dtc_brand,2018,revenue,1,1,RevenueFromContractWithCustomerExcludingAssessedTax,0001576942-20-000077,2020-09-25,3,0,,1
sfix,SFIX,dtc_brand,2018,net_income,1,1,NetIncomeLoss,0001576942-20-000077,2020-09-25,6,5,0.20844097995545663,1
sfix,SFIX,dtc_brand,2018,total_assets,1,1,Assets,0001576942-19-000013,2019-10-02,2,0,,1
sfix,SFIX,dtc_brand,2018,total_equity,1,1,StockholdersEquity,0001576942-21-000121,2021-09-27,4,0,,1
sfix,SFIX,dtc_brand,2019,revenue,1,1,RevenueFromContractWithCustomerExcludingAssessedTax,0001576942-21-000121,2021-09-27,3,0,,1
sfix,SFIX,dtc_brand,2019,net_income,1,1,NetIncomeLoss,0001576942-21-000121,2021-09-27,6,5,0.0004880561806892623,1
sfix,SFIX,dtc_brand,2019,total_assets,1,1,Assets,0001576942-20-000077,2020-09-25,2,0,,1
sfix,SFIX,dtc_brand,2019,total_equity,1,1,StockholdersEquity,0001576942-22-000077,2022-09-21,4,0,,1
sfix,SFIX,dtc_brand,2020,revenue,1,1,RevenueFromContractWithCustomerExcludingAssessedTax,0001576942-22-000077,2022-09-21,3,0,,1
sfix,SFIX,dtc_brand,2020,net_income,1,1,NetIncomeLoss,0001576942-22-000077,2022-09-21,6,0,,1
sfix,SFIX,dtc_brand,2020,total_assets,1,1,Assets,0001576942-21-000121,2021-09-27,2,0,,1
sfix,SFIX,dtc_brand,2020,total_equity,1,1,StockholdersEquity,0001576942-23-000114,2023-09-20,4,0,,1
sfix,SFIX,dtc_brand,2021,revenue,1,1,RevenueFromContractWithCustomerExcludingAssessedTax,0001576942-23-000114,2023-09-20,3,0,,1
sfix,SFIX,dtc_brand,2021,net_income,1,1,NetIncomeLoss,0001576942-23-000114,2023-09-20,6,0,,1
sfix,SFIX,dtc_brand,2021,total_assets,1,1,Assets,0001576942-22-000077,2022-09-21,2,0,,1
sfix,SFIX,dtc_brand,2021,total_equity,1,1,StockholdersEquity,0001576942-24-000099,2024-09-25,4,0,,1
sfix,SFIX,dtc_brand,2022,revenue,1,1,RevenueFromContractWithCustomerExcludingAssessedTax,0001576942-24-000099,2024-09-25,3,2,0.027261319731747884,1
sfix,SFIX,dtc_brand,2022,net_income,1,1,NetIncomeLoss,0001576942-24-000099,2024-09-25,5,0,,1
sfix,SFIX,dtc_brand,2022,total_assets,1,1,Assets,0001576942-23-000114,2023-09-20,2,0,,1
sfix,SFIX,dtc_brand,2022,total_equity,1,1,StockholdersEquity,0001628280-25-042782,2025-09-25,4,0,,1
sfix,SFIX,dtc_brand,2023,revenue,1,1,RevenueFromContractWithCustomerExcludingAssessedTax,0001628280-25-042782,2025-09-25,3,2,0.028823481762563913,1
sfix,SFIX,dtc_brand,2023,net_income,1,1,NetIncomeLoss,0001628280-25-042782,2025-09-25,4,0,,1
sfix,SFIX,dtc_brand,2023,total_assets,1,1,Assets,0001576942-24-000099,2024-09-25,2,0,,1
sfix,SFIX,dtc_brand,2023,total_equity,1,1,StockholdersEquity,0001628280-25-042782,2025-09-25,3,0,,1
sfix,SFIX,dtc_brand,2024,revenue,1,1,RevenueFromContractWithCustomerExcludingAssessedTax,0001628280-25-042782,2025-09-25,2,0,,1
sfix,SFIX,dtc_brand,2024,net_income,1,1,NetIncomeLoss,0001628280-25-042782,2025-09-25,2,0,,1
sfix,SFIX,dtc_brand,2024,total_assets,1,1,Assets,0001628280-25-042782,2025-09-25,2,0,,1
sfix,SFIX,dtc_brand,2024,total_equity,1,1,StockholdersEquity,0001628280-25-042782,2025-09-25,2,0,,1
snbr,SNBR,dtc_brand,2018,revenue,1,1,RevenueFromContractWithCustomerExcludingAssessedTax,0000827187-21-000011,2021-03-02,3,0,,1
snbr,SNBR,dtc_brand,2018,net_income,1,1,NetIncomeLoss,0000827187-21-000011,2021-03-02,3,0,,1
snbr,SNBR,dtc_brand,2018,total_assets,1,1,Assets,0001564590-20-006396,2020-02-25,2,0,,1
snbr,SNBR,dtc_brand,2018,total_equity,1,1,StockholdersEquity,0000827187-22-000012,2022-03-01,4,0,,1
snbr,SNBR,dtc_brand,2019,revenue,1,1,RevenueFromContractWithCustomerExcludingAssessedTax,0000827187-22-000012,2022-03-01,3,0,,1
snbr,SNBR,dtc_brand,2019,net_income,1,1,NetIncomeLoss,0000827187-22-000012,2022-03-01,3,0,,1
snbr,SNBR,dtc_brand,2019,total_assets,1,1,Assets,0000827187-21-000011,2021-03-02,2,0,,1
snbr,SNBR,dtc_brand,2019,total_equity,1,1,StockholdersEquity,0000827187-23-000019,2023-02-24,4,0,,1
snbr,SNBR,dtc_brand,2020,revenue,1,1,RevenueFromContractWithCustomerExcludingAssessedTax,0000827187-23-000019,2023-02-24,3,0,,1
snbr,SNBR,dtc_brand,2020,net_income,1,1,NetIncomeLoss,0000827187-23-000019,2023-02-24,3,0,,1
snbr,SNBR,dtc_brand,2020,total_assets,1,1,Assets,0000827187-22-000012,2022-03-01,2,0,,1
snbr,SNBR,dtc_brand,2020,total_equity,1,1,StockholdersEquity,0000827187-24-000011,2024-02-23,4,0,,1
snbr,SNBR,dtc_brand,2021,revenue,1,1,RevenueFromContractWithCustomerExcludingAssessedTax,0000827187-24-000011,2024-02-23,3,0,,1
snbr,SNBR,dtc_brand,2021,net_income,1,1,NetIncomeLoss,0000827187-24-000011,2024-02-23,3,0,,1
snbr,SNBR,dtc_brand,2021,total_assets,1,1,Assets,0000827187-23-000019,2023-02-24,2,0,,1
snbr,SNBR,dtc_brand,2021,total_equity,1,1,StockholdersEquity,0000827187-25-000018,2025-03-07,4,0,,1
snbr,SNBR,dtc_brand,2022,revenue,1,1,RevenueFromContractWithCustomerExcludingAssessedTax,0000827187-25-000018,2025-03-07,3,0,,1
snbr,SNBR,dtc_brand,2022,net_income,1,1,NetIncomeLoss,0000827187-25-000018,2025-03-07,3,0,,1
snbr,SNBR,dtc_brand,2022,total_assets,1,1,Assets,0000827187-24-000011,2024-02-23,2,0,,1
snbr,SNBR,dtc_brand,2022,total_equity,1,1,StockholdersEquity,0000827187-26-000014,2026-03-12,4,0,,1
snbr,SNBR,dtc_brand,2023,revenue,1,1,RevenueFromContractWithCustomerExcludingAssessedTax,0000827187-26-000014,2026-03-12,3,0,,1
snbr,SNBR,dtc_brand,2023,net_income,1,1,NetIncomeLoss,0000827187-26-000014,2026-03-12,3,0,,1
snbr,SNBR,dtc_brand,2023,total_assets,1,1,Assets,0000827187-25-000018,2025-03-07,2,0,,1
snbr,SNBR,dtc_brand,2023,total_equity,1,1,StockholdersEquity,0000827187-26-000014,2026-03-12,3,0,,1
snbr,SNBR,dtc_brand,2024,revenue,1,1,RevenueFromContractWithCustomerExcludingAssessedTax,0000827187-26-000014,2026-03-12,2,0,,1
snbr,SNBR,dtc_brand,2024,net_income,1,1,NetIncomeLoss,0000827187-26-000014,2026-03-12,2,0,,1
snbr,SNBR,dtc_brand,2024,total_assets,1,1,Assets,0000827187-26-000014,2026-03-12,2,0,,1
snbr,SNBR,dtc_brand,2024,total_equity,1,1,StockholdersEquity,0000827187-26-000014,2026-03-12,2,0,,1
tdup,TDUP,marketplace_platform,2018,revenue,1,0,,,,0,0,,0
tdup,TDUP,marketplace_platform,2018,net_income,1,0,,,,0,0,,0
tdup,TDUP,marketplace_platform,2018,total_assets,1,0,,,,0,0,,0
tdup,TDUP,marketplace_platform,2018,total_equity,1,0,,,,0,0,,0
tdup,TDUP,marketplace_platform,2019,revenue,1,1,RevenueFromContractWithCustomerExcludingAssessedTax,0001484778-22-000044,2022-03-22,1,0,,1
tdup,TDUP,marketplace_platform,2019,net_income,1,1,NetIncomeLoss,0001484778-22-000044,2022-03-22,1,0,,1
tdup,TDUP,marketplace_platform,2019,total_assets,1,0,,,,0,0,,0
tdup,TDUP,marketplace_platform,2019,total_equity,1,1,StockholdersEquity,0001484778-23-000057,2023-03-07,2,0,,1
tdup,TDUP,marketplace_platform,2020,revenue,1,1,RevenueFromContractWithCustomerExcludingAssessedTax,0001484778-23-000057,2023-03-07,2,0,,1
tdup,TDUP,marketplace_platform,2020,net_income,1,1,NetIncomeLoss,0001484778-23-000057,2023-03-07,2,0,,1
tdup,TDUP,marketplace_platform,2020,total_assets,1,1,Assets,0001484778-22-000044,2022-03-22,1,0,,1
tdup,TDUP,marketplace_platform,2020,total_equity,1,1,StockholdersEquity,0001484778-23-000057,2023-03-07,2,0,,1
tdup,TDUP,marketplace_platform,2021,revenue,1,1,RevenueFromContractWithCustomerExcludingAssessedTax,0001484778-23-000057,2023-03-07,2,0,,1
tdup,TDUP,marketplace_platform,2021,net_income,1,1,NetIncomeLoss,0001484778-23-000057,2023-03-07,2,0,,1
tdup,TDUP,marketplace_platform,2021,total_assets,1,1,Assets,0001484778-23-000057,2023-03-07,2,0,,1
tdup,TDUP,marketplace_platform,2021,total_equity,1,1,StockholdersEquity,0001484778-24-000035,2024-03-05,3,0,,1
tdup,TDUP,marketplace_platform,2022,revenue,1,1,RevenueFromContractWithCustomerExcludingAssessedTax,0001484778-24-000035,2024-03-05,2,0,,1
tdup,TDUP,marketplace_platform,2022,net_income,1,1,NetIncomeLoss,0001484778-24-000035,2024-03-05,2,0,,1
tdup,TDUP,marketplace_platform,2022,total_assets,1,1,Assets,0001484778-24-000035,2024-03-05,2,0,,1
tdup,TDUP,marketplace_platform,2022,total_equity,1,1,StockholdersEquity,0001484778-25-000023,2025-03-03,3,0,,1
tdup,TDUP,marketplace_platform,2023,revenue,1,1,RevenueFromContractWithCustomerExcludingAssessedTax,0001484778-25-000023,2025-03-03,2,1,0.24571379939962232,1
tdup,TDUP,marketplace_platform,2023,net_income,1,1,NetIncomeLoss,0001484778-25-000023,2025-03-03,2,0,,1
tdup,TDUP,marketplace_platform,2023,total_assets,1,1,Assets,0001484778-25-000023,2025-03-03,2,0,,1
tdup,TDUP,marketplace_platform,2023,total_equity,1,1,StockholdersEquity,0001484778-26-000007,2026-03-02,3,0,,1
tdup,TDUP,marketplace_platform,2024,revenue,1,1,RevenueFromContractWithCustomerExcludingAssessedTax,0001484778-26-000007,2026-03-02,2,0,,1
tdup,TDUP,marketplace_platform,2024,net_income,1,1,NetIncomeLoss,0001484778-26-000007,2026-03-02,2,0,,1
tdup,TDUP,marketplace_platform,2024,total_assets,1,1,Assets,0001484778-26-000007,2026-03-02,2,0,,1
tdup,TDUP,marketplace_platform,2024,total_equity,1,1,StockholdersEquity,0001484778-26-000007,2026-03-02,2,0,,1
vrm,VRM,inventory_led_ecommerce,2018,revenue,1,1,RevenueFromContractWithCustomerExcludingAssessedTax,0001564590-21-010584,2021-03-03,1,0,,1
vrm,VRM,inventory_led_ecommerce,2018,net_income,1,1,NetIncomeLoss,0001564590-21-010584,2021-03-03,3,2,0.15304421329451268,1
vrm,VRM,inventory_led_ecommerce,2018,total_assets,1,0,,,,0,0,,0
vrm,VRM,inventory_led_ecommerce,2018,total_equity,1,1,StockholdersEquity,0000950170-22-002352,2022-03-01,2,0,,1
vrm,VRM,inventory_led_ecommerce,2019,revenue,1,1,RevenueFromContractWithCustomerExcludingAssessedTax,0000950170-22-002352,2022-03-01,2,0,,1
vrm,VRM,inventory_led_ecommerce,2019,net_income,1,1,NetIncomeLoss,0000950170-22-002352,2022-03-01,6,5,0.9284645190169116,1
vrm,VRM,inventory_led_ecommerce,2019,total_assets,1,1,Assets,0001564590-21-010584,2021-03-03,1,0,,1
vrm,VRM,inventory_led_ecommerce,2019,total_equity,1,1,StockholdersEquity,0000950170-23-005820,2023-03-02,3,0,,1
vrm,VRM,inventory_led_ecommerce,2020,revenue,1,1,RevenueFromContractWithCustomerExcludingAssessedTax,0000950170-23-005820,2023-03-02,3,0,,1
vrm,VRM,inventory_led_ecommerce,2020,net_income,1,1,NetIncomeLoss,0000950170-23-005820,2023-03-02,8,0,,1
vrm,VRM,inventory_led_ecommerce,2020,total_assets,1,1,Assets,0000950170-22-002352,2022-03-01,2,0,,1
vrm,VRM,inventory_led_ecommerce,2020,total_equity,1,1,StockholdersEquity,0000950170-23-005820,2023-03-02,3,0,,1
vrm,VRM,inventory_led_ecommerce,2021,revenue,1,1,RevenueFromContractWithCustomerExcludingAssessedTax,0000950170-23-005820,2023-03-02,2,0,,1
vrm,VRM,inventory_led_ecommerce,2021,net_income,1,1,NetIncomeLoss,0000950170-23-005820,2023-03-02,5,0,,1
vrm,VRM,inventory_led_ecommerce,2021,total_assets,1,1,Assets,0000950170-23-005820,2023-03-02,2,0,,1
vrm,VRM,inventory_led_ecommerce,2021,total_equity,1,1,StockholdersEquity,0000950170-24-030760,2024-03-13,3,0,,1
vrm,VRM,inventory_led_ecommerce,2022,revenue,1,1,RevenueFromContractWithCustomerExcludingAssessedTax,0000950170-24-030760,2024-03-13,2,0,,1
vrm,VRM,inventory_led_ecommerce,2022,net_income,1,1,NetIncomeLoss,0000950170-24-030760,2024-03-13,4,0,,1
vrm,VRM,inventory_led_ecommerce,2022,total_assets,1,1,Assets,0000950170-24-030760,2024-03-13,2,0,,1
vrm,VRM,inventory_led_ecommerce,2022,total_equity,1,1,StockholdersEquity,0000950170-25-037265,2025-03-11,3,2,0.0095679321095717,1
vrm,VRM,inventory_led_ecommerce,2023,revenue,1,1,RevenueFromContractWithCustomerExcludingAssessedTax,0000950170-24-030760,2024-03-13,1,0,,1
vrm,VRM,inventory_led_ecommerce,2023,net_income,1,1,NetIncomeLoss,0000950170-25-037265,2025-03-11,4,3,0.7666087967724506,1
vrm,VRM,inventory_led_ecommerce,2023,total_assets,1,1,Assets,0000950170-25-037265,2025-03-11,2,0,,1
vrm,VRM,inventory_led_ecommerce,2023,total_equity,1,1,StockholdersEquity,0001193125-26-126253,2026-03-26,3,2,0.04323613036633229,1
vrm,VRM,inventory_led_ecommerce,2024,revenue,1,0,,,,0,0,,0
vrm,VRM,inventory_led_ecommerce,2024,net_income,1,1,NetIncomeLoss,0001193125-26-126253,2026-03-26,4,3,0.16281097841622047,1
vrm,VRM,inventory_led_ecommerce,2024,total_assets,1,1,Assets,0001193125-26-126253,2026-03-26,2,0,,1
vrm,VRM,inventory_led_ecommerce,2024,total_equity,1,1,StockholdersEquity,0001193125-26-126253,2026-03-26,2,0,,1
w,W,inventory_led_ecommerce,2018,revenue,1,1,RevenueFromContractWithCustomerExcludingAssessedTax,0001616707-21-000064,2021-02-25,3,0,,1
w,W,inventory_led_ecommerce,2018,net_income,1,1,NetIncomeLoss,0001616707-21-000064,2021-02-25,3,0,,1
w,W,inventory_led_ecommerce,2018,total_assets,1,1,Assets,0001616707-20-000025,2020-02-28,2,0,,1
w,W,inventory_led_ecommerce,2018,total_equity,1,1,StockholdersEquity,0001616707-22-000031,2022-02-24,4,3,0.0008429003021147927,1
w,W,inventory_led_ecommerce,2019,revenue,1,1,RevenueFromContractWithCustomerExcludingAssessedTax,0001616707-22-000031,2022-02-24,3,2,6.24520653015213e-06,1
w,W,inventory_led_ecommerce,2019,net_income,1,1,NetIncomeLoss,0001616707-22-000031,2022-02-24,3,2,0.0004223350253807651,1
w,W,inventory_led_ecommerce,2019,total_assets,1,1,Assets,0001616707-21-000064,2021-02-25,2,0,,1
w,W,inventory_led_ecommerce,2019,total_equity,1,1,StockholdersEquity,0001616707-23-000037,2023-02-23,4,3,0.00022033898305081565,1
w,W,inventory_led_ecommerce,2020,revenue,1,1,RevenueFromContractWithCustomerExcludingAssessedTax,0001616707-23-000037,2023-02-23,3,2,1.1028632025511386e-05,1
w,W,inventory_led_ecommerce,2020,net_income,1,1,NetIncomeLoss,0001616707-23-000037,2023-02-23,3,2,2.162162162157123e-05,1
w,W,inventory_led_ecommerce,2020,total_assets,1,1,Assets,0001616707-22-000031,2022-02-24,2,1,1.553610503280365e-05,1
w,W,inventory_led_ecommerce,2020,total_equity,1,1,StockholdersEquity,0001616707-24-000014,2024-02-22,4,3,8.640939597320929e-05,1
w,W,inventory_led_ecommerce,2021,revenue,1,1,RevenueFromContractWithCustomerExcludingAssessedTax,0001616707-24-000014,2024-02-22,3,0,,1
w,W,inventory_led_ecommerce,2021,net_income,1,1,NetIncomeLoss,0001616707-24-000014,2024-02-22,3,0,,1
w,W,inventory_led_ecommerce,2021,total_assets,1,1,Assets,0001616707-23-000037,2023-02-23,2,0,,1
w,W,inventory_led_ecommerce,2021,total_equity,1,1,StockholdersEquity,0001616707-25-000022,2025-02-20,4,0,,1
w,W,inventory_led_ecommerce,2022,revenue,1,1,RevenueFromContractWithCustomerExcludingAssessedTax,0001616707-25-000022,2025-02-20,3,0,,1
w,W,inventory_led_ecommerce,2022,net_income,1,1,NetIncomeLoss,0001616707-25-000022,2025-02-20,3,0,,1
w,W,inventory_led_ecommerce,2022,total_assets,1,1,Assets,0001616707-24-000014,2024-02-22,2,0,,1
w,W,inventory_led_ecommerce,2022,total_equity,1,1,StockholdersEquity,0001616707-26-000027,2026-02-19,4,0,,1
w,W,inventory_led_ecommerce,2023,revenue,1,1,RevenueFromContractWithCustomerExcludingAssessedTax,0001616707-26-000027,2026-02-19,3,0,,1
w,W,inventory_led_ecommerce,2023,net_income,1,1,NetIncomeLoss,0001616707-26-000027,2026-02-19,3,0,,1
w,W,inventory_led_ecommerce,2023,total_assets,1,1,Assets,0001616707-25-000022,2025-02-20,2,0,,1
w,W,inventory_led_ecommerce,2023,total_equity,1,1,StockholdersEquity,0001616707-26-000027,2026-02-19,3,0,,1
w,W,inventory_led_ecommerce,2024,revenue,1,1,RevenueFromContractWithCustomerExcludingAssessedTax,0001616707-26-000027,2026-02-19,2,0,,1
w,W,inventory_led_ecommerce,2024,net_income,1,1,NetIncomeLoss,0001616707-26-000027,2026-02-19,2,0,,1
w,W,inventory_led_ecommerce,2024,total_assets,1,1,Assets,0001616707-26-000027,2026-02-19,2,0,,1
w,W,inventory_led_ecommerce,2024,total_equity,1,1,StockholdersEquity,0001616707-26-000027,2026-02-19,2,0,,1
wish,WISH,marketplace_platform,2018,revenue,1,1,RevenueFromContractWithCustomerExcludingAssessedTax,0001564590-21-015544,2021-03-25,1,0,,1
wish,WISH,marketplace_platform,2018,net_income,1,1,NetIncomeLoss,0001564590-21-015544,2021-03-25,2,0,,1
wish,WISH,marketplace_platform,2018,total_assets,1,0,,,,0,0,,0
wish,WISH,marketplace_platform,2018,total_equity,1,1,StockholdersEquity,0001564590-22-010074,2022-03-14,2,0,,1
wish,WISH,marketplace_platform,2019,revenue,1,1,RevenueFromContractWithCustomerExcludingAssessedTax,0001564590-22-010074,2022-03-14,2,0,,1
wish,WISH,marketplace_platform,2019,net_income,1,1,NetIncomeLoss,0001564590-22-010074,2022-03-14,4,3,0.05426356589147287,1
wish,WISH,marketplace_platform,2019,total_assets,1,1,Assets,0001564590-21-015544,2021-03-25,1,0,,1
wish,WISH,marketplace_platform,2019,total_equity,1,1,StockholdersEquity,0000950170-23-004711,2023-02-27,3,0,,1
wish,WISH,marketplace_platform,2020,revenue,1,1,RevenueFromContractWithCustomerExcludingAssessedTax,0000950170-23-004711,2023-02-27,3,0,,1
wish,WISH,marketplace_platform,2020,net_income,1,1,NetIncomeLoss,0000950170-23-004711,2023-02-27,5,0,,1
wish,WISH,marketplace_platform,2020,total_assets,1,1,Assets,0001564590-22-010074,2022-03-14,2,0,,1
wish,WISH,marketplace_platform,2020,total_equity,1,1,StockholdersEquity,0000950170-23-004711,2023-02-27,3,0,,1
wish,WISH,marketplace_platform,2021,revenue,1,1,RevenueFromContractWithCustomerExcludingAssessedTax,0000950170-23-004711,2023-02-27,2,0,,1
wish,WISH,marketplace_platform,2021,net_income,1,1,NetIncomeLoss,0000950170-23-004711,2023-02-27,3,0,,1
wish,WISH,marketplace_platform,2021,total_assets,1,1,Assets,0000950170-23-004711,2023-02-27,2,0,,1
wish,WISH,marketplace_platform,2021,total_equity,1,1,StockholdersEquity,0000950170-24-025210,2024-03-05,3,0,,1
wish,WISH,marketplace_platform,2022,revenue,1,1,RevenueFromContractWithCustomerExcludingAssessedTax,0000950170-24-025210,2024-03-05,2,0,,1
wish,WISH,marketplace_platform,2022,net_income,1,1,NetIncomeLoss,0001140361-25-014279,2025-04-17,3,0,,1
wish,WISH,marketplace_platform,2022,total_assets,1,1,Assets,0000950170-24-025210,2024-03-05,2,0,,1
wish,WISH,marketplace_platform,2022,total_equity,1,1,StockholdersEquity,0000950170-25-037990,2025-03-12,3,0,,1
wish,WISH,marketplace_platform,2023,revenue,1,1,RevenueFromContractWithCustomerExcludingAssessedTax,0000950170-25-037990,2025-03-12,2,0,,1
wish,WISH,marketplace_platform,2023,net_income,1,1,NetIncomeLoss,0001140361-25-014279,2025-04-17,3,0,,1
wish,WISH,marketplace_platform,2023,total_assets,1,1,Assets,0000950170-25-037990,2025-03-12,2,0,,1
wish,WISH,marketplace_platform,2023,total_equity,1,1,StockholdersEquity,0000950170-25-037990,2025-03-12,2,0,,1
wish,WISH,marketplace_platform,2024,revenue,1,1,RevenueFromContractWithCustomerExcludingAssessedTax,0000950170-25-037990,2025-03-12,1,0,,1
wish,WISH,marketplace_platform,2024,net_income,1,1,NetIncomeLoss,0001140361-25-014279,2025-04-17,2,0,,1
wish,WISH,marketplace_platform,2024,total_assets,1,1,Assets,0000950170-25-037990,2025-03-12,1,0,,1
wish,WISH,marketplace_platform,2024,total_equity,1,1,StockholdersEquity,0000950170-25-037990,2025-03-12,1,0,,1
wrby,WRBY,dtc_brand,2018,revenue,1,0,,,,0,0,,0
wrby,WRBY,dtc_brand,2018,net_income,1,0,,,,0,0,,0
wrby,WRBY,dtc_brand,2018,total_assets,1,0,,,,0,0,,0
wrby,WRBY,dtc_brand,2018,total_equity,1,0,,,,0,0,,0
wrby,WRBY,dtc_brand,2019,revenue,1,1,RevenueFromContractWithCustomerExcludingAssessedTax,0001504776-22-000007,2022-03-18,1,0,,1
wrby,WRBY,dtc_brand,2019,net_income,1,1,NetIncomeLoss,0001504776-22-000007,2022-03-18,2,1,57536999999.99999,1
wrby,WRBY,dtc_brand,2019,total_assets,1,0,,,,0,0,,0
wrby,WRBY,dtc_brand,2019,total_equity,1,1,StockholdersEquity,0001504776-23-000006,2023-02-28,2,0,,1
wrby,WRBY,dtc_brand,2020,revenue,1,1,RevenueFromContractWithCustomerExcludingAssessedTax,0001504776-23-000006,2023-02-28,2,0,,1
wrby,WRBY,dtc_brand,2020,net_income,1,1,NetIncomeLoss,0001504776-23-000006,2023-02-28,4,0,,1
wrby,WRBY,dtc_brand,2020,total_assets,1,1,Assets,0001504776-22-000007,2022-03-18,1,0,,1
wrby,WRBY,dtc_brand,2020,total_equity,1,1,StockholdersEquity,0001504776-24-000006,2024-02-29,3,0,,1
wrby,WRBY,dtc_brand,2021,revenue,1,1,RevenueFromContractWithCustomerExcludingAssessedTax,0001504776-24-000006,2024-02-29,3,0,,1
wrby,WRBY,dtc_brand,2021,net_income,1,1,NetIncomeLoss,0001504776-24-000006,2024-02-29,6,5,0.09105780094405669,1
wrby,WRBY,dtc_brand,2021,total_assets,1,1,Assets,0001504776-23-000006,2023-02-28,2,0,,1
wrby,WRBY,dtc_brand,2021,total_equity,1,1,StockholdersEquity,0001504776-25-000010,2025-02-27,4,0,,1
wrby,WRBY,dtc_brand,2022,revenue,1,1,RevenueFromContractWithCustomerExcludingAssessedTax,0001504776-25-000010,2025-02-27,3,0,,1
wrby,WRBY,dtc_brand,2022,net_income,1,1,NetIncomeLoss,0001504776-25-000010,2025-02-27,6,0,,1
wrby,WRBY,dtc_brand,2022,total_assets,1,1,Assets,0001504776-24-000006,2024-02-29,2,0,,1
wrby,WRBY,dtc_brand,2022,total_equity,1,1,StockholdersEquity,0001504776-26-000006,2026-02-26,4,0,,1
wrby,WRBY,dtc_brand,2023,revenue,1,1,RevenueFromContractWithCustomerExcludingAssessedTax,0001504776-26-000006,2026-02-26,3,0,,1
wrby,WRBY,dtc_brand,2023,net_income,1,1,NetIncomeLoss,0001504776-26-000006,2026-02-26,6,0,,1
wrby,WRBY,dtc_brand,2023,total_assets,1,1,Assets,0001504776-25-000010,2025-02-27,2,0,,1
wrby,WRBY,dtc_brand,2023,total_equity,1,1,StockholdersEquity,0001504776-26-000006,2026-02-26,3,0,,1
wrby,WRBY,dtc_brand,2024,revenue,1,1,RevenueFromContractWithCustomerExcludingAssessedTax,0001504776-26-000006,2026-02-26,2,0,,1
wrby,WRBY,dtc_brand,2024,net_income,1,1,NetIncomeLoss,0001504776-26-000006,2026-02-26,4,0,,1
wrby,WRBY,dtc_brand,2024,total_assets,1,1,Assets,0001504776-26-000006,2026-02-26,2,0,,1
wrby,WRBY,dtc_brand,2024,total_equity,1,1,StockholdersEquity,0001504776-26-000006,2026-02-26,2,0,,1
