company_id,ticker,period_end,fiscal_year,canonical_field,winning_tag,discarded_tag,winning_value,discarded_value,relative_difference,resolution_rule,conflict_severity,winning_accession,discarded_accession
abnb,ABNB,2019-12-31,2019,total_equity,StockholdersEquity,StockholdersEquity,-808.0,-807.685,0.00038985148514858236,latest valid filing then configured source-tag priority,low,0001559720-23-000003,0001559720-22-000006
abnb,ABNB,2020-12-31,2020,net_income,NetIncomeLoss,NetIncomeLossAvailableToCommonStockholdersBasic,-4585.0,-4585.0,0.0,latest valid filing then configured source-tag priority,low,0001559720-23-000003,0001559720-23-000003
abnb,ABNB,2020-12-31,2020,net_income,NetIncomeLoss,NetIncomeLoss,-4585.0,-4584.716,6.194111232271554e-05,latest valid filing then configured source-tag priority,low,0001559720-23-000003,0001559720-22-000006
abnb,ABNB,2020-12-31,2020,revenue,RevenueFromContractWithCustomerExcludingAssessedTax,RevenueFromContractWithCustomerExcludingAssessedTax,3378.0,3378.199,5.8910597986995e-05,latest valid filing then configured source-tag priority,low,0001559720-23-000003,0001559720-22-000006
abnb,ABNB,2020-12-31,2020,total_equity,StockholdersEquity,StockholdersEquity,2901.0,2901.0,0.0,latest valid filing then configured source-tag priority,low,0001559720-24-000006,0001559720-23-000003
abnb,ABNB,2020-12-31,2020,total_equity,StockholdersEquity,StockholdersEquity,2901.0,2901.783,0.0002699069286452609,latest valid filing then configured source-tag priority,low,0001559720-24-000006,0001559720-22-000006
abnb,ABNB,2021-12-31,2021,net_income,NetIncomeLoss,NetIncomeLossAvailableToCommonStockholdersBasic,-352.0,-352.0,0.0,latest valid filing then configured source-tag priority,low,0001559720-24-000006,0001559720-24-000006
abnb,ABNB,2021-12-31,2021,net_income,NetIncomeLoss,NetIncomeLoss,-352.0,-352.0,0.0,latest valid filing then configured source-tag priority,low,0001559720-24-000006,0001559720-23-000003
abnb,ABNB,2021-12-31,2021,net_income,NetIncomeLoss,NetIncomeLossAvailableToCommonStockholdersBasic,-352.0,-352.0,0.0,latest valid filing then configured source-tag priority,low,0001559720-24-000006,0001559720-23-000003
abnb,ABNB,2021-12-31,2021,net_income,NetIncomeLoss,NetIncomeLoss,-352.0,-352.034,9.659090909088583e-05,latest valid filing then configured source-tag priority,low,0001559720-24-000006,0001559720-22-000006
abnb,ABNB,2021-12-31,2021,revenue,RevenueFromContractWithCustomerExcludingAssessedTax,RevenueFromContractWithCustomerExcludingAssessedTax,5992.0,5992.0,0.0,latest valid filing then configured source-tag priority,low,0001559720-24-000006,0001559720-23-000003
abnb,ABNB,2021-12-31,2021,revenue,RevenueFromContractWithCustomerExcludingAssessedTax,RevenueFromContractWithCustomerExcludingAssessedTax,5992.0,5991.76,4.005340453934942e-05,latest valid filing then configured source-tag priority,low,0001559720-24-000006,0001559720-22-000006
abnb,ABNB,2021-12-31,2021,total_assets,Assets,Assets,13708.0,13708.474,3.4578348409699454e-05,latest valid filing then configured source-tag priority,low,0001559720-23-000003,0001559720-22-000006
abnb,ABNB,2021-12-31,2021,total_equity,StockholdersEquity,StockholdersEquity,4775.0,4775.0,0.0,latest valid filing then configured source-tag priority,low,0001559720-25-000010,0001559720-24-000006
abnb,ABNB,2021-12-31,2021,total_equity,StockholdersEquity,StockholdersEquity,4775.0,4775.0,0.0,latest valid filing then configured source-tag priority,low,0001559720-25-000010,0001559720-23-000003
abnb,ABNB,2021-12-31,2021,total_equity,StockholdersEquity,StockholdersEquity,4775.0,4775.713,0.00014931937172769384,latest valid filing then configured source-tag priority,low,0001559720-25-000010,0001559720-22-000006
aka,AKA,2019-12-31,2019,net_income,NetIncomeLoss,ProfitLoss,1.394,1.442,0.034433285509325715,latest valid filing then configured source-tag priority,medium,0001865107-22-000033,0001865107-22-000033
aka,AKA,2020-12-31,2020,net_income,NetIncomeLoss,ProfitLoss,14.334,14.805,0.032858936793637515,latest valid filing then configured source-tag priority,medium,0001865107-23-000012,0001865107-23-000012
aka,AKA,2020-12-31,2020,net_income,NetIncomeLoss,NetIncomeLoss,14.334,14.334,0.0,latest valid filing then configured source-tag priority,low,0001865107-23-000012,0001865107-22-000033
aka,AKA,2020-12-31,2020,net_income,NetIncomeLoss,ProfitLoss,14.334,14.805,0.032858936793637515,latest valid filing then configured source-tag priority,medium,0001865107-23-000012,0001865107-22-000033
aka,AKA,2021-12-31,2021,net_income,NetIncomeLoss,ProfitLoss,-5.968,-6.091,0.020609919571045614,latest valid filing then configured source-tag priority,medium,0001865107-24-000010,0001865107-24-000010
aka,AKA,2021-12-31,2021,net_income,NetIncomeLoss,NetIncomeLoss,-5.968,-5.968,0.0,latest valid filing then configured source-tag priority,low,0001865107-24-000010,0001865107-23-000012
aka,AKA,2021-12-31,2021,net_income,NetIncomeLoss,ProfitLoss,-5.968,-6.091,0.020609919571045614,latest valid filing then configured source-tag priority,medium,0001865107-24-000010,0001865107-23-000012
aka,AKA,2021-12-31,2021,net_income,NetIncomeLoss,NetIncomeLoss,-5.968,-5.968,0.0,latest valid filing then configured source-tag priority,low,0001865107-24-000010,0001865107-22-000033
aka,AKA,2021-12-31,2021,net_income,NetIncomeLoss,ProfitLoss,-5.968,-6.091,0.020609919571045614,latest valid filing then configured source-tag priority,medium,0001865107-24-000010,0001865107-22-000033
bark,BARK,2021-03-31,2021,total_assets,Assets,Assets,150.863,254.714835,0.6883850579664994,latest valid filing then configured source-tag priority,high,0001819574-22-000049,0001193125-21-184522
bark,BARK,2021-03-31,2021,total_assets,Assets,Assets,150.863,254.714835,0.6883850579664994,latest valid filing then configured source-tag priority,high,0001819574-22-000049,0001193125-21-183287
bark,BARK,2021-03-31,2021,total_equity,StockholdersEquity,StockholdersEquity,-158.97,-158.97,0.0,latest valid filing then configured source-tag priority,low,0001819574-24-000025,0001819574-23-000009
bark,BARK,2021-03-31,2021,total_equity,StockholdersEquity,StockholdersEquity,-158.97,-158.97,0.0,latest valid filing then configured source-tag priority,low,0001819574-24-000025,0001819574-22-000049
bark,BARK,2021-03-31,2021,total_equity,StockholdersEquity,StockholdersEquity,-158.97,5.000004,1.0314525004717872,latest valid filing then configured source-tag priority,high,0001819574-24-000025,0001193125-21-184522
bark,BARK,2021-03-31,2021,total_equity,StockholdersEquity,StockholdersEquity,-158.97,5.000004,1.0314525004717872,latest valid filing then configured source-tag priority,high,0001819574-24-000025,0001193125-21-183287
bkng,BKNG,2017-12-31,2017,net_income,NetIncomeLossAvailableToCommonStockholdersBasic,NetIncomeLossAvailableToCommonStockholdersBasic,2341.0,2341.0,0.0,latest valid filing then configured source-tag priority,low,0001075531-20-000011,0001075531-19-000009
bkng,BKNG,2017-12-31,2017,net_income,NetIncomeLossAvailableToCommonStockholdersBasic,NetIncomeLossAvailableToCommonStockholdersBasic,2341.0,2340.765,0.00010038445108933248,latest valid filing then configured source-tag priority,low,0001075531-20-000011,0001075531-18-000015
bkng,BKNG,2017-12-31,2017,revenue,Revenues,Revenues,12681.0,12681.0,0.0,latest valid filing then configured source-tag priority,low,0001075531-20-000011,0001075531-19-000009
bkng,BKNG,2017-12-31,2017,revenue,Revenues,SalesRevenueNet,12681.0,12681.082,6.466367005783037e-06,latest valid filing then configured source-tag priority,low,0001075531-20-000011,0001075531-18-000015
bkng,BKNG,2017-12-31,2017,total_assets,Assets,Assets,25451.0,25451.263,1.0333582177478703e-05,latest valid filing then configured source-tag priority,low,0001075531-19-000009,0001075531-18-000015
bkng,BKNG,2017-12-31,2017,total_equity,StockholdersEquity,StockholdersEquity,11261.0,11261.0,0.0,latest valid filing then configured source-tag priority,low,0001075531-21-000019,0001075531-20-000011
bkng,BKNG,2017-12-31,2017,total_equity,StockholdersEquity,StockholdersEquity,11261.0,11261.0,0.0,latest valid filing then configured source-tag priority,low,0001075531-21-000019,0001075531-19-000009
bkng,BKNG,2017-12-31,2017,total_equity,StockholdersEquity,StockholdersEquity,11261.0,11260.598,3.5698428203538196e-05,latest valid filing then configured source-tag priority,low,0001075531-21-000019,0001075531-18-000015
boxd,BOXD,2019-12-31,2019,net_income,NetIncomeLoss,NetIncomeLossAvailableToCommonStockholdersBasic,-65.402,-66.557122,0.017661875783615267,latest valid filing then configured source-tag priority,medium,0001828672-22-000026,0001828672-22-000026
boxd,BOXD,2020-12-31,2020,net_income,NetIncomeLoss,NetIncomeLossAvailableToCommonStockholdersBasic,-34.436576,-35.52687,0.03166092935604283,latest valid filing then configured source-tag priority,medium,0001828672-22-000026,0001828672-22-000026
boxd,BOXD,2021-12-31,2021,net_income,NetIncomeLoss,NetIncomeLossAvailableToCommonStockholdersBasic,-69.222605,-67.183461,0.029457776112297527,latest valid filing then configured source-tag priority,medium,0001828672-22-000026,0001828672-22-000026
byon,BYON,2017-12-31,2017,net_income,NetIncomeLoss,ProfitLoss,-109.878,-111.922,0.01860244998998887,latest valid filing then configured source-tag priority,medium,0001130713-20-000014,0001130713-20-000014
byon,BYON,2017-12-31,2017,net_income,NetIncomeLoss,NetIncomeLossAvailableToCommonStockholdersBasic,-109.878,-107.134,0.024973152041354956,latest valid filing then configured source-tag priority,medium,0001130713-20-000014,0001130713-20-000014
byon,BYON,2017-12-31,2017,net_income,NetIncomeLoss,NetIncomeLoss,-109.878,-109.878,0.0,latest valid filing then configured source-tag priority,low,0001130713-20-000014,0001130713-19-000016
byon,BYON,2017-12-31,2017,net_income,NetIncomeLoss,ProfitLoss,-109.878,-111.922,0.01860244998998887,latest valid filing then configured source-tag priority,medium,0001130713-20-000014,0001130713-19-000016
byon,BYON,2017-12-31,2017,net_income,NetIncomeLoss,NetIncomeLossAvailableToCommonStockholdersBasic,-109.878,-107.134,0.024973152041354956,latest valid filing then configured source-tag priority,medium,0001130713-20-000014,0001130713-19-000016
byon,BYON,2017-12-31,2017,net_income,NetIncomeLoss,NetIncomeLoss,-109.878,-109.878,0.0,latest valid filing then configured source-tag priority,low,0001130713-20-000014,0001130713-18-000019
byon,BYON,2017-12-31,2017,net_income,NetIncomeLoss,ProfitLoss,-109.878,-111.922,0.01860244998998887,latest valid filing then configured source-tag priority,medium,0001130713-20-000014,0001130713-18-000019
byon,BYON,2017-12-31,2017,net_income,NetIncomeLoss,NetIncomeLossAvailableToCommonStockholdersBasic,-109.878,-107.134,0.024973152041354956,latest valid filing then configured source-tag priority,medium,0001130713-20-000014,0001130713-18-000019
byon,BYON,2017-12-31,2017,total_equity,StockholdersEquityIncludingPortionAttributableToNoncontrollingInterest,StockholdersEquity,172.123,175.628,0.02036334481736895,latest valid filing then configured source-tag priority,medium,0001130713-20-000014,0001130713-19-000016
byon,BYON,2017-12-31,2017,total_equity,StockholdersEquityIncludingPortionAttributableToNoncontrollingInterest,StockholdersEquityIncludingPortionAttributableToNoncontrollingInterest,172.123,172.123,0.0,latest valid filing then configured source-tag priority,low,0001130713-20-000014,0001130713-19-000016
byon,BYON,2017-12-31,2017,total_equity,StockholdersEquityIncludingPortionAttributableToNoncontrollingInterest,StockholdersEquity,172.123,175.628,0.02036334481736895,latest valid filing then configured source-tag priority,medium,0001130713-20-000014,0001130713-18-000019
byon,BYON,2017-12-31,2017,total_equity,StockholdersEquityIncludingPortionAttributableToNoncontrollingInterest,StockholdersEquityIncludingPortionAttributableToNoncontrollingInterest,172.123,172.123,0.0,latest valid filing then configured source-tag priority,low,0001130713-20-000014,0001130713-18-000019
byon,BYON,2018-12-31,2018,net_income,NetIncomeLoss,ProfitLoss,-206.07,-217.57,0.0558062794196147,latest valid filing then configured source-tag priority,high,0001130713-21-000019,0001130713-21-000019
byon,BYON,2018-12-31,2018,net_income,NetIncomeLoss,NetIncomeLossAvailableToCommonStockholdersBasic,-206.07,-204.877,0.005789294899791254,latest valid filing then configured source-tag priority,medium,0001130713-21-000019,0001130713-21-000019
byon,BYON,2018-12-31,2018,net_income,NetIncomeLoss,NetIncomeLoss,-206.07,-206.07,0.0,latest valid filing then configured source-tag priority,low,0001130713-21-000019,0001130713-20-000014
byon,BYON,2018-12-31,2018,net_income,NetIncomeLoss,ProfitLoss,-206.07,-217.57,0.0558062794196147,latest valid filing then configured source-tag priority,high,0001130713-21-000019,0001130713-20-000014
byon,BYON,2018-12-31,2018,net_income,NetIncomeLoss,NetIncomeLossAvailableToCommonStockholdersBasic,-206.07,-204.877,0.005789294899791254,latest valid filing then configured source-tag priority,medium,0001130713-21-000019,0001130713-20-000014
byon,BYON,2018-12-31,2018,net_income,NetIncomeLoss,NetIncomeLoss,-206.07,-206.07,0.0,latest valid filing then configured source-tag priority,low,0001130713-21-000019,0001130713-19-000016
byon,BYON,2018-12-31,2018,net_income,NetIncomeLoss,ProfitLoss,-206.07,-217.57,0.0558062794196147,latest valid filing then configured source-tag priority,high,0001130713-21-000019,0001130713-19-000016
byon,BYON,2018-12-31,2018,net_income,NetIncomeLoss,NetIncomeLossAvailableToCommonStockholdersBasic,-206.07,-204.877,0.005789294899791254,latest valid filing then configured source-tag priority,medium,0001130713-21-000019,0001130713-19-000016
byon,BYON,2018-12-31,2018,total_equity,StockholdersEquityIncludingPortionAttributableToNoncontrollingInterest,StockholdersEquity,210.706,131.746,0.3747401592740595,latest valid filing then configured source-tag priority,high,0001130713-21-000019,0001130713-20-000014
byon,BYON,2018-12-31,2018,total_equity,StockholdersEquityIncludingPortionAttributableToNoncontrollingInterest,StockholdersEquityIncludingPortionAttributableToNoncontrollingInterest,210.706,210.706,0.0,latest valid filing then configured source-tag priority,low,0001130713-21-000019,0001130713-20-000014
byon,BYON,2018-12-31,2018,total_equity,StockholdersEquityIncludingPortionAttributableToNoncontrollingInterest,StockholdersEquity,210.706,131.746,0.3747401592740595,latest valid filing then configured source-tag priority,high,0001130713-21-000019,0001130713-19-000016
byon,BYON,2018-12-31,2018,total_equity,StockholdersEquityIncludingPortionAttributableToNoncontrollingInterest,StockholdersEquityIncludingPortionAttributableToNoncontrollingInterest,210.706,210.706,0.0,latest valid filing then configured source-tag priority,low,0001130713-21-000019,0001130713-19-000016
byon,BYON,2019-12-31,2019,net_income,NetIncomeLoss,ProfitLoss,-121.841,-134.72,0.1057033346738783,latest valid filing then configured source-tag priority,high,0001130713-22-000009,0001130713-22-000009
byon,BYON,2019-12-31,2019,net_income,NetIncomeLoss,NetIncomeLossAvailableToCommonStockholdersBasic,-121.841,-120.645,0.009816071765661788,latest valid filing then configured source-tag priority,medium,0001130713-22-000009,0001130713-22-000009
byon,BYON,2019-12-31,2019,net_income,NetIncomeLoss,NetIncomeLoss,-121.841,-121.841,0.0,latest valid filing then configured source-tag priority,low,0001130713-22-000009,0001130713-21-000019
byon,BYON,2019-12-31,2019,net_income,NetIncomeLoss,ProfitLoss,-121.841,-134.72,0.1057033346738783,latest valid filing then configured source-tag priority,high,0001130713-22-000009,0001130713-21-000019
byon,BYON,2019-12-31,2019,net_income,NetIncomeLoss,NetIncomeLossAvailableToCommonStockholdersBasic,-121.841,-120.645,0.009816071765661788,latest valid filing then configured source-tag priority,medium,0001130713-22-000009,0001130713-21-000019
byon,BYON,2019-12-31,2019,net_income,NetIncomeLoss,NetIncomeLoss,-121.841,-121.841,0.0,latest valid filing then configured source-tag priority,low,0001130713-22-000009,0001130713-20-000014
byon,BYON,2019-12-31,2019,net_income,NetIncomeLoss,ProfitLoss,-121.841,-134.72,0.1057033346738783,latest valid filing then configured source-tag priority,high,0001130713-22-000009,0001130713-20-000014
byon,BYON,2019-12-31,2019,net_income,NetIncomeLoss,NetIncomeLossAvailableToCommonStockholdersBasic,-121.841,-120.645,0.009816071765661788,latest valid filing then configured source-tag priority,medium,0001130713-22-000009,0001130713-20-000014
byon,BYON,2019-12-31,2019,revenue,RevenueFromContractWithCustomerExcludingAssessedTax,RevenueFromContractWithCustomerExcludingAssessedTax,1434.974,1459.418,0.017034454979672077,latest valid filing then configured source-tag priority,medium,0001130713-22-000009,0001130713-21-000019
byon,BYON,2019-12-31,2019,revenue,RevenueFromContractWithCustomerExcludingAssessedTax,RevenueFromContractWithCustomerExcludingAssessedTax,1434.974,1459.418,0.017034454979672077,latest valid filing then configured source-tag priority,medium,0001130713-22-000009,0001130713-20-000014
byon,BYON,2019-12-31,2019,total_equity,StockholdersEquityIncludingPortionAttributableToNoncontrollingInterest,StockholdersEquity,177.855,115.084,0.3529335694807567,latest valid filing then configured source-tag priority,high,0001130713-22-000009,0001130713-21-000019
byon,BYON,2019-12-31,2019,total_equity,StockholdersEquityIncludingPortionAttributableToNoncontrollingInterest,StockholdersEquityIncludingPortionAttributableToNoncontrollingInterest,177.855,177.855,0.0,latest valid filing then configured source-tag priority,low,0001130713-22-000009,0001130713-21-000019
byon,BYON,2019-12-31,2019,total_equity,StockholdersEquityIncludingPortionAttributableToNoncontrollingInterest,StockholdersEquity,177.855,115.084,0.3529335694807567,latest valid filing then configured source-tag priority,high,0001130713-22-000009,0001130713-20-000014
byon,BYON,2019-12-31,2019,total_equity,StockholdersEquityIncludingPortionAttributableToNoncontrollingInterest,StockholdersEquityIncludingPortionAttributableToNoncontrollingInterest,177.855,177.855,0.0,latest valid filing then configured source-tag priority,low,0001130713-22-000009,0001130713-20-000014
byon,BYON,2020-12-31,2020,net_income,NetIncomeLoss,ProfitLoss,56.001,46.171,0.17553257977536113,latest valid filing then configured source-tag priority,high,0001130713-23-000014,0001130713-23-000014
byon,BYON,2020-12-31,2020,net_income,NetIncomeLoss,NetIncomeLossAvailableToCommonStockholdersBasic,56.001,51.507,0.08024856698987518,latest valid filing then configured source-tag priority,high,0001130713-23-000014,0001130713-23-000014
byon,BYON,2020-12-31,2020,net_income,NetIncomeLoss,NetIncomeLoss,56.001,56.001,0.0,latest valid filing then configured source-tag priority,low,0001130713-23-000014,0001130713-22-000009
byon,BYON,2020-12-31,2020,net_income,NetIncomeLoss,ProfitLoss,56.001,46.171,0.17553257977536113,latest valid filing then configured source-tag priority,high,0001130713-23-000014,0001130713-22-000009
byon,BYON,2020-12-31,2020,net_income,NetIncomeLoss,NetIncomeLossAvailableToCommonStockholdersBasic,56.001,51.507,0.08024856698987518,latest valid filing then configured source-tag priority,high,0001130713-23-000014,0001130713-22-000009
byon,BYON,2020-12-31,2020,net_income,NetIncomeLoss,NetIncomeLoss,56.001,56.001,0.0,latest valid filing then configured source-tag priority,low,0001130713-23-000014,0001130713-21-000019
byon,BYON,2020-12-31,2020,net_income,NetIncomeLoss,ProfitLoss,56.001,46.171,0.17553257977536113,latest valid filing then configured source-tag priority,high,0001130713-23-000014,0001130713-21-000019
byon,BYON,2020-12-31,2020,net_income,NetIncomeLoss,NetIncomeLossAvailableToCommonStockholdersBasic,56.001,51.507,0.08024856698987518,latest valid filing then configured source-tag priority,high,0001130713-23-000014,0001130713-21-000019
byon,BYON,2020-12-31,2020,revenue,RevenueFromContractWithCustomerExcludingAssessedTax,RevenueFromContractWithCustomerExcludingAssessedTax,2493.915,2493.915,0.0,latest valid filing then configured source-tag priority,low,0001130713-23-000014,0001130713-22-000009
byon,BYON,2020-12-31,2020,revenue,RevenueFromContractWithCustomerExcludingAssessedTax,RevenueFromContractWithCustomerExcludingAssessedTax,2493.915,2549.783,0.022401725800598633,latest valid filing then configured source-tag priority,medium,0001130713-23-000014,0001130713-21-000019
byon,BYON,2020-12-31,2020,total_equity,StockholdersEquityIncludingPortionAttributableToNoncontrollingInterest,StockholdersEquity,436.326,373.692,0.14354863106942978,latest valid filing then configured source-tag priority,high,0001130713-23-000014,0001130713-22-000009
byon,BYON,2020-12-31,2020,total_equity,StockholdersEquityIncludingPortionAttributableToNoncontrollingInterest,StockholdersEquityIncludingPortionAttributableToNoncontrollingInterest,436.326,436.326,0.0,latest valid filing then configured source-tag priority,low,0001130713-23-000014,0001130713-22-000009
byon,BYON,2020-12-31,2020,total_equity,StockholdersEquityIncludingPortionAttributableToNoncontrollingInterest,StockholdersEquity,436.326,373.692,0.14354863106942978,latest valid filing then configured source-tag priority,high,0001130713-23-000014,0001130713-21-000019
byon,BYON,2020-12-31,2020,total_equity,StockholdersEquityIncludingPortionAttributableToNoncontrollingInterest,StockholdersEquityIncludingPortionAttributableToNoncontrollingInterest,436.326,436.326,0.0,latest valid filing then configured source-tag priority,low,0001130713-23-000014,0001130713-21-000019
byon,BYON,2021-12-31,2021,net_income,NetIncomeLoss,ProfitLoss,389.372,389.037,0.0008603597587911724,latest valid filing then configured source-tag priority,low,0001130713-24-000013,0001130713-24-000013
byon,BYON,2021-12-31,2021,net_income,NetIncomeLoss,NetIncomeLossAvailableToCommonStockholdersBasic,389.372,351.364,0.09761359317054137,latest valid filing then configured source-tag priority,high,0001130713-24-000013,0001130713-24-000013
byon,BYON,2021-12-31,2021,net_income,NetIncomeLoss,NetIncomeLoss,389.372,389.372,0.0,latest valid filing then configured source-tag priority,low,0001130713-24-000013,0001130713-23-000014
byon,BYON,2021-12-31,2021,net_income,NetIncomeLoss,ProfitLoss,389.372,389.037,0.0008603597587911724,latest valid filing then configured source-tag priority,low,0001130713-24-000013,0001130713-23-000014
byon,BYON,2021-12-31,2021,net_income,NetIncomeLoss,NetIncomeLossAvailableToCommonStockholdersBasic,389.372,351.364,0.09761359317054137,latest valid filing then configured source-tag priority,high,0001130713-24-000013,0001130713-23-000014
byon,BYON,2021-12-31,2021,net_income,NetIncomeLoss,NetIncomeLoss,389.372,389.372,0.0,latest valid filing then configured source-tag priority,low,0001130713-24-000013,0001130713-22-000009
byon,BYON,2021-12-31,2021,net_income,NetIncomeLoss,ProfitLoss,389.372,389.037,0.0008603597587911724,latest valid filing then configured source-tag priority,low,0001130713-24-000013,0001130713-22-000009
byon,BYON,2021-12-31,2021,net_income,NetIncomeLoss,NetIncomeLossAvailableToCommonStockholdersBasic,389.372,351.364,0.09761359317054137,latest valid filing then configured source-tag priority,high,0001130713-24-000013,0001130713-22-000009
byon,BYON,2022-12-31,2022,net_income,NetIncomeLoss,ProfitLoss,-35.236,-35.236,0.0,latest valid filing then configured source-tag priority,low,0001130713-25-000024,0001130713-25-000024
byon,BYON,2022-12-31,2022,net_income,NetIncomeLoss,NetIncomeLoss,-35.236,-35.236,0.0,latest valid filing then configured source-tag priority,low,0001130713-25-000024,0001130713-24-000013
byon,BYON,2022-12-31,2022,net_income,NetIncomeLoss,ProfitLoss,-35.236,-35.236,0.0,latest valid filing then configured source-tag priority,low,0001130713-25-000024,0001130713-24-000013
byon,BYON,2022-12-31,2022,net_income,NetIncomeLoss,NetIncomeLossAvailableToCommonStockholdersBasic,-35.236,-36.933,0.0481609717334545,latest valid filing then configured source-tag priority,medium,0001130713-25-000024,0001130713-24-000013
byon,BYON,2022-12-31,2022,net_income,NetIncomeLoss,NetIncomeLoss,-35.236,-35.236,0.0,latest valid filing then configured source-tag priority,low,0001130713-25-000024,0001130713-23-000014
byon,BYON,2022-12-31,2022,net_income,NetIncomeLoss,ProfitLoss,-35.236,-35.236,0.0,latest valid filing then configured source-tag priority,low,0001130713-25-000024,0001130713-23-000014
byon,BYON,2022-12-31,2022,net_income,NetIncomeLoss,NetIncomeLossAvailableToCommonStockholdersBasic,-35.236,-36.933,0.0481609717334545,latest valid filing then configured source-tag priority,medium,0001130713-25-000024,0001130713-23-000014
carg,CARG,2017-12-31,2017,net_income,NetIncomeLoss,ProfitLoss,13.199,13.199,0.0,latest valid filing then configured source-tag priority,low,0001564590-20-004805,0001564590-20-004805
carg,CARG,2017-12-31,2017,net_income,NetIncomeLoss,NetIncomeLossAvailableToCommonStockholdersBasic,13.199,7.101,0.46200469732555494,latest valid filing then configured source-tag priority,high,0001564590-20-004805,0001564590-20-004805
carg,CARG,2017-12-31,2017,net_income,NetIncomeLoss,NetIncomeLoss,13.199,13.199,0.0,latest valid filing then configured source-tag priority,low,0001564590-20-004805,0001564590-19-005473
carg,CARG,2017-12-31,2017,net_income,NetIncomeLoss,ProfitLoss,13.199,13.199,0.0,latest valid filing then configured source-tag priority,low,0001564590-20-004805,0001564590-19-005473
carg,CARG,2017-12-31,2017,net_income,NetIncomeLoss,NetIncomeLossAvailableToCommonStockholdersBasic,13.199,7.101,0.46200469732555494,latest valid filing then configured source-tag priority,high,0001564590-20-004805,0001564590-19-005473
carg,CARG,2017-12-31,2017,net_income,NetIncomeLoss,NetIncomeLoss,13.199,13.199,0.0,latest valid filing then configured source-tag priority,low,0001564590-20-004805,0001564590-18-004127
carg,CARG,2017-12-31,2017,net_income,NetIncomeLoss,NetIncomeLossAvailableToCommonStockholdersBasic,13.199,7.101,0.46200469732555494,latest valid filing then configured source-tag priority,high,0001564590-20-004805,0001564590-18-004127
carg,CARG,2021-12-31,2021,net_income,NetIncomeLoss,ProfitLoss,109.244,110.373,0.010334663688623676,latest valid filing then configured source-tag priority,medium,0000950170-24-020157,0000950170-24-020157
carg,CARG,2021-12-31,2021,net_income,NetIncomeLoss,NetIncomeLossAvailableToCommonStockholdersBasic,109.244,-0.154,1.0014096884039398,latest valid filing then configured source-tag priority,high,0000950170-24-020157,0000950170-24-020157
carg,CARG,2021-12-31,2021,net_income,NetIncomeLoss,NetIncomeLoss,109.244,109.244,0.0,latest valid filing then configured source-tag priority,low,0000950170-24-020157,0000950170-23-005473
carg,CARG,2021-12-31,2021,net_income,NetIncomeLoss,ProfitLoss,109.244,110.373,0.010334663688623676,latest valid filing then configured source-tag priority,medium,0000950170-24-020157,0000950170-23-005473
carg,CARG,2021-12-31,2021,net_income,NetIncomeLoss,NetIncomeLossAvailableToCommonStockholdersBasic,109.244,-0.154,1.0014096884039398,latest valid filing then configured source-tag priority,high,0000950170-24-020157,0000950170-23-005473
carg,CARG,2021-12-31,2021,net_income,NetIncomeLoss,NetIncomeLoss,109.244,109.244,0.0,latest valid filing then configured source-tag priority,low,0000950170-24-020157,0000950170-22-002023
carg,CARG,2021-12-31,2021,net_income,NetIncomeLoss,ProfitLoss,109.244,110.373,0.010334663688623676,latest valid filing then configured source-tag priority,medium,0000950170-24-020157,0000950170-22-002023
carg,CARG,2021-12-31,2021,net_income,NetIncomeLoss,NetIncomeLossAvailableToCommonStockholdersBasic,109.244,-0.154,1.0014096884039398,latest valid filing then configured source-tag priority,high,0000950170-24-020157,0000950170-22-002023
carg,CARG,2022-12-31,2022,net_income,NetIncomeLoss,ProfitLoss,84.387,78.954,0.06438195456646174,latest valid filing then configured source-tag priority,high,0000950170-25-024181,0000950170-25-024181
carg,CARG,2022-12-31,2022,net_income,NetIncomeLoss,NetIncomeLossAvailableToCommonStockholdersBasic,84.387,193.785,1.2963845142024244,latest valid filing then configured source-tag priority,high,0000950170-25-024181,0000950170-25-024181
carg,CARG,2022-12-31,2022,net_income,NetIncomeLoss,NetIncomeLoss,84.387,84.387,0.0,latest valid filing then configured source-tag priority,low,0000950170-25-024181,0000950170-24-020157
carg,CARG,2022-12-31,2022,net_income,NetIncomeLoss,ProfitLoss,84.387,78.954,0.06438195456646174,latest valid filing then configured source-tag priority,high,0000950170-25-024181,0000950170-24-020157
carg,CARG,2022-12-31,2022,net_income,NetIncomeLoss,NetIncomeLossAvailableToCommonStockholdersBasic,84.387,193.785,1.2963845142024244,latest valid filing then configured source-tag priority,high,0000950170-25-024181,0000950170-24-020157
carg,CARG,2022-12-31,2022,net_income,NetIncomeLoss,NetIncomeLoss,84.387,84.387,0.0,latest valid filing then configured source-tag priority,low,0000950170-25-024181,0000950170-23-005473
carg,CARG,2022-12-31,2022,net_income,NetIncomeLoss,ProfitLoss,84.387,78.954,0.06438195456646174,latest valid filing then configured source-tag priority,high,0000950170-25-024181,0000950170-23-005473
carg,CARG,2022-12-31,2022,net_income,NetIncomeLoss,NetIncomeLossAvailableToCommonStockholdersBasic,84.387,193.785,1.2963845142024244,latest valid filing then configured source-tag priority,high,0000950170-25-024181,0000950170-23-005473
carg,CARG,2023-12-31,2023,net_income,NetIncomeLoss,ProfitLoss,36.942,22.053,0.4030371934383628,latest valid filing then configured source-tag priority,high,0001193125-26-059435,0001193125-26-059435
carg,CARG,2023-12-31,2023,net_income,NetIncomeLoss,NetIncomeLossAvailableToCommonStockholdersBasic,36.942,31.104,0.15803150885171352,latest valid filing then configured source-tag priority,high,0001193125-26-059435,0001193125-26-059435
carg,CARG,2023-12-31,2023,net_income,NetIncomeLoss,NetIncomeLoss,36.942,36.942,0.0,latest valid filing then configured source-tag priority,low,0001193125-26-059435,0000950170-25-024181
carg,CARG,2023-12-31,2023,net_income,NetIncomeLoss,ProfitLoss,36.942,22.053,0.4030371934383628,latest valid filing then configured source-tag priority,high,0001193125-26-059435,0000950170-25-024181
carg,CARG,2023-12-31,2023,net_income,NetIncomeLoss,NetIncomeLossAvailableToCommonStockholdersBasic,36.942,31.104,0.15803150885171352,latest valid filing then configured source-tag priority,high,0001193125-26-059435,0000950170-25-024181
carg,CARG,2023-12-31,2023,net_income,NetIncomeLoss,NetIncomeLoss,36.942,36.942,0.0,latest valid filing then configured source-tag priority,low,0001193125-26-059435,0000950170-24-020157
carg,CARG,2023-12-31,2023,net_income,NetIncomeLoss,ProfitLoss,36.942,22.053,0.4030371934383628,latest valid filing then configured source-tag priority,high,0001193125-26-059435,0000950170-24-020157
carg,CARG,2023-12-31,2023,net_income,NetIncomeLoss,NetIncomeLossAvailableToCommonStockholdersBasic,36.942,31.104,0.15803150885171352,latest valid filing then configured source-tag priority,high,0001193125-26-059435,0000950170-24-020157
carg,CARG,2023-12-31,2023,revenue,RevenueFromContractWithCustomerExcludingAssessedTax,RevenueFromContractWithCustomerExcludingAssessedTax,698.421,914.242,0.30901275878016254,latest valid filing then configured source-tag priority,high,0001193125-26-059435,0000950170-25-024181
carg,CARG,2023-12-31,2023,revenue,RevenueFromContractWithCustomerExcludingAssessedTax,RevenueFromContractWithCustomerExcludingAssessedTax,698.421,914.242,0.30901275878016254,latest valid filing then configured source-tag priority,high,0001193125-26-059435,0000950170-24-020157
carg,CARG,2024-12-31,2024,revenue,RevenueFromContractWithCustomerExcludingAssessedTax,RevenueFromContractWithCustomerExcludingAssessedTax,798.044,894.384,0.12072016079313927,latest valid filing then configured source-tag priority,high,0001193125-26-059435,0000950170-25-024181
cars,CARS,2020-12-31,2020,net_income,NetIncomeLoss,NetIncomeLoss,-789.106,-817.12,0.035500933968313525,latest valid filing then configured source-tag priority,medium,0000950170-23-004093,0000950170-22-002101
cars,CARS,2020-12-31,2020,net_income,NetIncomeLoss,NetIncomeLoss,-789.106,-817.12,0.035500933968313525,latest valid filing then configured source-tag priority,medium,0000950170-23-004093,0001564590-21-008812
cars,CARS,2020-12-31,2020,total_equity,StockholdersEquity,StockholdersEquity,368.19,368.19,0.0,latest valid filing then configured source-tag priority,low,0000950170-24-018824,0000950170-23-004093
cars,CARS,2020-12-31,2020,total_equity,StockholdersEquity,StockholdersEquity,368.19,340.176,0.0760857166137049,latest valid filing then configured source-tag priority,high,0000950170-24-018824,0000950170-22-002101
cars,CARS,2020-12-31,2020,total_equity,StockholdersEquity,StockholdersEquity,368.19,340.176,0.0760857166137049,latest valid filing then configured source-tag priority,high,0000950170-24-018824,0001564590-21-008812
cars,CARS,2021-12-31,2021,net_income,NetIncomeLoss,NetIncomeLoss,10.791,10.791,0.0,latest valid filing then configured source-tag priority,low,0000950170-24-018824,0000950170-23-004093
cars,CARS,2021-12-31,2021,net_income,NetIncomeLoss,NetIncomeLoss,10.791,7.719,0.28468167917709203,latest valid filing then configured source-tag priority,high,0000950170-24-018824,0000950170-22-002101
cars,CARS,2021-12-31,2021,total_equity,StockholdersEquity,StockholdersEquity,398.02,398.02,0.0,latest valid filing then configured source-tag priority,low,0000950170-25-029023,0000950170-24-018824
cars,CARS,2021-12-31,2021,total_equity,StockholdersEquity,StockholdersEquity,398.02,398.02,0.0,latest valid filing then configured source-tag priority,low,0000950170-25-029023,0000950170-23-004093
cars,CARS,2021-12-31,2021,total_equity,StockholdersEquity,StockholdersEquity,398.02,366.934,0.0781016029345258,latest valid filing then configured source-tag priority,high,0000950170-25-029023,0000950170-22-002101
chwy,CHWY,2018-01-28,2017,net_income,NetIncomeLoss,NetIncomeLossAvailableToCommonStockholdersBasic,-338.057,-699.577,1.069405455293042,latest valid filing then configured source-tag priority,high,0001766502-20-000007,0001766502-20-000007
chwy,CHWY,2021-01-31,2020,total_equity,StockholdersEquity,StockholdersEquity,-54.97,-2.004,0.9635437511369839,latest valid filing then configured source-tag priority,high,0001766502-24-000014,0001766502-23-000011
chwy,CHWY,2021-01-31,2020,total_equity,StockholdersEquity,StockholdersEquity,-54.97,-2.004,0.9635437511369839,latest valid filing then configured source-tag priority,high,0001766502-24-000014,0001766502-22-000008
chwy,CHWY,2021-01-31,2020,total_equity,StockholdersEquity,StockholdersEquity,-54.97,-2.004,0.9635437511369839,latest valid filing then configured source-tag priority,high,0001766502-24-000014,0001766502-21-000008
chwy,CHWY,2022-01-30,2021,net_income,NetIncomeLoss,NetIncomeLoss,-75.207,-73.817,0.018482322124270357,latest valid filing then configured source-tag priority,medium,0001766502-24-000014,0001766502-23-000011
chwy,CHWY,2022-01-30,2021,net_income,NetIncomeLoss,NetIncomeLoss,-75.207,-73.817,0.018482322124270357,latest valid filing then configured source-tag priority,medium,0001766502-24-000014,0001766502-22-000008
chwy,CHWY,2022-01-30,2021,revenue,RevenueFromContractWithCustomerExcludingAssessedTax,RevenueFromContractWithCustomerExcludingAssessedTax,8967.407,8890.773,0.00854583716340744,latest valid filing then configured source-tag priority,medium,0001766502-24-000014,0001766502-23-000011
chwy,CHWY,2022-01-30,2021,revenue,RevenueFromContractWithCustomerExcludingAssessedTax,RevenueFromContractWithCustomerExcludingAssessedTax,8967.407,8890.773,0.00854583716340744,latest valid filing then configured source-tag priority,medium,0001766502-24-000014,0001766502-22-000008
chwy,CHWY,2022-01-30,2021,total_equity,StockholdersEquity,StockholdersEquity,-39.62,-39.62,0.0,latest valid filing then configured source-tag priority,low,0001766502-25-000014,0001766502-24-000014
chwy,CHWY,2022-01-30,2021,total_equity,StockholdersEquity,StockholdersEquity,-39.62,14.736,1.3719333669863705,latest valid filing then configured source-tag priority,high,0001766502-25-000014,0001766502-23-000011
chwy,CHWY,2022-01-30,2021,total_equity,StockholdersEquity,StockholdersEquity,-39.62,14.736,1.3719333669863705,latest valid filing then configured source-tag priority,high,0001766502-25-000014,0001766502-22-000008
chwy,CHWY,2023-01-29,2022,net_income,NetIncomeLoss,NetIncomeLoss,49.899,49.899,0.0,latest valid filing then configured source-tag priority,low,0001766502-25-000014,0001766502-24-000014
chwy,CHWY,2023-01-29,2022,net_income,NetIncomeLoss,NetIncomeLoss,49.899,49.232,0.01336700134271231,latest valid filing then configured source-tag priority,medium,0001766502-25-000014,0001766502-23-000011
chwy,CHWY,2023-01-29,2022,revenue,RevenueFromContractWithCustomerExcludingAssessedTax,RevenueFromContractWithCustomerExcludingAssessedTax,10119.0,10119.0,0.0,latest valid filing then configured source-tag priority,low,0001766502-25-000014,0001766502-24-000014
chwy,CHWY,2023-01-29,2022,revenue,RevenueFromContractWithCustomerExcludingAssessedTax,RevenueFromContractWithCustomerExcludingAssessedTax,10119.0,10098.939,0.001982508152979513,latest valid filing then configured source-tag priority,low,0001766502-25-000014,0001766502-23-000011
chwy,CHWY,2023-01-29,2022,total_assets,Assets,Assets,2519.818,2515.076,0.0018818819454421664,latest valid filing then configured source-tag priority,low,0001766502-24-000014,0001766502-23-000011
chwy,CHWY,2023-01-29,2022,total_equity,StockholdersEquity,StockholdersEquity,160.3,160.268,0.00019962570180917456,latest valid filing then configured source-tag priority,low,0001766502-26-000034,0001766502-25-000014
chwy,CHWY,2023-01-29,2022,total_equity,StockholdersEquity,StockholdersEquity,160.3,160.268,0.00019962570180917456,latest valid filing then configured source-tag priority,low,0001766502-26-000034,0001766502-24-000014
chwy,CHWY,2023-01-29,2022,total_equity,StockholdersEquity,StockholdersEquity,160.3,213.957,0.3347286338116031,latest valid filing then configured source-tag priority,high,0001766502-26-000034,0001766502-23-000011
chwy,CHWY,2024-01-28,2023,net_income,NetIncomeLoss,NetIncomeLoss,39.6,39.58,0.000505050505050584,latest valid filing then configured source-tag priority,low,0001766502-26-000034,0001766502-25-000014
chwy,CHWY,2024-01-28,2023,net_income,NetIncomeLoss,NetIncomeLoss,39.6,39.58,0.000505050505050584,latest valid filing then configured source-tag priority,low,0001766502-26-000034,0001766502-24-000014
chwy,CHWY,2024-01-28,2023,revenue,RevenueFromContractWithCustomerExcludingAssessedTax,RevenueFromContractWithCustomerExcludingAssessedTax,11147.7,11147.72,1.7940920547393243e-06,latest valid filing then configured source-tag priority,low,0001766502-26-000034,0001766502-25-000014
chwy,CHWY,2024-01-28,2023,revenue,RevenueFromContractWithCustomerExcludingAssessedTax,RevenueFromContractWithCustomerExcludingAssessedTax,11147.7,11147.72,1.7940920547393243e-06,latest valid filing then configured source-tag priority,low,0001766502-26-000034,0001766502-24-000014
chwy,CHWY,2024-01-28,2023,total_equity,StockholdersEquity,StockholdersEquity,510.3,510.244,0.00010973936899859528,latest valid filing then configured source-tag priority,low,0001766502-26-000034,0001766502-25-000014
chwy,CHWY,2024-01-28,2023,total_equity,StockholdersEquity,StockholdersEquity,510.3,510.244,0.00010973936899859528,latest valid filing then configured source-tag priority,low,0001766502-26-000034,0001766502-24-000014
chwy,CHWY,2025-02-02,2024,net_income,NetIncomeLoss,NetIncomeLoss,392.7,392.738,9.67659791189481e-05,latest valid filing then configured source-tag priority,low,0001766502-26-000034,0001766502-25-000014
chwy,CHWY,2025-02-02,2024,revenue,RevenueFromContractWithCustomerExcludingAssessedTax,RevenueFromContractWithCustomerExcludingAssessedTax,11861.3,11861.335,2.950772680891174e-06,latest valid filing then configured source-tag priority,low,0001766502-26-000034,0001766502-25-000014
chwy,CHWY,2025-02-02,2024,total_assets,Assets,Assets,3014.5,3014.527,8.956709238694196e-06,latest valid filing then configured source-tag priority,low,0001766502-26-000034,0001766502-25-000014
chwy,CHWY,2025-02-02,2024,total_equity,StockholdersEquity,StockholdersEquity,261.5,261.459,0.00015678776290629757,latest valid filing then configured source-tag priority,low,0001766502-26-000034,0001766502-25-000014
cvna,CVNA,2017-12-31,2017,net_income,NetIncomeLoss,ProfitLoss,-62.841,-164.316,1.614789707356662,latest valid filing then configured source-tag priority,high,0001690820-20-000052,0001690820-20-000052
cvna,CVNA,2017-12-31,2017,net_income,NetIncomeLoss,NetIncomeLossAvailableToCommonStockholdersBasic,-62.841,-64.491,0.026256743209051393,latest valid filing then configured source-tag priority,medium,0001690820-20-000052,0001690820-20-000052
cvna,CVNA,2017-12-31,2017,net_income,NetIncomeLoss,NetIncomeLoss,-62.841,-62.841,0.0,latest valid filing then configured source-tag priority,low,0001690820-20-000052,0001690820-19-000024
cvna,CVNA,2017-12-31,2017,net_income,NetIncomeLoss,ProfitLoss,-62.841,-164.316,1.614789707356662,latest valid filing then configured source-tag priority,high,0001690820-20-000052,0001690820-19-000024
cvna,CVNA,2017-12-31,2017,net_income,NetIncomeLoss,NetIncomeLossAvailableToCommonStockholdersBasic,-62.841,-64.491,0.026256743209051393,latest valid filing then configured source-tag priority,medium,0001690820-20-000052,0001690820-19-000024
cvna,CVNA,2017-12-31,2017,net_income,NetIncomeLoss,NetIncomeLoss,-62.841,-62.841,0.0,latest valid filing then configured source-tag priority,low,0001690820-20-000052,0001690820-18-000005
cvna,CVNA,2017-12-31,2017,net_income,NetIncomeLoss,ProfitLoss,-62.841,-164.316,1.614789707356662,latest valid filing then configured source-tag priority,high,0001690820-20-000052,0001690820-18-000005
cvna,CVNA,2017-12-31,2017,net_income,NetIncomeLoss,NetIncomeLossAvailableToCommonStockholdersBasic,-62.841,-64.491,0.026256743209051393,latest valid filing then configured source-tag priority,medium,0001690820-20-000052,0001690820-18-000005
cvna,CVNA,2017-12-31,2017,total_equity,StockholdersEquityIncludingPortionAttributableToNoncontrollingInterest,StockholdersEquityIncludingPortionAttributableToNoncontrollingInterest,279.544,279.544,0.0,latest valid filing then configured source-tag priority,low,0001690820-21-000069,0001690820-20-000052
cvna,CVNA,2017-12-31,2017,total_equity,StockholdersEquityIncludingPortionAttributableToNoncontrollingInterest,StockholdersEquity,279.544,125.736,0.55021034255788,latest valid filing then configured source-tag priority,high,0001690820-21-000069,0001690820-19-000024
cvna,CVNA,2017-12-31,2017,total_equity,StockholdersEquityIncludingPortionAttributableToNoncontrollingInterest,StockholdersEquityIncludingPortionAttributableToNoncontrollingInterest,279.544,279.544,0.0,latest valid filing then configured source-tag priority,low,0001690820-21-000069,0001690820-19-000024
cvna,CVNA,2017-12-31,2017,total_equity,StockholdersEquityIncludingPortionAttributableToNoncontrollingInterest,StockholdersEquity,279.544,125.736,0.55021034255788,latest valid filing then configured source-tag priority,high,0001690820-21-000069,0001690820-18-000005
cvna,CVNA,2017-12-31,2017,total_equity,StockholdersEquityIncludingPortionAttributableToNoncontrollingInterest,StockholdersEquityIncludingPortionAttributableToNoncontrollingInterest,279.544,279.544,0.0,latest valid filing then configured source-tag priority,low,0001690820-21-000069,0001690820-18-000005
cvna,CVNA,2018-12-31,2018,net_income,NetIncomeLoss,ProfitLoss,-55.476,-254.745,3.5919857235561325,latest valid filing then configured source-tag priority,high,0001690820-21-000069,0001690820-21-000069
cvna,CVNA,2018-12-31,2018,net_income,NetIncomeLoss,NetIncomeLossAvailableToCommonStockholdersBasic,-55.476,-61.062,0.1006921912178239,latest valid filing then configured source-tag priority,high,0001690820-21-000069,0001690820-21-000069
cvna,CVNA,2018-12-31,2018,net_income,NetIncomeLoss,NetIncomeLoss,-55.476,-55.476,0.0,latest valid filing then configured source-tag priority,low,0001690820-21-000069,0001690820-20-000052
cvna,CVNA,2018-12-31,2018,net_income,NetIncomeLoss,ProfitLoss,-55.476,-254.745,3.5919857235561325,latest valid filing then configured source-tag priority,high,0001690820-21-000069,0001690820-20-000052
cvna,CVNA,2018-12-31,2018,net_income,NetIncomeLoss,NetIncomeLossAvailableToCommonStockholdersBasic,-55.476,-61.062,0.1006921912178239,latest valid filing then configured source-tag priority,high,0001690820-21-000069,0001690820-20-000052
cvna,CVNA,2018-12-31,2018,net_income,NetIncomeLoss,NetIncomeLoss,-55.476,-61.754,0.11316605378902586,latest valid filing then configured source-tag priority,high,0001690820-21-000069,0001690820-19-000024
cvna,CVNA,2018-12-31,2018,net_income,NetIncomeLoss,ProfitLoss,-55.476,-254.745,3.5919857235561325,latest valid filing then configured source-tag priority,high,0001690820-21-000069,0001690820-19-000024
cvna,CVNA,2018-12-31,2018,net_income,NetIncomeLoss,NetIncomeLossAvailableToCommonStockholdersBasic,-55.476,-67.34,0.21385824500684988,latest valid filing then configured source-tag priority,high,0001690820-21-000069,0001690820-19-000024
cvna,CVNA,2018-12-31,2018,total_equity,StockholdersEquityIncludingPortionAttributableToNoncontrollingInterest,StockholdersEquityIncludingPortionAttributableToNoncontrollingInterest,227.0,227.428,0.0018854625550660672,latest valid filing then configured source-tag priority,low,0001690820-22-000080,0001690820-21-000069
cvna,CVNA,2018-12-31,2018,total_equity,StockholdersEquityIncludingPortionAttributableToNoncontrollingInterest,StockholdersEquity,227.0,79.686,0.6489603524229075,latest valid filing then configured source-tag priority,high,0001690820-22-000080,0001690820-20-000052
cvna,CVNA,2018-12-31,2018,total_equity,StockholdersEquityIncludingPortionAttributableToNoncontrollingInterest,StockholdersEquityIncludingPortionAttributableToNoncontrollingInterest,227.0,227.428,0.0018854625550660672,latest valid filing then configured source-tag priority,low,0001690820-22-000080,0001690820-20-000052
cvna,CVNA,2018-12-31,2018,total_equity,StockholdersEquityIncludingPortionAttributableToNoncontrollingInterest,StockholdersEquity,227.0,73.408,0.6766167400881057,latest valid filing then configured source-tag priority,high,0001690820-22-000080,0001690820-19-000024
cvna,CVNA,2018-12-31,2018,total_equity,StockholdersEquityIncludingPortionAttributableToNoncontrollingInterest,StockholdersEquityIncludingPortionAttributableToNoncontrollingInterest,227.0,227.428,0.0018854625550660672,latest valid filing then configured source-tag priority,low,0001690820-22-000080,0001690820-19-000024
cvna,CVNA,2019-12-31,2019,net_income,NetIncomeLoss,ProfitLoss,-115.0,-365.0,2.1739130434782608,latest valid filing then configured source-tag priority,high,0001690820-22-000080,0001690820-22-000080
cvna,CVNA,2019-12-31,2019,net_income,NetIncomeLoss,NetIncomeLossAvailableToCommonStockholdersBasic,-115.0,-115.0,0.0,latest valid filing then configured source-tag priority,low,0001690820-22-000080,0001690820-22-000080
cvna,CVNA,2019-12-31,2019,net_income,NetIncomeLoss,NetIncomeLoss,-115.0,-114.659,0.0029652173913042954,latest valid filing then configured source-tag priority,low,0001690820-22-000080,0001690820-21-000069
cvna,CVNA,2019-12-31,2019,net_income,NetIncomeLoss,ProfitLoss,-115.0,-364.639,2.170773913043478,latest valid filing then configured source-tag priority,high,0001690820-22-000080,0001690820-21-000069
cvna,CVNA,2019-12-31,2019,net_income,NetIncomeLoss,NetIncomeLossAvailableToCommonStockholdersBasic,-115.0,-114.659,0.0029652173913042954,latest valid filing then configured source-tag priority,low,0001690820-22-000080,0001690820-21-000069
cvna,CVNA,2019-12-31,2019,net_income,NetIncomeLoss,NetIncomeLoss,-115.0,-114.659,0.0029652173913042954,latest valid filing then configured source-tag priority,low,0001690820-22-000080,0001690820-20-000052
cvna,CVNA,2019-12-31,2019,net_income,NetIncomeLoss,ProfitLoss,-115.0,-364.639,2.170773913043478,latest valid filing then configured source-tag priority,high,0001690820-22-000080,0001690820-20-000052
cvna,CVNA,2019-12-31,2019,net_income,NetIncomeLoss,NetIncomeLossAvailableToCommonStockholdersBasic,-115.0,-114.659,0.0029652173913042954,latest valid filing then configured source-tag priority,low,0001690820-22-000080,0001690820-20-000052
cvna,CVNA,2019-12-31,2019,revenue,RevenueFromContractWithCustomerExcludingAssessedTax,RevenueFromContractWithCustomerExcludingAssessedTax,3940.0,3939.896,2.6395939086247327e-05,latest valid filing then configured source-tag priority,low,0001690820-22-000080,0001690820-21-000069
cvna,CVNA,2019-12-31,2019,revenue,RevenueFromContractWithCustomerExcludingAssessedTax,RevenueFromContractWithCustomerExcludingAssessedTax,3940.0,3939.896,2.6395939086247327e-05,latest valid filing then configured source-tag priority,low,0001690820-22-000080,0001690820-20-000052
cvna,CVNA,2019-12-31,2019,total_equity,StockholdersEquityIncludingPortionAttributableToNoncontrollingInterest,StockholdersEquityIncludingPortionAttributableToNoncontrollingInterest,192.0,192.0,0.0,latest valid filing then configured source-tag priority,low,0001690820-23-000052,0001690820-22-000080
cvna,CVNA,2019-12-31,2019,total_equity,StockholdersEquityIncludingPortionAttributableToNoncontrollingInterest,StockholdersEquity,192.0,98.112,0.48900000000000005,latest valid filing then configured source-tag priority,high,0001690820-23-000052,0001690820-21-000069
cvna,CVNA,2019-12-31,2019,total_equity,StockholdersEquityIncludingPortionAttributableToNoncontrollingInterest,StockholdersEquityIncludingPortionAttributableToNoncontrollingInterest,192.0,191.939,0.00031770833333337006,latest valid filing then configured source-tag priority,low,0001690820-23-000052,0001690820-21-000069
cvna,CVNA,2019-12-31,2019,total_equity,StockholdersEquityIncludingPortionAttributableToNoncontrollingInterest,StockholdersEquity,192.0,98.112,0.48900000000000005,latest valid filing then configured source-tag priority,high,0001690820-23-000052,0001690820-20-000052
cvna,CVNA,2019-12-31,2019,total_equity,StockholdersEquityIncludingPortionAttributableToNoncontrollingInterest,StockholdersEquityIncludingPortionAttributableToNoncontrollingInterest,192.0,191.939,0.00031770833333337006,latest valid filing then configured source-tag priority,low,0001690820-23-000052,0001690820-20-000052
cvna,CVNA,2020-12-31,2020,net_income,NetIncomeLoss,ProfitLoss,-171.0,-462.0,1.7017543859649122,latest valid filing then configured source-tag priority,high,0001690820-23-000052,0001690820-23-000052
cvna,CVNA,2020-12-31,2020,net_income,NetIncomeLoss,NetIncomeLossAvailableToCommonStockholdersBasic,-171.0,-171.0,0.0,latest valid filing then configured source-tag priority,low,0001690820-23-000052,0001690820-23-000052
cvna,CVNA,2020-12-31,2020,net_income,NetIncomeLoss,NetIncomeLoss,-171.0,-171.0,0.0,latest valid filing then configured source-tag priority,low,0001690820-23-000052,0001690820-22-000080
cvna,CVNA,2020-12-31,2020,net_income,NetIncomeLoss,ProfitLoss,-171.0,-462.0,1.7017543859649122,latest valid filing then configured source-tag priority,high,0001690820-23-000052,0001690820-22-000080
cvna,CVNA,2020-12-31,2020,net_income,NetIncomeLoss,NetIncomeLossAvailableToCommonStockholdersBasic,-171.0,-171.0,0.0,latest valid filing then configured source-tag priority,low,0001690820-23-000052,0001690820-22-000080
cvna,CVNA,2020-12-31,2020,net_income,NetIncomeLoss,NetIncomeLoss,-171.0,-171.14,0.0008187134502923179,latest valid filing then configured source-tag priority,low,0001690820-23-000052,0001690820-21-000069
cvna,CVNA,2020-12-31,2020,net_income,NetIncomeLoss,ProfitLoss,-171.0,-462.222,1.7030526315789472,latest valid filing then configured source-tag priority,high,0001690820-23-000052,0001690820-21-000069
cvna,CVNA,2020-12-31,2020,net_income,NetIncomeLoss,NetIncomeLossAvailableToCommonStockholdersBasic,-171.0,-171.14,0.0008187134502923179,latest valid filing then configured source-tag priority,low,0001690820-23-000052,0001690820-21-000069
cvna,CVNA,2020-12-31,2020,revenue,RevenueFromContractWithCustomerExcludingAssessedTax,RevenueFromContractWithCustomerExcludingAssessedTax,5587.0,5587.0,0.0,latest valid filing then configured source-tag priority,low,0001690820-23-000052,0001690820-22-000080
cvna,CVNA,2020-12-31,2020,revenue,RevenueFromContractWithCustomerExcludingAssessedTax,RevenueFromContractWithCustomerExcludingAssessedTax,5587.0,5586.565,7.785931626998392e-05,latest valid filing then configured source-tag priority,low,0001690820-23-000052,0001690820-21-000069
cvna,CVNA,2020-12-31,2020,total_assets,Assets,Assets,3035.0,3034.531,0.0001545304777594896,latest valid filing then configured source-tag priority,low,0001690820-22-000080,0001690820-21-000069
cvna,CVNA,2020-12-31,2020,total_equity,StockholdersEquityIncludingPortionAttributableToNoncontrollingInterest,StockholdersEquityIncludingPortionAttributableToNoncontrollingInterest,802.0,802.0,0.0,latest valid filing then configured source-tag priority,low,0001690820-24-000093,0001690820-23-000052
cvna,CVNA,2020-12-31,2020,total_equity,StockholdersEquityIncludingPortionAttributableToNoncontrollingInterest,StockholdersEquity,802.0,388.0,0.516209476309227,latest valid filing then configured source-tag priority,high,0001690820-24-000093,0001690820-22-000080
cvna,CVNA,2020-12-31,2020,total_equity,StockholdersEquityIncludingPortionAttributableToNoncontrollingInterest,StockholdersEquityIncludingPortionAttributableToNoncontrollingInterest,802.0,802.0,0.0,latest valid filing then configured source-tag priority,low,0001690820-24-000093,0001690820-22-000080
cvna,CVNA,2020-12-31,2020,total_equity,StockholdersEquityIncludingPortionAttributableToNoncontrollingInterest,StockholdersEquity,802.0,387.6,0.5167082294264339,latest valid filing then configured source-tag priority,high,0001690820-24-000093,0001690820-21-000069
cvna,CVNA,2020-12-31,2020,total_equity,StockholdersEquityIncludingPortionAttributableToNoncontrollingInterest,StockholdersEquityIncludingPortionAttributableToNoncontrollingInterest,802.0,801.503,0.0006197007481296225,latest valid filing then configured source-tag priority,low,0001690820-24-000093,0001690820-21-000069
cvna,CVNA,2021-12-31,2021,net_income,NetIncomeLoss,ProfitLoss,-135.0,-287.0,1.125925925925926,latest valid filing then configured source-tag priority,high,0001690820-24-000093,0001690820-24-000093
cvna,CVNA,2021-12-31,2021,net_income,NetIncomeLoss,NetIncomeLossAvailableToCommonStockholdersBasic,-135.0,-135.0,0.0,latest valid filing then configured source-tag priority,low,0001690820-24-000093,0001690820-24-000093
cvna,CVNA,2021-12-31,2021,net_income,NetIncomeLoss,NetIncomeLoss,-135.0,-135.0,0.0,latest valid filing then configured source-tag priority,low,0001690820-24-000093,0001690820-23-000052
cvna,CVNA,2021-12-31,2021,net_income,NetIncomeLoss,ProfitLoss,-135.0,-287.0,1.125925925925926,latest valid filing then configured source-tag priority,high,0001690820-24-000093,0001690820-23-000052
cvna,CVNA,2021-12-31,2021,net_income,NetIncomeLoss,NetIncomeLossAvailableToCommonStockholdersBasic,-135.0,-135.0,0.0,latest valid filing then configured source-tag priority,low,0001690820-24-000093,0001690820-23-000052
cvna,CVNA,2021-12-31,2021,net_income,NetIncomeLoss,NetIncomeLoss,-135.0,-135.0,0.0,latest valid filing then configured source-tag priority,low,0001690820-24-000093,0001690820-22-000080
cvna,CVNA,2021-12-31,2021,net_income,NetIncomeLoss,ProfitLoss,-135.0,-287.0,1.125925925925926,latest valid filing then configured source-tag priority,high,0001690820-24-000093,0001690820-22-000080
cvna,CVNA,2021-12-31,2021,net_income,NetIncomeLoss,NetIncomeLossAvailableToCommonStockholdersBasic,-135.0,-135.0,0.0,latest valid filing then configured source-tag priority,low,0001690820-24-000093,0001690820-22-000080
cvna,CVNA,2021-12-31,2021,total_equity,StockholdersEquityIncludingPortionAttributableToNoncontrollingInterest,StockholdersEquityIncludingPortionAttributableToNoncontrollingInterest,525.0,525.0,0.0,latest valid filing then configured source-tag priority,low,0001690820-25-000074,0001690820-24-000093
cvna,CVNA,2021-12-31,2021,total_equity,StockholdersEquityIncludingPortionAttributableToNoncontrollingInterest,StockholdersEquity,525.0,306.0,0.41714285714285715,latest valid filing then configured source-tag priority,high,0001690820-25-000074,0001690820-23-000052
cvna,CVNA,2021-12-31,2021,total_equity,StockholdersEquityIncludingPortionAttributableToNoncontrollingInterest,StockholdersEquityIncludingPortionAttributableToNoncontrollingInterest,525.0,525.0,0.0,latest valid filing then configured source-tag priority,low,0001690820-25-000074,0001690820-23-000052
cvna,CVNA,2021-12-31,2021,total_equity,StockholdersEquityIncludingPortionAttributableToNoncontrollingInterest,StockholdersEquity,525.0,306.0,0.41714285714285715,latest valid filing then configured source-tag priority,high,0001690820-25-000074,0001690820-22-000080
cvna,CVNA,2021-12-31,2021,total_equity,StockholdersEquityIncludingPortionAttributableToNoncontrollingInterest,StockholdersEquityIncludingPortionAttributableToNoncontrollingInterest,525.0,525.0,0.0,latest valid filing then configured source-tag priority,low,0001690820-25-000074,0001690820-22-000080
cvna,CVNA,2022-12-31,2022,net_income,NetIncomeLoss,ProfitLoss,-1587.0,-2894.0,0.8235664776307499,latest valid filing then configured source-tag priority,high,0001690820-25-000074,0001690820-25-000074
cvna,CVNA,2022-12-31,2022,net_income,NetIncomeLoss,NetIncomeLossAvailableToCommonStockholdersBasic,-1587.0,-1587.0,0.0,latest valid filing then configured source-tag priority,low,0001690820-25-000074,0001690820-25-000074
cvna,CVNA,2022-12-31,2022,net_income,NetIncomeLoss,NetIncomeLoss,-1587.0,-1587.0,0.0,latest valid filing then configured source-tag priority,low,0001690820-25-000074,0001690820-24-000093
cvna,CVNA,2022-12-31,2022,net_income,NetIncomeLoss,ProfitLoss,-1587.0,-2894.0,0.8235664776307499,latest valid filing then configured source-tag priority,high,0001690820-25-000074,0001690820-24-000093
cvna,CVNA,2022-12-31,2022,net_income,NetIncomeLoss,NetIncomeLossAvailableToCommonStockholdersBasic,-1587.0,-1587.0,0.0,latest valid filing then configured source-tag priority,low,0001690820-25-000074,0001690820-24-000093
cvna,CVNA,2022-12-31,2022,net_income,NetIncomeLoss,NetIncomeLoss,-1587.0,-1587.0,0.0,latest valid filing then configured source-tag priority,low,0001690820-25-000074,0001690820-23-000052
cvna,CVNA,2022-12-31,2022,net_income,NetIncomeLoss,ProfitLoss,-1587.0,-2894.0,0.8235664776307499,latest valid filing then configured source-tag priority,high,0001690820-25-000074,0001690820-23-000052
cvna,CVNA,2022-12-31,2022,net_income,NetIncomeLoss,NetIncomeLossAvailableToCommonStockholdersBasic,-1587.0,-1587.0,0.0,latest valid filing then configured source-tag priority,low,0001690820-25-000074,0001690820-23-000052
cvna,CVNA,2022-12-31,2022,total_equity,StockholdersEquityIncludingPortionAttributableToNoncontrollingInterest,StockholdersEquityIncludingPortionAttributableToNoncontrollingInterest,-1053.0,-1053.0,0.0,latest valid filing then configured source-tag priority,low,0001690820-26-000009,0001690820-25-000074
cvna,CVNA,2022-12-31,2022,total_equity,StockholdersEquityIncludingPortionAttributableToNoncontrollingInterest,StockholdersEquity,-1053.0,-518.0,0.5080721747388414,latest valid filing then configured source-tag priority,high,0001690820-26-000009,0001690820-24-000093
cvna,CVNA,2022-12-31,2022,total_equity,StockholdersEquityIncludingPortionAttributableToNoncontrollingInterest,StockholdersEquityIncludingPortionAttributableToNoncontrollingInterest,-1053.0,-1053.0,0.0,latest valid filing then configured source-tag priority,low,0001690820-26-000009,0001690820-24-000093
cvna,CVNA,2022-12-31,2022,total_equity,StockholdersEquityIncludingPortionAttributableToNoncontrollingInterest,StockholdersEquity,-1053.0,-518.0,0.5080721747388414,latest valid filing then configured source-tag priority,high,0001690820-26-000009,0001690820-23-000052
cvna,CVNA,2022-12-31,2022,total_equity,StockholdersEquityIncludingPortionAttributableToNoncontrollingInterest,StockholdersEquityIncludingPortionAttributableToNoncontrollingInterest,-1053.0,-1053.0,0.0,latest valid filing then configured source-tag priority,low,0001690820-26-000009,0001690820-23-000052
cvna,CVNA,2023-12-31,2023,net_income,NetIncomeLoss,ProfitLoss,450.0,150.0,0.6666666666666666,latest valid filing then configured source-tag priority,high,0001690820-26-000009,0001690820-26-000009
cvna,CVNA,2023-12-31,2023,net_income,NetIncomeLoss,NetIncomeLossAvailableToCommonStockholdersBasic,450.0,450.0,0.0,latest valid filing then configured source-tag priority,low,0001690820-26-000009,0001690820-26-000009
cvna,CVNA,2023-12-31,2023,net_income,NetIncomeLoss,NetIncomeLoss,450.0,450.0,0.0,latest valid filing then configured source-tag priority,low,0001690820-26-000009,0001690820-25-000074
cvna,CVNA,2023-12-31,2023,net_income,NetIncomeLoss,ProfitLoss,450.0,150.0,0.6666666666666666,latest valid filing then configured source-tag priority,high,0001690820-26-000009,0001690820-25-000074
cvna,CVNA,2023-12-31,2023,net_income,NetIncomeLoss,NetIncomeLossAvailableToCommonStockholdersBasic,450.0,450.0,0.0,latest valid filing then configured source-tag priority,low,0001690820-26-000009,0001690820-25-000074
cvna,CVNA,2023-12-31,2023,net_income,NetIncomeLoss,NetIncomeLoss,450.0,450.0,0.0,latest valid filing then configured source-tag priority,low,0001690820-26-000009,0001690820-24-000093
cvna,CVNA,2023-12-31,2023,net_income,NetIncomeLoss,ProfitLoss,450.0,150.0,0.6666666666666666,latest valid filing then configured source-tag priority,high,0001690820-26-000009,0001690820-24-000093
cvna,CVNA,2023-12-31,2023,net_income,NetIncomeLoss,NetIncomeLossAvailableToCommonStockholdersBasic,450.0,450.0,0.0,latest valid filing then configured source-tag priority,low,0001690820-26-000009,0001690820-24-000093
cvna,CVNA,2023-12-31,2023,total_equity,StockholdersEquityIncludingPortionAttributableToNoncontrollingInterest,StockholdersEquity,-384.0,243.0,1.6328125,latest valid filing then configured source-tag priority,high,0001690820-26-000009,0001690820-25-000074
cvna,CVNA,2023-12-31,2023,total_equity,StockholdersEquityIncludingPortionAttributableToNoncontrollingInterest,StockholdersEquityIncludingPortionAttributableToNoncontrollingInterest,-384.0,-384.0,0.0,latest valid filing then configured source-tag priority,low,0001690820-26-000009,0001690820-25-000074
cvna,CVNA,2023-12-31,2023,total_equity,StockholdersEquityIncludingPortionAttributableToNoncontrollingInterest,StockholdersEquity,-384.0,243.0,1.6328125,latest valid filing then configured source-tag priority,high,0001690820-26-000009,0001690820-24-000093
cvna,CVNA,2023-12-31,2023,total_equity,StockholdersEquityIncludingPortionAttributableToNoncontrollingInterest,StockholdersEquityIncludingPortionAttributableToNoncontrollingInterest,-384.0,-384.0,0.0,latest valid filing then configured source-tag priority,low,0001690820-26-000009,0001690820-24-000093
cvna,CVNA,2024-12-31,2024,net_income,NetIncomeLoss,ProfitLoss,210.0,404.0,0.9238095238095239,latest valid filing then configured source-tag priority,high,0001690820-26-000009,0001690820-26-000009
cvna,CVNA,2024-12-31,2024,net_income,NetIncomeLoss,NetIncomeLossAvailableToCommonStockholdersBasic,210.0,210.0,0.0,latest valid filing then configured source-tag priority,low,0001690820-26-000009,0001690820-26-000009
cvna,CVNA,2024-12-31,2024,net_income,NetIncomeLoss,NetIncomeLoss,210.0,210.0,0.0,latest valid filing then configured source-tag priority,low,0001690820-26-000009,0001690820-25-000074
cvna,CVNA,2024-12-31,2024,net_income,NetIncomeLoss,ProfitLoss,210.0,404.0,0.9238095238095239,latest valid filing then configured source-tag priority,high,0001690820-26-000009,0001690820-25-000074
cvna,CVNA,2024-12-31,2024,net_income,NetIncomeLoss,NetIncomeLossAvailableToCommonStockholdersBasic,210.0,210.0,0.0,latest valid filing then configured source-tag priority,low,0001690820-26-000009,0001690820-25-000074
cvna,CVNA,2024-12-31,2024,total_equity,StockholdersEquity,StockholdersEquityIncludingPortionAttributableToNoncontrollingInterest,1260.0,1375.0,0.09126984126984126,latest valid filing then configured source-tag priority,high,0001690820-26-000009,0001690820-26-000009
cvna,CVNA,2024-12-31,2024,total_equity,StockholdersEquity,StockholdersEquity,1260.0,1260.0,0.0,latest valid filing then configured source-tag priority,low,0001690820-26-000009,0001690820-25-000074
cvna,CVNA,2024-12-31,2024,total_equity,StockholdersEquity,StockholdersEquityIncludingPortionAttributableToNoncontrollingInterest,1260.0,1375.0,0.09126984126984126,latest valid filing then configured source-tag priority,high,0001690820-26-000009,0001690820-25-000074
dash,DASH,2018-12-31,2018,net_income,NetIncomeLoss,NetIncomeLossAvailableToCommonStockholdersBasic,-204.0,-207.0,0.014705882352941176,latest valid filing then configured source-tag priority,medium,0001628280-21-004032,0001628280-21-004032
dash,DASH,2019-12-31,2019,net_income,NetIncomeLoss,NetIncomeLossAvailableToCommonStockholdersBasic,-667.0,-668.0,0.0014992503748125937,latest valid filing then configured source-tag priority,low,0001628280-22-004350,0001628280-22-004350
dash,DASH,2019-12-31,2019,net_income,NetIncomeLoss,NetIncomeLoss,-667.0,-667.0,0.0,latest valid filing then configured source-tag priority,low,0001628280-22-004350,0001628280-21-004032
dash,DASH,2019-12-31,2019,net_income,NetIncomeLoss,NetIncomeLossAvailableToCommonStockholdersBasic,-667.0,-668.0,0.0014992503748125937,latest valid filing then configured source-tag priority,low,0001628280-22-004350,0001628280-21-004032
dash,DASH,2022-12-31,2022,net_income,NetIncomeLoss,ProfitLoss,-1365.0,-1368.0,0.002197802197802198,latest valid filing then configured source-tag priority,low,0001628280-25-005715,0001628280-25-005715
dash,DASH,2022-12-31,2022,net_income,NetIncomeLoss,NetIncomeLoss,-1365.0,-1365.0,0.0,latest valid filing then configured source-tag priority,low,0001628280-25-005715,0001628280-24-005600
dash,DASH,2022-12-31,2022,net_income,NetIncomeLoss,ProfitLoss,-1365.0,-1368.0,0.002197802197802198,latest valid filing then configured source-tag priority,low,0001628280-25-005715,0001628280-24-005600
dash,DASH,2022-12-31,2022,net_income,NetIncomeLoss,NetIncomeLoss,-1365.0,-1365.0,0.0,latest valid filing then configured source-tag priority,low,0001628280-25-005715,0001628280-23-005131
dash,DASH,2022-12-31,2022,net_income,NetIncomeLoss,ProfitLoss,-1365.0,-1368.0,0.002197802197802198,latest valid filing then configured source-tag priority,low,0001628280-25-005715,0001628280-23-005131
dash,DASH,2023-12-31,2023,net_income,NetIncomeLoss,ProfitLoss,-558.0,-565.0,0.012544802867383513,latest valid filing then configured source-tag priority,medium,0001792789-26-000035,0001792789-26-000035
dash,DASH,2023-12-31,2023,net_income,NetIncomeLoss,NetIncomeLoss,-558.0,-558.0,0.0,latest valid filing then configured source-tag priority,low,0001792789-26-000035,0001792789-26-000013
dash,DASH,2023-12-31,2023,net_income,NetIncomeLoss,ProfitLoss,-558.0,-565.0,0.012544802867383513,latest valid filing then configured source-tag priority,medium,0001792789-26-000035,0001792789-26-000013
dash,DASH,2023-12-31,2023,net_income,NetIncomeLoss,NetIncomeLoss,-558.0,-558.0,0.0,latest valid filing then configured source-tag priority,low,0001792789-26-000035,0001628280-25-005715
dash,DASH,2023-12-31,2023,net_income,NetIncomeLoss,ProfitLoss,-558.0,-565.0,0.012544802867383513,latest valid filing then configured source-tag priority,medium,0001792789-26-000035,0001628280-25-005715
dash,DASH,2023-12-31,2023,net_income,NetIncomeLoss,NetIncomeLoss,-558.0,-558.0,0.0,latest valid filing then configured source-tag priority,low,0001792789-26-000035,0001628280-24-005600
dash,DASH,2023-12-31,2023,net_income,NetIncomeLoss,ProfitLoss,-558.0,-565.0,0.012544802867383513,latest valid filing then configured source-tag priority,medium,0001792789-26-000035,0001628280-24-005600
dash,DASH,2024-12-31,2024,net_income,NetIncomeLoss,ProfitLoss,123.0,117.0,0.04878048780487805,latest valid filing then configured source-tag priority,medium,0001792789-26-000035,0001792789-26-000035
dash,DASH,2024-12-31,2024,net_income,NetIncomeLoss,NetIncomeLoss,123.0,123.0,0.0,latest valid filing then configured source-tag priority,low,0001792789-26-000035,0001792789-26-000013
dash,DASH,2024-12-31,2024,net_income,NetIncomeLoss,ProfitLoss,123.0,117.0,0.04878048780487805,latest valid filing then configured source-tag priority,medium,0001792789-26-000035,0001792789-26-000013
dash,DASH,2024-12-31,2024,net_income,NetIncomeLoss,NetIncomeLoss,123.0,123.0,0.0,latest valid filing then configured source-tag priority,low,0001792789-26-000035,0001628280-25-005715
dash,DASH,2024-12-31,2024,net_income,NetIncomeLoss,ProfitLoss,123.0,117.0,0.04878048780487805,latest valid filing then configured source-tag priority,medium,0001792789-26-000035,0001628280-25-005715
ebay,EBAY,2017-12-31,2017,net_income,NetIncomeLoss,NetIncomeLoss,-1017.0,-1017.0,0.0,latest valid filing then configured source-tag priority,low,0001065088-20-000006,0001065088-19-000006
ebay,EBAY,2017-12-31,2017,net_income,NetIncomeLoss,NetIncomeLoss,-1017.0,-1016.0,0.0009832841691248771,latest valid filing then configured source-tag priority,low,0001065088-20-000006,0001065088-18-000009
ebay,EBAY,2017-12-31,2017,revenue,RevenueFromContractWithCustomerExcludingAssessedTax,RevenueFromContractWithCustomerExcludingAssessedTax,9927.0,9927.0,0.0,latest valid filing then configured source-tag priority,low,0001065088-20-000006,0001065088-19-000006
ebay,EBAY,2017-12-31,2017,revenue,RevenueFromContractWithCustomerExcludingAssessedTax,SalesRevenueNet,9927.0,9567.0,0.03626473254759746,latest valid filing then configured source-tag priority,medium,0001065088-20-000006,0001065088-18-000009
ebay,EBAY,2017-12-31,2017,total_assets,Assets,Assets,25986.0,25981.0,0.00019241129839144154,latest valid filing then configured source-tag priority,low,0001065088-19-000006,0001065088-18-000009
ebay,EBAY,2017-12-31,2017,total_equity,StockholdersEquity,StockholdersEquity,8049.0,8049.0,0.0,latest valid filing then configured source-tag priority,low,0001065088-20-000006,0001065088-19-000006
ebay,EBAY,2017-12-31,2017,total_equity,StockholdersEquity,StockholdersEquity,8049.0,8063.0,0.0017393465026711392,latest valid filing then configured source-tag priority,low,0001065088-20-000006,0001065088-18-000009
ebay,EBAY,2018-12-31,2018,revenue,RevenueFromContractWithCustomerExcludingAssessedTax,RevenueFromContractWithCustomerExcludingAssessedTax,8650.0,10746.0,0.2423121387283237,latest valid filing then configured source-tag priority,high,0001065088-21-000006,0001065088-20-000006
ebay,EBAY,2018-12-31,2018,revenue,RevenueFromContractWithCustomerExcludingAssessedTax,RevenueFromContractWithCustomerExcludingAssessedTax,8650.0,10746.0,0.2423121387283237,latest valid filing then configured source-tag priority,high,0001065088-21-000006,0001065088-19-000006
ebay,EBAY,2019-12-31,2019,revenue,RevenueFromContractWithCustomerExcludingAssessedTax,RevenueFromContractWithCustomerExcludingAssessedTax,7429.0,8636.0,0.16247139588100687,latest valid filing then configured source-tag priority,high,0001065088-22-000006,0001065088-21-000006
ebay,EBAY,2019-12-31,2019,revenue,RevenueFromContractWithCustomerExcludingAssessedTax,RevenueFromContractWithCustomerExcludingAssessedTax,7429.0,10800.0,0.4537622829452147,latest valid filing then configured source-tag priority,high,0001065088-22-000006,0001065088-20-000006
ebay,EBAY,2020-12-31,2020,revenue,RevenueFromContractWithCustomerExcludingAssessedTax,RevenueFromContractWithCustomerExcludingAssessedTax,8894.0,8894.0,0.0,latest valid filing then configured source-tag priority,low,0001065088-23-000006,0001065088-22-000006
ebay,EBAY,2020-12-31,2020,revenue,RevenueFromContractWithCustomerExcludingAssessedTax,RevenueFromContractWithCustomerExcludingAssessedTax,8894.0,10271.0,0.15482347650101191,latest valid filing then configured source-tag priority,high,0001065088-23-000006,0001065088-21-000006
etsy,ETSY,2017-12-31,2017,net_income,NetIncomeLoss,NetIncomeLossAvailableToCommonStockholdersBasic,81.8,81.72,0.000977995110024429,latest valid filing then configured source-tag priority,low,0001370637-20-000046,0001370637-20-000046
etsy,ETSY,2017-12-31,2017,net_income,NetIncomeLoss,NetIncomeLoss,81.8,81.8,0.0,latest valid filing then configured source-tag priority,low,0001370637-20-000046,0001370637-19-000028
etsy,ETSY,2017-12-31,2017,net_income,NetIncomeLoss,NetIncomeLossAvailableToCommonStockholdersBasic,81.8,81.72,0.000977995110024429,latest valid filing then configured source-tag priority,low,0001370637-20-000046,0001370637-19-000028
etsy,ETSY,2017-12-31,2017,net_income,NetIncomeLoss,NetIncomeLoss,81.8,81.8,0.0,latest valid filing then configured source-tag priority,low,0001370637-20-000046,0001370637-18-000020
etsy,ETSY,2017-12-31,2017,net_income,NetIncomeLoss,NetIncomeLossAvailableToCommonStockholdersBasic,81.8,81.72,0.000977995110024429,latest valid filing then configured source-tag priority,low,0001370637-20-000046,0001370637-18-000020
etsy,ETSY,2018-12-31,2018,net_income,NetIncomeLoss,NetIncomeLossAvailableToCommonStockholdersBasic,77.491,77.454,0.0004774748035256499,latest valid filing then configured source-tag priority,low,0001370637-21-000012,0001370637-21-000012
etsy,ETSY,2018-12-31,2018,net_income,NetIncomeLoss,NetIncomeLoss,77.491,77.491,0.0,latest valid filing then configured source-tag priority,low,0001370637-21-000012,0001370637-20-000046
etsy,ETSY,2018-12-31,2018,net_income,NetIncomeLoss,NetIncomeLossAvailableToCommonStockholdersBasic,77.491,77.454,0.0004774748035256499,latest valid filing then configured source-tag priority,low,0001370637-21-000012,0001370637-20-000046
etsy,ETSY,2018-12-31,2018,net_income,NetIncomeLoss,NetIncomeLoss,77.491,77.491,0.0,latest valid filing then configured source-tag priority,low,0001370637-21-000012,0001370637-19-000028
etsy,ETSY,2018-12-31,2018,net_income,NetIncomeLoss,NetIncomeLossAvailableToCommonStockholdersBasic,77.491,77.454,0.0004774748035256499,latest valid filing then configured source-tag priority,low,0001370637-21-000012,0001370637-19-000028
expe,EXPE,2017-12-31,2017,net_income,NetIncomeLoss,ProfitLoss,378.0,372.0,0.015873015873015872,latest valid filing then configured source-tag priority,medium,0001324424-20-000009,0001324424-20-000009
expe,EXPE,2017-12-31,2017,net_income,NetIncomeLoss,NetIncomeLoss,378.0,378.0,0.0,latest valid filing then configured source-tag priority,low,0001324424-20-000009,0001324424-19-000006
expe,EXPE,2017-12-31,2017,net_income,NetIncomeLoss,ProfitLoss,378.0,372.0,0.015873015873015872,latest valid filing then configured source-tag priority,medium,0001324424-20-000009,0001324424-19-000006
expe,EXPE,2017-12-31,2017,net_income,NetIncomeLoss,NetIncomeLoss,378.0,377.964,9.523809523809885e-05,latest valid filing then configured source-tag priority,low,0001324424-20-000009,0001324424-18-000006
expe,EXPE,2017-12-31,2017,net_income,NetIncomeLoss,ProfitLoss,378.0,371.359,0.01756878306878312,latest valid filing then configured source-tag priority,medium,0001324424-20-000009,0001324424-18-000006
expe,EXPE,2017-12-31,2017,revenue,RevenueFromContractWithCustomerExcludingAssessedTax,RevenueFromContractWithCustomerIncludingAssessedTax,10060.0,10060.0,0.0,latest valid filing then configured source-tag priority,low,0001324424-20-000009,0001324424-19-000006
expe,EXPE,2017-12-31,2017,revenue,RevenueFromContractWithCustomerExcludingAssessedTax,SalesRevenueNet,10060.0,10059.844,1.5506958250582362e-05,latest valid filing then configured source-tag priority,low,0001324424-20-000009,0001324424-18-000006
expe,EXPE,2017-12-31,2017,total_assets,Assets,Assets,18516.0,18515.628,2.0090732339565176e-05,latest valid filing then configured source-tag priority,low,0001324424-19-000006,0001324424-18-000006
expe,EXPE,2017-12-31,2017,total_equity,StockholdersEquityIncludingPortionAttributableToNoncontrollingInterest,StockholdersEquityIncludingPortionAttributableToNoncontrollingInterest,6129.0,6129.0,0.0,latest valid filing then configured source-tag priority,low,0001324424-21-000015,0001324424-20-000009
expe,EXPE,2017-12-31,2017,total_equity,StockholdersEquityIncludingPortionAttributableToNoncontrollingInterest,StockholdersEquity,6129.0,4523.0,0.2620329580682004,latest valid filing then configured source-tag priority,high,0001324424-21-000015,0001324424-19-000006
expe,EXPE,2017-12-31,2017,total_equity,StockholdersEquityIncludingPortionAttributableToNoncontrollingInterest,StockholdersEquityIncludingPortionAttributableToNoncontrollingInterest,6129.0,6129.0,0.0,latest valid filing then configured source-tag priority,low,0001324424-21-000015,0001324424-19-000006
expe,EXPE,2017-12-31,2017,total_equity,StockholdersEquityIncludingPortionAttributableToNoncontrollingInterest,StockholdersEquity,6129.0,4522.335,0.262141458639256,latest valid filing then configured source-tag priority,high,0001324424-21-000015,0001324424-18-000006
expe,EXPE,2017-12-31,2017,total_equity,StockholdersEquityIncludingPortionAttributableToNoncontrollingInterest,StockholdersEquityIncludingPortionAttributableToNoncontrollingInterest,6129.0,6128.568,7.048458149776293e-05,latest valid filing then configured source-tag priority,low,0001324424-21-000015,0001324424-18-000006
expe,EXPE,2018-12-31,2018,net_income,NetIncomeLoss,ProfitLoss,406.0,398.0,0.019704433497536946,latest valid filing then configured source-tag priority,medium,0001324424-21-000015,0001324424-21-000015
expe,EXPE,2018-12-31,2018,net_income,NetIncomeLoss,NetIncomeLossAvailableToCommonStockholdersBasic,406.0,406.0,0.0,latest valid filing then configured source-tag priority,low,0001324424-21-000015,0001324424-21-000015
expe,EXPE,2018-12-31,2018,net_income,NetIncomeLoss,NetIncomeLoss,406.0,406.0,0.0,latest valid filing then configured source-tag priority,low,0001324424-21-000015,0001324424-20-000009
expe,EXPE,2018-12-31,2018,net_income,NetIncomeLoss,ProfitLoss,406.0,398.0,0.019704433497536946,latest valid filing then configured source-tag priority,medium,0001324424-21-000015,0001324424-20-000009
expe,EXPE,2018-12-31,2018,net_income,NetIncomeLoss,NetIncomeLoss,406.0,406.0,0.0,latest valid filing then configured source-tag priority,low,0001324424-21-000015,0001324424-19-000006
expe,EXPE,2018-12-31,2018,net_income,NetIncomeLoss,ProfitLoss,406.0,398.0,0.019704433497536946,latest valid filing then configured source-tag priority,medium,0001324424-21-000015,0001324424-19-000006
expe,EXPE,2018-12-31,2018,total_equity,StockholdersEquityIncludingPortionAttributableToNoncontrollingInterest,StockholdersEquityIncludingPortionAttributableToNoncontrollingInterest,5651.0,5651.0,0.0,latest valid filing then configured source-tag priority,low,0001324424-22-000009,0001324424-21-000015
expe,EXPE,2018-12-31,2018,total_equity,StockholdersEquityIncludingPortionAttributableToNoncontrollingInterest,StockholdersEquity,5651.0,4104.0,0.2737568571934171,latest valid filing then configured source-tag priority,high,0001324424-22-000009,0001324424-20-000009
expe,EXPE,2018-12-31,2018,total_equity,StockholdersEquityIncludingPortionAttributableToNoncontrollingInterest,StockholdersEquityIncludingPortionAttributableToNoncontrollingInterest,5651.0,5651.0,0.0,latest valid filing then configured source-tag priority,low,0001324424-22-000009,0001324424-20-000009
expe,EXPE,2018-12-31,2018,total_equity,StockholdersEquityIncludingPortionAttributableToNoncontrollingInterest,StockholdersEquity,5651.0,4104.0,0.2737568571934171,latest valid filing then configured source-tag priority,high,0001324424-22-000009,0001324424-19-000006
expe,EXPE,2018-12-31,2018,total_equity,StockholdersEquityIncludingPortionAttributableToNoncontrollingInterest,StockholdersEquityIncludingPortionAttributableToNoncontrollingInterest,5651.0,5651.0,0.0,latest valid filing then configured source-tag priority,low,0001324424-22-000009,0001324424-19-000006
expe,EXPE,2019-12-31,2019,net_income,NetIncomeLoss,ProfitLoss,565.0,572.0,0.012389380530973451,latest valid filing then configured source-tag priority,medium,0001324424-22-000009,0001324424-22-000009
expe,EXPE,2019-12-31,2019,net_income,NetIncomeLoss,NetIncomeLossAvailableToCommonStockholdersBasic,565.0,565.0,0.0,latest valid filing then configured source-tag priority,low,0001324424-22-000009,0001324424-22-000009
expe,EXPE,2019-12-31,2019,net_income,NetIncomeLoss,NetIncomeLoss,565.0,565.0,0.0,latest valid filing then configured source-tag priority,low,0001324424-22-000009,0001324424-21-000015
expe,EXPE,2019-12-31,2019,net_income,NetIncomeLoss,ProfitLoss,565.0,572.0,0.012389380530973451,latest valid filing then configured source-tag priority,medium,0001324424-22-000009,0001324424-21-000015
expe,EXPE,2019-12-31,2019,net_income,NetIncomeLoss,NetIncomeLossAvailableToCommonStockholdersBasic,565.0,565.0,0.0,latest valid filing then configured source-tag priority,low,0001324424-22-000009,0001324424-21-000015
expe,EXPE,2019-12-31,2019,net_income,NetIncomeLoss,NetIncomeLoss,565.0,565.0,0.0,latest valid filing then configured source-tag priority,low,0001324424-22-000009,0001324424-20-000009
expe,EXPE,2019-12-31,2019,net_income,NetIncomeLoss,ProfitLoss,565.0,572.0,0.012389380530973451,latest valid filing then configured source-tag priority,medium,0001324424-22-000009,0001324424-20-000009
expe,EXPE,2019-12-31,2019,total_equity,StockholdersEquityIncludingPortionAttributableToNoncontrollingInterest,StockholdersEquityIncludingPortionAttributableToNoncontrollingInterest,5536.0,5536.0,0.0,latest valid filing then configured source-tag priority,low,0001324424-23-000007,0001324424-22-000009
expe,EXPE,2019-12-31,2019,total_equity,StockholdersEquityIncludingPortionAttributableToNoncontrollingInterest,StockholdersEquity,5536.0,3967.0,0.28341763005780346,latest valid filing then configured source-tag priority,high,0001324424-23-000007,0001324424-21-000015
expe,EXPE,2019-12-31,2019,total_equity,StockholdersEquityIncludingPortionAttributableToNoncontrollingInterest,StockholdersEquityIncludingPortionAttributableToNoncontrollingInterest,5536.0,5536.0,0.0,latest valid filing then configured source-tag priority,low,0001324424-23-000007,0001324424-21-000015
expe,EXPE,2019-12-31,2019,total_equity,StockholdersEquityIncludingPortionAttributableToNoncontrollingInterest,StockholdersEquity,5536.0,3967.0,0.28341763005780346,latest valid filing then configured source-tag priority,high,0001324424-23-000007,0001324424-20-000009
expe,EXPE,2019-12-31,2019,total_equity,StockholdersEquityIncludingPortionAttributableToNoncontrollingInterest,StockholdersEquityIncludingPortionAttributableToNoncontrollingInterest,5536.0,5536.0,0.0,latest valid filing then configured source-tag priority,low,0001324424-23-000007,0001324424-20-000009
expe,EXPE,2020-12-31,2020,net_income,NetIncomeLoss,ProfitLoss,-2612.0,-2728.0,0.0444104134762634,latest valid filing then configured source-tag priority,medium,0001324424-23-000007,0001324424-23-000007
expe,EXPE,2020-12-31,2020,net_income,NetIncomeLoss,NetIncomeLossAvailableToCommonStockholdersBasic,-2612.0,-2687.0,0.02871362940275651,latest valid filing then configured source-tag priority,medium,0001324424-23-000007,0001324424-23-000007
expe,EXPE,2020-12-31,2020,net_income,NetIncomeLoss,NetIncomeLoss,-2612.0,-2612.0,0.0,latest valid filing then configured source-tag priority,low,0001324424-23-000007,0001324424-22-000009
expe,EXPE,2020-12-31,2020,net_income,NetIncomeLoss,ProfitLoss,-2612.0,-2728.0,0.0444104134762634,latest valid filing then configured source-tag priority,medium,0001324424-23-000007,0001324424-22-000009
expe,EXPE,2020-12-31,2020,net_income,NetIncomeLoss,NetIncomeLossAvailableToCommonStockholdersBasic,-2612.0,-2687.0,0.02871362940275651,latest valid filing then configured source-tag priority,medium,0001324424-23-000007,0001324424-22-000009
expe,EXPE,2020-12-31,2020,net_income,NetIncomeLoss,NetIncomeLoss,-2612.0,-2612.0,0.0,latest valid filing then configured source-tag priority,low,0001324424-23-000007,0001324424-21-000015
expe,EXPE,2020-12-31,2020,net_income,NetIncomeLoss,ProfitLoss,-2612.0,-2728.0,0.0444104134762634,latest valid filing then configured source-tag priority,medium,0001324424-23-000007,0001324424-21-000015
expe,EXPE,2020-12-31,2020,net_income,NetIncomeLoss,NetIncomeLossAvailableToCommonStockholdersBasic,-2612.0,-2687.0,0.02871362940275651,latest valid filing then configured source-tag priority,medium,0001324424-23-000007,0001324424-21-000015
expe,EXPE,2020-12-31,2020,total_equity,StockholdersEquityIncludingPortionAttributableToNoncontrollingInterest,StockholdersEquityIncludingPortionAttributableToNoncontrollingInterest,3004.0,3004.0,0.0,latest valid filing then configured source-tag priority,low,0001324424-24-000007,0001324424-23-000007
expe,EXPE,2020-12-31,2020,total_equity,StockholdersEquityIncludingPortionAttributableToNoncontrollingInterest,StockholdersEquity,3004.0,1510.0,0.4973368841544607,latest valid filing then configured source-tag priority,high,0001324424-24-000007,0001324424-22-000009
expe,EXPE,2020-12-31,2020,total_equity,StockholdersEquityIncludingPortionAttributableToNoncontrollingInterest,StockholdersEquityIncludingPortionAttributableToNoncontrollingInterest,3004.0,3004.0,0.0,latest valid filing then configured source-tag priority,low,0001324424-24-000007,0001324424-22-000009
expe,EXPE,2020-12-31,2020,total_equity,StockholdersEquityIncludingPortionAttributableToNoncontrollingInterest,StockholdersEquity,3004.0,1510.0,0.4973368841544607,latest valid filing then configured source-tag priority,high,0001324424-24-000007,0001324424-21-000015
expe,EXPE,2020-12-31,2020,total_equity,StockholdersEquityIncludingPortionAttributableToNoncontrollingInterest,StockholdersEquityIncludingPortionAttributableToNoncontrollingInterest,3004.0,3004.0,0.0,latest valid filing then configured source-tag priority,low,0001324424-24-000007,0001324424-21-000015
expe,EXPE,2021-12-31,2021,net_income,NetIncomeLoss,ProfitLoss,12.0,15.0,0.25,latest valid filing then configured source-tag priority,high,0001324424-24-000007,0001324424-24-000007
expe,EXPE,2021-12-31,2021,net_income,NetIncomeLoss,NetIncomeLossAvailableToCommonStockholdersBasic,12.0,-269.0,23.416666666666668,latest valid filing then configured source-tag priority,high,0001324424-24-000007,0001324424-24-000007
expe,EXPE,2021-12-31,2021,net_income,NetIncomeLoss,NetIncomeLoss,12.0,12.0,0.0,latest valid filing then configured source-tag priority,low,0001324424-24-000007,0001324424-23-000007
expe,EXPE,2021-12-31,2021,net_income,NetIncomeLoss,ProfitLoss,12.0,15.0,0.25,latest valid filing then configured source-tag priority,high,0001324424-24-000007,0001324424-23-000007
expe,EXPE,2021-12-31,2021,net_income,NetIncomeLoss,NetIncomeLossAvailableToCommonStockholdersBasic,12.0,-269.0,23.416666666666668,latest valid filing then configured source-tag priority,high,0001324424-24-000007,0001324424-23-000007
expe,EXPE,2021-12-31,2021,net_income,NetIncomeLoss,NetIncomeLoss,12.0,12.0,0.0,latest valid filing then configured source-tag priority,low,0001324424-24-000007,0001324424-22-000009
expe,EXPE,2021-12-31,2021,net_income,NetIncomeLoss,ProfitLoss,12.0,15.0,0.25,latest valid filing then configured source-tag priority,high,0001324424-24-000007,0001324424-22-000009
expe,EXPE,2021-12-31,2021,net_income,NetIncomeLoss,NetIncomeLossAvailableToCommonStockholdersBasic,12.0,-269.0,23.416666666666668,latest valid filing then configured source-tag priority,high,0001324424-24-000007,0001324424-22-000009
expe,EXPE,2021-12-31,2021,total_equity,StockholdersEquityIncludingPortionAttributableToNoncontrollingInterest,StockholdersEquityIncludingPortionAttributableToNoncontrollingInterest,3552.0,3552.0,0.0,latest valid filing then configured source-tag priority,low,0001324424-25-000008,0001324424-24-000007
expe,EXPE,2021-12-31,2021,total_equity,StockholdersEquityIncludingPortionAttributableToNoncontrollingInterest,StockholdersEquity,3552.0,2057.0,0.42088963963963966,latest valid filing then configured source-tag priority,high,0001324424-25-000008,0001324424-23-000007
expe,EXPE,2021-12-31,2021,total_equity,StockholdersEquityIncludingPortionAttributableToNoncontrollingInterest,StockholdersEquityIncludingPortionAttributableToNoncontrollingInterest,3552.0,3552.0,0.0,latest valid filing then configured source-tag priority,low,0001324424-25-000008,0001324424-23-000007
expe,EXPE,2021-12-31,2021,total_equity,StockholdersEquityIncludingPortionAttributableToNoncontrollingInterest,StockholdersEquity,3552.0,2057.0,0.42088963963963966,latest valid filing then configured source-tag priority,high,0001324424-25-000008,0001324424-22-000009
expe,EXPE,2021-12-31,2021,total_equity,StockholdersEquityIncludingPortionAttributableToNoncontrollingInterest,StockholdersEquityIncludingPortionAttributableToNoncontrollingInterest,3552.0,3552.0,0.0,latest valid filing then configured source-tag priority,low,0001324424-25-000008,0001324424-22-000009
expe,EXPE,2022-12-31,2022,net_income,NetIncomeLoss,ProfitLoss,352.0,343.0,0.02556818181818182,latest valid filing then configured source-tag priority,medium,0001324424-25-000008,0001324424-25-000008
expe,EXPE,2022-12-31,2022,net_income,NetIncomeLoss,NetIncomeLoss,352.0,352.0,0.0,latest valid filing then configured source-tag priority,low,0001324424-25-000008,0001324424-24-000007
expe,EXPE,2022-12-31,2022,net_income,NetIncomeLoss,ProfitLoss,352.0,343.0,0.02556818181818182,latest valid filing then configured source-tag priority,medium,0001324424-25-000008,0001324424-24-000007
expe,EXPE,2022-12-31,2022,net_income,NetIncomeLoss,NetIncomeLossAvailableToCommonStockholdersBasic,352.0,352.0,0.0,latest valid filing then configured source-tag priority,low,0001324424-25-000008,0001324424-24-000007
expe,EXPE,2022-12-31,2022,net_income,NetIncomeLoss,NetIncomeLoss,352.0,352.0,0.0,latest valid filing then configured source-tag priority,low,0001324424-25-000008,0001324424-23-000007
expe,EXPE,2022-12-31,2022,net_income,NetIncomeLoss,ProfitLoss,352.0,343.0,0.02556818181818182,latest valid filing then configured source-tag priority,medium,0001324424-25-000008,0001324424-23-000007
expe,EXPE,2022-12-31,2022,net_income,NetIncomeLoss,NetIncomeLossAvailableToCommonStockholdersBasic,352.0,352.0,0.0,latest valid filing then configured source-tag priority,low,0001324424-25-000008,0001324424-23-000007
expe,EXPE,2022-12-31,2022,total_equity,StockholdersEquityIncludingPortionAttributableToNoncontrollingInterest,StockholdersEquityIncludingPortionAttributableToNoncontrollingInterest,3728.0,3728.0,0.0,latest valid filing then configured source-tag priority,low,0001324424-26-000008,0001324424-25-000008
expe,EXPE,2022-12-31,2022,total_equity,StockholdersEquityIncludingPortionAttributableToNoncontrollingInterest,StockholdersEquity,3728.0,2283.0,0.3876072961373391,latest valid filing then configured source-tag priority,high,0001324424-26-000008,0001324424-24-000007
expe,EXPE,2022-12-31,2022,total_equity,StockholdersEquityIncludingPortionAttributableToNoncontrollingInterest,StockholdersEquityIncludingPortionAttributableToNoncontrollingInterest,3728.0,3728.0,0.0,latest valid filing then configured source-tag priority,low,0001324424-26-000008,0001324424-24-000007
expe,EXPE,2022-12-31,2022,total_equity,StockholdersEquityIncludingPortionAttributableToNoncontrollingInterest,StockholdersEquity,3728.0,2283.0,0.3876072961373391,latest valid filing then configured source-tag priority,high,0001324424-26-000008,0001324424-23-000007
expe,EXPE,2022-12-31,2022,total_equity,StockholdersEquityIncludingPortionAttributableToNoncontrollingInterest,StockholdersEquityIncludingPortionAttributableToNoncontrollingInterest,3728.0,3728.0,0.0,latest valid filing then configured source-tag priority,low,0001324424-26-000008,0001324424-23-000007
expe,EXPE,2023-12-31,2023,net_income,NetIncomeLoss,ProfitLoss,797.0,688.0,0.13676286072772897,latest valid filing then configured source-tag priority,high,0001324424-26-000008,0001324424-26-000008
expe,EXPE,2023-12-31,2023,net_income,NetIncomeLoss,NetIncomeLoss,797.0,797.0,0.0,latest valid filing then configured source-tag priority,low,0001324424-26-000008,0001324424-25-000008
expe,EXPE,2023-12-31,2023,net_income,NetIncomeLoss,ProfitLoss,797.0,688.0,0.13676286072772897,latest valid filing then configured source-tag priority,high,0001324424-26-000008,0001324424-25-000008
expe,EXPE,2023-12-31,2023,net_income,NetIncomeLoss,NetIncomeLoss,797.0,797.0,0.0,latest valid filing then configured source-tag priority,low,0001324424-26-000008,0001324424-24-000007
expe,EXPE,2023-12-31,2023,net_income,NetIncomeLoss,ProfitLoss,797.0,688.0,0.13676286072772897,latest valid filing then configured source-tag priority,high,0001324424-26-000008,0001324424-24-000007
expe,EXPE,2023-12-31,2023,net_income,NetIncomeLoss,NetIncomeLossAvailableToCommonStockholdersBasic,797.0,797.0,0.0,latest valid filing then configured source-tag priority,low,0001324424-26-000008,0001324424-24-000007
expe,EXPE,2023-12-31,2023,total_equity,StockholdersEquityIncludingPortionAttributableToNoncontrollingInterest,StockholdersEquity,2786.0,1534.0,0.44938980617372576,latest valid filing then configured source-tag priority,high,0001324424-26-000008,0001324424-25-000008
expe,EXPE,2023-12-31,2023,total_equity,StockholdersEquityIncludingPortionAttributableToNoncontrollingInterest,StockholdersEquityIncludingPortionAttributableToNoncontrollingInterest,2786.0,2786.0,0.0,latest valid filing then configured source-tag priority,low,0001324424-26-000008,0001324424-25-000008
expe,EXPE,2023-12-31,2023,total_equity,StockholdersEquityIncludingPortionAttributableToNoncontrollingInterest,StockholdersEquity,2786.0,1534.0,0.44938980617372576,latest valid filing then configured source-tag priority,high,0001324424-26-000008,0001324424-24-000007
expe,EXPE,2023-12-31,2023,total_equity,StockholdersEquityIncludingPortionAttributableToNoncontrollingInterest,StockholdersEquityIncludingPortionAttributableToNoncontrollingInterest,2786.0,2786.0,0.0,latest valid filing then configured source-tag priority,low,0001324424-26-000008,0001324424-24-000007
expe,EXPE,2024-12-31,2024,net_income,NetIncomeLoss,ProfitLoss,1234.0,1224.0,0.008103727714748784,latest valid filing then configured source-tag priority,medium,0001324424-26-000008,0001324424-26-000008
expe,EXPE,2024-12-31,2024,net_income,NetIncomeLoss,NetIncomeLoss,1234.0,1234.0,0.0,latest valid filing then configured source-tag priority,low,0001324424-26-000008,0001324424-25-000008
expe,EXPE,2024-12-31,2024,net_income,NetIncomeLoss,ProfitLoss,1234.0,1224.0,0.008103727714748784,latest valid filing then configured source-tag priority,medium,0001324424-26-000008,0001324424-25-000008
expe,EXPE,2024-12-31,2024,total_equity,StockholdersEquity,StockholdersEquityIncludingPortionAttributableToNoncontrollingInterest,1557.0,2799.0,0.7976878612716763,latest valid filing then configured source-tag priority,high,0001324424-26-000008,0001324424-26-000008
expe,EXPE,2024-12-31,2024,total_equity,StockholdersEquity,StockholdersEquity,1557.0,1557.0,0.0,latest valid filing then configured source-tag priority,low,0001324424-26-000008,0001324424-25-000008
expe,EXPE,2024-12-31,2024,total_equity,StockholdersEquity,StockholdersEquityIncludingPortionAttributableToNoncontrollingInterest,1557.0,2799.0,0.7976878612716763,latest valid filing then configured source-tag priority,high,0001324424-26-000008,0001324424-25-000008
grov,GROV,2021-12-31,2021,net_income,NetIncomeLoss,NetIncomeLossAvailableToCommonStockholdersBasic,-135.896,-135.896,0.0,latest valid filing then configured source-tag priority,low,0001628280-24-012257,0001628280-24-012257
grov,GROV,2021-12-31,2021,net_income,NetIncomeLoss,NetIncomeLoss,-135.896,-135.896,0.0,latest valid filing then configured source-tag priority,low,0001628280-24-012257,0001841761-23-000012
grov,GROV,2021-12-31,2021,net_income,NetIncomeLoss,NetIncomeLoss,-135.896,2.698369,1.0198561326308355,latest valid filing then configured source-tag priority,high,0001628280-24-012257,0001193125-22-052373
grov,GROV,2021-12-31,2021,total_assets,Assets,Assets,182.473,403.808198,1.212975059323845,latest valid filing then configured source-tag priority,high,0001841761-23-000012,0001193125-22-052373
grov,GROV,2021-12-31,2021,total_equity,StockholdersEquity,StockholdersEquity,-456.279,-456.279,0.0,latest valid filing then configured source-tag priority,low,0001628280-24-012257,0001841761-23-000012
grov,GROV,2021-12-31,2021,total_equity,StockholdersEquity,StockholdersEquity,-456.279,-29.540303,0.9352582455032995,latest valid filing then configured source-tag priority,high,0001628280-24-012257,0001193125-22-052373
grov,GROV,2023-12-31,2023,net_income,NetIncomeLoss,NetIncomeLossAvailableToCommonStockholdersBasic,-43.232,-44.422,0.027525906735751244,latest valid filing then configured source-tag priority,medium,0001628280-25-013839,0001628280-25-013839
grov,GROV,2023-12-31,2023,net_income,NetIncomeLoss,NetIncomeLoss,-43.232,-43.232,0.0,latest valid filing then configured source-tag priority,low,0001628280-25-013839,0001628280-24-012257
grov,GROV,2023-12-31,2023,net_income,NetIncomeLoss,NetIncomeLossAvailableToCommonStockholdersBasic,-43.232,-44.422,0.027525906735751244,latest valid filing then configured source-tag priority,medium,0001628280-25-013839,0001628280-24-012257
grov,GROV,2024-12-31,2024,net_income,NetIncomeLoss,NetIncomeLossAvailableToCommonStockholdersBasic,-27.423,-28.272,0.030959413630893783,latest valid filing then configured source-tag priority,medium,0001841761-26-000010,0001841761-26-000010
grov,GROV,2024-12-31,2024,net_income,NetIncomeLoss,NetIncomeLoss,-27.423,-27.423,0.0,latest valid filing then configured source-tag priority,low,0001841761-26-000010,0001628280-25-013839
grov,GROV,2024-12-31,2024,net_income,NetIncomeLoss,NetIncomeLossAvailableToCommonStockholdersBasic,-27.423,-28.272,0.030959413630893783,latest valid filing then configured source-tag priority,medium,0001841761-26-000010,0001628280-25-013839
grpn,GRPN,2017-12-31,2017,net_income,NetIncomeLoss,ProfitLoss,14.04,26.627,0.8965099715099716,latest valid filing then configured source-tag priority,high,0001490281-20-000021,0001490281-20-000021
grpn,GRPN,2017-12-31,2017,net_income,NetIncomeLoss,NetIncomeLoss,14.04,14.04,0.0,latest valid filing then configured source-tag priority,low,0001490281-20-000021,0001490281-19-000014
grpn,GRPN,2017-12-31,2017,net_income,NetIncomeLoss,ProfitLoss,14.04,26.627,0.8965099715099716,latest valid filing then configured source-tag priority,high,0001490281-20-000021,0001490281-19-000014
grpn,GRPN,2017-12-31,2017,net_income,NetIncomeLoss,ProfitLoss,14.04,26.627,0.8965099715099716,latest valid filing then configured source-tag priority,high,0001490281-20-000021,0001490281-18-000018
grpn,GRPN,2017-12-31,2017,total_equity,StockholdersEquityIncludingPortionAttributableToNoncontrollingInterest,StockholdersEquityIncludingPortionAttributableToNoncontrollingInterest,251.845,251.845,0.0,latest valid filing then configured source-tag priority,low,0001490281-21-000023,0001490281-20-000021
grpn,GRPN,2017-12-31,2017,total_equity,StockholdersEquityIncludingPortionAttributableToNoncontrollingInterest,StockholdersEquity,251.845,250.973,0.0034624471401059607,latest valid filing then configured source-tag priority,low,0001490281-21-000023,0001490281-19-000014
grpn,GRPN,2017-12-31,2017,total_equity,StockholdersEquityIncludingPortionAttributableToNoncontrollingInterest,StockholdersEquityIncludingPortionAttributableToNoncontrollingInterest,251.845,251.845,0.0,latest valid filing then configured source-tag priority,low,0001490281-21-000023,0001490281-19-000014
grpn,GRPN,2017-12-31,2017,total_equity,StockholdersEquityIncludingPortionAttributableToNoncontrollingInterest,StockholdersEquity,251.845,250.973,0.0034624471401059607,latest valid filing then configured source-tag priority,low,0001490281-21-000023,0001490281-18-000018
grpn,GRPN,2017-12-31,2017,total_equity,StockholdersEquityIncludingPortionAttributableToNoncontrollingInterest,StockholdersEquityIncludingPortionAttributableToNoncontrollingInterest,251.845,251.845,0.0,latest valid filing then configured source-tag priority,low,0001490281-21-000023,0001490281-18-000018
grpn,GRPN,2018-12-31,2018,net_income,NetIncomeLoss,ProfitLoss,-11.079,1.988,1.179438577488943,latest valid filing then configured source-tag priority,high,0001490281-21-000023,0001490281-21-000023
grpn,GRPN,2018-12-31,2018,net_income,NetIncomeLoss,NetIncomeLoss,-11.079,-11.079,0.0,latest valid filing then configured source-tag priority,low,0001490281-21-000023,0001490281-20-000021
grpn,GRPN,2018-12-31,2018,net_income,NetIncomeLoss,ProfitLoss,-11.079,1.988,1.179438577488943,latest valid filing then configured source-tag priority,high,0001490281-21-000023,0001490281-20-000021
grpn,GRPN,2018-12-31,2018,net_income,NetIncomeLoss,NetIncomeLoss,-11.079,-11.079,0.0,latest valid filing then configured source-tag priority,low,0001490281-21-000023,0001490281-19-000014
grpn,GRPN,2018-12-31,2018,net_income,NetIncomeLoss,ProfitLoss,-11.079,1.988,1.179438577488943,latest valid filing then configured source-tag priority,high,0001490281-21-000023,0001490281-19-000014
grpn,GRPN,2018-12-31,2018,total_equity,StockholdersEquityIncludingPortionAttributableToNoncontrollingInterest,StockholdersEquityIncludingPortionAttributableToNoncontrollingInterest,382.611,382.611,0.0,latest valid filing then configured source-tag priority,low,0001490281-22-000027,0001490281-21-000023
grpn,GRPN,2018-12-31,2018,total_equity,StockholdersEquityIncludingPortionAttributableToNoncontrollingInterest,StockholdersEquity,382.611,381.248,0.003562364908484073,latest valid filing then configured source-tag priority,low,0001490281-22-000027,0001490281-20-000021
grpn,GRPN,2018-12-31,2018,total_equity,StockholdersEquityIncludingPortionAttributableToNoncontrollingInterest,StockholdersEquityIncludingPortionAttributableToNoncontrollingInterest,382.611,382.611,0.0,latest valid filing then configured source-tag priority,low,0001490281-22-000027,0001490281-20-000021
grpn,GRPN,2018-12-31,2018,total_equity,StockholdersEquityIncludingPortionAttributableToNoncontrollingInterest,StockholdersEquity,382.611,381.248,0.003562364908484073,latest valid filing then configured source-tag priority,low,0001490281-22-000027,0001490281-19-000014
grpn,GRPN,2018-12-31,2018,total_equity,StockholdersEquityIncludingPortionAttributableToNoncontrollingInterest,StockholdersEquityIncludingPortionAttributableToNoncontrollingInterest,382.611,382.611,0.0,latest valid filing then configured source-tag priority,low,0001490281-22-000027,0001490281-19-000014
grpn,GRPN,2019-12-31,2019,net_income,NetIncomeLoss,ProfitLoss,-22.377,-11.695,0.47736515171828214,latest valid filing then configured source-tag priority,high,0001490281-22-000027,0001490281-22-000027
grpn,GRPN,2019-12-31,2019,net_income,NetIncomeLoss,NetIncomeLossAvailableToCommonStockholdersBasic,-22.377,-22.377,0.0,latest valid filing then configured source-tag priority,low,0001490281-22-000027,0001490281-22-000027
grpn,GRPN,2019-12-31,2019,net_income,NetIncomeLoss,NetIncomeLoss,-22.377,-22.377,0.0,latest valid filing then configured source-tag priority,low,0001490281-22-000027,0001490281-21-000023
grpn,GRPN,2019-12-31,2019,net_income,NetIncomeLoss,ProfitLoss,-22.377,-11.695,0.47736515171828214,latest valid filing then configured source-tag priority,high,0001490281-22-000027,0001490281-21-000023
grpn,GRPN,2019-12-31,2019,net_income,NetIncomeLoss,NetIncomeLoss,-22.377,-22.377,0.0,latest valid filing then configured source-tag priority,low,0001490281-22-000027,0001490281-20-000021
grpn,GRPN,2019-12-31,2019,net_income,NetIncomeLoss,ProfitLoss,-22.377,-11.695,0.47736515171828214,latest valid filing then configured source-tag priority,high,0001490281-22-000027,0001490281-20-000021
grpn,GRPN,2019-12-31,2019,total_equity,StockholdersEquityIncludingPortionAttributableToNoncontrollingInterest,StockholdersEquityIncludingPortionAttributableToNoncontrollingInterest,395.046,395.046,0.0,latest valid filing then configured source-tag priority,low,0001490281-23-000022,0001490281-22-000027
grpn,GRPN,2019-12-31,2019,total_equity,StockholdersEquityIncludingPortionAttributableToNoncontrollingInterest,StockholdersEquity,395.046,393.936,0.002809799365137259,latest valid filing then configured source-tag priority,low,0001490281-23-000022,0001490281-21-000023
grpn,GRPN,2019-12-31,2019,total_equity,StockholdersEquityIncludingPortionAttributableToNoncontrollingInterest,StockholdersEquityIncludingPortionAttributableToNoncontrollingInterest,395.046,395.046,0.0,latest valid filing then configured source-tag priority,low,0001490281-23-000022,0001490281-21-000023
grpn,GRPN,2019-12-31,2019,total_equity,StockholdersEquityIncludingPortionAttributableToNoncontrollingInterest,StockholdersEquity,395.046,393.936,0.002809799365137259,latest valid filing then configured source-tag priority,low,0001490281-23-000022,0001490281-20-000021
grpn,GRPN,2019-12-31,2019,total_equity,StockholdersEquityIncludingPortionAttributableToNoncontrollingInterest,StockholdersEquityIncludingPortionAttributableToNoncontrollingInterest,395.046,395.046,0.0,latest valid filing then configured source-tag priority,low,0001490281-23-000022,0001490281-20-000021
grpn,GRPN,2020-12-31,2020,net_income,NetIncomeLoss,ProfitLoss,-287.931,-286.18,0.0060813180935709475,latest valid filing then configured source-tag priority,medium,0001490281-23-000022,0001490281-23-000022
grpn,GRPN,2020-12-31,2020,net_income,NetIncomeLoss,NetIncomeLossAvailableToCommonStockholdersBasic,-287.931,-287.931,0.0,latest valid filing then configured source-tag priority,low,0001490281-23-000022,0001490281-23-000022
grpn,GRPN,2020-12-31,2020,net_income,NetIncomeLoss,NetIncomeLoss,-287.931,-287.931,0.0,latest valid filing then configured source-tag priority,low,0001490281-23-000022,0001490281-22-000027
grpn,GRPN,2020-12-31,2020,net_income,NetIncomeLoss,ProfitLoss,-287.931,-286.18,0.0060813180935709475,latest valid filing then configured source-tag priority,medium,0001490281-23-000022,0001490281-22-000027
grpn,GRPN,2020-12-31,2020,net_income,NetIncomeLoss,NetIncomeLossAvailableToCommonStockholdersBasic,-287.931,-287.931,0.0,latest valid filing then configured source-tag priority,low,0001490281-23-000022,0001490281-22-000027
grpn,GRPN,2020-12-31,2020,net_income,NetIncomeLoss,NetIncomeLoss,-287.931,-287.931,0.0,latest valid filing then configured source-tag priority,low,0001490281-23-000022,0001490281-21-000023
grpn,GRPN,2020-12-31,2020,net_income,NetIncomeLoss,ProfitLoss,-287.931,-286.18,0.0060813180935709475,latest valid filing then configured source-tag priority,medium,0001490281-23-000022,0001490281-21-000023
grpn,GRPN,2020-12-31,2020,total_equity,StockholdersEquityIncludingPortionAttributableToNoncontrollingInterest,StockholdersEquityIncludingPortionAttributableToNoncontrollingInterest,107.674,107.674,0.0,latest valid filing then configured source-tag priority,low,0001490281-24-000024,0001490281-23-000022
grpn,GRPN,2020-12-31,2020,total_equity,StockholdersEquityIncludingPortionAttributableToNoncontrollingInterest,StockholdersEquity,107.674,107.675,9.287293125457993e-06,latest valid filing then configured source-tag priority,low,0001490281-24-000024,0001490281-22-000027
grpn,GRPN,2020-12-31,2020,total_equity,StockholdersEquityIncludingPortionAttributableToNoncontrollingInterest,StockholdersEquityIncludingPortionAttributableToNoncontrollingInterest,107.674,107.674,0.0,latest valid filing then configured source-tag priority,low,0001490281-24-000024,0001490281-22-000027
grpn,GRPN,2020-12-31,2020,total_equity,StockholdersEquityIncludingPortionAttributableToNoncontrollingInterest,StockholdersEquity,107.674,107.675,9.287293125457993e-06,latest valid filing then configured source-tag priority,low,0001490281-24-000024,0001490281-21-000023
grpn,GRPN,2020-12-31,2020,total_equity,StockholdersEquityIncludingPortionAttributableToNoncontrollingInterest,StockholdersEquityIncludingPortionAttributableToNoncontrollingInterest,107.674,107.674,0.0,latest valid filing then configured source-tag priority,low,0001490281-24-000024,0001490281-21-000023
grpn,GRPN,2021-12-31,2021,net_income,NetIncomeLoss,ProfitLoss,118.668,120.348,0.014157144301749355,latest valid filing then configured source-tag priority,medium,0001490281-24-000024,0001490281-24-000024
grpn,GRPN,2021-12-31,2021,net_income,NetIncomeLoss,NetIncomeLoss,118.668,118.668,0.0,latest valid filing then configured source-tag priority,low,0001490281-24-000024,0001490281-23-000022
grpn,GRPN,2021-12-31,2021,net_income,NetIncomeLoss,ProfitLoss,118.668,120.348,0.014157144301749355,latest valid filing then configured source-tag priority,medium,0001490281-24-000024,0001490281-23-000022
grpn,GRPN,2021-12-31,2021,net_income,NetIncomeLoss,NetIncomeLossAvailableToCommonStockholdersBasic,118.668,118.668,0.0,latest valid filing then configured source-tag priority,low,0001490281-24-000024,0001490281-23-000022
grpn,GRPN,2021-12-31,2021,net_income,NetIncomeLoss,NetIncomeLoss,118.668,118.668,0.0,latest valid filing then configured source-tag priority,low,0001490281-24-000024,0001490281-22-000027
grpn,GRPN,2021-12-31,2021,net_income,NetIncomeLoss,ProfitLoss,118.668,120.348,0.014157144301749355,latest valid filing then configured source-tag priority,medium,0001490281-24-000024,0001490281-22-000027
grpn,GRPN,2021-12-31,2021,net_income,NetIncomeLoss,NetIncomeLossAvailableToCommonStockholdersBasic,118.668,118.668,0.0,latest valid filing then configured source-tag priority,low,0001490281-24-000024,0001490281-22-000027
grpn,GRPN,2021-12-31,2021,total_equity,StockholdersEquityIncludingPortionAttributableToNoncontrollingInterest,StockholdersEquityIncludingPortionAttributableToNoncontrollingInterest,210.296,210.296,0.0,latest valid filing then configured source-tag priority,low,0001490281-25-000005,0001490281-24-000024
grpn,GRPN,2021-12-31,2021,total_equity,StockholdersEquityIncludingPortionAttributableToNoncontrollingInterest,StockholdersEquity,210.296,209.872,0.002016205729067496,latest valid filing then configured source-tag priority,low,0001490281-25-000005,0001490281-23-000022
grpn,GRPN,2021-12-31,2021,total_equity,StockholdersEquityIncludingPortionAttributableToNoncontrollingInterest,StockholdersEquityIncludingPortionAttributableToNoncontrollingInterest,210.296,210.296,0.0,latest valid filing then configured source-tag priority,low,0001490281-25-000005,0001490281-23-000022
grpn,GRPN,2021-12-31,2021,total_equity,StockholdersEquityIncludingPortionAttributableToNoncontrollingInterest,StockholdersEquity,210.296,209.872,0.002016205729067496,latest valid filing then configured source-tag priority,low,0001490281-25-000005,0001490281-22-000027
grpn,GRPN,2021-12-31,2021,total_equity,StockholdersEquityIncludingPortionAttributableToNoncontrollingInterest,StockholdersEquityIncludingPortionAttributableToNoncontrollingInterest,210.296,210.296,0.0,latest valid filing then configured source-tag priority,low,0001490281-25-000005,0001490281-22-000027
grpn,GRPN,2022-12-31,2022,net_income,NetIncomeLoss,ProfitLoss,-237.609,-234.38,0.013589552584287689,latest valid filing then configured source-tag priority,medium,0001490281-25-000005,0001490281-25-000005
grpn,GRPN,2022-12-31,2022,net_income,NetIncomeLoss,NetIncomeLoss,-237.609,-237.609,0.0,latest valid filing then configured source-tag priority,low,0001490281-25-000005,0001490281-24-000024
grpn,GRPN,2022-12-31,2022,net_income,NetIncomeLoss,ProfitLoss,-237.609,-234.38,0.013589552584287689,latest valid filing then configured source-tag priority,medium,0001490281-25-000005,0001490281-24-000024
grpn,GRPN,2022-12-31,2022,net_income,NetIncomeLoss,NetIncomeLoss,-237.609,-237.609,0.0,latest valid filing then configured source-tag priority,low,0001490281-25-000005,0001490281-23-000022
grpn,GRPN,2022-12-31,2022,net_income,NetIncomeLoss,ProfitLoss,-237.609,-234.38,0.013589552584287689,latest valid filing then configured source-tag priority,medium,0001490281-25-000005,0001490281-23-000022
grpn,GRPN,2022-12-31,2022,net_income,NetIncomeLoss,NetIncomeLossAvailableToCommonStockholdersBasic,-237.609,-237.609,0.0,latest valid filing then configured source-tag priority,low,0001490281-25-000005,0001490281-23-000022
grpn,GRPN,2022-12-31,2022,total_equity,StockholdersEquityIncludingPortionAttributableToNoncontrollingInterest,StockholdersEquityIncludingPortionAttributableToNoncontrollingInterest,8.858,8.858,0.0,latest valid filing then configured source-tag priority,low,0001628280-26-016429,0001490281-25-000005
grpn,GRPN,2022-12-31,2022,total_equity,StockholdersEquityIncludingPortionAttributableToNoncontrollingInterest,StockholdersEquity,8.858,8.475,0.04323775118536926,latest valid filing then configured source-tag priority,medium,0001628280-26-016429,0001490281-24-000024
grpn,GRPN,2022-12-31,2022,total_equity,StockholdersEquityIncludingPortionAttributableToNoncontrollingInterest,StockholdersEquityIncludingPortionAttributableToNoncontrollingInterest,8.858,8.858,0.0,latest valid filing then configured source-tag priority,low,0001628280-26-016429,0001490281-24-000024
grpn,GRPN,2022-12-31,2022,total_equity,StockholdersEquityIncludingPortionAttributableToNoncontrollingInterest,StockholdersEquity,8.858,8.475,0.04323775118536926,latest valid filing then configured source-tag priority,medium,0001628280-26-016429,0001490281-23-000022
grpn,GRPN,2022-12-31,2022,total_equity,StockholdersEquityIncludingPortionAttributableToNoncontrollingInterest,StockholdersEquityIncludingPortionAttributableToNoncontrollingInterest,8.858,8.858,0.0,latest valid filing then configured source-tag priority,low,0001628280-26-016429,0001490281-23-000022
grpn,GRPN,2023-12-31,2023,net_income,NetIncomeLoss,ProfitLoss,-55.41,-52.934,0.044685074896228104,latest valid filing then configured source-tag priority,medium,0001628280-26-016429,0001628280-26-016429
grpn,GRPN,2023-12-31,2023,net_income,NetIncomeLoss,NetIncomeLoss,-55.41,-55.41,0.0,latest valid filing then configured source-tag priority,low,0001628280-26-016429,0001490281-25-000005
grpn,GRPN,2023-12-31,2023,net_income,NetIncomeLoss,ProfitLoss,-55.41,-52.934,0.044685074896228104,latest valid filing then configured source-tag priority,medium,0001628280-26-016429,0001490281-25-000005
grpn,GRPN,2023-12-31,2023,net_income,NetIncomeLoss,NetIncomeLoss,-55.41,-55.41,0.0,latest valid filing then configured source-tag priority,low,0001628280-26-016429,0001490281-24-000024
grpn,GRPN,2023-12-31,2023,net_income,NetIncomeLoss,ProfitLoss,-55.41,-52.934,0.044685074896228104,latest valid filing then configured source-tag priority,medium,0001628280-26-016429,0001490281-24-000024
grpn,GRPN,2023-12-31,2023,total_equity,StockholdersEquityIncludingPortionAttributableToNoncontrollingInterest,StockholdersEquity,-40.312,-40.631,0.007913276443738902,latest valid filing then configured source-tag priority,medium,0001628280-26-016429,0001490281-25-000005
grpn,GRPN,2023-12-31,2023,total_equity,StockholdersEquityIncludingPortionAttributableToNoncontrollingInterest,StockholdersEquityIncludingPortionAttributableToNoncontrollingInterest,-40.312,-40.312,0.0,latest valid filing then configured source-tag priority,low,0001628280-26-016429,0001490281-25-000005
grpn,GRPN,2023-12-31,2023,total_equity,StockholdersEquityIncludingPortionAttributableToNoncontrollingInterest,StockholdersEquity,-40.312,-40.631,0.007913276443738902,latest valid filing then configured source-tag priority,medium,0001628280-26-016429,0001490281-24-000024
grpn,GRPN,2023-12-31,2023,total_equity,StockholdersEquityIncludingPortionAttributableToNoncontrollingInterest,StockholdersEquityIncludingPortionAttributableToNoncontrollingInterest,-40.312,-40.312,0.0,latest valid filing then configured source-tag priority,low,0001628280-26-016429,0001490281-24-000024
grpn,GRPN,2024-12-31,2024,net_income,NetIncomeLoss,ProfitLoss,-59.027,-56.514,0.04257373744218744,latest valid filing then configured source-tag priority,medium,0001628280-26-016429,0001628280-26-016429
grpn,GRPN,2024-12-31,2024,net_income,NetIncomeLoss,NetIncomeLoss,-59.027,-59.027,0.0,latest valid filing then configured source-tag priority,low,0001628280-26-016429,0001490281-25-000005
grpn,GRPN,2024-12-31,2024,net_income,NetIncomeLoss,ProfitLoss,-59.027,-56.514,0.04257373744218744,latest valid filing then configured source-tag priority,medium,0001628280-26-016429,0001490281-25-000005
grpn,GRPN,2024-12-31,2024,total_equity,StockholdersEquity,StockholdersEquityIncludingPortionAttributableToNoncontrollingInterest,40.815,41.051,0.0057821879211075395,latest valid filing then configured source-tag priority,medium,0001628280-26-016429,0001628280-26-016429
grpn,GRPN,2024-12-31,2024,total_equity,StockholdersEquity,StockholdersEquity,40.815,40.815,0.0,latest valid filing then configured source-tag priority,low,0001628280-26-016429,0001490281-25-000005
grpn,GRPN,2024-12-31,2024,total_equity,StockholdersEquity,StockholdersEquityIncludingPortionAttributableToNoncontrollingInterest,40.815,41.051,0.0057821879211075395,latest valid filing then configured source-tag priority,medium,0001628280-26-016429,0001490281-25-000005
hnst,HNST,2021-12-31,2021,net_income,NetIncomeLoss,NetIncomeLossAvailableToCommonStockholdersBasic,-38.679,-30.322,0.21606039452933123,latest valid filing then configured source-tag priority,high,0001530979-24-000028,0001530979-24-000028
hnst,HNST,2021-12-31,2021,net_income,NetIncomeLoss,NetIncomeLoss,-38.679,-38.679,0.0,latest valid filing then configured source-tag priority,low,0001530979-24-000028,0001530979-23-000038
hnst,HNST,2021-12-31,2021,net_income,NetIncomeLoss,NetIncomeLossAvailableToCommonStockholdersBasic,-38.679,-30.322,0.21606039452933123,latest valid filing then configured source-tag priority,high,0001530979-24-000028,0001530979-23-000038
hnst,HNST,2021-12-31,2021,net_income,NetIncomeLoss,NetIncomeLoss,-38.679,-38.679,0.0,latest valid filing then configured source-tag priority,low,0001530979-24-000028,0001530979-22-000024
hnst,HNST,2021-12-31,2021,net_income,NetIncomeLoss,NetIncomeLossAvailableToCommonStockholdersBasic,-38.679,-30.322,0.21606039452933123,latest valid filing then configured source-tag priority,high,0001530979-24-000028,0001530979-22-000024
love,LOVE,2018-02-04,2018,net_income,NetIncomeLoss,NetIncomeLossAvailableToCommonStockholdersBasic,-5.501798,-6.709801,0.21956513125345564,latest valid filing then configured source-tag priority,high,0001213900-19-007792,0001213900-19-007792
love,LOVE,2019-02-03,2019,net_income,NetIncomeLoss,ProfitLoss,-6.704356,-6.704356,0.0,latest valid filing then configured source-tag priority,low,0001213900-20-010439,0001213900-20-010439
love,LOVE,2019-02-03,2019,net_income,NetIncomeLoss,NetIncomeLossAvailableToCommonStockholdersBasic,-6.704356,-34.537354,4.151479724525369,latest valid filing then configured source-tag priority,high,0001213900-20-010439,0001213900-20-010439
love,LOVE,2019-02-03,2019,net_income,NetIncomeLoss,NetIncomeLoss,-6.704356,-6.704356,0.0,latest valid filing then configured source-tag priority,low,0001213900-20-010439,0001213900-19-007792
love,LOVE,2019-02-03,2019,net_income,NetIncomeLoss,NetIncomeLossAvailableToCommonStockholdersBasic,-6.704356,-34.537354,4.151479724525369,latest valid filing then configured source-tag priority,high,0001213900-20-010439,0001213900-19-007792
love,LOVE,2019-02-03,2019,total_equity,StockholdersEquityIncludingPortionAttributableToNoncontrollingInterest,StockholdersEquityIncludingPortionAttributableToNoncontrollingInterest,78.77,78.770134,1.7011552621904664e-06,latest valid filing then configured source-tag priority,low,0001628280-22-007882,0001213900-21-021548
love,LOVE,2019-02-03,2019,total_equity,StockholdersEquityIncludingPortionAttributableToNoncontrollingInterest,StockholdersEquity,78.77,78.770134,1.7011552621904664e-06,latest valid filing then configured source-tag priority,low,0001628280-22-007882,0001213900-20-010439
love,LOVE,2019-02-03,2019,total_equity,StockholdersEquityIncludingPortionAttributableToNoncontrollingInterest,StockholdersEquity,78.77,78.770134,1.7011552621904664e-06,latest valid filing then configured source-tag priority,low,0001628280-22-007882,0001213900-19-007792
love,LOVE,2020-02-02,2020,net_income,NetIncomeLoss,ProfitLoss,-15.205,-15.205,0.0,latest valid filing then configured source-tag priority,low,0001628280-22-007882,0001628280-22-007882
love,LOVE,2020-02-02,2020,net_income,NetIncomeLoss,NetIncomeLoss,-15.205,-15.205019,1.2495889510023839e-06,latest valid filing then configured source-tag priority,low,0001628280-22-007882,0001213900-21-021548
love,LOVE,2020-02-02,2020,net_income,NetIncomeLoss,ProfitLoss,-15.205,-15.205019,1.2495889510023839e-06,latest valid filing then configured source-tag priority,low,0001628280-22-007882,0001213900-21-021548
love,LOVE,2020-02-02,2020,net_income,NetIncomeLoss,NetIncomeLoss,-15.205,-15.205019,1.2495889510023839e-06,latest valid filing then configured source-tag priority,low,0001628280-22-007882,0001213900-20-010439
love,LOVE,2020-02-02,2020,net_income,NetIncomeLoss,ProfitLoss,-15.205,-15.205019,1.2495889510023839e-06,latest valid filing then configured source-tag priority,low,0001628280-22-007882,0001213900-20-010439
love,LOVE,2020-02-02,2020,net_income,NetIncomeLoss,NetIncomeLossAvailableToCommonStockholdersBasic,-15.205,-15.205019,1.2495889510023839e-06,latest valid filing then configured source-tag priority,low,0001628280-22-007882,0001213900-20-010439
love,LOVE,2020-02-02,2020,revenue,RevenueFromContractWithCustomerExcludingAssessedTax,Revenues,233.377,233.377,0.0,latest valid filing then configured source-tag priority,low,0001628280-22-007882,0001628280-22-007882
love,LOVE,2020-02-02,2020,revenue,RevenueFromContractWithCustomerExcludingAssessedTax,Revenues,233.377,233.377379,1.623981797610876e-06,latest valid filing then configured source-tag priority,low,0001628280-22-007882,0001213900-21-021548
love,LOVE,2020-02-02,2020,revenue,RevenueFromContractWithCustomerExcludingAssessedTax,Revenues,233.377,233.377379,1.623981797610876e-06,latest valid filing then configured source-tag priority,low,0001628280-22-007882,0001213900-20-010439
love,LOVE,2020-02-02,2020,total_equity,StockholdersEquityIncludingPortionAttributableToNoncontrollingInterest,StockholdersEquityIncludingPortionAttributableToNoncontrollingInterest,90.155,90.155,0.0,latest valid filing then configured source-tag priority,low,0001628280-23-040367,0001628280-23-036432
love,LOVE,2020-02-02,2020,total_equity,StockholdersEquityIncludingPortionAttributableToNoncontrollingInterest,StockholdersEquityIncludingPortionAttributableToNoncontrollingInterest,90.155,90.155,0.0,latest valid filing then configured source-tag priority,low,0001628280-23-040367,0001628280-23-009725
love,LOVE,2020-02-02,2020,total_equity,StockholdersEquityIncludingPortionAttributableToNoncontrollingInterest,StockholdersEquityIncludingPortionAttributableToNoncontrollingInterest,90.155,90.155,0.0,latest valid filing then configured source-tag priority,low,0001628280-23-040367,0001628280-22-007882
love,LOVE,2020-02-02,2020,total_equity,StockholdersEquityIncludingPortionAttributableToNoncontrollingInterest,StockholdersEquity,90.155,90.154527,5.246519882419184e-06,latest valid filing then configured source-tag priority,low,0001628280-23-040367,0001213900-21-021548
love,LOVE,2020-02-02,2020,total_equity,StockholdersEquityIncludingPortionAttributableToNoncontrollingInterest,StockholdersEquityIncludingPortionAttributableToNoncontrollingInterest,90.155,90.154527,5.246519882419184e-06,latest valid filing then configured source-tag priority,low,0001628280-23-040367,0001213900-21-021548
love,LOVE,2020-02-02,2020,total_equity,StockholdersEquityIncludingPortionAttributableToNoncontrollingInterest,StockholdersEquity,90.155,90.154527,5.246519882419184e-06,latest valid filing then configured source-tag priority,low,0001628280-23-040367,0001213900-20-010439
love,LOVE,2021-01-31,2021,net_income,NetIncomeLoss,ProfitLoss,14.727,14.727,0.0,latest valid filing then configured source-tag priority,low,0001628280-23-040367,0001628280-23-040367
love,LOVE,2021-01-31,2021,net_income,NetIncomeLoss,NetIncomeLoss,14.727,14.727,0.0,latest valid filing then configured source-tag priority,low,0001628280-23-040367,0001628280-23-036432
love,LOVE,2021-01-31,2021,net_income,NetIncomeLoss,ProfitLoss,14.727,14.727,0.0,latest valid filing then configured source-tag priority,low,0001628280-23-040367,0001628280-23-036432
love,LOVE,2021-01-31,2021,net_income,NetIncomeLoss,NetIncomeLoss,14.727,14.727,0.0,latest valid filing then configured source-tag priority,low,0001628280-23-040367,0001628280-23-009725
love,LOVE,2021-01-31,2021,net_income,NetIncomeLoss,ProfitLoss,14.727,14.727,0.0,latest valid filing then configured source-tag priority,low,0001628280-23-040367,0001628280-23-009725
love,LOVE,2021-01-31,2021,net_income,NetIncomeLoss,NetIncomeLoss,14.727,14.727,0.0,latest valid filing then configured source-tag priority,low,0001628280-23-040367,0001628280-22-007882
love,LOVE,2021-01-31,2021,net_income,NetIncomeLoss,ProfitLoss,14.727,14.727,0.0,latest valid filing then configured source-tag priority,low,0001628280-23-040367,0001628280-22-007882
love,LOVE,2021-01-31,2021,net_income,NetIncomeLoss,NetIncomeLoss,14.727,14.727147,9.981666327162305e-06,latest valid filing then configured source-tag priority,low,0001628280-23-040367,0001213900-21-021548
love,LOVE,2021-01-31,2021,net_income,NetIncomeLoss,ProfitLoss,14.727,14.727147,9.981666327162305e-06,latest valid filing then configured source-tag priority,low,0001628280-23-040367,0001213900-21-021548
love,LOVE,2021-01-31,2021,revenue,RevenueFromContractWithCustomerExcludingAssessedTax,Revenues,320.738,320.738,0.0,latest valid filing then configured source-tag priority,low,0001628280-23-040367,0001628280-23-040367
love,LOVE,2021-01-31,2021,revenue,RevenueFromContractWithCustomerExcludingAssessedTax,RevenueFromContractWithCustomerExcludingAssessedTax,320.738,320.738,0.0,latest valid filing then configured source-tag priority,low,0001628280-23-040367,0001628280-23-036432
love,LOVE,2021-01-31,2021,revenue,RevenueFromContractWithCustomerExcludingAssessedTax,Revenues,320.738,320.738,0.0,latest valid filing then configured source-tag priority,low,0001628280-23-040367,0001628280-23-036432
love,LOVE,2021-01-31,2021,revenue,RevenueFromContractWithCustomerExcludingAssessedTax,RevenueFromContractWithCustomerExcludingAssessedTax,320.738,320.738,0.0,latest valid filing then configured source-tag priority,low,0001628280-23-040367,0001628280-23-009725
love,LOVE,2021-01-31,2021,revenue,RevenueFromContractWithCustomerExcludingAssessedTax,Revenues,320.738,320.738,0.0,latest valid filing then configured source-tag priority,low,0001628280-23-040367,0001628280-23-009725
love,LOVE,2021-01-31,2021,revenue,RevenueFromContractWithCustomerExcludingAssessedTax,RevenueFromContractWithCustomerExcludingAssessedTax,320.738,320.738,0.0,latest valid filing then configured source-tag priority,low,0001628280-23-040367,0001628280-22-007882
love,LOVE,2021-01-31,2021,revenue,RevenueFromContractWithCustomerExcludingAssessedTax,Revenues,320.738,320.738,0.0,latest valid filing then configured source-tag priority,low,0001628280-23-040367,0001628280-22-007882
love,LOVE,2021-01-31,2021,revenue,RevenueFromContractWithCustomerExcludingAssessedTax,Revenues,320.738,320.73775,7.79452387911904e-07,latest valid filing then configured source-tag priority,low,0001628280-23-040367,0001213900-21-021548
love,LOVE,2021-01-31,2021,total_assets,Assets,Assets,171.019,171.018871,7.543021536517393e-07,latest valid filing then configured source-tag priority,low,0001628280-22-007882,0001213900-21-021548
love,LOVE,2021-01-31,2021,total_equity,StockholdersEquity,StockholdersEquityIncludingPortionAttributableToNoncontrollingInterest,107.946,107.946,0.0,latest valid filing then configured source-tag priority,low,0001628280-24-015804,0001628280-23-040367
love,LOVE,2021-01-31,2021,total_equity,StockholdersEquity,StockholdersEquityIncludingPortionAttributableToNoncontrollingInterest,107.946,107.946,0.0,latest valid filing then configured source-tag priority,low,0001628280-24-015804,0001628280-23-036432
love,LOVE,2021-01-31,2021,total_equity,StockholdersEquity,StockholdersEquityIncludingPortionAttributableToNoncontrollingInterest,107.946,107.946,0.0,latest valid filing then configured source-tag priority,low,0001628280-24-015804,0001628280-23-009725
love,LOVE,2021-01-31,2021,total_equity,StockholdersEquity,StockholdersEquity,107.946,107.946,0.0,latest valid filing then configured source-tag priority,low,0001628280-24-015804,0001628280-22-007882
love,LOVE,2021-01-31,2021,total_equity,StockholdersEquity,StockholdersEquityIncludingPortionAttributableToNoncontrollingInterest,107.946,107.946,0.0,latest valid filing then configured source-tag priority,low,0001628280-24-015804,0001628280-22-007882
love,LOVE,2021-01-31,2021,total_equity,StockholdersEquity,StockholdersEquity,107.946,107.946555,5.141459618750434e-06,latest valid filing then configured source-tag priority,low,0001628280-24-015804,0001213900-21-021548
love,LOVE,2021-01-31,2021,total_equity,StockholdersEquity,StockholdersEquityIncludingPortionAttributableToNoncontrollingInterest,107.946,107.946555,5.141459618750434e-06,latest valid filing then configured source-tag priority,low,0001628280-24-015804,0001213900-21-021548
love,LOVE,2022-01-30,2022,net_income,NetIncomeLoss,NetIncomeLoss,47.488,47.488,0.0,latest valid filing then configured source-tag priority,low,0001628280-24-015804,0001628280-23-040367
love,LOVE,2022-01-30,2022,net_income,NetIncomeLoss,ProfitLoss,47.488,47.488,0.0,latest valid filing then configured source-tag priority,low,0001628280-24-015804,0001628280-23-040367
love,LOVE,2022-01-30,2022,net_income,NetIncomeLoss,NetIncomeLoss,47.488,47.488,0.0,latest valid filing then configured source-tag priority,low,0001628280-24-015804,0001628280-23-036432
love,LOVE,2022-01-30,2022,net_income,NetIncomeLoss,ProfitLoss,47.488,47.488,0.0,latest valid filing then configured source-tag priority,low,0001628280-24-015804,0001628280-23-036432
love,LOVE,2022-01-30,2022,net_income,NetIncomeLoss,NetIncomeLoss,47.488,45.9,0.033440026954177915,latest valid filing then configured source-tag priority,medium,0001628280-24-015804,0001628280-23-009725
love,LOVE,2022-01-30,2022,net_income,NetIncomeLoss,ProfitLoss,47.488,45.9,0.033440026954177915,latest valid filing then configured source-tag priority,medium,0001628280-24-015804,0001628280-23-009725
love,LOVE,2022-01-30,2022,net_income,NetIncomeLoss,NetIncomeLoss,47.488,45.9,0.033440026954177915,latest valid filing then configured source-tag priority,medium,0001628280-24-015804,0001628280-22-007882
love,LOVE,2022-01-30,2022,net_income,NetIncomeLoss,ProfitLoss,47.488,45.9,0.033440026954177915,latest valid filing then configured source-tag priority,medium,0001628280-24-015804,0001628280-22-007882
love,LOVE,2022-01-30,2022,total_assets,Assets,Assets,369.084,369.084,0.0,latest valid filing then configured source-tag priority,low,0001628280-23-040367,0001628280-23-036432
love,LOVE,2022-01-30,2022,total_assets,Assets,Assets,369.084,371.579,0.006759978758223073,latest valid filing then configured source-tag priority,medium,0001628280-23-040367,0001628280-23-009725
love,LOVE,2022-01-30,2022,total_assets,Assets,Assets,369.084,371.579,0.006759978758223073,latest valid filing then configured source-tag priority,medium,0001628280-23-040367,0001628280-22-007882
love,LOVE,2022-01-30,2022,total_equity,StockholdersEquity,StockholdersEquity,157.814,157.814,0.0,latest valid filing then configured source-tag priority,low,0001628280-25-017241,0001628280-24-015804
love,LOVE,2022-01-30,2022,total_equity,StockholdersEquity,StockholdersEquity,157.814,157.814,0.0,latest valid filing then configured source-tag priority,low,0001628280-25-017241,0001628280-23-040367
love,LOVE,2022-01-30,2022,total_equity,StockholdersEquity,StockholdersEquityIncludingPortionAttributableToNoncontrollingInterest,157.814,157.814,0.0,latest valid filing then configured source-tag priority,low,0001628280-25-017241,0001628280-23-040367
love,LOVE,2022-01-30,2022,total_equity,StockholdersEquity,StockholdersEquity,157.814,157.814,0.0,latest valid filing then configured source-tag priority,low,0001628280-25-017241,0001628280-23-036432
love,LOVE,2022-01-30,2022,total_equity,StockholdersEquity,StockholdersEquityIncludingPortionAttributableToNoncontrollingInterest,157.814,157.814,0.0,latest valid filing then configured source-tag priority,low,0001628280-25-017241,0001628280-23-036432
love,LOVE,2022-01-30,2022,total_equity,StockholdersEquity,StockholdersEquity,157.814,156.226,0.01006247861406462,latest valid filing then configured source-tag priority,medium,0001628280-25-017241,0001628280-23-009725
love,LOVE,2022-01-30,2022,total_equity,StockholdersEquity,StockholdersEquityIncludingPortionAttributableToNoncontrollingInterest,157.814,156.226,0.01006247861406462,latest valid filing then configured source-tag priority,medium,0001628280-25-017241,0001628280-23-009725
love,LOVE,2022-01-30,2022,total_equity,StockholdersEquity,StockholdersEquity,157.814,156.226,0.01006247861406462,latest valid filing then configured source-tag priority,medium,0001628280-25-017241,0001628280-22-007882
love,LOVE,2022-01-30,2022,total_equity,StockholdersEquity,StockholdersEquityIncludingPortionAttributableToNoncontrollingInterest,157.814,156.226,0.01006247861406462,latest valid filing then configured source-tag priority,medium,0001628280-25-017241,0001628280-22-007882
love,LOVE,2023-01-29,2023,net_income,NetIncomeLoss,NetIncomeLoss,26.488,26.488,0.0,latest valid filing then configured source-tag priority,low,0001628280-25-017241,0001628280-24-015804
love,LOVE,2023-01-29,2023,net_income,NetIncomeLoss,NetIncomeLoss,26.488,26.488,0.0,latest valid filing then configured source-tag priority,low,0001628280-25-017241,0001628280-23-040367
love,LOVE,2023-01-29,2023,net_income,NetIncomeLoss,ProfitLoss,26.488,26.488,0.0,latest valid filing then configured source-tag priority,low,0001628280-25-017241,0001628280-23-040367
love,LOVE,2023-01-29,2023,net_income,NetIncomeLoss,NetIncomeLoss,26.488,26.488,0.0,latest valid filing then configured source-tag priority,low,0001628280-25-017241,0001628280-23-036432
love,LOVE,2023-01-29,2023,net_income,NetIncomeLoss,ProfitLoss,26.488,26.488,0.0,latest valid filing then configured source-tag priority,low,0001628280-25-017241,0001628280-23-036432
love,LOVE,2023-01-29,2023,net_income,NetIncomeLoss,NetIncomeLoss,26.488,28.242,0.06621866505587441,latest valid filing then configured source-tag priority,high,0001628280-25-017241,0001628280-23-009725
love,LOVE,2023-01-29,2023,net_income,NetIncomeLoss,ProfitLoss,26.488,28.242,0.06621866505587441,latest valid filing then configured source-tag priority,high,0001628280-25-017241,0001628280-23-009725
love,LOVE,2023-01-29,2023,revenue,RevenueFromContractWithCustomerExcludingAssessedTax,Revenues,651.179,651.179,0.0,latest valid filing then configured source-tag priority,low,0001628280-25-017241,0001628280-25-017241
love,LOVE,2023-01-29,2023,revenue,RevenueFromContractWithCustomerExcludingAssessedTax,RevenueFromContractWithCustomerExcludingAssessedTax,651.179,651.179,0.0,latest valid filing then configured source-tag priority,low,0001628280-25-017241,0001628280-24-015804
love,LOVE,2023-01-29,2023,revenue,RevenueFromContractWithCustomerExcludingAssessedTax,Revenues,651.179,651.179,0.0,latest valid filing then configured source-tag priority,low,0001628280-25-017241,0001628280-24-015804
love,LOVE,2023-01-29,2023,revenue,RevenueFromContractWithCustomerExcludingAssessedTax,RevenueFromContractWithCustomerExcludingAssessedTax,651.179,651.179,0.0,latest valid filing then configured source-tag priority,low,0001628280-25-017241,0001628280-23-040367
love,LOVE,2023-01-29,2023,revenue,RevenueFromContractWithCustomerExcludingAssessedTax,Revenues,651.179,651.179,0.0,latest valid filing then configured source-tag priority,low,0001628280-25-017241,0001628280-23-040367
love,LOVE,2023-01-29,2023,revenue,RevenueFromContractWithCustomerExcludingAssessedTax,RevenueFromContractWithCustomerExcludingAssessedTax,651.179,651.179,0.0,latest valid filing then configured source-tag priority,low,0001628280-25-017241,0001628280-23-036432
love,LOVE,2023-01-29,2023,revenue,RevenueFromContractWithCustomerExcludingAssessedTax,Revenues,651.179,651.179,0.0,latest valid filing then configured source-tag priority,low,0001628280-25-017241,0001628280-23-036432
love,LOVE,2023-01-29,2023,revenue,RevenueFromContractWithCustomerExcludingAssessedTax,RevenueFromContractWithCustomerExcludingAssessedTax,651.179,651.545,0.000562057437355912,latest valid filing then configured source-tag priority,low,0001628280-25-017241,0001628280-23-009725
love,LOVE,2023-01-29,2023,revenue,RevenueFromContractWithCustomerExcludingAssessedTax,Revenues,651.179,651.545,0.000562057437355912,latest valid filing then configured source-tag priority,low,0001628280-25-017241,0001628280-23-009725
love,LOVE,2023-01-29,2023,total_assets,Assets,Assets,408.626,408.626,0.0,latest valid filing then configured source-tag priority,low,0001628280-24-015804,0001628280-23-040367
love,LOVE,2023-01-29,2023,total_assets,Assets,Assets,408.626,408.626,0.0,latest valid filing then configured source-tag priority,low,0001628280-24-015804,0001628280-23-036432
love,LOVE,2023-01-29,2023,total_assets,Assets,Assets,408.626,418.054,0.023072442771629797,latest valid filing then configured source-tag priority,medium,0001628280-24-015804,0001628280-23-009725
love,LOVE,2023-01-29,2023,total_equity,StockholdersEquity,StockholdersEquity,193.094,193.094,0.0,latest valid filing then configured source-tag priority,low,0001628280-26-022929,0001628280-25-017241
love,LOVE,2023-01-29,2023,total_equity,StockholdersEquity,StockholdersEquity,193.094,193.094,0.0,latest valid filing then configured source-tag priority,low,0001628280-26-022929,0001628280-24-015804
love,LOVE,2023-01-29,2023,total_equity,StockholdersEquity,StockholdersEquity,193.094,193.094,0.0,latest valid filing then configured source-tag priority,low,0001628280-26-022929,0001628280-23-040367
love,LOVE,2023-01-29,2023,total_equity,StockholdersEquity,StockholdersEquityIncludingPortionAttributableToNoncontrollingInterest,193.094,193.094,0.0,latest valid filing then configured source-tag priority,low,0001628280-26-022929,0001628280-23-040367
love,LOVE,2023-01-29,2023,total_equity,StockholdersEquity,StockholdersEquity,193.094,193.094,0.0,latest valid filing then configured source-tag priority,low,0001628280-26-022929,0001628280-23-036432
love,LOVE,2023-01-29,2023,total_equity,StockholdersEquity,StockholdersEquityIncludingPortionAttributableToNoncontrollingInterest,193.094,193.094,0.0,latest valid filing then configured source-tag priority,low,0001628280-26-022929,0001628280-23-036432
love,LOVE,2023-01-29,2023,total_equity,StockholdersEquity,StockholdersEquity,193.094,193.26,0.0008596849202978696,latest valid filing then configured source-tag priority,low,0001628280-26-022929,0001628280-23-009725
love,LOVE,2023-01-29,2023,total_equity,StockholdersEquity,StockholdersEquityIncludingPortionAttributableToNoncontrollingInterest,193.094,193.26,0.0008596849202978696,latest valid filing then configured source-tag priority,low,0001628280-26-022929,0001628280-23-009725
me,ME,2023-03-31,2023,net_income,NetIncomeLoss,NetIncomeLoss,-311.66,-311.656,1.283449913373259e-05,latest valid filing then configured source-tag priority,low,0001193125-25-165458,0001628280-25-030786
me,ME,2023-03-31,2023,net_income,NetIncomeLoss,NetIncomeLoss,-311.66,-311.656,1.283449913373259e-05,latest valid filing then configured source-tag priority,low,0001193125-25-165458,0001804591-24-000038
me,ME,2023-03-31,2023,net_income,NetIncomeLoss,NetIncomeLoss,-311.66,-311.656,1.283449913373259e-05,latest valid filing then configured source-tag priority,low,0001193125-25-165458,0000950170-23-024232
me,ME,2023-03-31,2023,net_income,NetIncomeLoss,ProfitLoss,-311.66,-311.656,1.283449913373259e-05,latest valid filing then configured source-tag priority,low,0001193125-25-165458,0000950170-23-024232
me,ME,2024-03-31,2024,net_income,NetIncomeLoss,NetIncomeLoss,-666.7,-666.704,5.999700014857376e-06,latest valid filing then configured source-tag priority,low,0001193125-25-165458,0001628280-25-030786
me,ME,2024-03-31,2024,net_income,NetIncomeLoss,NetIncomeLoss,-666.7,-666.704,5.999700014857376e-06,latest valid filing then configured source-tag priority,low,0001193125-25-165458,0001804591-24-000038
posh,POSH,2018-12-31,2018,total_equity,StockholdersEquity,StockholdersEquity,-86.741,-86.775,0.00039197150136620546,latest valid filing then configured source-tag priority,low,0000950170-22-005057,0001564590-21-014879
posh,POSH,2019-12-31,2019,net_income,NetIncomeLoss,ProfitLoss,-47.724,-47.724,0.0,latest valid filing then configured source-tag priority,low,0000950170-22-005057,0000950170-22-005057
posh,POSH,2019-12-31,2019,net_income,NetIncomeLoss,NetIncomeLossAvailableToCommonStockholdersBasic,-47.724,-47.724,0.0,latest valid filing then configured source-tag priority,low,0000950170-22-005057,0000950170-22-005057
posh,POSH,2019-12-31,2019,net_income,NetIncomeLoss,NetIncomeLoss,-47.724,-48.692,0.020283295616461396,latest valid filing then configured source-tag priority,medium,0000950170-22-005057,0001564590-21-014879
posh,POSH,2019-12-31,2019,net_income,NetIncomeLoss,ProfitLoss,-47.724,-48.692,0.020283295616461396,latest valid filing then configured source-tag priority,medium,0000950170-22-005057,0001564590-21-014879
posh,POSH,2019-12-31,2019,net_income,NetIncomeLoss,NetIncomeLossAvailableToCommonStockholdersBasic,-47.724,-48.692,0.020283295616461396,latest valid filing then configured source-tag priority,medium,0000950170-22-005057,0001564590-21-014879
posh,POSH,2019-12-31,2019,revenue,RevenueFromContractWithCustomerExcludingAssessedTax,RevenueFromContractWithCustomerExcludingAssessedTax,204.983,205.225,0.001180585707107371,latest valid filing then configured source-tag priority,low,0000950170-22-005057,0001564590-21-014879
posh,POSH,2019-12-31,2019,total_equity,StockholdersEquity,StockholdersEquity,-123.785,-124.787,0.008094680292442619,latest valid filing then configured source-tag priority,medium,0000950170-22-005057,0001564590-21-014879
posh,POSH,2020-12-31,2020,net_income,NetIncomeLoss,ProfitLoss,18.846,18.846,0.0,latest valid filing then configured source-tag priority,low,0000950170-22-005057,0000950170-22-005057
posh,POSH,2020-12-31,2020,net_income,NetIncomeLoss,NetIncomeLossAvailableToCommonStockholdersBasic,18.846,6.07,0.6779157380876578,latest valid filing then configured source-tag priority,high,0000950170-22-005057,0000950170-22-005057
posh,POSH,2020-12-31,2020,net_income,NetIncomeLoss,NetIncomeLoss,18.846,16.845,0.10617637695001599,latest valid filing then configured source-tag priority,high,0000950170-22-005057,0001564590-21-014879
posh,POSH,2020-12-31,2020,net_income,NetIncomeLoss,ProfitLoss,18.846,16.845,0.10617637695001599,latest valid filing then configured source-tag priority,high,0000950170-22-005057,0001564590-21-014879
posh,POSH,2020-12-31,2020,net_income,NetIncomeLoss,NetIncomeLossAvailableToCommonStockholdersBasic,18.846,4.069,0.7840921150376738,latest valid filing then configured source-tag priority,high,0000950170-22-005057,0001564590-21-014879
posh,POSH,2020-12-31,2020,revenue,RevenueFromContractWithCustomerExcludingAssessedTax,RevenueFromContractWithCustomerExcludingAssessedTax,261.601,262.077,0.0018195649099200656,latest valid filing then configured source-tag priority,low,0000950170-22-005057,0001564590-21-014879
posh,POSH,2020-12-31,2020,total_assets,Assets,Assets,288.502,285.434,0.010634241703696971,latest valid filing then configured source-tag priority,medium,0000950170-22-005057,0001564590-21-014879
posh,POSH,2020-12-31,2020,total_equity,StockholdersEquity,StockholdersEquity,-96.779,-99.782,0.03102945887020945,latest valid filing then configured source-tag priority,medium,0000950170-22-005057,0001564590-21-014879
prpl,PRPL,2017-12-31,2017,net_income,NetIncomeLoss,ProfitLoss,-8.819,-8.819,0.0,latest valid filing then configured source-tag priority,low,0001213900-19-004081,0001213900-19-004081
prpl,PRPL,2017-12-31,2017,net_income,NetIncomeLoss,NetIncomeLoss,-8.819,0.803,1.091053407415807,latest valid filing then configured source-tag priority,high,0001213900-19-004081,0001213900-18-001126
prpl,PRPL,2017-12-31,2017,total_assets,Assets,Assets,37.661,122.281,2.246886699768992,latest valid filing then configured source-tag priority,high,0001213900-19-004081,0001213900-18-001126
prpl,PRPL,2017-12-31,2017,total_equity,StockholdersEquityIncludingPortionAttributableToNoncontrollingInterest,StockholdersEquityIncludingPortionAttributableToNoncontrollingInterest,-13.919,-13.919,0.0,latest valid filing then configured source-tag priority,low,0001213900-20-005734,0001213900-19-004081
prpl,PRPL,2017-12-31,2017,total_equity,StockholdersEquityIncludingPortionAttributableToNoncontrollingInterest,StockholdersEquity,-13.919,5.0,1.3592212084201452,latest valid filing then configured source-tag priority,high,0001213900-20-005734,0001213900-18-001126
prpl,PRPL,2018-12-31,2018,net_income,NetIncomeLoss,ProfitLoss,-4.322,-19.614,3.538176770013883,latest valid filing then configured source-tag priority,high,0001213900-20-005734,0001213900-20-005734
prpl,PRPL,2018-12-31,2018,net_income,NetIncomeLoss,NetIncomeLoss,-4.322,-4.322,0.0,latest valid filing then configured source-tag priority,low,0001213900-20-005734,0001213900-19-004081
prpl,PRPL,2018-12-31,2018,net_income,NetIncomeLoss,ProfitLoss,-4.322,-19.614,3.538176770013883,latest valid filing then configured source-tag priority,high,0001213900-20-005734,0001213900-19-004081
prpl,PRPL,2018-12-31,2018,total_equity,StockholdersEquityIncludingPortionAttributableToNoncontrollingInterest,StockholdersEquityIncludingPortionAttributableToNoncontrollingInterest,-7.273,-2.011,0.7234978688299188,latest valid filing then configured source-tag priority,high,0001213900-22-010057,0001213900-21-025411
prpl,PRPL,2018-12-31,2018,total_equity,StockholdersEquityIncludingPortionAttributableToNoncontrollingInterest,StockholdersEquityIncludingPortionAttributableToNoncontrollingInterest,-7.273,-2.011,0.7234978688299188,latest valid filing then configured source-tag priority,high,0001213900-22-010057,0001213900-21-014856
prpl,PRPL,2018-12-31,2018,total_equity,StockholdersEquityIncludingPortionAttributableToNoncontrollingInterest,StockholdersEquity,-7.273,-0.662,0.9089784133095009,latest valid filing then configured source-tag priority,high,0001213900-22-010057,0001213900-20-005734
prpl,PRPL,2018-12-31,2018,total_equity,StockholdersEquityIncludingPortionAttributableToNoncontrollingInterest,StockholdersEquityIncludingPortionAttributableToNoncontrollingInterest,-7.273,-2.011,0.7234978688299188,latest valid filing then configured source-tag priority,high,0001213900-22-010057,0001213900-20-005734
prpl,PRPL,2018-12-31,2018,total_equity,StockholdersEquityIncludingPortionAttributableToNoncontrollingInterest,StockholdersEquity,-7.273,-0.662,0.9089784133095009,latest valid filing then configured source-tag priority,high,0001213900-22-010057,0001213900-19-004081
prpl,PRPL,2018-12-31,2018,total_equity,StockholdersEquityIncludingPortionAttributableToNoncontrollingInterest,StockholdersEquityIncludingPortionAttributableToNoncontrollingInterest,-7.273,-2.011,0.7234978688299188,latest valid filing then configured source-tag priority,high,0001213900-22-010057,0001213900-19-004081
prpl,PRPL,2019-12-31,2019,net_income,NetIncomeLoss,ProfitLoss,-22.573,-30.925,0.3699995569928676,latest valid filing then configured source-tag priority,high,0001213900-22-010057,0001213900-22-010057
prpl,PRPL,2019-12-31,2019,net_income,NetIncomeLoss,NetIncomeLossAvailableToCommonStockholdersBasic,-22.573,-22.573,0.0,latest valid filing then configured source-tag priority,low,0001213900-22-010057,0001213900-22-010057
prpl,PRPL,2019-12-31,2019,net_income,NetIncomeLoss,NetIncomeLoss,-22.573,-22.573,0.0,latest valid filing then configured source-tag priority,low,0001213900-22-010057,0001213900-21-025411
prpl,PRPL,2019-12-31,2019,net_income,NetIncomeLoss,ProfitLoss,-22.573,-30.925,0.3699995569928676,latest valid filing then configured source-tag priority,high,0001213900-22-010057,0001213900-21-025411
prpl,PRPL,2019-12-31,2019,net_income,NetIncomeLoss,NetIncomeLoss,-22.573,-4.027,0.8216010277765472,latest valid filing then configured source-tag priority,high,0001213900-22-010057,0001213900-21-014856
prpl,PRPL,2019-12-31,2019,net_income,NetIncomeLoss,ProfitLoss,-22.573,-12.379,0.4516014707836796,latest valid filing then configured source-tag priority,high,0001213900-22-010057,0001213900-21-014856
prpl,PRPL,2019-12-31,2019,net_income,NetIncomeLoss,NetIncomeLoss,-22.573,-4.027,0.8216010277765472,latest valid filing then configured source-tag priority,high,0001213900-22-010057,0001213900-20-005734
prpl,PRPL,2019-12-31,2019,net_income,NetIncomeLoss,ProfitLoss,-22.573,-12.379,0.4516014707836796,latest valid filing then configured source-tag priority,high,0001213900-22-010057,0001213900-20-005734
prpl,PRPL,2019-12-31,2019,total_equity,StockholdersEquityIncludingPortionAttributableToNoncontrollingInterest,StockholdersEquityIncludingPortionAttributableToNoncontrollingInterest,-28.54,-28.54,0.0,latest valid filing then configured source-tag priority,low,0001213900-23-021852,0001213900-22-010057
prpl,PRPL,2019-12-31,2019,total_equity,StockholdersEquityIncludingPortionAttributableToNoncontrollingInterest,StockholdersEquity,-28.54,-26.162,0.08332165381920113,latest valid filing then configured source-tag priority,high,0001213900-23-021852,0001213900-21-025411
prpl,PRPL,2019-12-31,2019,total_equity,StockholdersEquityIncludingPortionAttributableToNoncontrollingInterest,StockholdersEquityIncludingPortionAttributableToNoncontrollingInterest,-28.54,-28.54,0.0,latest valid filing then configured source-tag priority,low,0001213900-23-021852,0001213900-21-025411
prpl,PRPL,2019-12-31,2019,total_equity,StockholdersEquityIncludingPortionAttributableToNoncontrollingInterest,StockholdersEquity,-28.54,-2.354,0.9175192711983182,latest valid filing then configured source-tag priority,high,0001213900-23-021852,0001213900-21-014856
prpl,PRPL,2019-12-31,2019,total_equity,StockholdersEquityIncludingPortionAttributableToNoncontrollingInterest,StockholdersEquityIncludingPortionAttributableToNoncontrollingInterest,-28.54,-4.732,0.834197617379117,latest valid filing then configured source-tag priority,high,0001213900-23-021852,0001213900-21-014856
prpl,PRPL,2019-12-31,2019,total_equity,StockholdersEquityIncludingPortionAttributableToNoncontrollingInterest,StockholdersEquity,-28.54,-2.354,0.9175192711983182,latest valid filing then configured source-tag priority,high,0001213900-23-021852,0001213900-20-005734
prpl,PRPL,2019-12-31,2019,total_equity,StockholdersEquityIncludingPortionAttributableToNoncontrollingInterest,StockholdersEquityIncludingPortionAttributableToNoncontrollingInterest,-28.54,-4.732,0.834197617379117,latest valid filing then configured source-tag priority,high,0001213900-23-021852,0001213900-20-005734
prpl,PRPL,2020-12-31,2020,net_income,NetIncomeLoss,ProfitLoss,-236.867,-229.78,0.02991974399135375,latest valid filing then configured source-tag priority,medium,0001213900-23-021852,0001213900-23-021852
prpl,PRPL,2020-12-31,2020,net_income,NetIncomeLoss,NetIncomeLossAvailableToCommonStockholdersBasic,-236.867,-236.867,0.0,latest valid filing then configured source-tag priority,low,0001213900-23-021852,0001213900-23-021852
prpl,PRPL,2020-12-31,2020,net_income,NetIncomeLoss,NetIncomeLoss,-236.867,-236.867,0.0,latest valid filing then configured source-tag priority,low,0001213900-23-021852,0001213900-22-010057
prpl,PRPL,2020-12-31,2020,net_income,NetIncomeLoss,ProfitLoss,-236.867,-229.78,0.02991974399135375,latest valid filing then configured source-tag priority,medium,0001213900-23-021852,0001213900-22-010057
prpl,PRPL,2020-12-31,2020,net_income,NetIncomeLoss,NetIncomeLossAvailableToCommonStockholdersBasic,-236.867,-236.867,0.0,latest valid filing then configured source-tag priority,low,0001213900-23-021852,0001213900-22-010057
prpl,PRPL,2020-12-31,2020,net_income,NetIncomeLoss,NetIncomeLoss,-236.867,-236.867,0.0,latest valid filing then configured source-tag priority,low,0001213900-23-021852,0001213900-21-025411
prpl,PRPL,2020-12-31,2020,net_income,NetIncomeLoss,ProfitLoss,-236.867,-229.78,0.02991974399135375,latest valid filing then configured source-tag priority,medium,0001213900-23-021852,0001213900-21-025411
prpl,PRPL,2020-12-31,2020,net_income,NetIncomeLoss,NetIncomeLoss,-236.867,3.788,1.015992096830711,latest valid filing then configured source-tag priority,high,0001213900-23-021852,0001213900-21-014856
prpl,PRPL,2020-12-31,2020,net_income,NetIncomeLoss,ProfitLoss,-236.867,10.875,1.0459118408220647,latest valid filing then configured source-tag priority,high,0001213900-23-021852,0001213900-21-014856
prpl,PRPL,2020-12-31,2020,total_equity,StockholdersEquityIncludingPortionAttributableToNoncontrollingInterest,StockholdersEquityIncludingPortionAttributableToNoncontrollingInterest,67.541,67.541,0.0,latest valid filing then configured source-tag priority,low,0001213900-24-021861,0001213900-23-021852
prpl,PRPL,2020-12-31,2020,total_equity,StockholdersEquityIncludingPortionAttributableToNoncontrollingInterest,StockholdersEquity,67.541,67.197,0.005093202647280823,latest valid filing then configured source-tag priority,medium,0001213900-24-021861,0001213900-22-010057
prpl,PRPL,2020-12-31,2020,total_equity,StockholdersEquityIncludingPortionAttributableToNoncontrollingInterest,StockholdersEquityIncludingPortionAttributableToNoncontrollingInterest,67.541,67.541,0.0,latest valid filing then configured source-tag priority,low,0001213900-24-021861,0001213900-22-010057
prpl,PRPL,2020-12-31,2020,total_equity,StockholdersEquityIncludingPortionAttributableToNoncontrollingInterest,StockholdersEquity,67.541,67.197,0.005093202647280823,latest valid filing then configured source-tag priority,medium,0001213900-24-021861,0001213900-21-025411
prpl,PRPL,2020-12-31,2020,total_equity,StockholdersEquityIncludingPortionAttributableToNoncontrollingInterest,StockholdersEquityIncludingPortionAttributableToNoncontrollingInterest,67.541,67.541,0.0,latest valid filing then configured source-tag priority,low,0001213900-24-021861,0001213900-21-025411
prpl,PRPL,2020-12-31,2020,total_equity,StockholdersEquityIncludingPortionAttributableToNoncontrollingInterest,StockholdersEquity,67.541,159.905,1.3675249107949248,latest valid filing then configured source-tag priority,high,0001213900-24-021861,0001213900-21-014856
prpl,PRPL,2020-12-31,2020,total_equity,StockholdersEquityIncludingPortionAttributableToNoncontrollingInterest,StockholdersEquityIncludingPortionAttributableToNoncontrollingInterest,67.541,160.249,1.3726181134422055,latest valid filing then configured source-tag priority,high,0001213900-24-021861,0001213900-21-014856
prpl,PRPL,2021-12-31,2021,net_income,NetIncomeLoss,ProfitLoss,3.114,2.948,0.05330764290301861,latest valid filing then configured source-tag priority,high,0001213900-24-021861,0001213900-24-021861
prpl,PRPL,2021-12-31,2021,net_income,NetIncomeLoss,NetIncomeLoss,3.114,4.031,0.2944765574823378,latest valid filing then configured source-tag priority,high,0001213900-24-021861,0001213900-23-021852
prpl,PRPL,2021-12-31,2021,net_income,NetIncomeLoss,ProfitLoss,3.114,3.871,0.24309569685292234,latest valid filing then configured source-tag priority,high,0001213900-24-021861,0001213900-23-021852
prpl,PRPL,2021-12-31,2021,net_income,NetIncomeLoss,NetIncomeLossAvailableToCommonStockholdersBasic,3.114,4.031,0.2944765574823378,latest valid filing then configured source-tag priority,high,0001213900-24-021861,0001213900-23-021852
prpl,PRPL,2021-12-31,2021,net_income,NetIncomeLoss,NetIncomeLoss,3.114,4.031,0.2944765574823378,latest valid filing then configured source-tag priority,high,0001213900-24-021861,0001213900-22-010057
prpl,PRPL,2021-12-31,2021,net_income,NetIncomeLoss,ProfitLoss,3.114,3.871,0.24309569685292234,latest valid filing then configured source-tag priority,high,0001213900-24-021861,0001213900-22-010057
prpl,PRPL,2021-12-31,2021,net_income,NetIncomeLoss,NetIncomeLossAvailableToCommonStockholdersBasic,3.114,4.031,0.2944765574823378,latest valid filing then configured source-tag priority,high,0001213900-24-021861,0001213900-22-010057
prpl,PRPL,2021-12-31,2021,revenue,Revenues,Revenues,724.999,726.227,0.0016937954397177814,latest valid filing then configured source-tag priority,low,0001213900-24-021861,0001213900-23-021852
prpl,PRPL,2021-12-31,2021,revenue,Revenues,Revenues,724.999,726.227,0.0016937954397177814,latest valid filing then configured source-tag priority,low,0001213900-24-021861,0001213900-22-010057
prpl,PRPL,2021-12-31,2021,total_equity,StockholdersEquityIncludingPortionAttributableToNoncontrollingInterest,StockholdersEquityIncludingPortionAttributableToNoncontrollingInterest,145.618,145.618,0.0,latest valid filing then configured source-tag priority,low,0001213900-25-023815,0001213900-24-021861
prpl,PRPL,2021-12-31,2021,total_equity,StockholdersEquityIncludingPortionAttributableToNoncontrollingInterest,StockholdersEquity,145.618,145.773,0.0010644288480819758,latest valid filing then configured source-tag priority,low,0001213900-25-023815,0001213900-23-021852
prpl,PRPL,2021-12-31,2021,total_equity,StockholdersEquityIncludingPortionAttributableToNoncontrollingInterest,StockholdersEquityIncludingPortionAttributableToNoncontrollingInterest,145.618,146.541,0.00633850210825586,latest valid filing then configured source-tag priority,medium,0001213900-25-023815,0001213900-23-021852
prpl,PRPL,2021-12-31,2021,total_equity,StockholdersEquityIncludingPortionAttributableToNoncontrollingInterest,StockholdersEquity,145.618,145.773,0.0010644288480819758,latest valid filing then configured source-tag priority,low,0001213900-25-023815,0001213900-22-010057
prpl,PRPL,2021-12-31,2021,total_equity,StockholdersEquityIncludingPortionAttributableToNoncontrollingInterest,StockholdersEquityIncludingPortionAttributableToNoncontrollingInterest,145.618,146.541,0.00633850210825586,latest valid filing then configured source-tag priority,medium,0001213900-25-023815,0001213900-22-010057
prpl,PRPL,2022-12-31,2022,net_income,NetIncomeLoss,ProfitLoss,-92.47,-92.723,0.0027360224937817684,latest valid filing then configured source-tag priority,low,0001213900-25-023815,0001213900-25-023815
prpl,PRPL,2022-12-31,2022,net_income,NetIncomeLoss,NetIncomeLossAvailableToCommonStockholdersBasic,-92.47,92.47,2.0,latest valid filing then configured source-tag priority,high,0001213900-25-023815,0001213900-25-023815
prpl,PRPL,2022-12-31,2022,net_income,NetIncomeLoss,NetIncomeLoss,-92.47,-92.47,0.0,latest valid filing then configured source-tag priority,low,0001213900-25-023815,0001213900-24-021861
prpl,PRPL,2022-12-31,2022,net_income,NetIncomeLoss,ProfitLoss,-92.47,-92.723,0.0027360224937817684,latest valid filing then configured source-tag priority,low,0001213900-25-023815,0001213900-24-021861
prpl,PRPL,2022-12-31,2022,net_income,NetIncomeLoss,NetIncomeLoss,-92.47,-89.689,0.030074618795285023,latest valid filing then configured source-tag priority,medium,0001213900-25-023815,0001213900-23-021852
prpl,PRPL,2022-12-31,2022,net_income,NetIncomeLoss,ProfitLoss,-92.47,-89.927,0.02750081107386171,latest valid filing then configured source-tag priority,medium,0001213900-25-023815,0001213900-23-021852
prpl,PRPL,2022-12-31,2022,net_income,NetIncomeLoss,NetIncomeLossAvailableToCommonStockholdersBasic,-92.47,-89.689,0.030074618795285023,latest valid filing then configured source-tag priority,medium,0001213900-25-023815,0001213900-23-021852
prpl,PRPL,2022-12-31,2022,revenue,Revenues,Revenues,573.201,573.201,0.0,latest valid filing then configured source-tag priority,low,0001213900-25-023815,0001213900-24-021861
prpl,PRPL,2022-12-31,2022,revenue,Revenues,Revenues,573.201,575.692,0.0043457705063319595,latest valid filing then configured source-tag priority,low,0001213900-25-023815,0001213900-23-021852
prpl,PRPL,2022-12-31,2022,total_equity,StockholdersEquityIncludingPortionAttributableToNoncontrollingInterest,StockholdersEquityIncludingPortionAttributableToNoncontrollingInterest,175.171,175.171,0.0,latest valid filing then configured source-tag priority,low,0001213900-26-036974,0001213900-25-023815
prpl,PRPL,2022-12-31,2022,total_equity,StockholdersEquityIncludingPortionAttributableToNoncontrollingInterest,StockholdersEquity,175.171,174.263,0.005183506402315378,latest valid filing then configured source-tag priority,medium,0001213900-26-036974,0001213900-24-021861
prpl,PRPL,2022-12-31,2022,total_equity,StockholdersEquityIncludingPortionAttributableToNoncontrollingInterest,StockholdersEquityIncludingPortionAttributableToNoncontrollingInterest,175.171,175.171,0.0,latest valid filing then configured source-tag priority,low,0001213900-26-036974,0001213900-24-021861
prpl,PRPL,2022-12-31,2022,total_equity,StockholdersEquityIncludingPortionAttributableToNoncontrollingInterest,StockholdersEquity,175.171,177.961,0.015927293901387904,latest valid filing then configured source-tag priority,medium,0001213900-26-036974,0001213900-23-021852
prpl,PRPL,2022-12-31,2022,total_equity,StockholdersEquityIncludingPortionAttributableToNoncontrollingInterest,StockholdersEquityIncludingPortionAttributableToNoncontrollingInterest,175.171,178.89,0.021230683161025478,latest valid filing then configured source-tag priority,medium,0001213900-26-036974,0001213900-23-021852
prpl,PRPL,2023-12-31,2023,net_income,NetIncomeLoss,ProfitLoss,-120.757,-121.215,0.00379274079349436,latest valid filing then configured source-tag priority,low,0001213900-26-036974,0001213900-26-036974
prpl,PRPL,2023-12-31,2023,net_income,NetIncomeLoss,NetIncomeLossAvailableToCommonStockholdersBasic,-120.757,-120.757,0.0,latest valid filing then configured source-tag priority,low,0001213900-26-036974,0001213900-26-036974
prpl,PRPL,2023-12-31,2023,net_income,NetIncomeLoss,NetIncomeLoss,-120.757,-120.757,0.0,latest valid filing then configured source-tag priority,low,0001213900-26-036974,0001213900-25-023815
prpl,PRPL,2023-12-31,2023,net_income,NetIncomeLoss,ProfitLoss,-120.757,-121.215,0.00379274079349436,latest valid filing then configured source-tag priority,low,0001213900-26-036974,0001213900-25-023815
prpl,PRPL,2023-12-31,2023,net_income,NetIncomeLoss,NetIncomeLossAvailableToCommonStockholdersBasic,-120.757,120.757,2.0,latest valid filing then configured source-tag priority,high,0001213900-26-036974,0001213900-25-023815
prpl,PRPL,2023-12-31,2023,net_income,NetIncomeLoss,NetIncomeLoss,-120.757,-120.757,0.0,latest valid filing then configured source-tag priority,low,0001213900-26-036974,0001213900-24-021861
prpl,PRPL,2023-12-31,2023,net_income,NetIncomeLoss,ProfitLoss,-120.757,-121.215,0.00379274079349436,latest valid filing then configured source-tag priority,low,0001213900-26-036974,0001213900-24-021861
prpl,PRPL,2023-12-31,2023,total_equity,StockholdersEquityIncludingPortionAttributableToNoncontrollingInterest,StockholdersEquity,115.607,115.422,0.0016002491198630038,latest valid filing then configured source-tag priority,low,0001213900-26-036974,0001213900-25-023815
prpl,PRPL,2023-12-31,2023,total_equity,StockholdersEquityIncludingPortionAttributableToNoncontrollingInterest,StockholdersEquityIncludingPortionAttributableToNoncontrollingInterest,115.607,115.607,0.0,latest valid filing then configured source-tag priority,low,0001213900-26-036974,0001213900-25-023815
prpl,PRPL,2023-12-31,2023,total_equity,StockholdersEquityIncludingPortionAttributableToNoncontrollingInterest,StockholdersEquity,115.607,115.422,0.0016002491198630038,latest valid filing then configured source-tag priority,low,0001213900-26-036974,0001213900-24-021861
prpl,PRPL,2023-12-31,2023,total_equity,StockholdersEquityIncludingPortionAttributableToNoncontrollingInterest,StockholdersEquityIncludingPortionAttributableToNoncontrollingInterest,115.607,115.607,0.0,latest valid filing then configured source-tag priority,low,0001213900-26-036974,0001213900-24-021861
prpl,PRPL,2024-12-31,2024,net_income,NetIncomeLoss,ProfitLoss,-97.897,-98.098,0.002053178340500663,latest valid filing then configured source-tag priority,low,0001213900-26-036974,0001213900-26-036974
prpl,PRPL,2024-12-31,2024,net_income,NetIncomeLoss,NetIncomeLossAvailableToCommonStockholdersBasic,-97.897,-97.897,0.0,latest valid filing then configured source-tag priority,low,0001213900-26-036974,0001213900-26-036974
prpl,PRPL,2024-12-31,2024,net_income,NetIncomeLoss,NetIncomeLoss,-97.897,-97.897,0.0,latest valid filing then configured source-tag priority,low,0001213900-26-036974,0001213900-25-023815
prpl,PRPL,2024-12-31,2024,net_income,NetIncomeLoss,ProfitLoss,-97.897,-98.098,0.002053178340500663,latest valid filing then configured source-tag priority,low,0001213900-26-036974,0001213900-25-023815
prpl,PRPL,2024-12-31,2024,net_income,NetIncomeLoss,NetIncomeLossAvailableToCommonStockholdersBasic,-97.897,97.897,2.0,latest valid filing then configured source-tag priority,high,0001213900-26-036974,0001213900-25-023815
prpl,PRPL,2024-12-31,2024,total_equity,StockholdersEquity,StockholdersEquityIncludingPortionAttributableToNoncontrollingInterest,20.198,20.209,0.0005446083770669983,latest valid filing then configured source-tag priority,low,0001213900-26-036974,0001213900-26-036974
prpl,PRPL,2024-12-31,2024,total_equity,StockholdersEquity,StockholdersEquity,20.198,20.198,0.0,latest valid filing then configured source-tag priority,low,0001213900-26-036974,0001213900-25-023815
prpl,PRPL,2024-12-31,2024,total_equity,StockholdersEquity,StockholdersEquityIncludingPortionAttributableToNoncontrollingInterest,20.198,20.209,0.0005446083770669983,latest valid filing then configured source-tag priority,low,0001213900-26-036974,0001213900-25-023815
pton,PTON,2019-06-30,2019,net_income,NetIncomeLoss,NetIncomeLossAvailableToCommonStockholdersBasic,-195.6,-245.7,0.25613496932515334,latest valid filing then configured source-tag priority,high,0001639825-21-000256,0001639825-21-000256
pton,PTON,2019-06-30,2019,net_income,NetIncomeLoss,NetIncomeLoss,-195.6,-195.6,0.0,latest valid filing then configured source-tag priority,low,0001639825-21-000256,0001639825-20-000122
pton,PTON,2019-06-30,2019,net_income,NetIncomeLoss,NetIncomeLossAvailableToCommonStockholdersBasic,-195.6,-245.7,0.25613496932515334,latest valid filing then configured source-tag priority,high,0001639825-21-000256,0001639825-20-000122
qvcga,QVCGA,2017-12-31,2017,net_income,NetIncomeLoss,ProfitLoss,2441.0,2487.0,0.018844735764031135,latest valid filing then configured source-tag priority,medium,0001558370-20-001490,0001558370-20-001490
qvcga,QVCGA,2017-12-31,2017,net_income,NetIncomeLoss,NetIncomeLoss,2441.0,2441.0,0.0,latest valid filing then configured source-tag priority,low,0001558370-20-001490,0001558370-19-001344
qvcga,QVCGA,2017-12-31,2017,net_income,NetIncomeLoss,ProfitLoss,2441.0,2487.0,0.018844735764031135,latest valid filing then configured source-tag priority,medium,0001558370-20-001490,0001558370-19-001344
qvcga,QVCGA,2017-12-31,2017,net_income,NetIncomeLoss,NetIncomeLoss,2441.0,2441.0,0.0,latest valid filing then configured source-tag priority,low,0001558370-20-001490,0001558370-18-001400
qvcga,QVCGA,2017-12-31,2017,net_income,NetIncomeLoss,ProfitLoss,2441.0,2487.0,0.018844735764031135,latest valid filing then configured source-tag priority,medium,0001558370-20-001490,0001558370-18-001400
qvcga,QVCGA,2017-12-31,2017,total_equity,StockholdersEquityIncludingPortionAttributableToNoncontrollingInterest,StockholdersEquityIncludingPortionAttributableToNoncontrollingInterest,10083.0,10083.0,0.0,latest valid filing then configured source-tag priority,low,0001558370-21-001983,0001558370-20-001490
qvcga,QVCGA,2017-12-31,2017,total_equity,StockholdersEquityIncludingPortionAttributableToNoncontrollingInterest,StockholdersEquity,10083.0,9984.0,0.009818506396905683,latest valid filing then configured source-tag priority,medium,0001558370-21-001983,0001558370-19-001344
qvcga,QVCGA,2017-12-31,2017,total_equity,StockholdersEquityIncludingPortionAttributableToNoncontrollingInterest,StockholdersEquityIncludingPortionAttributableToNoncontrollingInterest,10083.0,10083.0,0.0,latest valid filing then configured source-tag priority,low,0001558370-21-001983,0001558370-19-001344
qvcga,QVCGA,2017-12-31,2017,total_equity,StockholdersEquityIncludingPortionAttributableToNoncontrollingInterest,StockholdersEquity,10083.0,9984.0,0.009818506396905683,latest valid filing then configured source-tag priority,medium,0001558370-21-001983,0001558370-18-001400
qvcga,QVCGA,2017-12-31,2017,total_equity,StockholdersEquityIncludingPortionAttributableToNoncontrollingInterest,StockholdersEquityIncludingPortionAttributableToNoncontrollingInterest,10083.0,10083.0,0.0,latest valid filing then configured source-tag priority,low,0001558370-21-001983,0001558370-18-001400
qvcga,QVCGA,2018-12-31,2018,net_income,NetIncomeLoss,ProfitLoss,916.0,964.0,0.05240174672489083,latest valid filing then configured source-tag priority,high,0001558370-21-001983,0001558370-21-001983
qvcga,QVCGA,2018-12-31,2018,net_income,NetIncomeLoss,NetIncomeLoss,916.0,916.0,0.0,latest valid filing then configured source-tag priority,low,0001558370-21-001983,0001558370-20-001490
qvcga,QVCGA,2018-12-31,2018,net_income,NetIncomeLoss,ProfitLoss,916.0,964.0,0.05240174672489083,latest valid filing then configured source-tag priority,high,0001558370-21-001983,0001558370-20-001490
qvcga,QVCGA,2018-12-31,2018,net_income,NetIncomeLoss,NetIncomeLoss,916.0,916.0,0.0,latest valid filing then configured source-tag priority,low,0001558370-21-001983,0001558370-19-001344
qvcga,QVCGA,2018-12-31,2018,net_income,NetIncomeLoss,ProfitLoss,916.0,964.0,0.05240174672489083,latest valid filing then configured source-tag priority,high,0001558370-21-001983,0001558370-19-001344
qvcga,QVCGA,2018-12-31,2018,total_equity,StockholdersEquityIncludingPortionAttributableToNoncontrollingInterest,StockholdersEquityIncludingPortionAttributableToNoncontrollingInterest,5744.0,5744.0,0.0,latest valid filing then configured source-tag priority,low,0001558370-22-002174,0001558370-21-001983
qvcga,QVCGA,2018-12-31,2018,total_equity,StockholdersEquityIncludingPortionAttributableToNoncontrollingInterest,StockholdersEquity,5744.0,5624.0,0.020891364902506964,latest valid filing then configured source-tag priority,medium,0001558370-22-002174,0001558370-20-001490
qvcga,QVCGA,2018-12-31,2018,total_equity,StockholdersEquityIncludingPortionAttributableToNoncontrollingInterest,StockholdersEquityIncludingPortionAttributableToNoncontrollingInterest,5744.0,5744.0,0.0,latest valid filing then configured source-tag priority,low,0001558370-22-002174,0001558370-20-001490
qvcga,QVCGA,2018-12-31,2018,total_equity,StockholdersEquityIncludingPortionAttributableToNoncontrollingInterest,StockholdersEquity,5744.0,5624.0,0.020891364902506964,latest valid filing then configured source-tag priority,medium,0001558370-22-002174,0001558370-19-001344
qvcga,QVCGA,2018-12-31,2018,total_equity,StockholdersEquityIncludingPortionAttributableToNoncontrollingInterest,StockholdersEquityIncludingPortionAttributableToNoncontrollingInterest,5744.0,5744.0,0.0,latest valid filing then configured source-tag priority,low,0001558370-22-002174,0001558370-19-001344
qvcga,QVCGA,2019-12-31,2019,net_income,NetIncomeLoss,ProfitLoss,-456.0,-405.0,0.1118421052631579,latest valid filing then configured source-tag priority,high,0001558370-22-002174,0001558370-22-002174
qvcga,QVCGA,2019-12-31,2019,net_income,NetIncomeLoss,NetIncomeLoss,-456.0,-456.0,0.0,latest valid filing then configured source-tag priority,low,0001558370-22-002174,0001558370-21-001983
qvcga,QVCGA,2019-12-31,2019,net_income,NetIncomeLoss,ProfitLoss,-456.0,-405.0,0.1118421052631579,latest valid filing then configured source-tag priority,high,0001558370-22-002174,0001558370-21-001983
qvcga,QVCGA,2019-12-31,2019,net_income,NetIncomeLoss,NetIncomeLoss,-456.0,-456.0,0.0,latest valid filing then configured source-tag priority,low,0001558370-22-002174,0001558370-20-001490
qvcga,QVCGA,2019-12-31,2019,net_income,NetIncomeLoss,ProfitLoss,-456.0,-405.0,0.1118421052631579,latest valid filing then configured source-tag priority,high,0001558370-22-002174,0001558370-20-001490
qvcga,QVCGA,2019-12-31,2019,total_equity,StockholdersEquityIncludingPortionAttributableToNoncontrollingInterest,StockholdersEquityIncludingPortionAttributableToNoncontrollingInterest,4936.0,4972.0,0.007293354943273906,latest valid filing then configured source-tag priority,medium,0001558370-23-002572,0001558370-22-002174
qvcga,QVCGA,2019-12-31,2019,total_equity,StockholdersEquityIncludingPortionAttributableToNoncontrollingInterest,StockholdersEquity,4936.0,4840.0,0.019448946515397084,latest valid filing then configured source-tag priority,medium,0001558370-23-002572,0001558370-21-001983
qvcga,QVCGA,2019-12-31,2019,total_equity,StockholdersEquityIncludingPortionAttributableToNoncontrollingInterest,StockholdersEquityIncludingPortionAttributableToNoncontrollingInterest,4936.0,4972.0,0.007293354943273906,latest valid filing then configured source-tag priority,medium,0001558370-23-002572,0001558370-21-001983
qvcga,QVCGA,2019-12-31,2019,total_equity,StockholdersEquityIncludingPortionAttributableToNoncontrollingInterest,StockholdersEquity,4936.0,4840.0,0.019448946515397084,latest valid filing then configured source-tag priority,medium,0001558370-23-002572,0001558370-20-001490
qvcga,QVCGA,2019-12-31,2019,total_equity,StockholdersEquityIncludingPortionAttributableToNoncontrollingInterest,StockholdersEquityIncludingPortionAttributableToNoncontrollingInterest,4936.0,4972.0,0.007293354943273906,latest valid filing then configured source-tag priority,medium,0001558370-23-002572,0001558370-20-001490
qvcga,QVCGA,2020-12-31,2020,net_income,NetIncomeLoss,ProfitLoss,1196.0,1254.0,0.048494983277591976,latest valid filing then configured source-tag priority,medium,0001558370-23-002572,0001558370-23-002572
qvcga,QVCGA,2020-12-31,2020,net_income,NetIncomeLoss,NetIncomeLoss,1196.0,1204.0,0.006688963210702341,latest valid filing then configured source-tag priority,medium,0001558370-23-002572,0001558370-22-002174
qvcga,QVCGA,2020-12-31,2020,net_income,NetIncomeLoss,ProfitLoss,1196.0,1262.0,0.05518394648829431,latest valid filing then configured source-tag priority,high,0001558370-23-002572,0001558370-22-002174
qvcga,QVCGA,2020-12-31,2020,net_income,NetIncomeLoss,NetIncomeLoss,1196.0,1204.0,0.006688963210702341,latest valid filing then configured source-tag priority,medium,0001558370-23-002572,0001558370-21-001983
qvcga,QVCGA,2020-12-31,2020,net_income,NetIncomeLoss,ProfitLoss,1196.0,1262.0,0.05518394648829431,latest valid filing then configured source-tag priority,high,0001558370-23-002572,0001558370-21-001983
qvcga,QVCGA,2020-12-31,2020,total_equity,StockholdersEquityIncludingPortionAttributableToNoncontrollingInterest,StockholdersEquityIncludingPortionAttributableToNoncontrollingInterest,3689.0,3689.0,0.0,latest valid filing then configured source-tag priority,low,0001558370-24-002032,0001558370-23-002572
qvcga,QVCGA,2020-12-31,2020,total_equity,StockholdersEquityIncludingPortionAttributableToNoncontrollingInterest,StockholdersEquity,3689.0,3598.0,0.024667931688804556,latest valid filing then configured source-tag priority,medium,0001558370-24-002032,0001558370-22-002174
qvcga,QVCGA,2020-12-31,2020,total_equity,StockholdersEquityIncludingPortionAttributableToNoncontrollingInterest,StockholdersEquityIncludingPortionAttributableToNoncontrollingInterest,3689.0,3733.0,0.01192735158579561,latest valid filing then configured source-tag priority,medium,0001558370-24-002032,0001558370-22-002174
qvcga,QVCGA,2020-12-31,2020,total_equity,StockholdersEquityIncludingPortionAttributableToNoncontrollingInterest,StockholdersEquity,3689.0,3598.0,0.024667931688804556,latest valid filing then configured source-tag priority,medium,0001558370-24-002032,0001558370-21-001983
qvcga,QVCGA,2020-12-31,2020,total_equity,StockholdersEquityIncludingPortionAttributableToNoncontrollingInterest,StockholdersEquityIncludingPortionAttributableToNoncontrollingInterest,3689.0,3733.0,0.01192735158579561,latest valid filing then configured source-tag priority,medium,0001558370-24-002032,0001558370-21-001983
qvcga,QVCGA,2021-12-31,2021,net_income,NetIncomeLoss,ProfitLoss,340.0,421.0,0.23823529411764705,latest valid filing then configured source-tag priority,high,0001558370-24-002032,0001558370-24-002032
qvcga,QVCGA,2021-12-31,2021,net_income,NetIncomeLoss,NetIncomeLoss,340.0,340.0,0.0,latest valid filing then configured source-tag priority,low,0001558370-24-002032,0001558370-23-002572
qvcga,QVCGA,2021-12-31,2021,net_income,NetIncomeLoss,ProfitLoss,340.0,421.0,0.23823529411764705,latest valid filing then configured source-tag priority,high,0001558370-24-002032,0001558370-23-002572
qvcga,QVCGA,2021-12-31,2021,net_income,NetIncomeLoss,NetIncomeLoss,340.0,340.0,0.0,latest valid filing then configured source-tag priority,low,0001558370-24-002032,0001558370-22-002174
qvcga,QVCGA,2021-12-31,2021,net_income,NetIncomeLoss,ProfitLoss,340.0,421.0,0.23823529411764705,latest valid filing then configured source-tag priority,high,0001558370-24-002032,0001558370-22-002174
qvcga,QVCGA,2021-12-31,2021,total_assets,Assets,Assets,16202.0,16249.0,0.0029008764350080237,latest valid filing then configured source-tag priority,low,0001558370-23-002572,0001558370-22-002174
qvcga,QVCGA,2021-12-31,2021,total_equity,StockholdersEquityIncludingPortionAttributableToNoncontrollingInterest,StockholdersEquityIncludingPortionAttributableToNoncontrollingInterest,2986.0,2986.0,0.0,latest valid filing then configured source-tag priority,low,0001558370-25-001837,0001558370-24-002032
qvcga,QVCGA,2021-12-31,2021,total_equity,StockholdersEquityIncludingPortionAttributableToNoncontrollingInterest,StockholdersEquity,2986.0,2850.0,0.04554588077695914,latest valid filing then configured source-tag priority,medium,0001558370-25-001837,0001558370-23-002572
qvcga,QVCGA,2021-12-31,2021,total_equity,StockholdersEquityIncludingPortionAttributableToNoncontrollingInterest,StockholdersEquityIncludingPortionAttributableToNoncontrollingInterest,2986.0,2986.0,0.0,latest valid filing then configured source-tag priority,low,0001558370-25-001837,0001558370-23-002572
qvcga,QVCGA,2021-12-31,2021,total_equity,StockholdersEquityIncludingPortionAttributableToNoncontrollingInterest,StockholdersEquity,2986.0,2894.0,0.030810448760884127,latest valid filing then configured source-tag priority,medium,0001558370-25-001837,0001558370-22-002174
qvcga,QVCGA,2021-12-31,2021,total_equity,StockholdersEquityIncludingPortionAttributableToNoncontrollingInterest,StockholdersEquityIncludingPortionAttributableToNoncontrollingInterest,2986.0,3030.0,0.014735432016075016,latest valid filing then configured source-tag priority,medium,0001558370-25-001837,0001558370-22-002174
qvcga,QVCGA,2022-12-31,2022,net_income,NetIncomeLoss,ProfitLoss,-2594.0,-2532.0,0.023901310717039322,latest valid filing then configured source-tag priority,medium,0001558370-25-001837,0001558370-25-001837
qvcga,QVCGA,2022-12-31,2022,net_income,NetIncomeLoss,NetIncomeLoss,-2594.0,-2594.0,0.0,latest valid filing then configured source-tag priority,low,0001558370-25-001837,0001558370-24-002032
qvcga,QVCGA,2022-12-31,2022,net_income,NetIncomeLoss,ProfitLoss,-2594.0,-2532.0,0.023901310717039322,latest valid filing then configured source-tag priority,medium,0001558370-25-001837,0001558370-24-002032
qvcga,QVCGA,2022-12-31,2022,net_income,NetIncomeLoss,NetIncomeLoss,-2594.0,-2594.0,0.0,latest valid filing then configured source-tag priority,low,0001558370-25-001837,0001558370-23-002572
qvcga,QVCGA,2022-12-31,2022,net_income,NetIncomeLoss,ProfitLoss,-2594.0,-2532.0,0.023901310717039322,latest valid filing then configured source-tag priority,medium,0001558370-25-001837,0001558370-23-002572
qvcga,QVCGA,2022-12-31,2022,total_equity,StockholdersEquityIncludingPortionAttributableToNoncontrollingInterest,StockholdersEquityIncludingPortionAttributableToNoncontrollingInterest,525.0,525.0,0.0,latest valid filing then configured source-tag priority,low,0001355096-26-000010,0001558370-25-001837
qvcga,QVCGA,2022-12-31,2022,total_equity,StockholdersEquityIncludingPortionAttributableToNoncontrollingInterest,StockholdersEquity,525.0,412.0,0.21523809523809523,latest valid filing then configured source-tag priority,high,0001355096-26-000010,0001558370-24-002032
qvcga,QVCGA,2022-12-31,2022,total_equity,StockholdersEquityIncludingPortionAttributableToNoncontrollingInterest,StockholdersEquityIncludingPortionAttributableToNoncontrollingInterest,525.0,525.0,0.0,latest valid filing then configured source-tag priority,low,0001355096-26-000010,0001558370-24-002032
qvcga,QVCGA,2022-12-31,2022,total_equity,StockholdersEquityIncludingPortionAttributableToNoncontrollingInterest,StockholdersEquity,525.0,412.0,0.21523809523809523,latest valid filing then configured source-tag priority,high,0001355096-26-000010,0001558370-23-002572
qvcga,QVCGA,2022-12-31,2022,total_equity,StockholdersEquityIncludingPortionAttributableToNoncontrollingInterest,StockholdersEquityIncludingPortionAttributableToNoncontrollingInterest,525.0,525.0,0.0,latest valid filing then configured source-tag priority,low,0001355096-26-000010,0001558370-23-002572
qvcga,QVCGA,2023-12-31,2023,net_income,NetIncomeLoss,ProfitLoss,-145.0,-94.0,0.35172413793103446,latest valid filing then configured source-tag priority,high,0001355096-26-000010,0001355096-26-000010
qvcga,QVCGA,2023-12-31,2023,net_income,NetIncomeLoss,NetIncomeLoss,-145.0,-145.0,0.0,latest valid filing then configured source-tag priority,low,0001355096-26-000010,0001558370-25-001837
qvcga,QVCGA,2023-12-31,2023,net_income,NetIncomeLoss,ProfitLoss,-145.0,-94.0,0.35172413793103446,latest valid filing then configured source-tag priority,high,0001355096-26-000010,0001558370-25-001837
qvcga,QVCGA,2023-12-31,2023,net_income,NetIncomeLoss,NetIncomeLoss,-145.0,-145.0,0.0,latest valid filing then configured source-tag priority,low,0001355096-26-000010,0001558370-24-002032
qvcga,QVCGA,2023-12-31,2023,net_income,NetIncomeLoss,ProfitLoss,-145.0,-94.0,0.35172413793103446,latest valid filing then configured source-tag priority,high,0001355096-26-000010,0001558370-24-002032
qvcga,QVCGA,2023-12-31,2023,total_equity,StockholdersEquityIncludingPortionAttributableToNoncontrollingInterest,StockholdersEquity,489.0,385.0,0.21267893660531698,latest valid filing then configured source-tag priority,high,0001355096-26-000010,0001558370-25-001837
qvcga,QVCGA,2023-12-31,2023,total_equity,StockholdersEquityIncludingPortionAttributableToNoncontrollingInterest,StockholdersEquityIncludingPortionAttributableToNoncontrollingInterest,489.0,489.0,0.0,latest valid filing then configured source-tag priority,low,0001355096-26-000010,0001558370-25-001837
qvcga,QVCGA,2023-12-31,2023,total_equity,StockholdersEquityIncludingPortionAttributableToNoncontrollingInterest,StockholdersEquity,489.0,385.0,0.21267893660531698,latest valid filing then configured source-tag priority,high,0001355096-26-000010,0001558370-24-002032
qvcga,QVCGA,2023-12-31,2023,total_equity,StockholdersEquityIncludingPortionAttributableToNoncontrollingInterest,StockholdersEquityIncludingPortionAttributableToNoncontrollingInterest,489.0,489.0,0.0,latest valid filing then configured source-tag priority,low,0001355096-26-000010,0001558370-24-002032
qvcga,QVCGA,2024-12-31,2024,net_income,NetIncomeLoss,ProfitLoss,-1290.0,-1250.0,0.031007751937984496,latest valid filing then configured source-tag priority,medium,0001355096-26-000010,0001355096-26-000010
qvcga,QVCGA,2024-12-31,2024,net_income,NetIncomeLoss,NetIncomeLoss,-1290.0,-1290.0,0.0,latest valid filing then configured source-tag priority,low,0001355096-26-000010,0001558370-25-001837
qvcga,QVCGA,2024-12-31,2024,net_income,NetIncomeLoss,ProfitLoss,-1290.0,-1250.0,0.031007751937984496,latest valid filing then configured source-tag priority,medium,0001355096-26-000010,0001558370-25-001837
qvcga,QVCGA,2024-12-31,2024,total_equity,StockholdersEquity,StockholdersEquityIncludingPortionAttributableToNoncontrollingInterest,-971.0,-885.0,0.08856848609680741,latest valid filing then configured source-tag priority,high,0001355096-26-000010,0001355096-26-000010
qvcga,QVCGA,2024-12-31,2024,total_equity,StockholdersEquity,StockholdersEquity,-971.0,-971.0,0.0,latest valid filing then configured source-tag priority,low,0001355096-26-000010,0001558370-25-001837
qvcga,QVCGA,2024-12-31,2024,total_equity,StockholdersEquity,StockholdersEquityIncludingPortionAttributableToNoncontrollingInterest,-971.0,-885.0,0.08856848609680741,latest valid filing then configured source-tag priority,high,0001355096-26-000010,0001558370-25-001837
real,REAL,2017-12-31,2017,net_income,NetIncomeLoss,ProfitLoss,-52.308,-52.308,0.0,latest valid filing then configured source-tag priority,low,0001564590-20-010131,0001564590-20-010131
real,REAL,2017-12-31,2017,net_income,NetIncomeLoss,NetIncomeLossAvailableToCommonStockholdersBasic,-52.308,-54.918,0.04989676531314521,latest valid filing then configured source-tag priority,medium,0001564590-20-010131,0001564590-20-010131
real,REAL,2018-12-31,2018,net_income,NetIncomeLoss,ProfitLoss,-75.765,-75.765,0.0,latest valid filing then configured source-tag priority,low,0001564590-21-009884,0001564590-21-009884
real,REAL,2018-12-31,2018,net_income,NetIncomeLoss,NetIncomeLossAvailableToCommonStockholdersBasic,-75.765,-84.687,0.11775885963175604,latest valid filing then configured source-tag priority,high,0001564590-21-009884,0001564590-21-009884
real,REAL,2018-12-31,2018,net_income,NetIncomeLoss,NetIncomeLoss,-75.765,-75.765,0.0,latest valid filing then configured source-tag priority,low,0001564590-21-009884,0001564590-20-010131
real,REAL,2018-12-31,2018,net_income,NetIncomeLoss,ProfitLoss,-75.765,-75.765,0.0,latest valid filing then configured source-tag priority,low,0001564590-21-009884,0001564590-20-010131
real,REAL,2018-12-31,2018,net_income,NetIncomeLoss,NetIncomeLossAvailableToCommonStockholdersBasic,-75.765,-84.687,0.11775885963175604,latest valid filing then configured source-tag priority,high,0001564590-21-009884,0001564590-20-010131
real,REAL,2019-12-31,2019,net_income,NetIncomeLoss,ProfitLoss,-98.429,-98.429,0.0,latest valid filing then configured source-tag priority,low,0001573221-22-000041,0001573221-22-000041
real,REAL,2019-12-31,2019,net_income,NetIncomeLoss,NetIncomeLossAvailableToCommonStockholdersBasic,-98.429,-101.784,0.03408548293693936,latest valid filing then configured source-tag priority,medium,0001573221-22-000041,0001573221-22-000041
real,REAL,2019-12-31,2019,net_income,NetIncomeLoss,NetIncomeLoss,-98.429,-98.429,0.0,latest valid filing then configured source-tag priority,low,0001573221-22-000041,0001564590-21-009884
real,REAL,2019-12-31,2019,net_income,NetIncomeLoss,ProfitLoss,-98.429,-98.429,0.0,latest valid filing then configured source-tag priority,low,0001573221-22-000041,0001564590-21-009884
real,REAL,2019-12-31,2019,net_income,NetIncomeLoss,NetIncomeLossAvailableToCommonStockholdersBasic,-98.429,-101.784,0.03408548293693936,latest valid filing then configured source-tag priority,medium,0001573221-22-000041,0001564590-21-009884
real,REAL,2019-12-31,2019,net_income,NetIncomeLoss,NetIncomeLoss,-98.429,-96.746,0.017098619309349958,latest valid filing then configured source-tag priority,medium,0001573221-22-000041,0001564590-20-010131
real,REAL,2019-12-31,2019,net_income,NetIncomeLoss,ProfitLoss,-98.429,-96.746,0.017098619309349958,latest valid filing then configured source-tag priority,medium,0001573221-22-000041,0001564590-20-010131
real,REAL,2019-12-31,2019,net_income,NetIncomeLoss,NetIncomeLossAvailableToCommonStockholdersBasic,-98.429,-100.101,0.0169868636275894,latest valid filing then configured source-tag priority,medium,0001573221-22-000041,0001564590-20-010131
real,REAL,2019-12-31,2019,revenue,RevenueFromContractWithCustomerExcludingAssessedTax,RevenueFromContractWithCustomerExcludingAssessedTax,316.354,316.354,0.0,latest valid filing then configured source-tag priority,low,0001573221-22-000041,0001564590-21-009884
real,REAL,2019-12-31,2019,revenue,RevenueFromContractWithCustomerExcludingAssessedTax,RevenueFromContractWithCustomerExcludingAssessedTax,316.354,318.037,0.005319989631868074,latest valid filing then configured source-tag priority,medium,0001573221-22-000041,0001564590-20-010131
real,REAL,2019-12-31,2019,total_assets,Assets,Assets,465.247,466.93,0.0036174333203652957,latest valid filing then configured source-tag priority,low,0001564590-21-009884,0001564590-20-010131
real,REAL,2019-12-31,2019,total_equity,StockholdersEquity,StockholdersEquity,337.245,337.245,0.0,latest valid filing then configured source-tag priority,low,0001573221-23-000022,0001573221-22-000041
real,REAL,2019-12-31,2019,total_equity,StockholdersEquity,StockholdersEquity,337.245,337.245,0.0,latest valid filing then configured source-tag priority,low,0001573221-23-000022,0001564590-21-009884
real,REAL,2019-12-31,2019,total_equity,StockholdersEquity,StockholdersEquity,337.245,338.928,0.004990437219232287,latest valid filing then configured source-tag priority,low,0001573221-23-000022,0001564590-20-010131
rent,RENT,2020-01-31,2019,revenue,RevenueFromContractWithCustomerExcludingAssessedTax,Revenues,21.5,256.9,10.948837209302324,latest valid filing then configured source-tag priority,high,0001468327-22-000047,0001468327-22-000047
rent,RENT,2021-01-31,2020,revenue,RevenueFromContractWithCustomerExcludingAssessedTax,Revenues,21.6,157.5,6.291666666666666,latest valid filing then configured source-tag priority,high,0001468327-23-000051,0001468327-23-000051
rent,RENT,2021-01-31,2020,revenue,RevenueFromContractWithCustomerExcludingAssessedTax,RevenueFromContractWithCustomerExcludingAssessedTax,21.6,21.6,0.0,latest valid filing then configured source-tag priority,low,0001468327-23-000051,0001468327-22-000047
rent,RENT,2021-01-31,2020,revenue,RevenueFromContractWithCustomerExcludingAssessedTax,Revenues,21.6,157.5,6.291666666666666,latest valid filing then configured source-tag priority,high,0001468327-23-000051,0001468327-22-000047
rent,RENT,2022-01-31,2021,revenue,RevenueFromContractWithCustomerExcludingAssessedTax,Revenues,17.5,203.3,10.617142857142857,latest valid filing then configured source-tag priority,high,0001468327-24-000114,0001468327-24-000114
rent,RENT,2022-01-31,2021,revenue,RevenueFromContractWithCustomerExcludingAssessedTax,RevenueFromContractWithCustomerExcludingAssessedTax,17.5,17.5,0.0,latest valid filing then configured source-tag priority,low,0001468327-24-000114,0001468327-23-000051
rent,RENT,2022-01-31,2021,revenue,RevenueFromContractWithCustomerExcludingAssessedTax,Revenues,17.5,203.3,10.617142857142857,latest valid filing then configured source-tag priority,high,0001468327-24-000114,0001468327-23-000051
rent,RENT,2022-01-31,2021,revenue,RevenueFromContractWithCustomerExcludingAssessedTax,RevenueFromContractWithCustomerExcludingAssessedTax,17.5,17.5,0.0,latest valid filing then configured source-tag priority,low,0001468327-24-000114,0001468327-22-000047
rent,RENT,2022-01-31,2021,revenue,RevenueFromContractWithCustomerExcludingAssessedTax,Revenues,17.5,203.3,10.617142857142857,latest valid filing then configured source-tag priority,high,0001468327-24-000114,0001468327-22-000047
rent,RENT,2023-01-31,2022,revenue,RevenueFromContractWithCustomerExcludingAssessedTax,Revenues,27.8,296.4,9.66187050359712,latest valid filing then configured source-tag priority,high,0001468327-25-000056,0001468327-25-000056
rent,RENT,2023-01-31,2022,revenue,RevenueFromContractWithCustomerExcludingAssessedTax,RevenueFromContractWithCustomerExcludingAssessedTax,27.8,27.8,0.0,latest valid filing then configured source-tag priority,low,0001468327-25-000056,0001468327-24-000114
rent,RENT,2023-01-31,2022,revenue,RevenueFromContractWithCustomerExcludingAssessedTax,Revenues,27.8,296.4,9.66187050359712,latest valid filing then configured source-tag priority,high,0001468327-25-000056,0001468327-24-000114
rent,RENT,2023-01-31,2022,revenue,RevenueFromContractWithCustomerExcludingAssessedTax,RevenueFromContractWithCustomerExcludingAssessedTax,27.8,27.8,0.0,latest valid filing then configured source-tag priority,low,0001468327-25-000056,0001468327-23-000051
rent,RENT,2023-01-31,2022,revenue,RevenueFromContractWithCustomerExcludingAssessedTax,Revenues,27.8,296.4,9.66187050359712,latest valid filing then configured source-tag priority,high,0001468327-25-000056,0001468327-23-000051
rent,RENT,2024-01-31,2023,revenue,RevenueFromContractWithCustomerExcludingAssessedTax,Revenues,33.3,298.2,7.954954954954955,latest valid filing then configured source-tag priority,high,0001468327-26-000020,0001468327-26-000020
rent,RENT,2024-01-31,2023,revenue,RevenueFromContractWithCustomerExcludingAssessedTax,RevenueFromContractWithCustomerExcludingAssessedTax,33.3,33.3,0.0,latest valid filing then configured source-tag priority,low,0001468327-26-000020,0001468327-25-000056
rent,RENT,2024-01-31,2023,revenue,RevenueFromContractWithCustomerExcludingAssessedTax,Revenues,33.3,298.2,7.954954954954955,latest valid filing then configured source-tag priority,high,0001468327-26-000020,0001468327-25-000056
rent,RENT,2024-01-31,2023,revenue,RevenueFromContractWithCustomerExcludingAssessedTax,RevenueFromContractWithCustomerExcludingAssessedTax,33.3,33.3,0.0,latest valid filing then configured source-tag priority,low,0001468327-26-000020,0001468327-24-000114
rent,RENT,2024-01-31,2023,revenue,RevenueFromContractWithCustomerExcludingAssessedTax,Revenues,33.3,298.2,7.954954954954955,latest valid filing then configured source-tag priority,high,0001468327-26-000020,0001468327-24-000114
rent,RENT,2025-01-31,2024,revenue,RevenueFromContractWithCustomerExcludingAssessedTax,Revenues,40.7,306.2,6.523341523341523,latest valid filing then configured source-tag priority,high,0001468327-26-000020,0001468327-26-000020
rent,RENT,2025-01-31,2024,revenue,RevenueFromContractWithCustomerExcludingAssessedTax,RevenueFromContractWithCustomerExcludingAssessedTax,40.7,40.7,0.0,latest valid filing then configured source-tag priority,low,0001468327-26-000020,0001468327-25-000056
rent,RENT,2025-01-31,2024,revenue,RevenueFromContractWithCustomerExcludingAssessedTax,Revenues,40.7,306.2,6.523341523341523,latest valid filing then configured source-tag priority,high,0001468327-26-000020,0001468327-25-000056
rvlv,RVLV,2017-12-31,2017,net_income,NetIncomeLoss,ProfitLoss,5.347,5.0,0.0648962034785862,latest valid filing then configured source-tag priority,high,0001564590-20-006806,0001564590-20-006806
rvlv,RVLV,2017-12-31,2017,net_income,NetIncomeLoss,NetIncomeLossAvailableToCommonStockholdersBasic,5.347,5.347,0.0,latest valid filing then configured source-tag priority,low,0001564590-20-006806,0001564590-20-006806
rvlv,RVLV,2018-12-31,2018,net_income,NetIncomeLoss,ProfitLoss,30.685,30.638,0.0015316930096137215,latest valid filing then configured source-tag priority,low,0001564590-21-008799,0001564590-21-008799
rvlv,RVLV,2018-12-31,2018,net_income,NetIncomeLoss,NetIncomeLossAvailableToCommonStockholdersBasic,30.685,30.685,0.0,latest valid filing then configured source-tag priority,low,0001564590-21-008799,0001564590-21-008799
rvlv,RVLV,2018-12-31,2018,net_income,NetIncomeLoss,NetIncomeLoss,30.685,30.685,0.0,latest valid filing then configured source-tag priority,low,0001564590-21-008799,0001564590-20-006806
rvlv,RVLV,2018-12-31,2018,net_income,NetIncomeLoss,ProfitLoss,30.685,30.638,0.0015316930096137215,latest valid filing then configured source-tag priority,low,0001564590-21-008799,0001564590-20-006806
rvlv,RVLV,2018-12-31,2018,net_income,NetIncomeLoss,NetIncomeLossAvailableToCommonStockholdersBasic,30.685,30.685,0.0,latest valid filing then configured source-tag priority,low,0001564590-21-008799,0001564590-20-006806
rvlv,RVLV,2019-12-31,2019,net_income,NetIncomeLoss,ProfitLoss,35.667,35.667,0.0,latest valid filing then configured source-tag priority,low,0000950170-22-002309,0000950170-22-002309
rvlv,RVLV,2019-12-31,2019,net_income,NetIncomeLoss,NetIncomeLossAvailableToCommonStockholdersBasic,35.667,-5.149,1.1443631367931142,latest valid filing then configured source-tag priority,high,0000950170-22-002309,0000950170-22-002309
rvlv,RVLV,2019-12-31,2019,net_income,NetIncomeLoss,NetIncomeLoss,35.667,35.667,0.0,latest valid filing then configured source-tag priority,low,0000950170-22-002309,0001564590-21-008799
rvlv,RVLV,2019-12-31,2019,net_income,NetIncomeLoss,ProfitLoss,35.667,35.667,0.0,latest valid filing then configured source-tag priority,low,0000950170-22-002309,0001564590-21-008799
rvlv,RVLV,2019-12-31,2019,net_income,NetIncomeLoss,NetIncomeLossAvailableToCommonStockholdersBasic,35.667,-5.149,1.1443631367931142,latest valid filing then configured source-tag priority,high,0000950170-22-002309,0001564590-21-008799
rvlv,RVLV,2019-12-31,2019,net_income,NetIncomeLoss,NetIncomeLoss,35.667,35.667,0.0,latest valid filing then configured source-tag priority,low,0000950170-22-002309,0001564590-20-006806
rvlv,RVLV,2019-12-31,2019,net_income,NetIncomeLoss,ProfitLoss,35.667,35.667,0.0,latest valid filing then configured source-tag priority,low,0000950170-22-002309,0001564590-20-006806
rvlv,RVLV,2019-12-31,2019,net_income,NetIncomeLoss,NetIncomeLossAvailableToCommonStockholdersBasic,35.667,-5.149,1.1443631367931142,latest valid filing then configured source-tag priority,high,0000950170-22-002309,0001564590-20-006806
rvlv,RVLV,2024-12-31,2024,net_income,NetIncomeLoss,ProfitLoss,49.557,48.771,0.015860524244809035,latest valid filing then configured source-tag priority,medium,0001193125-26-071307,0001193125-26-071307
rvlv,RVLV,2024-12-31,2024,net_income,NetIncomeLoss,NetIncomeLoss,49.557,49.557,0.0,latest valid filing then configured source-tag priority,low,0001193125-26-071307,0000950170-25-026748
rvlv,RVLV,2024-12-31,2024,net_income,NetIncomeLoss,ProfitLoss,49.557,48.771,0.015860524244809035,latest valid filing then configured source-tag priority,medium,0001193125-26-071307,0000950170-25-026748
sdc,SDC,2019-12-31,2019,net_income,NetIncomeLoss,ProfitLoss,-114.513,-537.805,3.696453677748377,latest valid filing then configured source-tag priority,high,0001775625-22-000020,0001775625-22-000020
sdc,SDC,2019-12-31,2019,net_income,NetIncomeLoss,NetIncomeLossAvailableToCommonStockholdersBasic,-114.513,-114.513,0.0,latest valid filing then configured source-tag priority,low,0001775625-22-000020,0001775625-22-000020
sdc,SDC,2019-12-31,2019,net_income,NetIncomeLoss,NetIncomeLoss,-114.513,-114.513,0.0,latest valid filing then configured source-tag priority,low,0001775625-22-000020,0001775625-21-000025
sdc,SDC,2019-12-31,2019,net_income,NetIncomeLoss,ProfitLoss,-114.513,-537.805,3.696453677748377,latest valid filing then configured source-tag priority,high,0001775625-22-000020,0001775625-21-000025
sdc,SDC,2019-12-31,2019,net_income,NetIncomeLoss,NetIncomeLoss,-114.513,-114.513,0.0,latest valid filing then configured source-tag priority,low,0001775625-22-000020,0001775625-20-000007
sdc,SDC,2019-12-31,2019,net_income,NetIncomeLoss,ProfitLoss,-114.513,-537.805,3.696453677748377,latest valid filing then configured source-tag priority,high,0001775625-22-000020,0001775625-20-000007
sdc,SDC,2020-12-31,2020,net_income,NetIncomeLoss,ProfitLoss,-78.366,-278.499,2.5538243626062327,latest valid filing then configured source-tag priority,high,0001775625-23-000018,0001775625-23-000018
sdc,SDC,2020-12-31,2020,net_income,NetIncomeLoss,NetIncomeLossAvailableToCommonStockholdersBasic,-78.366,-78.366,0.0,latest valid filing then configured source-tag priority,low,0001775625-23-000018,0001775625-23-000018
sdc,SDC,2020-12-31,2020,net_income,NetIncomeLoss,NetIncomeLoss,-78.366,-78.366,0.0,latest valid filing then configured source-tag priority,low,0001775625-23-000018,0001775625-22-000020
sdc,SDC,2020-12-31,2020,net_income,NetIncomeLoss,ProfitLoss,-78.366,-278.499,2.5538243626062327,latest valid filing then configured source-tag priority,high,0001775625-23-000018,0001775625-22-000020
sdc,SDC,2020-12-31,2020,net_income,NetIncomeLoss,NetIncomeLossAvailableToCommonStockholdersBasic,-78.366,-78.366,0.0,latest valid filing then configured source-tag priority,low,0001775625-23-000018,0001775625-22-000020
sdc,SDC,2020-12-31,2020,net_income,NetIncomeLoss,NetIncomeLoss,-78.366,-78.366,0.0,latest valid filing then configured source-tag priority,low,0001775625-23-000018,0001775625-21-000025
sdc,SDC,2020-12-31,2020,net_income,NetIncomeLoss,ProfitLoss,-78.366,-278.499,2.5538243626062327,latest valid filing then configured source-tag priority,high,0001775625-23-000018,0001775625-21-000025
sdc,SDC,2020-12-31,2020,net_income,NetIncomeLoss,NetIncomeLossAvailableToCommonStockholdersBasic,-78.366,-78.366,0.0,latest valid filing then configured source-tag priority,low,0001775625-23-000018,0001775625-21-000025
sdc,SDC,2021-12-31,2021,net_income,NetIncomeLoss,ProfitLoss,-102.442,-335.65,2.2764881591534722,latest valid filing then configured source-tag priority,high,0001775625-23-000018,0001775625-23-000018
sdc,SDC,2021-12-31,2021,net_income,NetIncomeLoss,NetIncomeLossAvailableToCommonStockholdersBasic,-102.442,-102.442,0.0,latest valid filing then configured source-tag priority,low,0001775625-23-000018,0001775625-23-000018
sdc,SDC,2021-12-31,2021,net_income,NetIncomeLoss,NetIncomeLoss,-102.442,-102.442,0.0,latest valid filing then configured source-tag priority,low,0001775625-23-000018,0001775625-22-000020
sdc,SDC,2021-12-31,2021,net_income,NetIncomeLoss,ProfitLoss,-102.442,-335.65,2.2764881591534722,latest valid filing then configured source-tag priority,high,0001775625-23-000018,0001775625-22-000020
sdc,SDC,2021-12-31,2021,net_income,NetIncomeLoss,NetIncomeLossAvailableToCommonStockholdersBasic,-102.442,-102.442,0.0,latest valid filing then configured source-tag priority,low,0001775625-23-000018,0001775625-22-000020
sdc,SDC,2022-12-31,2022,net_income,NetIncomeLoss,ProfitLoss,-86.404,-277.853,2.2157423267441323,latest valid filing then configured source-tag priority,high,0001775625-23-000018,0001775625-23-000018
sdc,SDC,2022-12-31,2022,net_income,NetIncomeLoss,NetIncomeLossAvailableToCommonStockholdersBasic,-86.404,-86.404,0.0,latest valid filing then configured source-tag priority,low,0001775625-23-000018,0001775625-23-000018
sfix,SFIX,2018-07-28,2018,net_income,NetIncomeLoss,NetIncomeLossAvailableToCommonStockholdersBasic,44.9,35.541,0.20844097995545663,latest valid filing then configured source-tag priority,high,0001576942-20-000077,0001576942-20-000077
sfix,SFIX,2018-07-28,2018,net_income,NetIncomeLoss,NetIncomeLoss,44.9,44.9,0.0,latest valid filing then configured source-tag priority,low,0001576942-20-000077,0001576942-19-000013
sfix,SFIX,2018-07-28,2018,net_income,NetIncomeLoss,NetIncomeLossAvailableToCommonStockholdersBasic,44.9,35.541,0.20844097995545663,latest valid filing then configured source-tag priority,high,0001576942-20-000077,0001576942-19-000013
sfix,SFIX,2018-07-28,2018,net_income,NetIncomeLoss,NetIncomeLoss,44.9,44.9,0.0,latest valid filing then configured source-tag priority,low,0001576942-20-000077,0001576942-18-000003
sfix,SFIX,2018-07-28,2018,net_income,NetIncomeLoss,NetIncomeLossAvailableToCommonStockholdersBasic,44.9,35.541,0.20844097995545663,latest valid filing then configured source-tag priority,high,0001576942-20-000077,0001576942-18-000003
sfix,SFIX,2019-08-03,2019,net_income,NetIncomeLoss,NetIncomeLossAvailableToCommonStockholdersBasic,36.881,36.863,0.0004880561806892623,latest valid filing then configured source-tag priority,low,0001576942-21-000121,0001576942-21-000121
sfix,SFIX,2019-08-03,2019,net_income,NetIncomeLoss,NetIncomeLoss,36.881,36.881,0.0,latest valid filing then configured source-tag priority,low,0001576942-21-000121,0001576942-20-000077
sfix,SFIX,2019-08-03,2019,net_income,NetIncomeLoss,NetIncomeLossAvailableToCommonStockholdersBasic,36.881,36.863,0.0004880561806892623,latest valid filing then configured source-tag priority,low,0001576942-21-000121,0001576942-20-000077
sfix,SFIX,2019-08-03,2019,net_income,NetIncomeLoss,NetIncomeLoss,36.881,36.881,0.0,latest valid filing then configured source-tag priority,low,0001576942-21-000121,0001576942-19-000013
sfix,SFIX,2019-08-03,2019,net_income,NetIncomeLoss,NetIncomeLossAvailableToCommonStockholdersBasic,36.881,36.863,0.0004880561806892623,latest valid filing then configured source-tag priority,low,0001576942-21-000121,0001576942-19-000013
sfix,SFIX,2022-07-30,2022,revenue,RevenueFromContractWithCustomerExcludingAssessedTax,RevenueFromContractWithCustomerExcludingAssessedTax,2017.804,2072.812,0.027261319731747884,latest valid filing then configured source-tag priority,medium,0001576942-24-000099,0001576942-23-000114
sfix,SFIX,2022-07-30,2022,revenue,RevenueFromContractWithCustomerExcludingAssessedTax,RevenueFromContractWithCustomerExcludingAssessedTax,2017.804,2072.812,0.027261319731747884,latest valid filing then configured source-tag priority,medium,0001576942-24-000099,0001576942-22-000077
sfix,SFIX,2023-07-29,2023,revenue,RevenueFromContractWithCustomerExcludingAssessedTax,RevenueFromContractWithCustomerExcludingAssessedTax,1592.521,1592.521,0.0,latest valid filing then configured source-tag priority,low,0001628280-25-042782,0001576942-24-000099
sfix,SFIX,2023-07-29,2023,revenue,RevenueFromContractWithCustomerExcludingAssessedTax,RevenueFromContractWithCustomerExcludingAssessedTax,1592.521,1638.423,0.028823481762563913,latest valid filing then configured source-tag priority,medium,0001628280-25-042782,0001576942-23-000114
tdup,TDUP,2023-12-31,2023,revenue,RevenueFromContractWithCustomerExcludingAssessedTax,RevenueFromContractWithCustomerExcludingAssessedTax,258.504,322.022,0.24571379939962232,latest valid filing then configured source-tag priority,high,0001484778-25-000023,0001484778-24-000035
vrm,VRM,2018-12-31,2018,net_income,NetIncomeLoss,ProfitLoss,-85.178,-85.178,0.0,latest valid filing then configured source-tag priority,low,0001564590-21-010584,0001564590-21-010584
vrm,VRM,2018-12-31,2018,net_income,NetIncomeLoss,NetIncomeLossAvailableToCommonStockholdersBasic,-85.178,-98.214,0.15304421329451268,latest valid filing then configured source-tag priority,high,0001564590-21-010584,0001564590-21-010584
vrm,VRM,2019-12-31,2019,net_income,NetIncomeLoss,ProfitLoss,-142.978,-142.978,0.0,latest valid filing then configured source-tag priority,low,0000950170-22-002352,0000950170-22-002352
vrm,VRM,2019-12-31,2019,net_income,NetIncomeLoss,NetIncomeLossAvailableToCommonStockholdersBasic,-142.978,-275.728,0.9284645190169116,latest valid filing then configured source-tag priority,high,0000950170-22-002352,0000950170-22-002352
vrm,VRM,2019-12-31,2019,net_income,NetIncomeLoss,NetIncomeLoss,-142.978,-142.978,0.0,latest valid filing then configured source-tag priority,low,0000950170-22-002352,0001564590-21-010584
vrm,VRM,2019-12-31,2019,net_income,NetIncomeLoss,ProfitLoss,-142.978,-142.978,0.0,latest valid filing then configured source-tag priority,low,0000950170-22-002352,0001564590-21-010584
vrm,VRM,2019-12-31,2019,net_income,NetIncomeLoss,NetIncomeLossAvailableToCommonStockholdersBasic,-142.978,-275.728,0.9284645190169116,latest valid filing then configured source-tag priority,high,0000950170-22-002352,0001564590-21-010584
vrm,VRM,2022-12-31,2022,total_equity,StockholdersEquity,StockholdersEquity,479.832,475.241,0.0095679321095717,latest valid filing then configured source-tag priority,medium,0000950170-25-037265,0000950170-24-030760
vrm,VRM,2022-12-31,2022,total_equity,StockholdersEquity,StockholdersEquity,479.832,475.241,0.0095679321095717,latest valid filing then configured source-tag priority,medium,0000950170-25-037265,0000950170-23-005820
vrm,VRM,2023-12-31,2023,net_income,NetIncomeLoss,ProfitLoss,-364.611,-85.097,0.7666087967724506,latest valid filing then configured source-tag priority,high,0000950170-25-037265,0000950170-25-037265
vrm,VRM,2023-12-31,2023,net_income,NetIncomeLoss,NetIncomeLoss,-364.611,-365.54,0.00254792093491428,latest valid filing then configured source-tag priority,low,0000950170-25-037265,0000950170-24-030760
vrm,VRM,2023-12-31,2023,net_income,NetIncomeLoss,ProfitLoss,-364.611,-365.54,0.00254792093491428,latest valid filing then configured source-tag priority,low,0000950170-25-037265,0000950170-24-030760
vrm,VRM,2023-12-31,2023,total_equity,StockholdersEquity,StockholdersEquity,127.671,127.671,0.0,latest valid filing then configured source-tag priority,low,0001193125-26-126253,0000950170-25-037265
vrm,VRM,2023-12-31,2023,total_equity,StockholdersEquity,StockholdersEquity,127.671,122.151,0.04323613036633229,latest valid filing then configured source-tag priority,medium,0001193125-26-126253,0000950170-24-030760
vrm,VRM,2024-12-31,2024,net_income,NetIncomeLoss,ProfitLoss,-165.124,-138.24,0.16281097841622047,latest valid filing then configured source-tag priority,high,0001193125-26-126253,0001193125-26-126253
vrm,VRM,2024-12-31,2024,net_income,NetIncomeLoss,NetIncomeLoss,-165.124,-165.124,0.0,latest valid filing then configured source-tag priority,low,0001193125-26-126253,0000950170-25-037265
vrm,VRM,2024-12-31,2024,net_income,NetIncomeLoss,ProfitLoss,-165.124,-138.24,0.16281097841622047,latest valid filing then configured source-tag priority,high,0001193125-26-126253,0000950170-25-037265
w,W,2018-12-31,2018,total_equity,StockholdersEquity,StockholdersEquity,-331.0,-330.721,0.0008429003021147927,latest valid filing then configured source-tag priority,low,0001616707-22-000031,0001616707-21-000064
w,W,2018-12-31,2018,total_equity,StockholdersEquity,StockholdersEquity,-331.0,-330.721,0.0008429003021147927,latest valid filing then configured source-tag priority,low,0001616707-22-000031,0001616707-20-000025
w,W,2018-12-31,2018,total_equity,StockholdersEquity,StockholdersEquity,-331.0,-330.721,0.0008429003021147927,latest valid filing then configured source-tag priority,low,0001616707-22-000031,0001616707-19-000042
w,W,2019-12-31,2019,net_income,NetIncomeLoss,NetIncomeLoss,-985.0,-984.584,0.0004223350253807651,latest valid filing then configured source-tag priority,low,0001616707-22-000031,0001616707-21-000064
w,W,2019-12-31,2019,net_income,NetIncomeLoss,NetIncomeLoss,-985.0,-984.584,0.0004223350253807651,latest valid filing then configured source-tag priority,low,0001616707-22-000031,0001616707-20-000025
w,W,2019-12-31,2019,revenue,RevenueFromContractWithCustomerExcludingAssessedTax,RevenueFromContractWithCustomerExcludingAssessedTax,9127.0,9127.057,6.24520653015213e-06,latest valid filing then configured source-tag priority,low,0001616707-22-000031,0001616707-21-000064
w,W,2019-12-31,2019,revenue,RevenueFromContractWithCustomerExcludingAssessedTax,RevenueFromContractWithCustomerExcludingAssessedTax,9127.0,9127.057,6.24520653015213e-06,latest valid filing then configured source-tag priority,low,0001616707-22-000031,0001616707-20-000025
w,W,2019-12-31,2019,total_equity,StockholdersEquity,StockholdersEquity,-944.0,-944.0,0.0,latest valid filing then configured source-tag priority,low,0001616707-23-000037,0001616707-22-000031
w,W,2019-12-31,2019,total_equity,StockholdersEquity,StockholdersEquity,-944.0,-944.208,0.00022033898305081565,latest valid filing then configured source-tag priority,low,0001616707-23-000037,0001616707-21-000064
w,W,2019-12-31,2019,total_equity,StockholdersEquity,StockholdersEquity,-944.0,-944.208,0.00022033898305081565,latest valid filing then configured source-tag priority,low,0001616707-23-000037,0001616707-20-000025
w,W,2020-12-31,2020,net_income,NetIncomeLoss,NetIncomeLoss,185.0,185.0,0.0,latest valid filing then configured source-tag priority,low,0001616707-23-000037,0001616707-22-000031
w,W,2020-12-31,2020,net_income,NetIncomeLoss,NetIncomeLoss,185.0,184.996,2.162162162157123e-05,latest valid filing then configured source-tag priority,low,0001616707-23-000037,0001616707-21-000064
w,W,2020-12-31,2020,revenue,RevenueFromContractWithCustomerExcludingAssessedTax,RevenueFromContractWithCustomerExcludingAssessedTax,14145.0,14145.0,0.0,latest valid filing then configured source-tag priority,low,0001616707-23-000037,0001616707-22-000031
w,W,2020-12-31,2020,revenue,RevenueFromContractWithCustomerExcludingAssessedTax,RevenueFromContractWithCustomerExcludingAssessedTax,14145.0,14145.156,1.1028632025511386e-05,latest valid filing then configured source-tag priority,low,0001616707-23-000037,0001616707-21-000064
w,W,2020-12-31,2020,total_assets,Assets,Assets,4570.0,4569.929,1.553610503280365e-05,latest valid filing then configured source-tag priority,low,0001616707-22-000031,0001616707-21-000064
w,W,2020-12-31,2020,total_equity,StockholdersEquity,StockholdersEquity,-1192.0,-1192.0,0.0,latest valid filing then configured source-tag priority,low,0001616707-24-000014,0001616707-23-000037
w,W,2020-12-31,2020,total_equity,StockholdersEquity,StockholdersEquity,-1192.0,-1192.0,0.0,latest valid filing then configured source-tag priority,low,0001616707-24-000014,0001616707-22-000031
w,W,2020-12-31,2020,total_equity,StockholdersEquity,StockholdersEquity,-1192.0,-1191.897,8.640939597320929e-05,latest valid filing then configured source-tag priority,low,0001616707-24-000014,0001616707-21-000064
wish,WISH,2019-12-31,2019,net_income,NetIncomeLoss,NetIncomeLossAvailableToCommonStockholdersBasic,-129.0,-136.0,0.05426356589147287,latest valid filing then configured source-tag priority,high,0001564590-22-010074,0001564590-22-010074
wish,WISH,2019-12-31,2019,net_income,NetIncomeLoss,NetIncomeLoss,-129.0,-129.0,0.0,latest valid filing then configured source-tag priority,low,0001564590-22-010074,0001564590-21-015544
wish,WISH,2019-12-31,2019,net_income,NetIncomeLoss,NetIncomeLossAvailableToCommonStockholdersBasic,-129.0,-136.0,0.05426356589147287,latest valid filing then configured source-tag priority,high,0001564590-22-010074,0001564590-21-015544
wrby,WRBY,2019-12-31,2019,net_income,NetIncomeLoss,NetIncomeLossAvailableToCommonStockholdersBasic,0.0,-57.537,57536999999.99999,latest valid filing then configured source-tag priority,high,0001504776-22-000007,0001504776-22-000007
wrby,WRBY,2021-12-31,2021,net_income,NetIncomeLoss,NetIncomeLossAvailableToCommonStockholdersBasic,-144.271,-157.408,0.09105780094405669,latest valid filing then configured source-tag priority,high,0001504776-24-000006,0001504776-24-000006
wrby,WRBY,2021-12-31,2021,net_income,NetIncomeLoss,NetIncomeLoss,-144.271,-144.271,0.0,latest valid filing then configured source-tag priority,low,0001504776-24-000006,0001504776-23-000006
wrby,WRBY,2021-12-31,2021,net_income,NetIncomeLoss,NetIncomeLossAvailableToCommonStockholdersBasic,-144.271,-157.408,0.09105780094405669,latest valid filing then configured source-tag priority,high,0001504776-24-000006,0001504776-23-000006
wrby,WRBY,2021-12-31,2021,net_income,NetIncomeLoss,NetIncomeLoss,-144.271,-144.271,0.0,latest valid filing then configured source-tag priority,low,0001504776-24-000006,0001504776-22-000007
wrby,WRBY,2021-12-31,2021,net_income,NetIncomeLoss,NetIncomeLossAvailableToCommonStockholdersBasic,-144.271,-157.408,0.09105780094405669,latest valid filing then configured source-tag priority,high,0001504776-24-000006,0001504776-22-000007
