company_id,ticker,cik,peer_group,fiscal_year,period_start,period_end,duration_days,canonical_field,taxonomy,source_tag,source_priority,value_raw,value_standardized,unit,form,raw_fy,raw_fp,frame,accession_number,filing_date,loaded_at,source_url,is_latest_restated,source_selection_rule
abnb,ABNB,0001559720,marketplace_platform,2019,2019-01-01,2019-12-31,364.0,net_income,us-gaap,NetIncomeLoss,1,-674339000.0,-674.339,USD,10-K,2021,FY,CY2019,0001559720-22-000006,2022-02-25,2026-08-05T17:15:02+00:00,https://www.sec.gov/Archives/edgar/data/1559720/000155972022000006/,True,"latest valid annual filing by 2026-08-05, then tag priority"
abnb,ABNB,0001559720,marketplace_platform,2019,2019-01-01,2019-12-31,364.0,revenue,us-gaap,RevenueFromContractWithCustomerExcludingAssessedTax,1,4805239000.0,4805.239,USD,10-K,2021,FY,CY2019,0001559720-22-000006,2022-02-25,2026-08-05T17:15:02+00:00,https://www.sec.gov/Archives/edgar/data/1559720/000155972022000006/,True,"latest valid annual filing by 2026-08-05, then tag priority"
abnb,ABNB,0001559720,marketplace_platform,2019,,2019-12-31,,total_equity,us-gaap,StockholdersEquity,1,-808000000.0,-808.0,USD,10-K,2022,FY,CY2019Q4I,0001559720-23-000003,2023-02-17,2026-08-05T17:15:02+00:00,https://www.sec.gov/Archives/edgar/data/1559720/000155972023000003/,True,"latest valid annual filing by 2026-08-05, then tag priority"
abnb,ABNB,0001559720,marketplace_platform,2020,2020-01-01,2020-12-31,365.0,net_income,us-gaap,NetIncomeLoss,1,-4585000000.0,-4585.0,USD,10-K,2022,FY,CY2020,0001559720-23-000003,2023-02-17,2026-08-05T17:15:02+00:00,https://www.sec.gov/Archives/edgar/data/1559720/000155972023000003/,True,"latest valid annual filing by 2026-08-05, then tag priority"
abnb,ABNB,0001559720,marketplace_platform,2020,2020-01-01,2020-12-31,365.0,revenue,us-gaap,RevenueFromContractWithCustomerExcludingAssessedTax,1,3378000000.0,3378.0,USD,10-K,2022,FY,CY2020,0001559720-23-000003,2023-02-17,2026-08-05T17:15:02+00:00,https://www.sec.gov/Archives/edgar/data/1559720/000155972023000003/,True,"latest valid annual filing by 2026-08-05, then tag priority"
abnb,ABNB,0001559720,marketplace_platform,2020,,2020-12-31,,total_assets,us-gaap,Assets,1,10491499000.0,10491.499,USD,10-K,2021,FY,CY2020Q4I,0001559720-22-000006,2022-02-25,2026-08-05T17:15:02+00:00,https://www.sec.gov/Archives/edgar/data/1559720/000155972022000006/,True,"latest valid annual filing by 2026-08-05, then tag priority"
abnb,ABNB,0001559720,marketplace_platform,2020,,2020-12-31,,total_equity,us-gaap,StockholdersEquity,1,2901000000.0,2901.0,USD,10-K,2023,FY,CY2020Q4I,0001559720-24-000006,2024-02-16,2026-08-05T17:15:02+00:00,https://www.sec.gov/Archives/edgar/data/1559720/000155972024000006/,True,"latest valid annual filing by 2026-08-05, then tag priority"
abnb,ABNB,0001559720,marketplace_platform,2021,2021-01-01,2021-12-31,364.0,net_income,us-gaap,NetIncomeLoss,1,-352000000.0,-352.0,USD,10-K,2023,FY,,0001559720-24-000006,2024-02-16,2026-08-05T17:15:02+00:00,https://www.sec.gov/Archives/edgar/data/1559720/000155972024000006/,True,"latest valid annual filing by 2026-08-05, then tag priority"
abnb,ABNB,0001559720,marketplace_platform,2021,2021-01-01,2021-12-31,364.0,revenue,us-gaap,RevenueFromContractWithCustomerExcludingAssessedTax,1,5992000000.0,5992.0,USD,10-K,2023,FY,CY2021,0001559720-24-000006,2024-02-16,2026-08-05T17:15:02+00:00,https://www.sec.gov/Archives/edgar/data/1559720/000155972024000006/,True,"latest valid annual filing by 2026-08-05, then tag priority"
abnb,ABNB,0001559720,marketplace_platform,2021,,2021-12-31,,total_assets,us-gaap,Assets,1,13708000000.0,13708.0,USD,10-K,2022,FY,CY2021Q4I,0001559720-23-000003,2023-02-17,2026-08-05T17:15:02+00:00,https://www.sec.gov/Archives/edgar/data/1559720/000155972023000003/,True,"latest valid annual filing by 2026-08-05, then tag priority"
abnb,ABNB,0001559720,marketplace_platform,2021,,2021-12-31,,total_equity,us-gaap,StockholdersEquity,1,4775000000.0,4775.0,USD,10-K,2024,FY,CY2021Q4I,0001559720-25-000010,2025-02-13,2026-08-05T17:15:02+00:00,https://www.sec.gov/Archives/edgar/data/1559720/000155972025000010/,True,"latest valid annual filing by 2026-08-05, then tag priority"
abnb,ABNB,0001559720,marketplace_platform,2022,2022-01-01,2022-12-31,364.0,net_income,us-gaap,NetIncomeLoss,1,1893000000.0,1893.0,USD,10-K,2024,FY,,0001559720-25-000010,2025-02-13,2026-08-05T17:15:02+00:00,https://www.sec.gov/Archives/edgar/data/1559720/000155972025000010/,True,"latest valid annual filing by 2026-08-05, then tag priority"
abnb,ABNB,0001559720,marketplace_platform,2022,2022-01-01,2022-12-31,364.0,revenue,us-gaap,RevenueFromContractWithCustomerExcludingAssessedTax,1,8399000000.0,8399.0,USD,10-K,2024,FY,CY2022,0001559720-25-000010,2025-02-13,2026-08-05T17:15:02+00:00,https://www.sec.gov/Archives/edgar/data/1559720/000155972025000010/,True,"latest valid annual filing by 2026-08-05, then tag priority"
abnb,ABNB,0001559720,marketplace_platform,2022,,2022-12-31,,total_assets,us-gaap,Assets,1,16038000000.0,16038.0,USD,10-K,2023,FY,CY2022Q4I,0001559720-24-000006,2024-02-16,2026-08-05T17:15:02+00:00,https://www.sec.gov/Archives/edgar/data/1559720/000155972024000006/,True,"latest valid annual filing by 2026-08-05, then tag priority"
abnb,ABNB,0001559720,marketplace_platform,2022,,2022-12-31,,total_equity,us-gaap,StockholdersEquity,1,5560000000.0,5560.0,USD,10-K,2025,FY,CY2022Q4I,0001559720-26-000004,2026-02-12,2026-08-05T17:15:02+00:00,https://www.sec.gov/Archives/edgar/data/1559720/000155972026000004/,True,"latest valid annual filing by 2026-08-05, then tag priority"
abnb,ABNB,0001559720,marketplace_platform,2023,2023-01-01,2023-12-31,364.0,net_income,us-gaap,NetIncomeLoss,1,4792000000.0,4792.0,USD,10-K,2025,FY,,0001559720-26-000004,2026-02-12,2026-08-05T17:15:02+00:00,https://www.sec.gov/Archives/edgar/data/1559720/000155972026000004/,True,"latest valid annual filing by 2026-08-05, then tag priority"
abnb,ABNB,0001559720,marketplace_platform,2023,2023-01-01,2023-12-31,364.0,revenue,us-gaap,RevenueFromContractWithCustomerExcludingAssessedTax,1,9917000000.0,9917.0,USD,10-K,2025,FY,CY2023,0001559720-26-000004,2026-02-12,2026-08-05T17:15:02+00:00,https://www.sec.gov/Archives/edgar/data/1559720/000155972026000004/,True,"latest valid annual filing by 2026-08-05, then tag priority"
abnb,ABNB,0001559720,marketplace_platform,2023,,2023-12-31,,total_assets,us-gaap,Assets,1,20645000000.0,20645.0,USD,10-K,2024,FY,CY2023Q4I,0001559720-25-000010,2025-02-13,2026-08-05T17:15:02+00:00,https://www.sec.gov/Archives/edgar/data/1559720/000155972025000010/,True,"latest valid annual filing by 2026-08-05, then tag priority"
abnb,ABNB,0001559720,marketplace_platform,2023,,2023-12-31,,total_equity,us-gaap,StockholdersEquity,1,8165000000.0,8165.0,USD,10-K,2025,FY,CY2023Q4I,0001559720-26-000004,2026-02-12,2026-08-05T17:15:02+00:00,https://www.sec.gov/Archives/edgar/data/1559720/000155972026000004/,True,"latest valid annual filing by 2026-08-05, then tag priority"
abnb,ABNB,0001559720,marketplace_platform,2024,2024-01-01,2024-12-31,365.0,net_income,us-gaap,NetIncomeLoss,1,2648000000.0,2648.0,USD,10-K,2025,FY,,0001559720-26-000004,2026-02-12,2026-08-05T17:15:02+00:00,https://www.sec.gov/Archives/edgar/data/1559720/000155972026000004/,True,"latest valid annual filing by 2026-08-05, then tag priority"
abnb,ABNB,0001559720,marketplace_platform,2024,2024-01-01,2024-12-31,365.0,revenue,us-gaap,RevenueFromContractWithCustomerExcludingAssessedTax,1,11102000000.0,11102.0,USD,10-K,2025,FY,CY2024,0001559720-26-000004,2026-02-12,2026-08-05T17:15:02+00:00,https://www.sec.gov/Archives/edgar/data/1559720/000155972026000004/,True,"latest valid annual filing by 2026-08-05, then tag priority"
abnb,ABNB,0001559720,marketplace_platform,2024,,2024-12-31,,total_assets,us-gaap,Assets,1,20959000000.0,20959.0,USD,10-K,2025,FY,CY2024Q4I,0001559720-26-000004,2026-02-12,2026-08-05T17:15:02+00:00,https://www.sec.gov/Archives/edgar/data/1559720/000155972026000004/,True,"latest valid annual filing by 2026-08-05, then tag priority"
abnb,ABNB,0001559720,marketplace_platform,2024,,2024-12-31,,total_equity,us-gaap,StockholdersEquity,1,8412000000.0,8412.0,USD,10-K,2025,FY,,0001559720-26-000004,2026-02-12,2026-08-05T17:15:02+00:00,https://www.sec.gov/Archives/edgar/data/1559720/000155972026000004/,True,"latest valid annual filing by 2026-08-05, then tag priority"
aka,AKA,0001865107,dtc_brand,2019,2019-01-01,2019-12-31,364.0,net_income,us-gaap,NetIncomeLoss,1,1394000.0,1.394,USD,10-K,2021,FY,CY2019,0001865107-22-000033,2022-03-01,2026-08-05T17:15:02+00:00,https://www.sec.gov/Archives/edgar/data/1865107/000186510722000033/,True,"latest valid annual filing by 2026-08-05, then tag priority"
aka,AKA,0001865107,dtc_brand,2019,2019-01-01,2019-12-31,364.0,revenue,us-gaap,RevenueFromContractWithCustomerExcludingAssessedTax,1,102440000.0,102.44,USD,10-K,2021,FY,CY2019,0001865107-22-000033,2022-03-01,2026-08-05T17:15:02+00:00,https://www.sec.gov/Archives/edgar/data/1865107/000186510722000033/,True,"latest valid annual filing by 2026-08-05, then tag priority"
aka,AKA,0001865107,dtc_brand,2019,,2019-12-31,,total_equity,us-gaap,StockholdersEquityIncludingPortionAttributableToNoncontrollingInterest,2,112041000.0,112.041,USD,10-K,2021,FY,CY2019Q4I,0001865107-22-000033,2022-03-01,2026-08-05T17:15:02+00:00,https://www.sec.gov/Archives/edgar/data/1865107/000186510722000033/,True,"latest valid annual filing by 2026-08-05, then tag priority"
aka,AKA,0001865107,dtc_brand,2020,2020-01-01,2020-12-31,365.0,net_income,us-gaap,NetIncomeLoss,1,14334000.0,14.334,USD,10-K,2022,FY,CY2020,0001865107-23-000012,2023-03-09,2026-08-05T17:15:02+00:00,https://www.sec.gov/Archives/edgar/data/1865107/000186510723000012/,True,"latest valid annual filing by 2026-08-05, then tag priority"
aka,AKA,0001865107,dtc_brand,2020,2020-01-01,2020-12-31,365.0,revenue,us-gaap,RevenueFromContractWithCustomerExcludingAssessedTax,1,215916000.0,215.916,USD,10-K,2022,FY,CY2020,0001865107-23-000012,2023-03-09,2026-08-05T17:15:02+00:00,https://www.sec.gov/Archives/edgar/data/1865107/000186510723000012/,True,"latest valid annual filing by 2026-08-05, then tag priority"
aka,AKA,0001865107,dtc_brand,2020,,2020-12-31,,total_assets,us-gaap,Assets,1,189439000.0,189.439,USD,10-K,2021,FY,CY2020Q4I,0001865107-22-000033,2022-03-01,2026-08-05T17:15:02+00:00,https://www.sec.gov/Archives/edgar/data/1865107/000186510722000033/,True,"latest valid annual filing by 2026-08-05, then tag priority"
aka,AKA,0001865107,dtc_brand,2020,,2020-12-31,,total_equity,us-gaap,StockholdersEquityIncludingPortionAttributableToNoncontrollingInterest,2,138884000.0,138.884,USD,10-K,2021,FY,CY2020Q4I,0001865107-22-000033,2022-03-01,2026-08-05T17:15:02+00:00,https://www.sec.gov/Archives/edgar/data/1865107/000186510722000033/,True,"latest valid annual filing by 2026-08-05, then tag priority"
aka,AKA,0001865107,dtc_brand,2021,2021-01-01,2021-12-31,364.0,net_income,us-gaap,NetIncomeLoss,1,-5968000.0,-5.968,USD,10-K,2023,FY,CY2021,0001865107-24-000010,2024-03-07,2026-08-05T17:15:02+00:00,https://www.sec.gov/Archives/edgar/data/1865107/000186510724000010/,True,"latest valid annual filing by 2026-08-05, then tag priority"
aka,AKA,0001865107,dtc_brand,2021,2021-01-01,2021-12-31,364.0,revenue,us-gaap,RevenueFromContractWithCustomerExcludingAssessedTax,1,562191000.0,562.191,USD,10-K,2023,FY,CY2021,0001865107-24-000010,2024-03-07,2026-08-05T17:15:02+00:00,https://www.sec.gov/Archives/edgar/data/1865107/000186510724000010/,True,"latest valid annual filing by 2026-08-05, then tag priority"
aka,AKA,0001865107,dtc_brand,2021,,2021-12-31,,total_assets,us-gaap,Assets,1,687846000.0,687.846,USD,10-K,2022,FY,CY2021Q4I,0001865107-23-000012,2023-03-09,2026-08-05T17:15:02+00:00,https://www.sec.gov/Archives/edgar/data/1865107/000186510723000012/,True,"latest valid annual filing by 2026-08-05, then tag priority"
aka,AKA,0001865107,dtc_brand,2021,,2021-12-31,,total_equity,us-gaap,StockholdersEquityIncludingPortionAttributableToNoncontrollingInterest,2,451026000.0,451.026,USD,10-K,2024,FY,CY2021Q4I,0001865107-25-000016,2025-03-06,2026-08-05T17:15:02+00:00,https://www.sec.gov/Archives/edgar/data/1865107/000186510725000016/,True,"latest valid annual filing by 2026-08-05, then tag priority"
aka,AKA,0001865107,dtc_brand,2022,2022-01-01,2022-12-31,364.0,net_income,us-gaap,NetIncomeLoss,1,-176697000.0,-176.697,USD,10-K,2024,FY,CY2022,0001865107-25-000016,2025-03-06,2026-08-05T17:15:02+00:00,https://www.sec.gov/Archives/edgar/data/1865107/000186510725000016/,True,"latest valid annual filing by 2026-08-05, then tag priority"
aka,AKA,0001865107,dtc_brand,2022,2022-01-01,2022-12-31,364.0,revenue,us-gaap,RevenueFromContractWithCustomerExcludingAssessedTax,1,611738000.0,611.738,USD,10-K,2024,FY,CY2022,0001865107-25-000016,2025-03-06,2026-08-05T17:15:02+00:00,https://www.sec.gov/Archives/edgar/data/1865107/000186510725000016/,True,"latest valid annual filing by 2026-08-05, then tag priority"
aka,AKA,0001865107,dtc_brand,2022,,2022-12-31,,total_assets,us-gaap,Assets,1,509638000.0,509.638,USD,10-K,2023,FY,CY2022Q4I,0001865107-24-000010,2024-03-07,2026-08-05T17:15:02+00:00,https://www.sec.gov/Archives/edgar/data/1865107/000186510724000010/,True,"latest valid annual filing by 2026-08-05, then tag priority"
aka,AKA,0001865107,dtc_brand,2022,,2022-12-31,,total_equity,us-gaap,StockholdersEquity,1,247077000.0,247.077,USD,10-K,2025,FY,CY2022Q4I,0001865107-26-000008,2026-03-05,2026-08-05T17:15:02+00:00,https://www.sec.gov/Archives/edgar/data/1865107/000186510726000008/,True,"latest valid annual filing by 2026-08-05, then tag priority"
aka,AKA,0001865107,dtc_brand,2023,2023-01-01,2023-12-31,364.0,net_income,us-gaap,NetIncomeLoss,1,-98886000.0,-98.886,USD,10-K,2025,FY,CY2023,0001865107-26-000008,2026-03-05,2026-08-05T17:15:02+00:00,https://www.sec.gov/Archives/edgar/data/1865107/000186510726000008/,True,"latest valid annual filing by 2026-08-05, then tag priority"
aka,AKA,0001865107,dtc_brand,2023,2023-01-01,2023-12-31,364.0,revenue,us-gaap,RevenueFromContractWithCustomerExcludingAssessedTax,1,546258000.0,546.258,USD,10-K,2025,FY,CY2023,0001865107-26-000008,2026-03-05,2026-08-05T17:15:02+00:00,https://www.sec.gov/Archives/edgar/data/1865107/000186510726000008/,True,"latest valid annual filing by 2026-08-05, then tag priority"
aka,AKA,0001865107,dtc_brand,2023,,2023-12-31,,total_assets,us-gaap,Assets,1,361721000.0,361.721,USD,10-K,2024,FY,CY2023Q4I,0001865107-25-000016,2025-03-06,2026-08-05T17:15:02+00:00,https://www.sec.gov/Archives/edgar/data/1865107/000186510725000016/,True,"latest valid annual filing by 2026-08-05, then tag priority"
aka,AKA,0001865107,dtc_brand,2023,,2023-12-31,,total_equity,us-gaap,StockholdersEquity,1,148618000.0,148.618,USD,10-K,2025,FY,CY2023Q4I,0001865107-26-000008,2026-03-05,2026-08-05T17:15:02+00:00,https://www.sec.gov/Archives/edgar/data/1865107/000186510726000008/,True,"latest valid annual filing by 2026-08-05, then tag priority"
aka,AKA,0001865107,dtc_brand,2024,2024-01-01,2024-12-31,365.0,net_income,us-gaap,NetIncomeLoss,1,-25990000.0,-25.99,USD,10-K,2025,FY,CY2024,0001865107-26-000008,2026-03-05,2026-08-05T17:15:02+00:00,https://www.sec.gov/Archives/edgar/data/1865107/000186510726000008/,True,"latest valid annual filing by 2026-08-05, then tag priority"
aka,AKA,0001865107,dtc_brand,2024,2024-01-01,2024-12-31,365.0,revenue,us-gaap,RevenueFromContractWithCustomerExcludingAssessedTax,1,574697000.0,574.697,USD,10-K,2025,FY,CY2024,0001865107-26-000008,2026-03-05,2026-08-05T17:15:02+00:00,https://www.sec.gov/Archives/edgar/data/1865107/000186510726000008/,True,"latest valid annual filing by 2026-08-05, then tag priority"
aka,AKA,0001865107,dtc_brand,2024,,2024-12-31,,total_assets,us-gaap,Assets,1,385204000.0,385.204,USD,10-K,2025,FY,CY2024Q4I,0001865107-26-000008,2026-03-05,2026-08-05T17:15:02+00:00,https://www.sec.gov/Archives/edgar/data/1865107/000186510726000008/,True,"latest valid annual filing by 2026-08-05, then tag priority"
aka,AKA,0001865107,dtc_brand,2024,,2024-12-31,,total_equity,us-gaap,StockholdersEquity,1,117634000.0,117.634,USD,10-K,2025,FY,,0001865107-26-000008,2026-03-05,2026-08-05T17:15:02+00:00,https://www.sec.gov/Archives/edgar/data/1865107/000186510726000008/,True,"latest valid annual filing by 2026-08-05, then tag priority"
amzn,AMZN,0001018724,hybrid,2017,2017-01-01,2017-12-31,364.0,net_income,us-gaap,NetIncomeLoss,1,3033000000.0,3033.0,USD,10-K,2019,FY,CY2017,0001018724-20-000004,2020-01-31,2026-08-05T12:11:50+00:00,https://www.sec.gov/Archives/edgar/data/1018724/000101872420000004/,True,"latest valid annual filing by 2026-08-05, then tag priority"
amzn,AMZN,0001018724,hybrid,2017,2017-01-01,2017-12-31,364.0,revenue,us-gaap,RevenueFromContractWithCustomerExcludingAssessedTax,1,177866000000.0,177866.0,USD,10-K,2019,FY,CY2017,0001018724-20-000004,2020-01-31,2026-08-05T12:11:50+00:00,https://www.sec.gov/Archives/edgar/data/1018724/000101872420000004/,True,"latest valid annual filing by 2026-08-05, then tag priority"
amzn,AMZN,0001018724,hybrid,2017,,2017-12-31,,total_assets,us-gaap,Assets,1,131310000000.0,131310.0,USD,10-K,2019,FY,CY2017Q4I,0001018724-20-000004,2020-01-31,2026-08-05T12:11:50+00:00,https://www.sec.gov/Archives/edgar/data/1018724/000101872420000004/,True,"latest valid annual filing by 2026-08-05, then tag priority"
amzn,AMZN,0001018724,hybrid,2017,,2017-12-31,,total_equity,us-gaap,StockholdersEquity,1,27709000000.0,27709.0,USD,10-K,2020,FY,CY2017Q4I,0001018724-21-000004,2021-02-03,2026-08-05T12:11:50+00:00,https://www.sec.gov/Archives/edgar/data/1018724/000101872421000004/,True,"latest valid annual filing by 2026-08-05, then tag priority"
amzn,AMZN,0001018724,hybrid,2018,2018-01-01,2018-12-31,364.0,net_income,us-gaap,NetIncomeLoss,1,10073000000.0,10073.0,USD,10-K,2020,FY,CY2018,0001018724-21-000004,2021-02-03,2026-08-05T12:11:50+00:00,https://www.sec.gov/Archives/edgar/data/1018724/000101872421000004/,True,"latest valid annual filing by 2026-08-05, then tag priority"
amzn,AMZN,0001018724,hybrid,2018,2018-01-01,2018-12-31,364.0,revenue,us-gaap,RevenueFromContractWithCustomerExcludingAssessedTax,1,232887000000.0,232887.0,USD,10-K,2020,FY,CY2018,0001018724-21-000004,2021-02-03,2026-08-05T12:11:50+00:00,https://www.sec.gov/Archives/edgar/data/1018724/000101872421000004/,True,"latest valid annual filing by 2026-08-05, then tag priority"
amzn,AMZN,0001018724,hybrid,2018,,2018-12-31,,total_assets,us-gaap,Assets,1,162648000000.0,162648.0,USD,10-K,2020,FY,CY2018Q4I,0001018724-21-000004,2021-02-03,2026-08-05T12:11:50+00:00,https://www.sec.gov/Archives/edgar/data/1018724/000101872421000004/,True,"latest valid annual filing by 2026-08-05, then tag priority"
amzn,AMZN,0001018724,hybrid,2018,,2018-12-31,,total_equity,us-gaap,StockholdersEquity,1,43549000000.0,43549.0,USD,10-K,2021,FY,CY2018Q4I,0001018724-22-000005,2022-02-04,2026-08-05T12:11:50+00:00,https://www.sec.gov/Archives/edgar/data/1018724/000101872422000005/,True,"latest valid annual filing by 2026-08-05, then tag priority"
amzn,AMZN,0001018724,hybrid,2019,2019-01-01,2019-12-31,364.0,net_income,us-gaap,NetIncomeLoss,1,11588000000.0,11588.0,USD,10-K,2021,FY,CY2019,0001018724-22-000005,2022-02-04,2026-08-05T12:11:50+00:00,https://www.sec.gov/Archives/edgar/data/1018724/000101872422000005/,True,"latest valid annual filing by 2026-08-05, then tag priority"
amzn,AMZN,0001018724,hybrid,2019,2019-01-01,2019-12-31,364.0,revenue,us-gaap,RevenueFromContractWithCustomerExcludingAssessedTax,1,280522000000.0,280522.0,USD,10-K,2021,FY,CY2019,0001018724-22-000005,2022-02-04,2026-08-05T12:11:50+00:00,https://www.sec.gov/Archives/edgar/data/1018724/000101872422000005/,True,"latest valid annual filing by 2026-08-05, then tag priority"
amzn,AMZN,0001018724,hybrid,2019,,2019-12-31,,total_assets,us-gaap,Assets,1,225248000000.0,225248.0,USD,10-K,2021,FY,CY2019Q4I,0001018724-22-000005,2022-02-04,2026-08-05T12:11:50+00:00,https://www.sec.gov/Archives/edgar/data/1018724/000101872422000005/,True,"latest valid annual filing by 2026-08-05, then tag priority"
amzn,AMZN,0001018724,hybrid,2019,,2019-12-31,,total_equity,us-gaap,StockholdersEquity,1,62060000000.0,62060.0,USD,10-K,2022,FY,CY2019Q4I,0001018724-23-000004,2023-02-03,2026-08-05T12:11:50+00:00,https://www.sec.gov/Archives/edgar/data/1018724/000101872423000004/,True,"latest valid annual filing by 2026-08-05, then tag priority"
amzn,AMZN,0001018724,hybrid,2020,2020-01-01,2020-12-31,365.0,net_income,us-gaap,NetIncomeLoss,1,21331000000.0,21331.0,USD,10-K,2022,FY,CY2020,0001018724-23-000004,2023-02-03,2026-08-05T12:11:50+00:00,https://www.sec.gov/Archives/edgar/data/1018724/000101872423000004/,True,"latest valid annual filing by 2026-08-05, then tag priority"
amzn,AMZN,0001018724,hybrid,2020,2020-01-01,2020-12-31,365.0,revenue,us-gaap,RevenueFromContractWithCustomerExcludingAssessedTax,1,386064000000.0,386064.0,USD,10-K,2022,FY,CY2020,0001018724-23-000004,2023-02-03,2026-08-05T12:11:50+00:00,https://www.sec.gov/Archives/edgar/data/1018724/000101872423000004/,True,"latest valid annual filing by 2026-08-05, then tag priority"
amzn,AMZN,0001018724,hybrid,2020,,2020-12-31,,total_assets,us-gaap,Assets,1,321195000000.0,321195.0,USD,10-K,2022,FY,CY2020Q4I,0001018724-23-000004,2023-02-03,2026-08-05T12:11:50+00:00,https://www.sec.gov/Archives/edgar/data/1018724/000101872423000004/,True,"latest valid annual filing by 2026-08-05, then tag priority"
amzn,AMZN,0001018724,hybrid,2020,,2020-12-31,,total_equity,us-gaap,StockholdersEquity,1,93404000000.0,93404.0,USD,10-K,2023,FY,CY2020Q4I,0001018724-24-000008,2024-02-02,2026-08-05T12:11:50+00:00,https://www.sec.gov/Archives/edgar/data/1018724/000101872424000008/,True,"latest valid annual filing by 2026-08-05, then tag priority"
amzn,AMZN,0001018724,hybrid,2021,2021-01-01,2021-12-31,364.0,net_income,us-gaap,NetIncomeLoss,1,33364000000.0,33364.0,USD,10-K,2023,FY,,0001018724-24-000008,2024-02-02,2026-08-05T12:11:50+00:00,https://www.sec.gov/Archives/edgar/data/1018724/000101872424000008/,True,"latest valid annual filing by 2026-08-05, then tag priority"
amzn,AMZN,0001018724,hybrid,2021,2021-01-01,2021-12-31,364.0,revenue,us-gaap,RevenueFromContractWithCustomerExcludingAssessedTax,1,469822000000.0,469822.0,USD,10-K,2023,FY,CY2021,0001018724-24-000008,2024-02-02,2026-08-05T12:11:50+00:00,https://www.sec.gov/Archives/edgar/data/1018724/000101872424000008/,True,"latest valid annual filing by 2026-08-05, then tag priority"
amzn,AMZN,0001018724,hybrid,2021,,2021-12-31,,total_assets,us-gaap,Assets,1,420549000000.0,420549.0,USD,10-K,2023,FY,CY2021Q4I,0001018724-24-000008,2024-02-02,2026-08-05T12:11:50+00:00,https://www.sec.gov/Archives/edgar/data/1018724/000101872424000008/,True,"latest valid annual filing by 2026-08-05, then tag priority"
amzn,AMZN,0001018724,hybrid,2021,,2021-12-31,,total_equity,us-gaap,StockholdersEquity,1,138245000000.0,138245.0,USD,10-K,2024,FY,CY2021Q4I,0001018724-25-000004,2025-02-07,2026-08-05T12:11:50+00:00,https://www.sec.gov/Archives/edgar/data/1018724/000101872425000004/,True,"latest valid annual filing by 2026-08-05, then tag priority"
amzn,AMZN,0001018724,hybrid,2022,2022-01-01,2022-12-31,364.0,net_income,us-gaap,NetIncomeLoss,1,-2722000000.0,-2722.0,USD,10-K,2024,FY,,0001018724-25-000004,2025-02-07,2026-08-05T12:11:50+00:00,https://www.sec.gov/Archives/edgar/data/1018724/000101872425000004/,True,"latest valid annual filing by 2026-08-05, then tag priority"
amzn,AMZN,0001018724,hybrid,2022,2022-01-01,2022-12-31,364.0,revenue,us-gaap,RevenueFromContractWithCustomerExcludingAssessedTax,1,513983000000.0,513983.0,USD,10-K,2024,FY,CY2022,0001018724-25-000004,2025-02-07,2026-08-05T12:11:50+00:00,https://www.sec.gov/Archives/edgar/data/1018724/000101872425000004/,True,"latest valid annual filing by 2026-08-05, then tag priority"
amzn,AMZN,0001018724,hybrid,2022,,2022-12-31,,total_assets,us-gaap,Assets,1,462675000000.0,462675.0,USD,10-K,2024,FY,CY2022Q4I,0001018724-25-000004,2025-02-07,2026-08-05T12:11:50+00:00,https://www.sec.gov/Archives/edgar/data/1018724/000101872425000004/,True,"latest valid annual filing by 2026-08-05, then tag priority"
amzn,AMZN,0001018724,hybrid,2022,,2022-12-31,,total_equity,us-gaap,StockholdersEquity,1,146043000000.0,146043.0,USD,10-K,2025,FY,CY2022Q4I,0001018724-26-000004,2026-02-06,2026-08-05T12:11:50+00:00,https://www.sec.gov/Archives/edgar/data/1018724/000101872426000004/,True,"latest valid annual filing by 2026-08-05, then tag priority"
amzn,AMZN,0001018724,hybrid,2023,2023-01-01,2023-12-31,364.0,net_income,us-gaap,NetIncomeLoss,1,30425000000.0,30425.0,USD,10-K,2025,FY,,0001018724-26-000004,2026-02-06,2026-08-05T12:11:50+00:00,https://www.sec.gov/Archives/edgar/data/1018724/000101872426000004/,True,"latest valid annual filing by 2026-08-05, then tag priority"
amzn,AMZN,0001018724,hybrid,2023,2023-01-01,2023-12-31,364.0,revenue,us-gaap,RevenueFromContractWithCustomerExcludingAssessedTax,1,574785000000.0,574785.0,USD,10-K,2025,FY,CY2023,0001018724-26-000004,2026-02-06,2026-08-05T12:11:50+00:00,https://www.sec.gov/Archives/edgar/data/1018724/000101872426000004/,True,"latest valid annual filing by 2026-08-05, then tag priority"
amzn,AMZN,0001018724,hybrid,2023,,2023-12-31,,total_assets,us-gaap,Assets,1,527854000000.0,527854.0,USD,10-K,2025,FY,CY2023Q4I,0001018724-26-000004,2026-02-06,2026-08-05T12:11:50+00:00,https://www.sec.gov/Archives/edgar/data/1018724/000101872426000004/,True,"latest valid annual filing by 2026-08-05, then tag priority"
amzn,AMZN,0001018724,hybrid,2023,,2023-12-31,,total_equity,us-gaap,StockholdersEquity,1,201875000000.0,201875.0,USD,10-K,2025,FY,CY2023Q4I,0001018724-26-000004,2026-02-06,2026-08-05T12:11:50+00:00,https://www.sec.gov/Archives/edgar/data/1018724/000101872426000004/,True,"latest valid annual filing by 2026-08-05, then tag priority"
amzn,AMZN,0001018724,hybrid,2024,2024-01-01,2024-12-31,365.0,net_income,us-gaap,NetIncomeLoss,1,59248000000.0,59248.0,USD,10-K,2025,FY,,0001018724-26-000004,2026-02-06,2026-08-05T12:11:50+00:00,https://www.sec.gov/Archives/edgar/data/1018724/000101872426000004/,True,"latest valid annual filing by 2026-08-05, then tag priority"
amzn,AMZN,0001018724,hybrid,2024,2024-01-01,2024-12-31,365.0,revenue,us-gaap,RevenueFromContractWithCustomerExcludingAssessedTax,1,637959000000.0,637959.0,USD,10-K,2025,FY,CY2024,0001018724-26-000004,2026-02-06,2026-08-05T12:11:50+00:00,https://www.sec.gov/Archives/edgar/data/1018724/000101872426000004/,True,"latest valid annual filing by 2026-08-05, then tag priority"
amzn,AMZN,0001018724,hybrid,2024,,2024-12-31,,total_assets,us-gaap,Assets,1,624894000000.0,624894.0,USD,10-K,2025,FY,CY2024Q4I,0001018724-26-000004,2026-02-06,2026-08-05T12:11:50+00:00,https://www.sec.gov/Archives/edgar/data/1018724/000101872426000004/,True,"latest valid annual filing by 2026-08-05, then tag priority"
amzn,AMZN,0001018724,hybrid,2024,,2024-12-31,,total_equity,us-gaap,StockholdersEquity,1,285970000000.0,285970.0,USD,10-K,2025,FY,,0001018724-26-000004,2026-02-06,2026-08-05T12:11:50+00:00,https://www.sec.gov/Archives/edgar/data/1018724/000101872426000004/,True,"latest valid annual filing by 2026-08-05, then tag priority"
aprn,APRN,0001701114,inventory_led_ecommerce,2017,2017-01-01,2017-12-31,364.0,net_income,us-gaap,NetIncomeLoss,1,-210143000.0,-210.143,USD,10-K,2019,FY,,0001558370-20-000920,2020-02-18,2026-08-05T17:15:02+00:00,https://www.sec.gov/Archives/edgar/data/1701114/000155837020000920/,True,"latest valid annual filing by 2026-08-05, then tag priority"
aprn,APRN,0001701114,inventory_led_ecommerce,2017,2017-01-01,2017-12-31,364.0,revenue,us-gaap,RevenueFromContractWithCustomerExcludingAssessedTax,1,881191000.0,881.191,USD,10-K,2019,FY,CY2017,0001558370-20-000920,2020-02-18,2026-08-05T17:15:02+00:00,https://www.sec.gov/Archives/edgar/data/1701114/000155837020000920/,True,"latest valid annual filing by 2026-08-05, then tag priority"
aprn,APRN,0001701114,inventory_led_ecommerce,2017,,2017-12-31,,total_assets,us-gaap,Assets,1,517709000.0,517.709,USD,10-K,2018,FY,CY2017Q4I,0001558370-19-001009,2019-02-25,2026-08-05T17:15:02+00:00,https://www.sec.gov/Archives/edgar/data/1701114/000155837019001009/,True,"latest valid annual filing by 2026-08-05, then tag priority"
aprn,APRN,0001701114,inventory_led_ecommerce,2017,,2017-12-31,,total_equity,us-gaap,StockholdersEquity,1,223850000.0,223.85,USD,10-K,2020,FY,CY2017Q4I,0001558370-21-001484,2021-02-23,2026-08-05T17:15:02+00:00,https://www.sec.gov/Archives/edgar/data/1701114/000155837021001484/,True,"latest valid annual filing by 2026-08-05, then tag priority"
aprn,APRN,0001701114,inventory_led_ecommerce,2018,2018-01-01,2018-12-31,364.0,net_income,us-gaap,NetIncomeLoss,1,-122149000.0,-122.149,USD,10-K,2020,FY,CY2018,0001558370-21-001484,2021-02-23,2026-08-05T17:15:02+00:00,https://www.sec.gov/Archives/edgar/data/1701114/000155837021001484/,True,"latest valid annual filing by 2026-08-05, then tag priority"
aprn,APRN,0001701114,inventory_led_ecommerce,2018,2018-01-01,2018-12-31,364.0,revenue,us-gaap,RevenueFromContractWithCustomerExcludingAssessedTax,1,667600000.0,667.6,USD,10-K,2020,FY,CY2018,0001558370-21-001484,2021-02-23,2026-08-05T17:15:02+00:00,https://www.sec.gov/Archives/edgar/data/1701114/000155837021001484/,True,"latest valid annual filing by 2026-08-05, then tag priority"
aprn,APRN,0001701114,inventory_led_ecommerce,2018,,2018-12-31,,total_assets,us-gaap,Assets,1,354899000.0,354.899,USD,10-K,2019,FY,CY2018Q4I,0001558370-20-000920,2020-02-18,2026-08-05T17:15:02+00:00,https://www.sec.gov/Archives/edgar/data/1701114/000155837020000920/,True,"latest valid annual filing by 2026-08-05, then tag priority"
aprn,APRN,0001701114,inventory_led_ecommerce,2018,,2018-12-31,,total_equity,us-gaap,StockholdersEquity,1,119302000.0,119.302,USD,10-K,2021,FY,CY2018Q4I,0001558370-22-002191,2022-02-25,2026-08-05T17:15:02+00:00,https://www.sec.gov/Archives/edgar/data/1701114/000155837022002191/,True,"latest valid annual filing by 2026-08-05, then tag priority"
aprn,APRN,0001701114,inventory_led_ecommerce,2019,2019-01-01,2019-12-31,364.0,net_income,us-gaap,NetIncomeLoss,1,-61081000.0,-61.081,USD,10-K,2021,FY,CY2019,0001558370-22-002191,2022-02-25,2026-08-05T17:15:02+00:00,https://www.sec.gov/Archives/edgar/data/1701114/000155837022002191/,True,"latest valid annual filing by 2026-08-05, then tag priority"
aprn,APRN,0001701114,inventory_led_ecommerce,2019,2019-01-01,2019-12-31,364.0,revenue,us-gaap,RevenueFromContractWithCustomerExcludingAssessedTax,1,454868000.0,454.868,USD,10-K,2021,FY,CY2019,0001558370-22-002191,2022-02-25,2026-08-05T17:15:02+00:00,https://www.sec.gov/Archives/edgar/data/1701114/000155837022002191/,True,"latest valid annual filing by 2026-08-05, then tag priority"
aprn,APRN,0001701114,inventory_led_ecommerce,2019,,2019-12-31,,total_assets,us-gaap,Assets,1,266065000.0,266.065,USD,10-K,2020,FY,CY2019Q4I,0001558370-21-001484,2021-02-23,2026-08-05T17:15:02+00:00,https://www.sec.gov/Archives/edgar/data/1701114/000155837021001484/,True,"latest valid annual filing by 2026-08-05, then tag priority"
aprn,APRN,0001701114,inventory_led_ecommerce,2019,,2019-12-31,,total_equity,us-gaap,StockholdersEquity,1,67999000.0,67.999,USD,10-K,2022,FY,CY2019Q4I,0001701114-23-000020,2023-03-16,2026-08-05T17:15:02+00:00,https://www.sec.gov/Archives/edgar/data/1701114/000170111423000020/,True,"latest valid annual filing by 2026-08-05, then tag priority"
aprn,APRN,0001701114,inventory_led_ecommerce,2020,2020-01-01,2020-12-31,365.0,net_income,us-gaap,NetIncomeLoss,1,-46154000.0,-46.154,USD,10-K,2022,FY,CY2020,0001701114-23-000020,2023-03-16,2026-08-05T17:15:02+00:00,https://www.sec.gov/Archives/edgar/data/1701114/000170111423000020/,True,"latest valid annual filing by 2026-08-05, then tag priority"
aprn,APRN,0001701114,inventory_led_ecommerce,2020,2020-01-01,2020-12-31,365.0,revenue,us-gaap,RevenueFromContractWithCustomerExcludingAssessedTax,1,460608000.0,460.608,USD,10-K,2022,FY,CY2020,0001701114-23-000020,2023-03-16,2026-08-05T17:15:02+00:00,https://www.sec.gov/Archives/edgar/data/1701114/000170111423000020/,True,"latest valid annual filing by 2026-08-05, then tag priority"
aprn,APRN,0001701114,inventory_led_ecommerce,2020,,2020-12-31,,total_assets,us-gaap,Assets,1,215335000.0,215.335,USD,10-K,2021,FY,CY2020Q4I,0001558370-22-002191,2022-02-25,2026-08-05T17:15:02+00:00,https://www.sec.gov/Archives/edgar/data/1701114/000155837022002191/,True,"latest valid annual filing by 2026-08-05, then tag priority"
aprn,APRN,0001701114,inventory_led_ecommerce,2020,,2020-12-31,,total_equity,us-gaap,StockholdersEquity,1,63975000.0,63.975,USD,10-K,2022,FY,CY2020Q4I,0001701114-23-000020,2023-03-16,2026-08-05T17:15:02+00:00,https://www.sec.gov/Archives/edgar/data/1701114/000170111423000020/,True,"latest valid annual filing by 2026-08-05, then tag priority"
aprn,APRN,0001701114,inventory_led_ecommerce,2021,2021-01-01,2021-12-31,364.0,net_income,us-gaap,NetIncomeLoss,1,-88381000.0,-88.381,USD,10-K,2022,FY,CY2021,0001701114-23-000020,2023-03-16,2026-08-05T17:15:02+00:00,https://www.sec.gov/Archives/edgar/data/1701114/000170111423000020/,True,"latest valid annual filing by 2026-08-05, then tag priority"
aprn,APRN,0001701114,inventory_led_ecommerce,2021,2021-01-01,2021-12-31,364.0,revenue,us-gaap,RevenueFromContractWithCustomerExcludingAssessedTax,1,470377000.0,470.377,USD,10-K,2022,FY,CY2021,0001701114-23-000020,2023-03-16,2026-08-05T17:15:02+00:00,https://www.sec.gov/Archives/edgar/data/1701114/000170111423000020/,True,"latest valid annual filing by 2026-08-05, then tag priority"
aprn,APRN,0001701114,inventory_led_ecommerce,2021,,2021-12-31,,total_assets,us-gaap,Assets,1,231706000.0,231.706,USD,10-K,2022,FY,CY2021Q4I,0001701114-23-000020,2023-03-16,2026-08-05T17:15:02+00:00,https://www.sec.gov/Archives/edgar/data/1701114/000170111423000020/,True,"latest valid annual filing by 2026-08-05, then tag priority"
aprn,APRN,0001701114,inventory_led_ecommerce,2021,,2021-12-31,,total_equity,us-gaap,StockholdersEquity,1,80053000.0,80.053,USD,10-K,2022,FY,,0001701114-23-000020,2023-03-16,2026-08-05T17:15:02+00:00,https://www.sec.gov/Archives/edgar/data/1701114/000170111423000020/,True,"latest valid annual filing by 2026-08-05, then tag priority"
aprn,APRN,0001701114,inventory_led_ecommerce,2022,2022-01-01,2022-12-31,364.0,net_income,us-gaap,NetIncomeLoss,1,-109733000.0,-109.733,USD,10-K,2022,FY,CY2022,0001701114-23-000020,2023-03-16,2026-08-05T17:15:02+00:00,https://www.sec.gov/Archives/edgar/data/1701114/000170111423000020/,True,"latest valid annual filing by 2026-08-05, then tag priority"
aprn,APRN,0001701114,inventory_led_ecommerce,2022,2022-01-01,2022-12-31,364.0,revenue,us-gaap,RevenueFromContractWithCustomerExcludingAssessedTax,1,458467000.0,458.467,USD,10-K,2022,FY,CY2022,0001701114-23-000020,2023-03-16,2026-08-05T17:15:02+00:00,https://www.sec.gov/Archives/edgar/data/1701114/000170111423000020/,True,"latest valid annual filing by 2026-08-05, then tag priority"
aprn,APRN,0001701114,inventory_led_ecommerce,2022,,2022-12-31,,total_assets,us-gaap,Assets,1,171142000.0,171.142,USD,10-K,2022,FY,,0001701114-23-000020,2023-03-16,2026-08-05T17:15:02+00:00,https://www.sec.gov/Archives/edgar/data/1701114/000170111423000020/,True,"latest valid annual filing by 2026-08-05, then tag priority"
aprn,APRN,0001701114,inventory_led_ecommerce,2022,,2022-12-31,,total_equity,us-gaap,StockholdersEquity,1,33721000.0,33.721,USD,10-K,2022,FY,,0001701114-23-000020,2023-03-16,2026-08-05T17:15:02+00:00,https://www.sec.gov/Archives/edgar/data/1701114/000170111423000020/,True,"latest valid annual filing by 2026-08-05, then tag priority"
bark,BARK,0001819574,dtc_brand,2020,2019-04-01,2020-03-31,365.0,net_income,us-gaap,NetIncomeLoss,1,-31368000.0,-31.368,USD,10-K,2022,FY,CY2019,0001819574-22-000049,2022-05-31,2026-08-05T17:15:02+00:00,https://www.sec.gov/Archives/edgar/data/1819574/000181957422000049/,True,"latest valid annual filing by 2026-08-05, then tag priority"
bark,BARK,0001819574,dtc_brand,2020,2019-04-01,2020-03-31,365.0,revenue,us-gaap,RevenueFromContractWithCustomerExcludingAssessedTax,1,224335000.0,224.335,USD,10-K,2022,FY,CY2019,0001819574-22-000049,2022-05-31,2026-08-05T17:15:02+00:00,https://www.sec.gov/Archives/edgar/data/1819574/000181957422000049/,True,"latest valid annual filing by 2026-08-05, then tag priority"
bark,BARK,0001819574,dtc_brand,2020,,2020-03-31,,total_equity,us-gaap,StockholdersEquity,1,-135387000.0,-135.387,USD,10-K,2023,FY,CY2020Q1I,0001819574-23-000009,2023-06-01,2026-08-05T17:15:02+00:00,https://www.sec.gov/Archives/edgar/data/1819574/000181957423000009/,True,"latest valid annual filing by 2026-08-05, then tag priority"
bark,BARK,0001819574,dtc_brand,2021,2020-04-01,2021-03-31,364.0,net_income,us-gaap,NetIncomeLoss,1,-31391000.0,-31.391,USD,10-K,2023,FY,CY2020,0001819574-23-000009,2023-06-01,2026-08-05T17:15:02+00:00,https://www.sec.gov/Archives/edgar/data/1819574/000181957423000009/,True,"latest valid annual filing by 2026-08-05, then tag priority"
bark,BARK,0001819574,dtc_brand,2021,2020-04-01,2021-03-31,364.0,revenue,us-gaap,RevenueFromContractWithCustomerExcludingAssessedTax,1,378604000.0,378.604,USD,10-K,2023,FY,CY2020,0001819574-23-000009,2023-06-01,2026-08-05T17:15:02+00:00,https://www.sec.gov/Archives/edgar/data/1819574/000181957423000009/,True,"latest valid annual filing by 2026-08-05, then tag priority"
bark,BARK,0001819574,dtc_brand,2021,,2021-03-31,,total_assets,us-gaap,Assets,1,150863000.0,150.863,USD,10-K,2022,FY,CY2021Q1I,0001819574-22-000049,2022-05-31,2026-08-05T17:15:02+00:00,https://www.sec.gov/Archives/edgar/data/1819574/000181957422000049/,True,"latest valid annual filing by 2026-08-05, then tag priority"
bark,BARK,0001819574,dtc_brand,2021,,2021-03-31,,total_equity,us-gaap,StockholdersEquity,1,-158970000.0,-158.97,USD,10-K,2024,FY,CY2021Q1I,0001819574-24-000025,2024-06-03,2026-08-05T17:15:02+00:00,https://www.sec.gov/Archives/edgar/data/1819574/000181957424000025/,True,"latest valid annual filing by 2026-08-05, then tag priority"
bark,BARK,0001819574,dtc_brand,2022,2021-04-01,2022-03-31,364.0,net_income,us-gaap,NetIncomeLoss,1,-68299000.0,-68.299,USD,10-K,2024,FY,CY2021,0001819574-24-000025,2024-06-03,2026-08-05T17:15:02+00:00,https://www.sec.gov/Archives/edgar/data/1819574/000181957424000025/,True,"latest valid annual filing by 2026-08-05, then tag priority"
bark,BARK,0001819574,dtc_brand,2022,2021-04-01,2022-03-31,364.0,revenue,us-gaap,RevenueFromContractWithCustomerExcludingAssessedTax,1,507406000.0,507.406,USD,10-K,2024,FY,CY2021,0001819574-24-000025,2024-06-03,2026-08-05T17:15:02+00:00,https://www.sec.gov/Archives/edgar/data/1819574/000181957424000025/,True,"latest valid annual filing by 2026-08-05, then tag priority"
bark,BARK,0001819574,dtc_brand,2022,,2022-03-31,,total_assets,us-gaap,Assets,1,434061000.0,434.061,USD,10-K,2023,FY,CY2022Q1I,0001819574-23-000009,2023-06-01,2026-08-05T17:15:02+00:00,https://www.sec.gov/Archives/edgar/data/1819574/000181957423000009/,True,"latest valid annual filing by 2026-08-05, then tag priority"
bark,BARK,0001819574,dtc_brand,2022,,2022-03-31,,total_equity,us-gaap,StockholdersEquity,1,217061000.0,217.061,USD,10-K,2025,FY,CY2022Q1I,0001819574-25-000024,2025-06-04,2026-08-05T17:15:02+00:00,https://www.sec.gov/Archives/edgar/data/1819574/000181957425000024/,True,"latest valid annual filing by 2026-08-05, then tag priority"
bark,BARK,0001819574,dtc_brand,2023,2022-04-01,2023-03-31,364.0,net_income,us-gaap,NetIncomeLoss,1,-61519000.0,-61.519,USD,10-K/A,2025,FY,CY2022,0001819574-25-000033,2025-07-29,2026-08-05T17:15:02+00:00,https://www.sec.gov/Archives/edgar/data/1819574/000181957425000033/,True,"latest valid annual filing by 2026-08-05, then tag priority"
bark,BARK,0001819574,dtc_brand,2023,2022-04-01,2023-03-31,364.0,revenue,us-gaap,RevenueFromContractWithCustomerExcludingAssessedTax,1,535315000.0,535.315,USD,10-K,2025,FY,CY2022,0001819574-25-000024,2025-06-04,2026-08-05T17:15:02+00:00,https://www.sec.gov/Archives/edgar/data/1819574/000181957425000024/,True,"latest valid annual filing by 2026-08-05, then tag priority"
bark,BARK,0001819574,dtc_brand,2023,,2023-03-31,,total_assets,us-gaap,Assets,1,400420000.0,400.42,USD,10-K,2024,FY,CY2023Q1I,0001819574-24-000025,2024-06-03,2026-08-05T17:15:02+00:00,https://www.sec.gov/Archives/edgar/data/1819574/000181957424000025/,True,"latest valid annual filing by 2026-08-05, then tag priority"
bark,BARK,0001819574,dtc_brand,2023,,2023-03-31,,total_equity,us-gaap,StockholdersEquity,1,170537000.0,170.537,USD,10-K,2026,FY,CY2023Q1I,0001628280-26-042242,2026-06-10,2026-08-05T17:15:02+00:00,https://www.sec.gov/Archives/edgar/data/1819574/000162828026042242/,True,"latest valid annual filing by 2026-08-05, then tag priority"
bark,BARK,0001819574,dtc_brand,2024,2023-04-01,2024-03-31,365.0,net_income,us-gaap,NetIncomeLoss,1,-37010000.0,-37.01,USD,10-K,2026,FY,CY2023,0001628280-26-042242,2026-06-10,2026-08-05T17:15:02+00:00,https://www.sec.gov/Archives/edgar/data/1819574/000162828026042242/,True,"latest valid annual filing by 2026-08-05, then tag priority"
bark,BARK,0001819574,dtc_brand,2024,2023-04-01,2024-03-31,365.0,revenue,us-gaap,RevenueFromContractWithCustomerExcludingAssessedTax,1,490184000.0,490.184,USD,10-K,2026,FY,CY2023,0001628280-26-042242,2026-06-10,2026-08-05T17:15:02+00:00,https://www.sec.gov/Archives/edgar/data/1819574/000162828026042242/,True,"latest valid annual filing by 2026-08-05, then tag priority"
bark,BARK,0001819574,dtc_brand,2024,,2024-03-31,,total_assets,us-gaap,Assets,1,298588000.0,298.588,USD,10-K,2025,FY,CY2024Q1I,0001819574-25-000024,2025-06-04,2026-08-05T17:15:02+00:00,https://www.sec.gov/Archives/edgar/data/1819574/000181957425000024/,True,"latest valid annual filing by 2026-08-05, then tag priority"
bark,BARK,0001819574,dtc_brand,2024,,2024-03-31,,total_equity,us-gaap,StockholdersEquity,1,139383000.0,139.383,USD,10-K,2026,FY,CY2024Q1I,0001628280-26-042242,2026-06-10,2026-08-05T17:15:02+00:00,https://www.sec.gov/Archives/edgar/data/1819574/000162828026042242/,True,"latest valid annual filing by 2026-08-05, then tag priority"
bbby,BBBY,0000886158,inventory_led_ecommerce,2017,2017-02-26,2018-03-03,370.0,net_income,us-gaap,NetIncomeLossAvailableToCommonStockholdersBasic,3,424858000.0,424.858,USD,10-K,2019,FY,CY2017,0000886158-20-000008,2020-04-29,2026-08-05T17:15:02+00:00,https://www.sec.gov/Archives/edgar/data/886158/000088615820000008/,True,"latest valid annual filing by 2026-08-05, then tag priority"
bbby,BBBY,0000886158,inventory_led_ecommerce,2017,2017-02-26,2018-03-03,370.0,revenue,us-gaap,RevenueFromContractWithCustomerExcludingAssessedTax,1,12349301000.0,12349.301,USD,10-K,2019,FY,CY2017,0000886158-20-000008,2020-04-29,2026-08-05T17:15:02+00:00,https://www.sec.gov/Archives/edgar/data/886158/000088615820000008/,True,"latest valid annual filing by 2026-08-05, then tag priority"
bbby,BBBY,0000886158,inventory_led_ecommerce,2017,,2018-03-03,,total_assets,us-gaap,Assets,1,7040806000.0,7040.806,USD,10-K,2018,FY,CY2018Q1I,0000886158-19-000012,2019-04-30,2026-08-05T17:15:02+00:00,https://www.sec.gov/Archives/edgar/data/886158/000088615819000012/,True,"latest valid annual filing by 2026-08-05, then tag priority"
bbby,BBBY,0000886158,inventory_led_ecommerce,2017,,2018-03-03,,total_equity,us-gaap,StockholdersEquity,1,2888628000.0,2888.628,USD,10-K,2020,FY,CY2018Q1I,0000886158-21-000015,2021-04-22,2026-08-05T17:15:02+00:00,https://www.sec.gov/Archives/edgar/data/886158/000088615821000015/,True,"latest valid annual filing by 2026-08-05, then tag priority"
bbby,BBBY,0000886158,inventory_led_ecommerce,2018,2018-03-04,2019-03-02,363.0,net_income,us-gaap,NetIncomeLoss,1,-137224000.0,-137.224,USD,10-K,2020,FY,CY2018,0000886158-21-000015,2021-04-22,2026-08-05T17:15:02+00:00,https://www.sec.gov/Archives/edgar/data/886158/000088615821000015/,True,"latest valid annual filing by 2026-08-05, then tag priority"
bbby,BBBY,0000886158,inventory_led_ecommerce,2018,2018-03-04,2019-03-02,363.0,revenue,us-gaap,RevenueFromContractWithCustomerExcludingAssessedTax,1,12028797000.0,12028.797,USD,10-K,2020,FY,CY2018,0000886158-21-000015,2021-04-22,2026-08-05T17:15:02+00:00,https://www.sec.gov/Archives/edgar/data/886158/000088615821000015/,True,"latest valid annual filing by 2026-08-05, then tag priority"
bbby,BBBY,0000886158,inventory_led_ecommerce,2018,,2019-03-02,,total_assets,us-gaap,Assets,1,6570541000.0,6570.541,USD,10-K,2019,FY,CY2019Q1I,0000886158-20-000008,2020-04-29,2026-08-05T17:15:02+00:00,https://www.sec.gov/Archives/edgar/data/886158/000088615820000008/,True,"latest valid annual filing by 2026-08-05, then tag priority"
bbby,BBBY,0000886158,inventory_led_ecommerce,2018,,2019-03-02,,total_equity,us-gaap,StockholdersEquity,1,2560331000.0,2560.331,USD,10-K,2021,FY,CY2019Q1I,0000886158-22-000047,2022-04-21,2026-08-05T17:15:02+00:00,https://www.sec.gov/Archives/edgar/data/886158/000088615822000047/,True,"latest valid annual filing by 2026-08-05, then tag priority"
bbby,BBBY,0000886158,inventory_led_ecommerce,2019,2019-03-03,2020-02-29,363.0,net_income,us-gaap,NetIncomeLoss,1,-613816000.0,-613.816,USD,10-K,2021,FY,CY2019,0000886158-22-000047,2022-04-21,2026-08-05T17:15:02+00:00,https://www.sec.gov/Archives/edgar/data/886158/000088615822000047/,True,"latest valid annual filing by 2026-08-05, then tag priority"
bbby,BBBY,0000886158,inventory_led_ecommerce,2019,2019-03-03,2020-02-29,363.0,revenue,us-gaap,RevenueFromContractWithCustomerExcludingAssessedTax,1,11158580000.0,11158.58,USD,10-K,2021,FY,CY2019,0000886158-22-000047,2022-04-21,2026-08-05T17:15:02+00:00,https://www.sec.gov/Archives/edgar/data/886158/000088615822000047/,True,"latest valid annual filing by 2026-08-05, then tag priority"
bbby,BBBY,0000886158,inventory_led_ecommerce,2019,,2020-02-29,,total_assets,us-gaap,Assets,1,7790515000.0,7790.515,USD,10-K,2020,FY,CY2020Q1I,0000886158-21-000015,2021-04-22,2026-08-05T17:15:02+00:00,https://www.sec.gov/Archives/edgar/data/886158/000088615821000015/,True,"latest valid annual filing by 2026-08-05, then tag priority"
bbby,BBBY,0000886158,inventory_led_ecommerce,2019,,2020-02-29,,total_equity,us-gaap,StockholdersEquity,1,1764935000.0,1764.935,USD,10-K,2022,FY,CY2020Q1I,0000886158-23-000059,2023-06-14,2026-08-05T17:15:02+00:00,https://www.sec.gov/Archives/edgar/data/886158/000088615823000059/,True,"latest valid annual filing by 2026-08-05, then tag priority"
bbby,BBBY,0000886158,inventory_led_ecommerce,2020,2020-03-01,2021-02-27,363.0,net_income,us-gaap,NetIncomeLoss,1,-150773000.0,-150.773,USD,10-K,2022,FY,CY2020,0000886158-23-000059,2023-06-14,2026-08-05T17:15:02+00:00,https://www.sec.gov/Archives/edgar/data/886158/000088615823000059/,True,"latest valid annual filing by 2026-08-05, then tag priority"
bbby,BBBY,0000886158,inventory_led_ecommerce,2020,2020-03-01,2021-02-27,363.0,revenue,us-gaap,RevenueFromContractWithCustomerExcludingAssessedTax,1,9233028000.0,9233.028,USD,10-K,2022,FY,CY2020,0000886158-23-000059,2023-06-14,2026-08-05T17:15:02+00:00,https://www.sec.gov/Archives/edgar/data/886158/000088615823000059/,True,"latest valid annual filing by 2026-08-05, then tag priority"
bbby,BBBY,0000886158,inventory_led_ecommerce,2020,,2021-02-27,,total_assets,us-gaap,Assets,1,6456930000.0,6456.93,USD,10-K,2021,FY,CY2021Q1I,0000886158-22-000047,2022-04-21,2026-08-05T17:15:02+00:00,https://www.sec.gov/Archives/edgar/data/886158/000088615822000047/,True,"latest valid annual filing by 2026-08-05, then tag priority"
bbby,BBBY,0000886158,inventory_led_ecommerce,2020,,2021-02-27,,total_equity,us-gaap,StockholdersEquity,1,1276936000.0,1276.936,USD,10-K,2022,FY,CY2021Q1I,0000886158-23-000059,2023-06-14,2026-08-05T17:15:02+00:00,https://www.sec.gov/Archives/edgar/data/886158/000088615823000059/,True,"latest valid annual filing by 2026-08-05, then tag priority"
bbby,BBBY,0000886158,inventory_led_ecommerce,2021,2021-02-28,2022-02-26,363.0,net_income,us-gaap,NetIncomeLoss,1,-559623000.0,-559.623,USD,10-K,2022,FY,CY2021,0000886158-23-000059,2023-06-14,2026-08-05T17:15:02+00:00,https://www.sec.gov/Archives/edgar/data/886158/000088615823000059/,True,"latest valid annual filing by 2026-08-05, then tag priority"
bbby,BBBY,0000886158,inventory_led_ecommerce,2021,2021-02-28,2022-02-26,363.0,revenue,us-gaap,RevenueFromContractWithCustomerExcludingAssessedTax,1,7867778000.0,7867.778,USD,10-K,2022,FY,CY2021,0000886158-23-000059,2023-06-14,2026-08-05T17:15:02+00:00,https://www.sec.gov/Archives/edgar/data/886158/000088615823000059/,True,"latest valid annual filing by 2026-08-05, then tag priority"
bbby,BBBY,0000886158,inventory_led_ecommerce,2021,,2022-02-26,,total_assets,us-gaap,Assets,1,5130572000.0,5130.572,USD,10-K,2022,FY,CY2022Q1I,0000886158-23-000059,2023-06-14,2026-08-05T17:15:02+00:00,https://www.sec.gov/Archives/edgar/data/886158/000088615823000059/,True,"latest valid annual filing by 2026-08-05, then tag priority"
bbby,BBBY,0000886158,inventory_led_ecommerce,2021,,2022-02-26,,total_equity,us-gaap,StockholdersEquity,1,174145000.0,174.145,USD,10-K,2022,FY,CY2022Q1I,0000886158-23-000059,2023-06-14,2026-08-05T17:15:02+00:00,https://www.sec.gov/Archives/edgar/data/886158/000088615823000059/,True,"latest valid annual filing by 2026-08-05, then tag priority"
bbby,BBBY,0000886158,inventory_led_ecommerce,2022,2022-02-27,2023-02-25,363.0,net_income,us-gaap,NetIncomeLoss,1,-3498801000.0,-3498.801,USD,10-K,2022,FY,CY2022,0000886158-23-000059,2023-06-14,2026-08-05T17:15:02+00:00,https://www.sec.gov/Archives/edgar/data/886158/000088615823000059/,True,"latest valid annual filing by 2026-08-05, then tag priority"
bbby,BBBY,0000886158,inventory_led_ecommerce,2022,2022-02-27,2023-02-25,363.0,revenue,us-gaap,RevenueFromContractWithCustomerExcludingAssessedTax,1,5344685000.0,5344.685,USD,10-K,2022,FY,CY2022,0000886158-23-000059,2023-06-14,2026-08-05T17:15:02+00:00,https://www.sec.gov/Archives/edgar/data/886158/000088615823000059/,True,"latest valid annual filing by 2026-08-05, then tag priority"
bbby,BBBY,0000886158,inventory_led_ecommerce,2022,,2023-02-25,,total_assets,us-gaap,Assets,1,2225217000.0,2225.217,USD,10-K,2022,FY,CY2023Q1I,0000886158-23-000059,2023-06-14,2026-08-05T17:15:02+00:00,https://www.sec.gov/Archives/edgar/data/886158/000088615823000059/,True,"latest valid annual filing by 2026-08-05, then tag priority"
bbby,BBBY,0000886158,inventory_led_ecommerce,2022,,2023-02-25,,total_equity,us-gaap,StockholdersEquity,1,-2800008000.0,-2800.008,USD,10-K,2022,FY,CY2023Q1I,0000886158-23-000059,2023-06-14,2026-08-05T17:15:02+00:00,https://www.sec.gov/Archives/edgar/data/886158/000088615823000059/,True,"latest valid annual filing by 2026-08-05, then tag priority"
bird,BIRD,0001653909,dtc_brand,2019,2019-01-01,2019-12-31,364.0,net_income,us-gaap,NetIncomeLoss,1,-14527000.0,-14.527,USD,10-K,2021,FY,CY2019,0001653909-22-000016,2022-03-16,2026-08-05T17:15:02+00:00,https://www.sec.gov/Archives/edgar/data/1653909/000165390922000016/,True,"latest valid annual filing by 2026-08-05, then tag priority"
bird,BIRD,0001653909,dtc_brand,2019,2019-01-01,2019-12-31,364.0,revenue,us-gaap,RevenueFromContractWithCustomerIncludingAssessedTax,2,193673000.0,193.673,USD,10-K,2021,FY,CY2019,0001653909-22-000016,2022-03-16,2026-08-05T17:15:02+00:00,https://www.sec.gov/Archives/edgar/data/1653909/000165390922000016/,True,"latest valid annual filing by 2026-08-05, then tag priority"
bird,BIRD,0001653909,dtc_brand,2019,,2019-12-31,,total_equity,us-gaap,StockholdersEquity,1,-9118000.0,-9.118,USD,10-K,2022,FY,CY2019Q4I,0001653909-23-000030,2023-03-10,2026-08-05T17:15:02+00:00,https://www.sec.gov/Archives/edgar/data/1653909/000165390923000030/,True,"latest valid annual filing by 2026-08-05, then tag priority"
bird,BIRD,0001653909,dtc_brand,2020,2020-01-01,2020-12-31,365.0,net_income,us-gaap,NetIncomeLoss,1,-25860000.0,-25.86,USD,10-K,2022,FY,CY2020,0001653909-23-000030,2023-03-10,2026-08-05T17:15:02+00:00,https://www.sec.gov/Archives/edgar/data/1653909/000165390923000030/,True,"latest valid annual filing by 2026-08-05, then tag priority"
bird,BIRD,0001653909,dtc_brand,2020,2020-01-01,2020-12-31,365.0,revenue,us-gaap,RevenueFromContractWithCustomerIncludingAssessedTax,2,219296000.0,219.296,USD,10-K,2022,FY,CY2020,0001653909-23-000030,2023-03-10,2026-08-05T17:15:02+00:00,https://www.sec.gov/Archives/edgar/data/1653909/000165390923000030/,True,"latest valid annual filing by 2026-08-05, then tag priority"
bird,BIRD,0001653909,dtc_brand,2020,,2020-12-31,,total_assets,us-gaap,Assets,1,244043000.0,244.043,USD,10-K,2021,FY,CY2020Q4I,0001653909-22-000016,2022-03-16,2026-08-05T17:15:02+00:00,https://www.sec.gov/Archives/edgar/data/1653909/000165390922000016/,True,"latest valid annual filing by 2026-08-05, then tag priority"
bird,BIRD,0001653909,dtc_brand,2020,,2020-12-31,,total_equity,us-gaap,StockholdersEquity,1,-25507000.0,-25.507,USD,10-K,2022,FY,CY2020Q4I,0001653909-23-000030,2023-03-10,2026-08-05T17:15:02+00:00,https://www.sec.gov/Archives/edgar/data/1653909/000165390923000030/,True,"latest valid annual filing by 2026-08-05, then tag priority"
bird,BIRD,0001653909,dtc_brand,2021,2021-01-01,2021-12-31,364.0,net_income,us-gaap,NetIncomeLoss,1,-45370000.0,-45.37,USD,10-K,2022,FY,CY2021,0001653909-23-000030,2023-03-10,2026-08-05T17:15:02+00:00,https://www.sec.gov/Archives/edgar/data/1653909/000165390923000030/,True,"latest valid annual filing by 2026-08-05, then tag priority"
bird,BIRD,0001653909,dtc_brand,2021,2021-01-01,2021-12-31,364.0,revenue,us-gaap,RevenueFromContractWithCustomerIncludingAssessedTax,2,277472000.0,277.472,USD,10-K,2022,FY,CY2021,0001653909-23-000030,2023-03-10,2026-08-05T17:15:02+00:00,https://www.sec.gov/Archives/edgar/data/1653909/000165390923000030/,True,"latest valid annual filing by 2026-08-05, then tag priority"
bird,BIRD,0001653909,dtc_brand,2021,,2021-12-31,,total_assets,us-gaap,Assets,1,488429000.0,488.429,USD,10-K,2022,FY,CY2021Q4I,0001653909-23-000030,2023-03-10,2026-08-05T17:15:02+00:00,https://www.sec.gov/Archives/edgar/data/1653909/000165390923000030/,True,"latest valid annual filing by 2026-08-05, then tag priority"
bird,BIRD,0001653909,dtc_brand,2021,,2021-12-31,,total_equity,us-gaap,StockholdersEquity,1,397004000.0,397.004,USD,10-K,2023,FY,CY2021Q4I,0001653909-24-000015,2024-03-13,2026-08-05T17:15:02+00:00,https://www.sec.gov/Archives/edgar/data/1653909/000165390924000015/,True,"latest valid annual filing by 2026-08-05, then tag priority"
bird,BIRD,0001653909,dtc_brand,2022,2022-01-01,2022-12-31,364.0,net_income,us-gaap,NetIncomeLoss,1,-101354000.0,-101.354,USD,10-K,2023,FY,CY2022,0001653909-24-000015,2024-03-13,2026-08-05T17:15:02+00:00,https://www.sec.gov/Archives/edgar/data/1653909/000165390924000015/,True,"latest valid annual filing by 2026-08-05, then tag priority"
bird,BIRD,0001653909,dtc_brand,2022,2022-01-01,2022-12-31,364.0,revenue,us-gaap,RevenueFromContractWithCustomerIncludingAssessedTax,2,297766000.0,297.766,USD,10-K,2023,FY,CY2022,0001653909-24-000015,2024-03-13,2026-08-05T17:15:02+00:00,https://www.sec.gov/Archives/edgar/data/1653909/000165390924000015/,True,"latest valid annual filing by 2026-08-05, then tag priority"
bird,BIRD,0001653909,dtc_brand,2022,,2022-12-31,,total_assets,us-gaap,Assets,1,462364000.0,462.364,USD,10-K,2023,FY,CY2022Q4I,0001653909-24-000015,2024-03-13,2026-08-05T17:15:02+00:00,https://www.sec.gov/Archives/edgar/data/1653909/000165390924000015/,True,"latest valid annual filing by 2026-08-05, then tag priority"
bird,BIRD,0001653909,dtc_brand,2022,,2022-12-31,,total_equity,us-gaap,StockholdersEquity,1,316769000.0,316.769,USD,10-K,2024,FY,CY2022Q4I,0001628280-25-012130,2025-03-12,2026-08-05T17:15:02+00:00,https://www.sec.gov/Archives/edgar/data/1653909/000162828025012130/,True,"latest valid annual filing by 2026-08-05, then tag priority"
bird,BIRD,0001653909,dtc_brand,2023,2023-01-01,2023-12-31,364.0,net_income,us-gaap,NetIncomeLoss,1,-152458000.0,-152.458,USD,10-K,2024,FY,CY2023,0001628280-25-012130,2025-03-12,2026-08-05T17:15:02+00:00,https://www.sec.gov/Archives/edgar/data/1653909/000162828025012130/,True,"latest valid annual filing by 2026-08-05, then tag priority"
bird,BIRD,0001653909,dtc_brand,2023,2023-01-01,2023-12-31,364.0,revenue,us-gaap,RevenueFromContractWithCustomerIncludingAssessedTax,2,254065000.0,254.065,USD,10-K,2024,FY,CY2023,0001628280-25-012130,2025-03-12,2026-08-05T17:15:02+00:00,https://www.sec.gov/Archives/edgar/data/1653909/000162828025012130/,True,"latest valid annual filing by 2026-08-05, then tag priority"
bird,BIRD,0001653909,dtc_brand,2023,,2023-12-31,,total_assets,us-gaap,Assets,1,312705000.0,312.705,USD,10-K,2024,FY,CY2023Q4I,0001628280-25-012130,2025-03-12,2026-08-05T17:15:02+00:00,https://www.sec.gov/Archives/edgar/data/1653909/000162828025012130/,True,"latest valid annual filing by 2026-08-05, then tag priority"
bird,BIRD,0001653909,dtc_brand,2023,,2023-12-31,,total_equity,us-gaap,StockholdersEquity,1,185329000.0,185.329,USD,10-K,2025,FY,CY2023Q4I,0001628280-26-022192,2026-03-31,2026-08-05T17:15:02+00:00,https://www.sec.gov/Archives/edgar/data/1653909/000162828026022192/,True,"latest valid annual filing by 2026-08-05, then tag priority"
bird,BIRD,0001653909,dtc_brand,2024,2024-01-01,2024-12-31,365.0,net_income,us-gaap,NetIncomeLoss,1,-93318000.0,-93.318,USD,10-K,2025,FY,CY2024,0001628280-26-022192,2026-03-31,2026-08-05T17:15:02+00:00,https://www.sec.gov/Archives/edgar/data/1653909/000162828026022192/,True,"latest valid annual filing by 2026-08-05, then tag priority"
bird,BIRD,0001653909,dtc_brand,2024,2024-01-01,2024-12-31,365.0,revenue,us-gaap,RevenueFromContractWithCustomerIncludingAssessedTax,2,189757000.0,189.757,USD,10-K,2025,FY,CY2024,0001628280-26-022192,2026-03-31,2026-08-05T17:15:02+00:00,https://www.sec.gov/Archives/edgar/data/1653909/000162828026022192/,True,"latest valid annual filing by 2026-08-05, then tag priority"
bird,BIRD,0001653909,dtc_brand,2024,,2024-12-31,,total_assets,us-gaap,Assets,1,188879000.0,188.879,USD,10-K,2025,FY,CY2024Q4I,0001628280-26-022192,2026-03-31,2026-08-05T17:15:02+00:00,https://www.sec.gov/Archives/edgar/data/1653909/000162828026022192/,True,"latest valid annual filing by 2026-08-05, then tag priority"
bird,BIRD,0001653909,dtc_brand,2024,,2024-12-31,,total_equity,us-gaap,StockholdersEquity,1,101685000.0,101.685,USD,10-K,2025,FY,,0001628280-26-022192,2026-03-31,2026-08-05T17:15:02+00:00,https://www.sec.gov/Archives/edgar/data/1653909/000162828026022192/,True,"latest valid annual filing by 2026-08-05, then tag priority"
bkng,BKNG,0001075531,marketplace_platform,2017,2017-01-01,2017-12-31,364.0,net_income,us-gaap,NetIncomeLossAvailableToCommonStockholdersBasic,3,2341000000.0,2341.0,USD,10-K,2019,FY,CY2017,0001075531-20-000011,2020-02-26,2026-08-05T12:11:50+00:00,https://www.sec.gov/Archives/edgar/data/1075531/000107553120000011/,True,"latest valid annual filing by 2026-08-05, then tag priority"
bkng,BKNG,0001075531,marketplace_platform,2017,2017-01-01,2017-12-31,364.0,revenue,us-gaap,Revenues,4,12681000000.0,12681.0,USD,10-K,2019,FY,CY2017,0001075531-20-000011,2020-02-26,2026-08-05T12:11:50+00:00,https://www.sec.gov/Archives/edgar/data/1075531/000107553120000011/,True,"latest valid annual filing by 2026-08-05, then tag priority"
bkng,BKNG,0001075531,marketplace_platform,2017,,2017-12-31,,total_assets,us-gaap,Assets,1,25451000000.0,25451.0,USD,10-K,2018,FY,CY2017Q4I,0001075531-19-000009,2019-02-27,2026-08-05T12:11:50+00:00,https://www.sec.gov/Archives/edgar/data/1075531/000107553119000009/,True,"latest valid annual filing by 2026-08-05, then tag priority"
bkng,BKNG,0001075531,marketplace_platform,2017,,2017-12-31,,total_equity,us-gaap,StockholdersEquity,1,11261000000.0,11261.0,USD,10-K,2020,FY,CY2017Q4I,0001075531-21-000019,2021-02-24,2026-08-05T12:11:50+00:00,https://www.sec.gov/Archives/edgar/data/1075531/000107553121000019/,True,"latest valid annual filing by 2026-08-05, then tag priority"
bkng,BKNG,0001075531,marketplace_platform,2018,2018-01-01,2018-12-31,364.0,net_income,us-gaap,NetIncomeLossAvailableToCommonStockholdersBasic,3,3998000000.0,3998.0,USD,10-K,2020,FY,CY2018,0001075531-21-000019,2021-02-24,2026-08-05T12:11:50+00:00,https://www.sec.gov/Archives/edgar/data/1075531/000107553121000019/,True,"latest valid annual filing by 2026-08-05, then tag priority"
bkng,BKNG,0001075531,marketplace_platform,2018,2018-01-01,2018-12-31,364.0,revenue,us-gaap,Revenues,4,14527000000.0,14527.0,USD,10-K,2020,FY,CY2018,0001075531-21-000019,2021-02-24,2026-08-05T12:11:50+00:00,https://www.sec.gov/Archives/edgar/data/1075531/000107553121000019/,True,"latest valid annual filing by 2026-08-05, then tag priority"
bkng,BKNG,0001075531,marketplace_platform,2018,,2018-12-31,,total_assets,us-gaap,Assets,1,22687000000.0,22687.0,USD,10-K,2019,FY,CY2018Q4I,0001075531-20-000011,2020-02-26,2026-08-05T12:11:50+00:00,https://www.sec.gov/Archives/edgar/data/1075531/000107553120000011/,True,"latest valid annual filing by 2026-08-05, then tag priority"
bkng,BKNG,0001075531,marketplace_platform,2018,,2018-12-31,,total_equity,us-gaap,StockholdersEquity,1,8785000000.0,8785.0,USD,10-K,2021,FY,CY2018Q4I,0001075531-22-000008,2022-02-23,2026-08-05T12:11:50+00:00,https://www.sec.gov/Archives/edgar/data/1075531/000107553122000008/,True,"latest valid annual filing by 2026-08-05, then tag priority"
bkng,BKNG,0001075531,marketplace_platform,2019,2019-01-01,2019-12-31,364.0,net_income,us-gaap,NetIncomeLossAvailableToCommonStockholdersBasic,3,4865000000.0,4865.0,USD,10-K,2021,FY,CY2019,0001075531-22-000008,2022-02-23,2026-08-05T12:11:50+00:00,https://www.sec.gov/Archives/edgar/data/1075531/000107553122000008/,True,"latest valid annual filing by 2026-08-05, then tag priority"
bkng,BKNG,0001075531,marketplace_platform,2019,2019-01-01,2019-12-31,364.0,revenue,us-gaap,Revenues,4,15066000000.0,15066.0,USD,10-K,2021,FY,CY2019,0001075531-22-000008,2022-02-23,2026-08-05T12:11:50+00:00,https://www.sec.gov/Archives/edgar/data/1075531/000107553122000008/,True,"latest valid annual filing by 2026-08-05, then tag priority"
bkng,BKNG,0001075531,marketplace_platform,2019,,2019-12-31,,total_assets,us-gaap,Assets,1,21402000000.0,21402.0,USD,10-K,2020,FY,CY2019Q4I,0001075531-21-000019,2021-02-24,2026-08-05T12:11:50+00:00,https://www.sec.gov/Archives/edgar/data/1075531/000107553121000019/,True,"latest valid annual filing by 2026-08-05, then tag priority"
bkng,BKNG,0001075531,marketplace_platform,2019,,2019-12-31,,total_equity,us-gaap,StockholdersEquity,1,5933000000.0,5933.0,USD,10-K,2022,FY,CY2019Q4I,0001075531-23-000016,2023-02-23,2026-08-05T12:11:50+00:00,https://www.sec.gov/Archives/edgar/data/1075531/000107553123000016/,True,"latest valid annual filing by 2026-08-05, then tag priority"
bkng,BKNG,0001075531,marketplace_platform,2020,2020-01-01,2020-12-31,365.0,net_income,us-gaap,NetIncomeLossAvailableToCommonStockholdersBasic,3,59000000.0,59.0,USD,10-K,2022,FY,CY2020,0001075531-23-000016,2023-02-23,2026-08-05T12:11:50+00:00,https://www.sec.gov/Archives/edgar/data/1075531/000107553123000016/,True,"latest valid annual filing by 2026-08-05, then tag priority"
bkng,BKNG,0001075531,marketplace_platform,2020,2020-01-01,2020-12-31,365.0,revenue,us-gaap,Revenues,4,6796000000.0,6796.0,USD,10-K,2022,FY,CY2020,0001075531-23-000016,2023-02-23,2026-08-05T12:11:50+00:00,https://www.sec.gov/Archives/edgar/data/1075531/000107553123000016/,True,"latest valid annual filing by 2026-08-05, then tag priority"
bkng,BKNG,0001075531,marketplace_platform,2020,,2020-12-31,,total_assets,us-gaap,Assets,1,21874000000.0,21874.0,USD,10-K,2021,FY,CY2020Q4I,0001075531-22-000008,2022-02-23,2026-08-05T12:11:50+00:00,https://www.sec.gov/Archives/edgar/data/1075531/000107553122000008/,True,"latest valid annual filing by 2026-08-05, then tag priority"
bkng,BKNG,0001075531,marketplace_platform,2020,,2020-12-31,,total_equity,us-gaap,StockholdersEquity,1,4893000000.0,4893.0,USD,10-K,2023,FY,CY2020Q4I,0001075531-24-000014,2024-02-22,2026-08-05T12:11:50+00:00,https://www.sec.gov/Archives/edgar/data/1075531/000107553124000014/,True,"latest valid annual filing by 2026-08-05, then tag priority"
bkng,BKNG,0001075531,marketplace_platform,2021,2021-01-01,2021-12-31,364.0,net_income,us-gaap,NetIncomeLossAvailableToCommonStockholdersBasic,3,1165000000.0,1165.0,USD,10-K,2023,FY,CY2021,0001075531-24-000014,2024-02-22,2026-08-05T12:11:50+00:00,https://www.sec.gov/Archives/edgar/data/1075531/000107553124000014/,True,"latest valid annual filing by 2026-08-05, then tag priority"
bkng,BKNG,0001075531,marketplace_platform,2021,2021-01-01,2021-12-31,364.0,revenue,us-gaap,Revenues,4,10958000000.0,10958.0,USD,10-K,2023,FY,CY2021,0001075531-24-000014,2024-02-22,2026-08-05T12:11:50+00:00,https://www.sec.gov/Archives/edgar/data/1075531/000107553124000014/,True,"latest valid annual filing by 2026-08-05, then tag priority"
bkng,BKNG,0001075531,marketplace_platform,2021,,2021-12-31,,total_assets,us-gaap,Assets,1,23641000000.0,23641.0,USD,10-K,2022,FY,CY2021Q4I,0001075531-23-000016,2023-02-23,2026-08-05T12:11:50+00:00,https://www.sec.gov/Archives/edgar/data/1075531/000107553123000016/,True,"latest valid annual filing by 2026-08-05, then tag priority"
bkng,BKNG,0001075531,marketplace_platform,2021,,2021-12-31,,total_equity,us-gaap,StockholdersEquity,1,6178000000.0,6178.0,USD,10-K,2024,FY,CY2021Q4I,0001075531-25-000010,2025-02-20,2026-08-05T12:11:50+00:00,https://www.sec.gov/Archives/edgar/data/1075531/000107553125000010/,True,"latest valid annual filing by 2026-08-05, then tag priority"
bkng,BKNG,0001075531,marketplace_platform,2022,2022-01-01,2022-12-31,364.0,net_income,us-gaap,NetIncomeLossAvailableToCommonStockholdersBasic,3,3058000000.0,3058.0,USD,10-K,2024,FY,CY2022,0001075531-25-000010,2025-02-20,2026-08-05T12:11:50+00:00,https://www.sec.gov/Archives/edgar/data/1075531/000107553125000010/,True,"latest valid annual filing by 2026-08-05, then tag priority"
bkng,BKNG,0001075531,marketplace_platform,2022,2022-01-01,2022-12-31,364.0,revenue,us-gaap,Revenues,4,17090000000.0,17090.0,USD,10-K,2024,FY,CY2022,0001075531-25-000010,2025-02-20,2026-08-05T12:11:50+00:00,https://www.sec.gov/Archives/edgar/data/1075531/000107553125000010/,True,"latest valid annual filing by 2026-08-05, then tag priority"
bkng,BKNG,0001075531,marketplace_platform,2022,,2022-12-31,,total_assets,us-gaap,Assets,1,25361000000.0,25361.0,USD,10-K,2023,FY,CY2022Q4I,0001075531-24-000014,2024-02-22,2026-08-05T12:11:50+00:00,https://www.sec.gov/Archives/edgar/data/1075531/000107553124000014/,True,"latest valid annual filing by 2026-08-05, then tag priority"
bkng,BKNG,0001075531,marketplace_platform,2022,,2022-12-31,,total_equity,us-gaap,StockholdersEquity,1,2782000000.0,2782.0,USD,10-K,2025,FY,CY2022Q4I,0001075531-26-000009,2026-02-18,2026-08-05T12:11:50+00:00,https://www.sec.gov/Archives/edgar/data/1075531/000107553126000009/,True,"latest valid annual filing by 2026-08-05, then tag priority"
bkng,BKNG,0001075531,marketplace_platform,2023,2023-01-01,2023-12-31,364.0,net_income,us-gaap,NetIncomeLossAvailableToCommonStockholdersBasic,3,4289000000.0,4289.0,USD,10-K,2025,FY,CY2023,0001075531-26-000009,2026-02-18,2026-08-05T12:11:50+00:00,https://www.sec.gov/Archives/edgar/data/1075531/000107553126000009/,True,"latest valid annual filing by 2026-08-05, then tag priority"
bkng,BKNG,0001075531,marketplace_platform,2023,2023-01-01,2023-12-31,364.0,revenue,us-gaap,Revenues,4,21365000000.0,21365.0,USD,10-K,2025,FY,CY2023,0001075531-26-000009,2026-02-18,2026-08-05T12:11:50+00:00,https://www.sec.gov/Archives/edgar/data/1075531/000107553126000009/,True,"latest valid annual filing by 2026-08-05, then tag priority"
bkng,BKNG,0001075531,marketplace_platform,2023,,2023-12-31,,total_assets,us-gaap,Assets,1,24342000000.0,24342.0,USD,10-K,2024,FY,CY2023Q4I,0001075531-25-000010,2025-02-20,2026-08-05T12:11:50+00:00,https://www.sec.gov/Archives/edgar/data/1075531/000107553125000010/,True,"latest valid annual filing by 2026-08-05, then tag priority"
bkng,BKNG,0001075531,marketplace_platform,2023,,2023-12-31,,total_equity,us-gaap,StockholdersEquity,1,-2744000000.0,-2744.0,USD,10-K,2025,FY,CY2023Q4I,0001075531-26-000009,2026-02-18,2026-08-05T12:11:50+00:00,https://www.sec.gov/Archives/edgar/data/1075531/000107553126000009/,True,"latest valid annual filing by 2026-08-05, then tag priority"
bkng,BKNG,0001075531,marketplace_platform,2024,2024-01-01,2024-12-31,365.0,net_income,us-gaap,NetIncomeLossAvailableToCommonStockholdersBasic,3,5882000000.0,5882.0,USD,10-K,2025,FY,CY2024,0001075531-26-000009,2026-02-18,2026-08-05T12:11:50+00:00,https://www.sec.gov/Archives/edgar/data/1075531/000107553126000009/,True,"latest valid annual filing by 2026-08-05, then tag priority"
bkng,BKNG,0001075531,marketplace_platform,2024,2024-01-01,2024-12-31,365.0,revenue,us-gaap,Revenues,4,23739000000.0,23739.0,USD,10-K,2025,FY,CY2024,0001075531-26-000009,2026-02-18,2026-08-05T12:11:50+00:00,https://www.sec.gov/Archives/edgar/data/1075531/000107553126000009/,True,"latest valid annual filing by 2026-08-05, then tag priority"
bkng,BKNG,0001075531,marketplace_platform,2024,,2024-12-31,,total_assets,us-gaap,Assets,1,27708000000.0,27708.0,USD,10-K,2025,FY,CY2024Q4I,0001075531-26-000009,2026-02-18,2026-08-05T12:11:50+00:00,https://www.sec.gov/Archives/edgar/data/1075531/000107553126000009/,True,"latest valid annual filing by 2026-08-05, then tag priority"
bkng,BKNG,0001075531,marketplace_platform,2024,,2024-12-31,,total_equity,us-gaap,StockholdersEquity,1,-4020000000.0,-4020.0,USD,10-K,2025,FY,,0001075531-26-000009,2026-02-18,2026-08-05T12:11:50+00:00,https://www.sec.gov/Archives/edgar/data/1075531/000107553126000009/,True,"latest valid annual filing by 2026-08-05, then tag priority"
boxd,BOXD,0001828672,inventory_led_ecommerce,2019,2019-01-01,2019-12-31,364.0,net_income,us-gaap,NetIncomeLoss,1,-65402000.0,-65.402,USD,10-K,2021,FY,CY2019,0001828672-22-000026,2022-03-15,2026-08-05T17:15:02+00:00,https://www.sec.gov/Archives/edgar/data/1828672/000182867222000026/,True,"latest valid annual filing by 2026-08-05, then tag priority"
boxd,BOXD,0001828672,inventory_led_ecommerce,2019,2019-01-01,2019-12-31,364.0,revenue,us-gaap,RevenueFromContractWithCustomerExcludingAssessedTax,1,173992897.0,173.992897,USD,10-K,2021,FY,CY2019,0001828672-22-000026,2022-03-15,2026-08-05T17:15:02+00:00,https://www.sec.gov/Archives/edgar/data/1828672/000182867222000026/,True,"latest valid annual filing by 2026-08-05, then tag priority"
boxd,BOXD,0001828672,inventory_led_ecommerce,2019,,2019-12-31,,total_equity,us-gaap,StockholdersEquity,1,-274943167.0,-274.943167,USD,10-K,2021,FY,CY2019Q4I,0001828672-22-000026,2022-03-15,2026-08-05T17:15:02+00:00,https://www.sec.gov/Archives/edgar/data/1828672/000182867222000026/,True,"latest valid annual filing by 2026-08-05, then tag priority"
boxd,BOXD,0001828672,inventory_led_ecommerce,2020,2020-01-01,2020-12-31,365.0,net_income,us-gaap,NetIncomeLoss,1,-34436576.0,-34.436576,USD,10-K,2021,FY,CY2020,0001828672-22-000026,2022-03-15,2026-08-05T17:15:02+00:00,https://www.sec.gov/Archives/edgar/data/1828672/000182867222000026/,True,"latest valid annual filing by 2026-08-05, then tag priority"
boxd,BOXD,0001828672,inventory_led_ecommerce,2020,2020-01-01,2020-12-31,365.0,revenue,us-gaap,RevenueFromContractWithCustomerExcludingAssessedTax,1,187173834.0,187.173834,USD,10-K,2021,FY,CY2020,0001828672-22-000026,2022-03-15,2026-08-05T17:15:02+00:00,https://www.sec.gov/Archives/edgar/data/1828672/000182867222000026/,True,"latest valid annual filing by 2026-08-05, then tag priority"
boxd,BOXD,0001828672,inventory_led_ecommerce,2020,,2020-12-31,,total_assets,us-gaap,Assets,1,59665048.0,59.665048,USD,10-K,2021,FY,CY2020Q4I,0001828672-22-000026,2022-03-15,2026-08-05T17:15:02+00:00,https://www.sec.gov/Archives/edgar/data/1828672/000182867222000026/,True,"latest valid annual filing by 2026-08-05, then tag priority"
boxd,BOXD,0001828672,inventory_led_ecommerce,2020,,2020-12-31,,total_equity,us-gaap,StockholdersEquity,1,-308442394.0,-308.442394,USD,10-K,2021,FY,,0001828672-22-000026,2022-03-15,2026-08-05T17:15:02+00:00,https://www.sec.gov/Archives/edgar/data/1828672/000182867222000026/,True,"latest valid annual filing by 2026-08-05, then tag priority"
boxd,BOXD,0001828672,inventory_led_ecommerce,2021,2021-01-01,2021-12-31,364.0,net_income,us-gaap,NetIncomeLoss,1,-69222605.0,-69.222605,USD,10-K,2021,FY,CY2021,0001828672-22-000026,2022-03-15,2026-08-05T17:15:02+00:00,https://www.sec.gov/Archives/edgar/data/1828672/000182867222000026/,True,"latest valid annual filing by 2026-08-05, then tag priority"
boxd,BOXD,0001828672,inventory_led_ecommerce,2021,2021-01-01,2021-12-31,364.0,revenue,us-gaap,RevenueFromContractWithCustomerExcludingAssessedTax,1,177266677.0,177.266677,USD,10-K,2021,FY,CY2021,0001828672-22-000026,2022-03-15,2026-08-05T17:15:02+00:00,https://www.sec.gov/Archives/edgar/data/1828672/000182867222000026/,True,"latest valid annual filing by 2026-08-05, then tag priority"
boxd,BOXD,0001828672,inventory_led_ecommerce,2021,,2021-12-31,,total_assets,us-gaap,Assets,1,231604850.0,231.60485,USD,10-K,2021,FY,,0001828672-22-000026,2022-03-15,2026-08-05T17:15:02+00:00,https://www.sec.gov/Archives/edgar/data/1828672/000182867222000026/,True,"latest valid annual filing by 2026-08-05, then tag priority"
boxd,BOXD,0001828672,inventory_led_ecommerce,2021,,2021-12-31,,total_equity,us-gaap,StockholdersEquity,1,-1575713.0,-1.575713,USD,10-K,2021,FY,,0001828672-22-000026,2022-03-15,2026-08-05T17:15:02+00:00,https://www.sec.gov/Archives/edgar/data/1828672/000182867222000026/,True,"latest valid annual filing by 2026-08-05, then tag priority"
byon,BYON,0001130713,hybrid,2017,2017-01-01,2017-12-31,364.0,net_income,us-gaap,NetIncomeLoss,1,-109878000.0,-109.878,USD,10-K,2019,FY,CY2017,0001130713-20-000014,2020-03-13,2026-08-05T17:15:02+00:00,https://www.sec.gov/Archives/edgar/data/1130713/000113071320000014/,True,"latest valid annual filing by 2026-08-05, then tag priority"
byon,BYON,0001130713,hybrid,2017,2017-01-01,2017-12-31,364.0,revenue,us-gaap,RevenueFromContractWithCustomerExcludingAssessedTax,1,1744756000.0,1744.756,USD,10-K,2019,FY,CY2017,0001130713-20-000014,2020-03-13,2026-08-05T17:15:02+00:00,https://www.sec.gov/Archives/edgar/data/1130713/000113071320000014/,True,"latest valid annual filing by 2026-08-05, then tag priority"
byon,BYON,0001130713,hybrid,2017,,2017-12-31,,total_assets,us-gaap,Assets,1,433815000.0,433.815,USD,10-K,2018,FY,CY2017Q4I,0001130713-19-000016,2019-03-18,2026-08-05T17:15:02+00:00,https://www.sec.gov/Archives/edgar/data/1130713/000113071319000016/,True,"latest valid annual filing by 2026-08-05, then tag priority"
byon,BYON,0001130713,hybrid,2017,,2017-12-31,,total_equity,us-gaap,StockholdersEquityIncludingPortionAttributableToNoncontrollingInterest,2,172123000.0,172.123,USD,10-K,2019,FY,CY2017Q4I,0001130713-20-000014,2020-03-13,2026-08-05T17:15:02+00:00,https://www.sec.gov/Archives/edgar/data/1130713/000113071320000014/,True,"latest valid annual filing by 2026-08-05, then tag priority"
byon,BYON,0001130713,hybrid,2018,2018-01-01,2018-12-31,364.0,net_income,us-gaap,NetIncomeLoss,1,-206070000.0,-206.07,USD,10-K,2020,FY,CY2018,0001130713-21-000019,2021-02-26,2026-08-05T17:15:02+00:00,https://www.sec.gov/Archives/edgar/data/1130713/000113071321000019/,True,"latest valid annual filing by 2026-08-05, then tag priority"
byon,BYON,0001130713,hybrid,2018,2018-01-01,2018-12-31,364.0,revenue,us-gaap,RevenueFromContractWithCustomerExcludingAssessedTax,1,1821592000.0,1821.592,USD,10-K,2020,FY,CY2018,0001130713-21-000019,2021-02-26,2026-08-05T17:15:02+00:00,https://www.sec.gov/Archives/edgar/data/1130713/000113071321000019/,True,"latest valid annual filing by 2026-08-05, then tag priority"
byon,BYON,0001130713,hybrid,2018,,2018-12-31,,total_assets,us-gaap,Assets,1,461219000.0,461.219,USD,10-K,2019,FY,CY2018Q4I,0001130713-20-000014,2020-03-13,2026-08-05T17:15:02+00:00,https://www.sec.gov/Archives/edgar/data/1130713/000113071320000014/,True,"latest valid annual filing by 2026-08-05, then tag priority"
byon,BYON,0001130713,hybrid,2018,,2018-12-31,,total_equity,us-gaap,StockholdersEquityIncludingPortionAttributableToNoncontrollingInterest,2,210706000.0,210.706,USD,10-K,2020,FY,CY2018Q4I,0001130713-21-000019,2021-02-26,2026-08-05T17:15:02+00:00,https://www.sec.gov/Archives/edgar/data/1130713/000113071321000019/,True,"latest valid annual filing by 2026-08-05, then tag priority"
byon,BYON,0001130713,hybrid,2019,2019-01-01,2019-12-31,364.0,net_income,us-gaap,NetIncomeLoss,1,-121841000.0,-121.841,USD,10-K,2021,FY,CY2019,0001130713-22-000009,2022-02-25,2026-08-05T17:15:02+00:00,https://www.sec.gov/Archives/edgar/data/1130713/000113071322000009/,True,"latest valid annual filing by 2026-08-05, then tag priority"
byon,BYON,0001130713,hybrid,2019,2019-01-01,2019-12-31,364.0,revenue,us-gaap,RevenueFromContractWithCustomerExcludingAssessedTax,1,1434974000.0,1434.974,USD,10-K,2021,FY,CY2019,0001130713-22-000009,2022-02-25,2026-08-05T17:15:02+00:00,https://www.sec.gov/Archives/edgar/data/1130713/000113071322000009/,True,"latest valid annual filing by 2026-08-05, then tag priority"
byon,BYON,0001130713,hybrid,2019,,2019-12-31,,total_assets,us-gaap,Assets,1,417727000.0,417.727,USD,10-K,2020,FY,CY2019Q4I,0001130713-21-000019,2021-02-26,2026-08-05T17:15:02+00:00,https://www.sec.gov/Archives/edgar/data/1130713/000113071321000019/,True,"latest valid annual filing by 2026-08-05, then tag priority"
byon,BYON,0001130713,hybrid,2019,,2019-12-31,,total_equity,us-gaap,StockholdersEquityIncludingPortionAttributableToNoncontrollingInterest,2,177855000.0,177.855,USD,10-K,2021,FY,CY2019Q4I,0001130713-22-000009,2022-02-25,2026-08-05T17:15:02+00:00,https://www.sec.gov/Archives/edgar/data/1130713/000113071322000009/,True,"latest valid annual filing by 2026-08-05, then tag priority"
byon,BYON,0001130713,hybrid,2020,2020-01-01,2020-12-31,365.0,net_income,us-gaap,NetIncomeLoss,1,56001000.0,56.001,USD,10-K,2022,FY,CY2020,0001130713-23-000014,2023-02-24,2026-08-05T17:15:02+00:00,https://www.sec.gov/Archives/edgar/data/1130713/000113071323000014/,True,"latest valid annual filing by 2026-08-05, then tag priority"
byon,BYON,0001130713,hybrid,2020,2020-01-01,2020-12-31,365.0,revenue,us-gaap,RevenueFromContractWithCustomerExcludingAssessedTax,1,2493915000.0,2493.915,USD,10-K,2022,FY,CY2020,0001130713-23-000014,2023-02-24,2026-08-05T17:15:02+00:00,https://www.sec.gov/Archives/edgar/data/1130713/000113071323000014/,True,"latest valid annual filing by 2026-08-05, then tag priority"
byon,BYON,0001130713,hybrid,2020,,2020-12-31,,total_assets,us-gaap,Assets,1,830214000.0,830.214,USD,10-K,2021,FY,CY2020Q4I,0001130713-22-000009,2022-02-25,2026-08-05T17:15:02+00:00,https://www.sec.gov/Archives/edgar/data/1130713/000113071322000009/,True,"latest valid annual filing by 2026-08-05, then tag priority"
byon,BYON,0001130713,hybrid,2020,,2020-12-31,,total_equity,us-gaap,StockholdersEquityIncludingPortionAttributableToNoncontrollingInterest,2,436326000.0,436.326,USD,10-K,2022,FY,CY2020Q4I,0001130713-23-000014,2023-02-24,2026-08-05T17:15:02+00:00,https://www.sec.gov/Archives/edgar/data/1130713/000113071323000014/,True,"latest valid annual filing by 2026-08-05, then tag priority"
byon,BYON,0001130713,hybrid,2021,2021-01-01,2021-12-31,364.0,net_income,us-gaap,NetIncomeLoss,1,389372000.0,389.372,USD,10-K,2023,FY,CY2021,0001130713-24-000013,2024-02-23,2026-08-05T17:15:02+00:00,https://www.sec.gov/Archives/edgar/data/1130713/000113071324000013/,True,"latest valid annual filing by 2026-08-05, then tag priority"
byon,BYON,0001130713,hybrid,2021,2021-01-01,2021-12-31,364.0,revenue,us-gaap,RevenueFromContractWithCustomerExcludingAssessedTax,1,2756446000.0,2756.446,USD,10-K,2023,FY,CY2021,0001130713-24-000013,2024-02-23,2026-08-05T17:15:02+00:00,https://www.sec.gov/Archives/edgar/data/1130713/000113071324000013/,True,"latest valid annual filing by 2026-08-05, then tag priority"
byon,BYON,0001130713,hybrid,2021,,2021-12-31,,total_assets,us-gaap,Assets,1,1065966000.0,1065.966,USD,10-K,2022,FY,CY2021Q4I,0001130713-23-000014,2023-02-24,2026-08-05T17:15:02+00:00,https://www.sec.gov/Archives/edgar/data/1130713/000113071323000014/,True,"latest valid annual filing by 2026-08-05, then tag priority"
byon,BYON,0001130713,hybrid,2021,,2021-12-31,,total_equity,us-gaap,StockholdersEquityIncludingPortionAttributableToNoncontrollingInterest,2,744386000.0,744.386,USD,10-K,2023,FY,CY2021Q4I,0001130713-24-000013,2024-02-23,2026-08-05T17:15:02+00:00,https://www.sec.gov/Archives/edgar/data/1130713/000113071324000013/,True,"latest valid annual filing by 2026-08-05, then tag priority"
byon,BYON,0001130713,hybrid,2022,2022-01-01,2022-12-31,364.0,net_income,us-gaap,NetIncomeLoss,1,-35236000.0,-35.236,USD,10-K,2024,FY,CY2022,0001130713-25-000024,2025-02-25,2026-08-05T17:15:02+00:00,https://www.sec.gov/Archives/edgar/data/1130713/000113071325000024/,True,"latest valid annual filing by 2026-08-05, then tag priority"
byon,BYON,0001130713,hybrid,2022,2022-01-01,2022-12-31,364.0,revenue,us-gaap,RevenueFromContractWithCustomerExcludingAssessedTax,1,1929334000.0,1929.334,USD,10-K,2024,FY,CY2022,0001130713-25-000024,2025-02-25,2026-08-05T17:15:02+00:00,https://www.sec.gov/Archives/edgar/data/1130713/000113071325000024/,True,"latest valid annual filing by 2026-08-05, then tag priority"
byon,BYON,0001130713,hybrid,2022,,2022-12-31,,total_assets,us-gaap,Assets,1,878546000.0,878.546,USD,10-K,2023,FY,CY2022Q4I,0001130713-24-000013,2024-02-23,2026-08-05T17:15:02+00:00,https://www.sec.gov/Archives/edgar/data/1130713/000113071324000013/,True,"latest valid annual filing by 2026-08-05, then tag priority"
byon,BYON,0001130713,hybrid,2022,,2022-12-31,,total_equity,us-gaap,StockholdersEquityIncludingPortionAttributableToNoncontrollingInterest,2,645826000.0,645.826,USD,10-K,2024,FY,CY2022Q4I,0001130713-25-000024,2025-02-25,2026-08-05T17:15:02+00:00,https://www.sec.gov/Archives/edgar/data/1130713/000113071325000024/,True,"latest valid annual filing by 2026-08-05, then tag priority"
byon,BYON,0001130713,hybrid,2023,2023-01-01,2023-12-31,364.0,net_income,us-gaap,ProfitLoss,2,-307842000.0,-307.842,USD,10-K,2025,FY,CY2023,0001130713-26-000018,2026-02-24,2026-08-05T17:15:02+00:00,https://www.sec.gov/Archives/edgar/data/1130713/000113071326000018/,True,"latest valid annual filing by 2026-08-05, then tag priority"
byon,BYON,0001130713,hybrid,2023,2023-01-01,2023-12-31,364.0,revenue,us-gaap,RevenueFromContractWithCustomerExcludingAssessedTax,1,1561122000.0,1561.122,USD,10-K,2025,FY,CY2023,0001130713-26-000018,2026-02-24,2026-08-05T17:15:02+00:00,https://www.sec.gov/Archives/edgar/data/1130713/000113071326000018/,True,"latest valid annual filing by 2026-08-05, then tag priority"
byon,BYON,0001130713,hybrid,2023,,2023-12-31,,total_assets,us-gaap,Assets,1,635818000.0,635.818,USD,10-K,2024,FY,CY2023Q4I,0001130713-25-000024,2025-02-25,2026-08-05T17:15:02+00:00,https://www.sec.gov/Archives/edgar/data/1130713/000113071325000024/,True,"latest valid annual filing by 2026-08-05, then tag priority"
byon,BYON,0001130713,hybrid,2023,,2023-12-31,,total_equity,us-gaap,StockholdersEquityIncludingPortionAttributableToNoncontrollingInterest,2,359132000.0,359.132,USD,10-K,2025,FY,CY2023Q4I,0001130713-26-000018,2026-02-24,2026-08-05T17:15:02+00:00,https://www.sec.gov/Archives/edgar/data/1130713/000113071326000018/,True,"latest valid annual filing by 2026-08-05, then tag priority"
byon,BYON,0001130713,hybrid,2024,2024-01-01,2024-12-31,365.0,net_income,us-gaap,ProfitLoss,2,-258795000.0,-258.795,USD,10-K,2025,FY,CY2024,0001130713-26-000018,2026-02-24,2026-08-05T17:15:02+00:00,https://www.sec.gov/Archives/edgar/data/1130713/000113071326000018/,True,"latest valid annual filing by 2026-08-05, then tag priority"
byon,BYON,0001130713,hybrid,2024,2024-01-01,2024-12-31,365.0,revenue,us-gaap,RevenueFromContractWithCustomerExcludingAssessedTax,1,1394964000.0,1394.964,USD,10-K,2025,FY,CY2024,0001130713-26-000018,2026-02-24,2026-08-05T17:15:02+00:00,https://www.sec.gov/Archives/edgar/data/1130713/000113071326000018/,True,"latest valid annual filing by 2026-08-05, then tag priority"
byon,BYON,0001130713,hybrid,2024,,2024-12-31,,total_assets,us-gaap,Assets,1,401954000.0,401.954,USD,10-K,2025,FY,CY2024Q4I,0001130713-26-000018,2026-02-24,2026-08-05T17:15:02+00:00,https://www.sec.gov/Archives/edgar/data/1130713/000113071326000018/,True,"latest valid annual filing by 2026-08-05, then tag priority"
byon,BYON,0001130713,hybrid,2024,,2024-12-31,,total_equity,us-gaap,StockholdersEquity,1,162732000.0,162.732,USD,10-K,2025,FY,CY2024Q4I,0001130713-26-000018,2026-02-24,2026-08-05T17:15:02+00:00,https://www.sec.gov/Archives/edgar/data/1130713/000113071326000018/,True,"latest valid annual filing by 2026-08-05, then tag priority"
carg,CARG,0001494259,marketplace_platform,2017,2017-01-01,2017-12-31,364.0,net_income,us-gaap,NetIncomeLoss,1,13199000.0,13.199,USD,10-K,2019,FY,CY2017,0001564590-20-004805,2020-02-14,2026-08-05T17:15:02+00:00,https://www.sec.gov/Archives/edgar/data/1494259/000156459020004805/,True,"latest valid annual filing by 2026-08-05, then tag priority"
carg,CARG,0001494259,marketplace_platform,2017,2017-01-01,2017-12-31,364.0,revenue,us-gaap,RevenueFromContractWithCustomerExcludingAssessedTax,1,316861000.0,316.861,USD,10-K,2019,FY,CY2017,0001564590-20-004805,2020-02-14,2026-08-05T17:15:02+00:00,https://www.sec.gov/Archives/edgar/data/1494259/000156459020004805/,True,"latest valid annual filing by 2026-08-05, then tag priority"
carg,CARG,0001494259,marketplace_platform,2017,,2017-12-31,,total_assets,us-gaap,Assets,1,176594000.0,176.594,USD,10-K,2019,FY,CY2017Q4I,0001564590-20-004805,2020-02-14,2026-08-05T17:15:02+00:00,https://www.sec.gov/Archives/edgar/data/1494259/000156459020004805/,True,"latest valid annual filing by 2026-08-05, then tag priority"
carg,CARG,0001494259,marketplace_platform,2017,,2017-12-31,,total_equity,us-gaap,StockholdersEquity,1,127025000.0,127.025,USD,10-K,2020,FY,CY2017Q4I,0001564590-21-005612,2021-02-12,2026-08-05T17:15:02+00:00,https://www.sec.gov/Archives/edgar/data/1494259/000156459021005612/,True,"latest valid annual filing by 2026-08-05, then tag priority"
carg,CARG,0001494259,marketplace_platform,2018,2018-01-01,2018-12-31,364.0,net_income,us-gaap,NetIncomeLoss,1,65170000.0,65.17,USD,10-K,2020,FY,CY2018,0001564590-21-005612,2021-02-12,2026-08-05T17:15:02+00:00,https://www.sec.gov/Archives/edgar/data/1494259/000156459021005612/,True,"latest valid annual filing by 2026-08-05, then tag priority"
carg,CARG,0001494259,marketplace_platform,2018,2018-01-01,2018-12-31,364.0,revenue,us-gaap,RevenueFromContractWithCustomerExcludingAssessedTax,1,454086000.0,454.086,USD,10-K,2020,FY,CY2018,0001564590-21-005612,2021-02-12,2026-08-05T17:15:02+00:00,https://www.sec.gov/Archives/edgar/data/1494259/000156459021005612/,True,"latest valid annual filing by 2026-08-05, then tag priority"
carg,CARG,0001494259,marketplace_platform,2018,,2018-12-31,,total_assets,us-gaap,Assets,1,268290000.0,268.29,USD,10-K,2019,FY,CY2018Q4I,0001564590-20-004805,2020-02-14,2026-08-05T17:15:02+00:00,https://www.sec.gov/Archives/edgar/data/1494259/000156459020004805/,True,"latest valid annual filing by 2026-08-05, then tag priority"
carg,CARG,0001494259,marketplace_platform,2018,,2018-12-31,,total_equity,us-gaap,StockholdersEquity,1,194111000.0,194.111,USD,10-K,2021,FY,CY2018Q4I,0000950170-22-002023,2022-02-25,2026-08-05T17:15:02+00:00,https://www.sec.gov/Archives/edgar/data/1494259/000095017022002023/,True,"latest valid annual filing by 2026-08-05, then tag priority"
carg,CARG,0001494259,marketplace_platform,2019,2019-01-01,2019-12-31,364.0,net_income,us-gaap,NetIncomeLoss,1,42146000.0,42.146,USD,10-K,2021,FY,CY2019,0000950170-22-002023,2022-02-25,2026-08-05T17:15:02+00:00,https://www.sec.gov/Archives/edgar/data/1494259/000095017022002023/,True,"latest valid annual filing by 2026-08-05, then tag priority"
carg,CARG,0001494259,marketplace_platform,2019,2019-01-01,2019-12-31,364.0,revenue,us-gaap,RevenueFromContractWithCustomerExcludingAssessedTax,1,588916000.0,588.916,USD,10-K,2021,FY,CY2019,0000950170-22-002023,2022-02-25,2026-08-05T17:15:02+00:00,https://www.sec.gov/Archives/edgar/data/1494259/000095017022002023/,True,"latest valid annual filing by 2026-08-05, then tag priority"
carg,CARG,0001494259,marketplace_platform,2019,,2019-12-31,,total_assets,us-gaap,Assets,1,393623000.0,393.623,USD,10-K,2020,FY,CY2019Q4I,0001564590-21-005612,2021-02-12,2026-08-05T17:15:02+00:00,https://www.sec.gov/Archives/edgar/data/1494259/000156459021005612/,True,"latest valid annual filing by 2026-08-05, then tag priority"
carg,CARG,0001494259,marketplace_platform,2019,,2019-12-31,,total_equity,us-gaap,StockholdersEquity,1,256855000.0,256.855,USD,10-K,2022,FY,CY2019Q4I,0000950170-23-005473,2023-03-01,2026-08-05T17:15:02+00:00,https://www.sec.gov/Archives/edgar/data/1494259/000095017023005473/,True,"latest valid annual filing by 2026-08-05, then tag priority"
carg,CARG,0001494259,marketplace_platform,2020,2020-01-01,2020-12-31,365.0,net_income,us-gaap,NetIncomeLoss,1,77553000.0,77.553,USD,10-K,2022,FY,CY2020,0000950170-23-005473,2023-03-01,2026-08-05T17:15:02+00:00,https://www.sec.gov/Archives/edgar/data/1494259/000095017023005473/,True,"latest valid annual filing by 2026-08-05, then tag priority"
carg,CARG,0001494259,marketplace_platform,2020,2020-01-01,2020-12-31,365.0,revenue,us-gaap,RevenueFromContractWithCustomerExcludingAssessedTax,1,551451000.0,551.451,USD,10-K,2022,FY,CY2020,0000950170-23-005473,2023-03-01,2026-08-05T17:15:02+00:00,https://www.sec.gov/Archives/edgar/data/1494259/000095017023005473/,True,"latest valid annual filing by 2026-08-05, then tag priority"
carg,CARG,0001494259,marketplace_platform,2020,,2020-12-31,,total_assets,us-gaap,Assets,1,502298000.0,502.298,USD,10-K,2022,FY,CY2020Q4I,0000950170-23-005473,2023-03-01,2026-08-05T17:15:02+00:00,https://www.sec.gov/Archives/edgar/data/1494259/000095017023005473/,True,"latest valid annual filing by 2026-08-05, then tag priority"
carg,CARG,0001494259,marketplace_platform,2020,,2020-12-31,,total_equity,us-gaap,StockholdersEquity,1,373586000.0,373.586,USD,10-K,2023,FY,CY2020Q4I,0000950170-24-020157,2024-02-26,2026-08-05T17:15:02+00:00,https://www.sec.gov/Archives/edgar/data/1494259/000095017024020157/,True,"latest valid annual filing by 2026-08-05, then tag priority"
carg,CARG,0001494259,marketplace_platform,2021,2021-01-01,2021-12-31,364.0,net_income,us-gaap,NetIncomeLoss,1,109244000.0,109.244,USD,10-K,2023,FY,,0000950170-24-020157,2024-02-26,2026-08-05T17:15:02+00:00,https://www.sec.gov/Archives/edgar/data/1494259/000095017024020157/,True,"latest valid annual filing by 2026-08-05, then tag priority"
carg,CARG,0001494259,marketplace_platform,2021,2021-01-01,2021-12-31,364.0,revenue,us-gaap,RevenueFromContractWithCustomerExcludingAssessedTax,1,951373000.0,951.373,USD,10-K,2023,FY,CY2021,0000950170-24-020157,2024-02-26,2026-08-05T17:15:02+00:00,https://www.sec.gov/Archives/edgar/data/1494259/000095017024020157/,True,"latest valid annual filing by 2026-08-05, then tag priority"
carg,CARG,0001494259,marketplace_platform,2021,,2021-12-31,,total_assets,us-gaap,Assets,1,931574000.0,931.574,USD,10-K,2023,FY,CY2021Q4I,0000950170-24-020157,2024-02-26,2026-08-05T17:15:02+00:00,https://www.sec.gov/Archives/edgar/data/1494259/000095017024020157/,True,"latest valid annual filing by 2026-08-05, then tag priority"
carg,CARG,0001494259,marketplace_platform,2021,,2021-12-31,,total_equity,us-gaap,StockholdersEquity,1,516841000.0,516.841,USD,10-K,2024,FY,CY2021Q4I,0000950170-25-024181,2025-02-20,2026-08-05T17:15:02+00:00,https://www.sec.gov/Archives/edgar/data/1494259/000095017025024181/,True,"latest valid annual filing by 2026-08-05, then tag priority"
carg,CARG,0001494259,marketplace_platform,2022,2022-01-01,2022-12-31,364.0,net_income,us-gaap,NetIncomeLoss,1,84387000.0,84.387,USD,10-K,2024,FY,,0000950170-25-024181,2025-02-20,2026-08-05T17:15:02+00:00,https://www.sec.gov/Archives/edgar/data/1494259/000095017025024181/,True,"latest valid annual filing by 2026-08-05, then tag priority"
carg,CARG,0001494259,marketplace_platform,2022,2022-01-01,2022-12-31,364.0,revenue,us-gaap,RevenueFromContractWithCustomerExcludingAssessedTax,1,1655035000.0,1655.035,USD,10-K,2024,FY,CY2022,0000950170-25-024181,2025-02-20,2026-08-05T17:15:02+00:00,https://www.sec.gov/Archives/edgar/data/1494259/000095017025024181/,True,"latest valid annual filing by 2026-08-05, then tag priority"
carg,CARG,0001494259,marketplace_platform,2022,,2022-12-31,,total_assets,us-gaap,Assets,1,927102000.0,927.102,USD,10-K,2024,FY,CY2022Q4I,0000950170-25-024181,2025-02-20,2026-08-05T17:15:02+00:00,https://www.sec.gov/Archives/edgar/data/1494259/000095017025024181/,True,"latest valid annual filing by 2026-08-05, then tag priority"
carg,CARG,0001494259,marketplace_platform,2022,,2022-12-31,,total_equity,us-gaap,StockholdersEquity,1,734609000.0,734.609,USD,10-K,2025,FY,CY2022Q4I,0001193125-26-059435,2026-02-19,2026-08-05T17:15:02+00:00,https://www.sec.gov/Archives/edgar/data/1494259/000119312526059435/,True,"latest valid annual filing by 2026-08-05, then tag priority"
carg,CARG,0001494259,marketplace_platform,2023,2023-01-01,2023-12-31,364.0,net_income,us-gaap,NetIncomeLoss,1,36942000.0,36.942,USD,10-K,2025,FY,,0001193125-26-059435,2026-02-19,2026-08-05T17:15:02+00:00,https://www.sec.gov/Archives/edgar/data/1494259/000119312526059435/,True,"latest valid annual filing by 2026-08-05, then tag priority"
carg,CARG,0001494259,marketplace_platform,2023,2023-01-01,2023-12-31,364.0,revenue,us-gaap,RevenueFromContractWithCustomerExcludingAssessedTax,1,698421000.0,698.421,USD,10-K,2025,FY,CY2023,0001193125-26-059435,2026-02-19,2026-08-05T17:15:02+00:00,https://www.sec.gov/Archives/edgar/data/1494259/000119312526059435/,True,"latest valid annual filing by 2026-08-05, then tag priority"
carg,CARG,0001494259,marketplace_platform,2023,,2023-12-31,,total_assets,us-gaap,Assets,1,918927000.0,918.927,USD,10-K,2024,FY,CY2023Q4I,0000950170-25-024181,2025-02-20,2026-08-05T17:15:02+00:00,https://www.sec.gov/Archives/edgar/data/1494259/000095017025024181/,True,"latest valid annual filing by 2026-08-05, then tag priority"
carg,CARG,0001494259,marketplace_platform,2023,,2023-12-31,,total_equity,us-gaap,StockholdersEquity,1,616852000.0,616.852,USD,10-K,2025,FY,CY2023Q4I,0001193125-26-059435,2026-02-19,2026-08-05T17:15:02+00:00,https://www.sec.gov/Archives/edgar/data/1494259/000119312526059435/,True,"latest valid annual filing by 2026-08-05, then tag priority"
carg,CARG,0001494259,marketplace_platform,2024,2024-01-01,2024-12-31,365.0,net_income,us-gaap,NetIncomeLoss,1,20972000.0,20.972,USD,10-K,2025,FY,,0001193125-26-059435,2026-02-19,2026-08-05T17:15:02+00:00,https://www.sec.gov/Archives/edgar/data/1494259/000119312526059435/,True,"latest valid annual filing by 2026-08-05, then tag priority"
carg,CARG,0001494259,marketplace_platform,2024,2024-01-01,2024-12-31,365.0,revenue,us-gaap,RevenueFromContractWithCustomerExcludingAssessedTax,1,798044000.0,798.044,USD,10-K,2025,FY,CY2024,0001193125-26-059435,2026-02-19,2026-08-05T17:15:02+00:00,https://www.sec.gov/Archives/edgar/data/1494259/000119312526059435/,True,"latest valid annual filing by 2026-08-05, then tag priority"
carg,CARG,0001494259,marketplace_platform,2024,,2024-12-31,,total_assets,us-gaap,Assets,1,824536000.0,824.536,USD,10-K,2025,FY,CY2024Q4I,0001193125-26-059435,2026-02-19,2026-08-05T17:15:02+00:00,https://www.sec.gov/Archives/edgar/data/1494259/000119312526059435/,True,"latest valid annual filing by 2026-08-05, then tag priority"
carg,CARG,0001494259,marketplace_platform,2024,,2024-12-31,,total_equity,us-gaap,StockholdersEquity,1,541689000.0,541.689,USD,10-K,2025,FY,,0001193125-26-059435,2026-02-19,2026-08-05T17:15:02+00:00,https://www.sec.gov/Archives/edgar/data/1494259/000119312526059435/,True,"latest valid annual filing by 2026-08-05, then tag priority"
cars,CARS,0001683606,marketplace_platform,2017,2017-01-01,2017-12-31,364.0,net_income,us-gaap,NetIncomeLoss,1,224443000.0,224.443,USD,10-K,2019,FY,CY2017,0001564590-20-006776,2020-02-26,2026-08-05T17:15:02+00:00,https://www.sec.gov/Archives/edgar/data/1683606/000156459020006776/,True,"latest valid annual filing by 2026-08-05, then tag priority"
cars,CARS,0001683606,marketplace_platform,2017,2017-01-01,2017-12-31,364.0,revenue,us-gaap,RevenueFromContractWithCustomerExcludingAssessedTax,1,626262000.0,626.262,USD,10-K,2019,FY,CY2017,0001564590-20-006776,2020-02-26,2026-08-05T17:15:02+00:00,https://www.sec.gov/Archives/edgar/data/1683606/000156459020006776/,True,"latest valid annual filing by 2026-08-05, then tag priority"
cars,CARS,0001683606,marketplace_platform,2017,,2017-12-31,,total_assets,us-gaap,Assets,1,2511039000.0,2511.039,USD,10-K,2018,FY,CY2017Q4I,0001564590-19-005502,2019-02-28,2026-08-05T17:15:02+00:00,https://www.sec.gov/Archives/edgar/data/1683606/000156459019005502/,True,"latest valid annual filing by 2026-08-05, then tag priority"
cars,CARS,0001683606,marketplace_platform,2017,,2017-12-31,,total_equity,us-gaap,StockholdersEquity,1,1679128000.0,1679.128,USD,10-K,2020,FY,CY2017Q4I,0001564590-21-008812,2021-02-25,2026-08-05T17:15:02+00:00,https://www.sec.gov/Archives/edgar/data/1683606/000156459021008812/,True,"latest valid annual filing by 2026-08-05, then tag priority"
cars,CARS,0001683606,marketplace_platform,2018,2018-01-01,2018-12-31,364.0,net_income,us-gaap,NetIncomeLoss,1,38809000.0,38.809,USD,10-K,2020,FY,CY2018,0001564590-21-008812,2021-02-25,2026-08-05T17:15:02+00:00,https://www.sec.gov/Archives/edgar/data/1683606/000156459021008812/,True,"latest valid annual filing by 2026-08-05, then tag priority"
cars,CARS,0001683606,marketplace_platform,2018,2018-01-01,2018-12-31,364.0,revenue,us-gaap,RevenueFromContractWithCustomerExcludingAssessedTax,1,662127000.0,662.127,USD,10-K,2020,FY,CY2018,0001564590-21-008812,2021-02-25,2026-08-05T17:15:02+00:00,https://www.sec.gov/Archives/edgar/data/1683606/000156459021008812/,True,"latest valid annual filing by 2026-08-05, then tag priority"
cars,CARS,0001683606,marketplace_platform,2018,,2018-12-31,,total_assets,us-gaap,Assets,1,2600549000.0,2600.549,USD,10-K,2019,FY,CY2018Q4I,0001564590-20-006776,2020-02-26,2026-08-05T17:15:02+00:00,https://www.sec.gov/Archives/edgar/data/1683606/000156459020006776/,True,"latest valid annual filing by 2026-08-05, then tag priority"
cars,CARS,0001683606,marketplace_platform,2018,,2018-12-31,,total_equity,us-gaap,StockholdersEquity,1,1626923000.0,1626.923,USD,10-K,2021,FY,CY2018Q4I,0000950170-22-002101,2022-02-25,2026-08-05T17:15:02+00:00,https://www.sec.gov/Archives/edgar/data/1683606/000095017022002101/,True,"latest valid annual filing by 2026-08-05, then tag priority"
cars,CARS,0001683606,marketplace_platform,2019,2019-01-01,2019-12-31,364.0,net_income,us-gaap,NetIncomeLoss,1,-445324000.0,-445.324,USD,10-K,2021,FY,CY2019,0000950170-22-002101,2022-02-25,2026-08-05T17:15:02+00:00,https://www.sec.gov/Archives/edgar/data/1683606/000095017022002101/,True,"latest valid annual filing by 2026-08-05, then tag priority"
cars,CARS,0001683606,marketplace_platform,2019,2019-01-01,2019-12-31,364.0,revenue,us-gaap,RevenueFromContractWithCustomerExcludingAssessedTax,1,606682000.0,606.682,USD,10-K,2021,FY,CY2019,0000950170-22-002101,2022-02-25,2026-08-05T17:15:02+00:00,https://www.sec.gov/Archives/edgar/data/1683606/000095017022002101/,True,"latest valid annual filing by 2026-08-05, then tag priority"
cars,CARS,0001683606,marketplace_platform,2019,,2019-12-31,,total_assets,us-gaap,Assets,1,2027991000.0,2027.991,USD,10-K,2020,FY,CY2019Q4I,0001564590-21-008812,2021-02-25,2026-08-05T17:15:02+00:00,https://www.sec.gov/Archives/edgar/data/1683606/000156459021008812/,True,"latest valid annual filing by 2026-08-05, then tag priority"
cars,CARS,0001683606,marketplace_platform,2019,,2019-12-31,,total_equity,us-gaap,StockholdersEquity,1,1141068000.0,1141.068,USD,10-K,2022,FY,CY2019Q4I,0000950170-23-004093,2023-02-23,2026-08-05T17:15:02+00:00,https://www.sec.gov/Archives/edgar/data/1683606/000095017023004093/,True,"latest valid annual filing by 2026-08-05, then tag priority"
cars,CARS,0001683606,marketplace_platform,2020,2020-01-01,2020-12-31,365.0,net_income,us-gaap,NetIncomeLoss,1,-789106000.0,-789.106,USD,10-K,2022,FY,CY2020,0000950170-23-004093,2023-02-23,2026-08-05T17:15:02+00:00,https://www.sec.gov/Archives/edgar/data/1683606/000095017023004093/,True,"latest valid annual filing by 2026-08-05, then tag priority"
cars,CARS,0001683606,marketplace_platform,2020,2020-01-01,2020-12-31,365.0,revenue,us-gaap,RevenueFromContractWithCustomerExcludingAssessedTax,1,547503000.0,547.503,USD,10-K,2022,FY,CY2020,0000950170-23-004093,2023-02-23,2026-08-05T17:15:02+00:00,https://www.sec.gov/Archives/edgar/data/1683606/000095017023004093/,True,"latest valid annual filing by 2026-08-05, then tag priority"
cars,CARS,0001683606,marketplace_platform,2020,,2020-12-31,,total_assets,us-gaap,Assets,1,1075712000.0,1075.712,USD,10-K,2021,FY,CY2020Q4I,0000950170-22-002101,2022-02-25,2026-08-05T17:15:02+00:00,https://www.sec.gov/Archives/edgar/data/1683606/000095017022002101/,True,"latest valid annual filing by 2026-08-05, then tag priority"
cars,CARS,0001683606,marketplace_platform,2020,,2020-12-31,,total_equity,us-gaap,StockholdersEquity,1,368190000.0,368.19,USD,10-K,2023,FY,CY2020Q4I,0000950170-24-018824,2024-02-22,2026-08-05T17:15:02+00:00,https://www.sec.gov/Archives/edgar/data/1683606/000095017024018824/,True,"latest valid annual filing by 2026-08-05, then tag priority"
cars,CARS,0001683606,marketplace_platform,2021,2021-01-01,2021-12-31,364.0,net_income,us-gaap,NetIncomeLoss,1,10791000.0,10.791,USD,10-K,2023,FY,,0000950170-24-018824,2024-02-22,2026-08-05T17:15:02+00:00,https://www.sec.gov/Archives/edgar/data/1683606/000095017024018824/,True,"latest valid annual filing by 2026-08-05, then tag priority"
cars,CARS,0001683606,marketplace_platform,2021,2021-01-01,2021-12-31,364.0,revenue,us-gaap,RevenueFromContractWithCustomerExcludingAssessedTax,1,623683000.0,623.683,USD,10-K,2023,FY,CY2021,0000950170-24-018824,2024-02-22,2026-08-05T17:15:02+00:00,https://www.sec.gov/Archives/edgar/data/1683606/000095017024018824/,True,"latest valid annual filing by 2026-08-05, then tag priority"
cars,CARS,0001683606,marketplace_platform,2021,,2021-12-31,,total_assets,us-gaap,Assets,1,1007205000.0,1007.205,USD,10-K,2022,FY,CY2021Q4I,0000950170-23-004093,2023-02-23,2026-08-05T17:15:02+00:00,https://www.sec.gov/Archives/edgar/data/1683606/000095017023004093/,True,"latest valid annual filing by 2026-08-05, then tag priority"
cars,CARS,0001683606,marketplace_platform,2021,,2021-12-31,,total_equity,us-gaap,StockholdersEquity,1,398020000.0,398.02,USD,10-K,2024,FY,CY2021Q4I,0000950170-25-029023,2025-02-27,2026-08-05T17:15:02+00:00,https://www.sec.gov/Archives/edgar/data/1683606/000095017025029023/,True,"latest valid annual filing by 2026-08-05, then tag priority"
cars,CARS,0001683606,marketplace_platform,2022,2022-01-01,2022-12-31,364.0,net_income,us-gaap,NetIncomeLoss,1,17206000.0,17.206,USD,10-K,2024,FY,,0000950170-25-029023,2025-02-27,2026-08-05T17:15:02+00:00,https://www.sec.gov/Archives/edgar/data/1683606/000095017025029023/,True,"latest valid annual filing by 2026-08-05, then tag priority"
cars,CARS,0001683606,marketplace_platform,2022,2022-01-01,2022-12-31,364.0,revenue,us-gaap,RevenueFromContractWithCustomerExcludingAssessedTax,1,653876000.0,653.876,USD,10-K,2024,FY,CY2022,0000950170-25-029023,2025-02-27,2026-08-05T17:15:02+00:00,https://www.sec.gov/Archives/edgar/data/1683606/000095017025029023/,True,"latest valid annual filing by 2026-08-05, then tag priority"
cars,CARS,0001683606,marketplace_platform,2022,,2022-12-31,,total_assets,us-gaap,Assets,1,1024870000.0,1024.87,USD,10-K,2023,FY,CY2022Q4I,0000950170-24-018824,2024-02-22,2026-08-05T17:15:02+00:00,https://www.sec.gov/Archives/edgar/data/1683606/000095017024018824/,True,"latest valid annual filing by 2026-08-05, then tag priority"
cars,CARS,0001683606,marketplace_platform,2022,,2022-12-31,,total_equity,us-gaap,StockholdersEquity,1,384430000.0,384.43,USD,10-K,2025,FY,CY2022Q4I,0001193125-26-076546,2026-02-26,2026-08-05T17:15:02+00:00,https://www.sec.gov/Archives/edgar/data/1683606/000119312526076546/,True,"latest valid annual filing by 2026-08-05, then tag priority"
cars,CARS,0001683606,marketplace_platform,2023,2023-01-01,2023-12-31,364.0,net_income,us-gaap,NetIncomeLoss,1,118442000.0,118.442,USD,10-K,2025,FY,,0001193125-26-076546,2026-02-26,2026-08-05T17:15:02+00:00,https://www.sec.gov/Archives/edgar/data/1683606/000119312526076546/,True,"latest valid annual filing by 2026-08-05, then tag priority"
cars,CARS,0001683606,marketplace_platform,2023,2023-01-01,2023-12-31,364.0,revenue,us-gaap,RevenueFromContractWithCustomerExcludingAssessedTax,1,689183000.0,689.183,USD,10-K,2025,FY,CY2023,0001193125-26-076546,2026-02-26,2026-08-05T17:15:02+00:00,https://www.sec.gov/Archives/edgar/data/1683606/000119312526076546/,True,"latest valid annual filing by 2026-08-05, then tag priority"
cars,CARS,0001683606,marketplace_platform,2023,,2023-12-31,,total_assets,us-gaap,Assets,1,1172449000.0,1172.449,USD,10-K,2024,FY,CY2023Q4I,0000950170-25-029023,2025-02-27,2026-08-05T17:15:02+00:00,https://www.sec.gov/Archives/edgar/data/1683606/000095017025029023/,True,"latest valid annual filing by 2026-08-05, then tag priority"
cars,CARS,0001683606,marketplace_platform,2023,,2023-12-31,,total_equity,us-gaap,StockholdersEquity,1,492108000.0,492.108,USD,10-K,2025,FY,CY2023Q4I,0001193125-26-076546,2026-02-26,2026-08-05T17:15:02+00:00,https://www.sec.gov/Archives/edgar/data/1683606/000119312526076546/,True,"latest valid annual filing by 2026-08-05, then tag priority"
cars,CARS,0001683606,marketplace_platform,2024,2024-01-01,2024-12-31,365.0,net_income,us-gaap,NetIncomeLoss,1,48188000.0,48.188,USD,10-K,2025,FY,,0001193125-26-076546,2026-02-26,2026-08-05T17:15:02+00:00,https://www.sec.gov/Archives/edgar/data/1683606/000119312526076546/,True,"latest valid annual filing by 2026-08-05, then tag priority"
cars,CARS,0001683606,marketplace_platform,2024,2024-01-01,2024-12-31,365.0,revenue,us-gaap,RevenueFromContractWithCustomerExcludingAssessedTax,1,719152000.0,719.152,USD,10-K,2025,FY,CY2024,0001193125-26-076546,2026-02-26,2026-08-05T17:15:02+00:00,https://www.sec.gov/Archives/edgar/data/1683606/000119312526076546/,True,"latest valid annual filing by 2026-08-05, then tag priority"
cars,CARS,0001683606,marketplace_platform,2024,,2024-12-31,,total_assets,us-gaap,Assets,1,1111865000.0,1111.865,USD,10-K,2025,FY,CY2024Q4I,0001193125-26-076546,2026-02-26,2026-08-05T17:15:02+00:00,https://www.sec.gov/Archives/edgar/data/1683606/000119312526076546/,True,"latest valid annual filing by 2026-08-05, then tag priority"
cars,CARS,0001683606,marketplace_platform,2024,,2024-12-31,,total_equity,us-gaap,StockholdersEquity,1,511485000.0,511.485,USD,10-K,2025,FY,,0001193125-26-076546,2026-02-26,2026-08-05T17:15:02+00:00,https://www.sec.gov/Archives/edgar/data/1683606/000119312526076546/,True,"latest valid annual filing by 2026-08-05, then tag priority"
chwy,CHWY,0001766502,inventory_led_ecommerce,2017,2017-02-01,2018-01-28,361.0,net_income,us-gaap,NetIncomeLoss,1,-338057000.0,-338.057,USD,10-K,2019,FY,CY2017,0001766502-20-000007,2020-04-02,2026-08-05T12:11:50+00:00,https://www.sec.gov/Archives/edgar/data/1766502/000176650220000007/,True,"latest valid annual filing by 2026-08-05, then tag priority"
chwy,CHWY,0001766502,inventory_led_ecommerce,2017,2017-02-01,2018-01-28,361.0,revenue,us-gaap,RevenueFromContractWithCustomerExcludingAssessedTax,1,2104287000.0,2104.287,USD,10-K,2019,FY,CY2017,0001766502-20-000007,2020-04-02,2026-08-05T12:11:50+00:00,https://www.sec.gov/Archives/edgar/data/1766502/000176650220000007/,True,"latest valid annual filing by 2026-08-05, then tag priority"
chwy,CHWY,0001766502,inventory_led_ecommerce,2017,,2018-01-28,,total_equity,us-gaap,StockholdersEquity,1,-83703000.0,-83.703,USD,10-K,2020,FY,CY2017Q4I,0001766502-21-000008,2021-03-30,2026-08-05T12:11:50+00:00,https://www.sec.gov/Archives/edgar/data/1766502/000176650221000008/,True,"latest valid annual filing by 2026-08-05, then tag priority"
chwy,CHWY,0001766502,inventory_led_ecommerce,2018,2018-01-29,2019-02-03,370.0,net_income,us-gaap,NetIncomeLoss,1,-267890000.0,-267.89,USD,10-K,2020,FY,CY2018,0001766502-21-000008,2021-03-30,2026-08-05T12:11:50+00:00,https://www.sec.gov/Archives/edgar/data/1766502/000176650221000008/,True,"latest valid annual filing by 2026-08-05, then tag priority"
chwy,CHWY,0001766502,inventory_led_ecommerce,2018,2018-01-29,2019-02-03,370.0,revenue,us-gaap,RevenueFromContractWithCustomerExcludingAssessedTax,1,3532837000.0,3532.837,USD,10-K,2020,FY,CY2018,0001766502-21-000008,2021-03-30,2026-08-05T12:11:50+00:00,https://www.sec.gov/Archives/edgar/data/1766502/000176650221000008/,True,"latest valid annual filing by 2026-08-05, then tag priority"
chwy,CHWY,0001766502,inventory_led_ecommerce,2018,,2019-02-03,,total_assets,us-gaap,Assets,1,541622000.0,541.622,USD,10-K,2019,FY,CY2018Q4I,0001766502-20-000007,2020-04-02,2026-08-05T12:11:50+00:00,https://www.sec.gov/Archives/edgar/data/1766502/000176650220000007/,True,"latest valid annual filing by 2026-08-05, then tag priority"
chwy,CHWY,0001766502,inventory_led_ecommerce,2018,,2019-02-03,,total_equity,us-gaap,StockholdersEquity,1,-335942000.0,-335.942,USD,10-K,2021,FY,CY2018Q4I,0001766502-22-000008,2022-03-29,2026-08-05T12:11:50+00:00,https://www.sec.gov/Archives/edgar/data/1766502/000176650222000008/,True,"latest valid annual filing by 2026-08-05, then tag priority"
chwy,CHWY,0001766502,inventory_led_ecommerce,2019,2019-02-04,2020-02-02,363.0,net_income,us-gaap,NetIncomeLoss,1,-252370000.0,-252.37,USD,10-K,2021,FY,CY2019,0001766502-22-000008,2022-03-29,2026-08-05T12:11:50+00:00,https://www.sec.gov/Archives/edgar/data/1766502/000176650222000008/,True,"latest valid annual filing by 2026-08-05, then tag priority"
chwy,CHWY,0001766502,inventory_led_ecommerce,2019,2019-02-04,2020-02-02,363.0,revenue,us-gaap,RevenueFromContractWithCustomerExcludingAssessedTax,1,4846743000.0,4846.743,USD,10-K,2021,FY,CY2019,0001766502-22-000008,2022-03-29,2026-08-05T12:11:50+00:00,https://www.sec.gov/Archives/edgar/data/1766502/000176650222000008/,True,"latest valid annual filing by 2026-08-05, then tag priority"
chwy,CHWY,0001766502,inventory_led_ecommerce,2019,,2020-02-02,,total_assets,us-gaap,Assets,1,932321000.0,932.321,USD,10-K,2020,FY,CY2019Q4I,0001766502-21-000008,2021-03-30,2026-08-05T12:11:50+00:00,https://www.sec.gov/Archives/edgar/data/1766502/000176650221000008/,True,"latest valid annual filing by 2026-08-05, then tag priority"
chwy,CHWY,0001766502,inventory_led_ecommerce,2019,,2020-02-02,,total_equity,us-gaap,StockholdersEquity,1,-403974000.0,-403.974,USD,10-K,2022,FY,CY2019Q4I,0001766502-23-000011,2023-03-22,2026-08-05T12:11:50+00:00,https://www.sec.gov/Archives/edgar/data/1766502/000176650223000011/,True,"latest valid annual filing by 2026-08-05, then tag priority"
chwy,CHWY,0001766502,inventory_led_ecommerce,2020,2020-02-03,2021-01-31,363.0,net_income,us-gaap,NetIncomeLoss,1,-92486000.0,-92.486,USD,10-K,2022,FY,CY2020,0001766502-23-000011,2023-03-22,2026-08-05T12:11:50+00:00,https://www.sec.gov/Archives/edgar/data/1766502/000176650223000011/,True,"latest valid annual filing by 2026-08-05, then tag priority"
chwy,CHWY,0001766502,inventory_led_ecommerce,2020,2020-02-03,2021-01-31,363.0,revenue,us-gaap,RevenueFromContractWithCustomerExcludingAssessedTax,1,7146264000.0,7146.264,USD,10-K,2022,FY,CY2020,0001766502-23-000011,2023-03-22,2026-08-05T12:11:50+00:00,https://www.sec.gov/Archives/edgar/data/1766502/000176650223000011/,True,"latest valid annual filing by 2026-08-05, then tag priority"
chwy,CHWY,0001766502,inventory_led_ecommerce,2020,,2021-01-31,,total_assets,us-gaap,Assets,1,1740910000.0,1740.91,USD,10-K,2021,FY,CY2020Q4I,0001766502-22-000008,2022-03-29,2026-08-05T12:11:50+00:00,https://www.sec.gov/Archives/edgar/data/1766502/000176650222000008/,True,"latest valid annual filing by 2026-08-05, then tag priority"
chwy,CHWY,0001766502,inventory_led_ecommerce,2020,,2021-01-31,,total_equity,us-gaap,StockholdersEquity,1,-54970000.0,-54.97,USD,10-K,2023,FY,CY2020Q4I,0001766502-24-000014,2024-03-20,2026-08-05T12:11:50+00:00,https://www.sec.gov/Archives/edgar/data/1766502/000176650224000014/,True,"latest valid annual filing by 2026-08-05, then tag priority"
chwy,CHWY,0001766502,inventory_led_ecommerce,2021,2021-02-01,2022-01-30,363.0,net_income,us-gaap,NetIncomeLoss,1,-75207000.0,-75.207,USD,10-K,2023,FY,,0001766502-24-000014,2024-03-20,2026-08-05T12:11:50+00:00,https://www.sec.gov/Archives/edgar/data/1766502/000176650224000014/,True,"latest valid annual filing by 2026-08-05, then tag priority"
chwy,CHWY,0001766502,inventory_led_ecommerce,2021,2021-02-01,2022-01-30,363.0,revenue,us-gaap,RevenueFromContractWithCustomerExcludingAssessedTax,1,8967407000.0,8967.407,USD,10-K,2023,FY,CY2021,0001766502-24-000014,2024-03-20,2026-08-05T12:11:50+00:00,https://www.sec.gov/Archives/edgar/data/1766502/000176650224000014/,True,"latest valid annual filing by 2026-08-05, then tag priority"
chwy,CHWY,0001766502,inventory_led_ecommerce,2021,,2022-01-30,,total_assets,us-gaap,Assets,1,2086281000.0,2086.281,USD,10-K,2022,FY,CY2021Q4I,0001766502-23-000011,2023-03-22,2026-08-05T12:11:50+00:00,https://www.sec.gov/Archives/edgar/data/1766502/000176650223000011/,True,"latest valid annual filing by 2026-08-05, then tag priority"
chwy,CHWY,0001766502,inventory_led_ecommerce,2021,,2022-01-30,,total_equity,us-gaap,StockholdersEquity,1,-39620000.0,-39.62,USD,10-K,2024,FY,CY2021Q4I,0001766502-25-000014,2025-03-26,2026-08-05T12:11:50+00:00,https://www.sec.gov/Archives/edgar/data/1766502/000176650225000014/,True,"latest valid annual filing by 2026-08-05, then tag priority"
chwy,CHWY,0001766502,inventory_led_ecommerce,2022,2022-01-31,2023-01-29,363.0,net_income,us-gaap,NetIncomeLoss,1,49899000.0,49.899,USD,10-K,2024,FY,,0001766502-25-000014,2025-03-26,2026-08-05T12:11:50+00:00,https://www.sec.gov/Archives/edgar/data/1766502/000176650225000014/,True,"latest valid annual filing by 2026-08-05, then tag priority"
chwy,CHWY,0001766502,inventory_led_ecommerce,2022,2022-01-31,2023-01-29,363.0,revenue,us-gaap,RevenueFromContractWithCustomerExcludingAssessedTax,1,10119000000.0,10119.0,USD,10-K,2024,FY,CY2022,0001766502-25-000014,2025-03-26,2026-08-05T12:11:50+00:00,https://www.sec.gov/Archives/edgar/data/1766502/000176650225000014/,True,"latest valid annual filing by 2026-08-05, then tag priority"
chwy,CHWY,0001766502,inventory_led_ecommerce,2022,,2023-01-29,,total_assets,us-gaap,Assets,1,2519818000.0,2519.818,USD,10-K,2023,FY,CY2022Q4I,0001766502-24-000014,2024-03-20,2026-08-05T12:11:50+00:00,https://www.sec.gov/Archives/edgar/data/1766502/000176650224000014/,True,"latest valid annual filing by 2026-08-05, then tag priority"
chwy,CHWY,0001766502,inventory_led_ecommerce,2022,,2023-01-29,,total_equity,us-gaap,StockholdersEquity,1,160300000.0,160.3,USD,10-K,2025,FY,CY2022Q4I,0001766502-26-000034,2026-03-25,2026-08-05T12:11:50+00:00,https://www.sec.gov/Archives/edgar/data/1766502/000176650226000034/,True,"latest valid annual filing by 2026-08-05, then tag priority"
chwy,CHWY,0001766502,inventory_led_ecommerce,2023,2023-01-30,2024-01-28,363.0,net_income,us-gaap,NetIncomeLoss,1,39600000.0,39.6,USD,10-K,2025,FY,,0001766502-26-000034,2026-03-25,2026-08-05T12:11:50+00:00,https://www.sec.gov/Archives/edgar/data/1766502/000176650226000034/,True,"latest valid annual filing by 2026-08-05, then tag priority"
chwy,CHWY,0001766502,inventory_led_ecommerce,2023,2023-01-30,2024-01-28,363.0,revenue,us-gaap,RevenueFromContractWithCustomerExcludingAssessedTax,1,11147700000.0,11147.7,USD,10-K,2025,FY,CY2023,0001766502-26-000034,2026-03-25,2026-08-05T12:11:50+00:00,https://www.sec.gov/Archives/edgar/data/1766502/000176650226000034/,True,"latest valid annual filing by 2026-08-05, then tag priority"
chwy,CHWY,0001766502,inventory_led_ecommerce,2023,,2024-01-28,,total_assets,us-gaap,Assets,1,3186851000.0,3186.851,USD,10-K,2024,FY,CY2023Q4I,0001766502-25-000014,2025-03-26,2026-08-05T12:11:50+00:00,https://www.sec.gov/Archives/edgar/data/1766502/000176650225000014/,True,"latest valid annual filing by 2026-08-05, then tag priority"
chwy,CHWY,0001766502,inventory_led_ecommerce,2023,,2024-01-28,,total_equity,us-gaap,StockholdersEquity,1,510300000.0,510.3,USD,10-K,2025,FY,CY2023Q4I,0001766502-26-000034,2026-03-25,2026-08-05T12:11:50+00:00,https://www.sec.gov/Archives/edgar/data/1766502/000176650226000034/,True,"latest valid annual filing by 2026-08-05, then tag priority"
chwy,CHWY,0001766502,inventory_led_ecommerce,2024,2024-01-29,2025-02-02,370.0,net_income,us-gaap,NetIncomeLoss,1,392700000.0,392.7,USD,10-K,2025,FY,,0001766502-26-000034,2026-03-25,2026-08-05T12:11:50+00:00,https://www.sec.gov/Archives/edgar/data/1766502/000176650226000034/,True,"latest valid annual filing by 2026-08-05, then tag priority"
chwy,CHWY,0001766502,inventory_led_ecommerce,2024,2024-01-29,2025-02-02,370.0,revenue,us-gaap,RevenueFromContractWithCustomerExcludingAssessedTax,1,11861300000.0,11861.3,USD,10-K,2025,FY,CY2024,0001766502-26-000034,2026-03-25,2026-08-05T12:11:50+00:00,https://www.sec.gov/Archives/edgar/data/1766502/000176650226000034/,True,"latest valid annual filing by 2026-08-05, then tag priority"
chwy,CHWY,0001766502,inventory_led_ecommerce,2024,,2025-02-02,,total_assets,us-gaap,Assets,1,3014500000.0,3014.5,USD,10-K,2025,FY,CY2024Q4I,0001766502-26-000034,2026-03-25,2026-08-05T12:11:50+00:00,https://www.sec.gov/Archives/edgar/data/1766502/000176650226000034/,True,"latest valid annual filing by 2026-08-05, then tag priority"
chwy,CHWY,0001766502,inventory_led_ecommerce,2024,,2025-02-02,,total_equity,us-gaap,StockholdersEquity,1,261500000.0,261.5,USD,10-K,2025,FY,,0001766502-26-000034,2026-03-25,2026-08-05T12:11:50+00:00,https://www.sec.gov/Archives/edgar/data/1766502/000176650226000034/,True,"latest valid annual filing by 2026-08-05, then tag priority"
cvna,CVNA,0001690820,inventory_led_ecommerce,2017,2017-01-01,2017-12-31,364.0,net_income,us-gaap,NetIncomeLoss,1,-62841000.0,-62.841,USD,10-K,2019,FY,CY2017,0001690820-20-000052,2020-02-26,2026-08-05T17:15:02+00:00,https://www.sec.gov/Archives/edgar/data/1690820/000169082020000052/,True,"latest valid annual filing by 2026-08-05, then tag priority"
cvna,CVNA,0001690820,inventory_led_ecommerce,2017,2017-01-01,2017-12-31,364.0,revenue,us-gaap,RevenueFromContractWithCustomerExcludingAssessedTax,1,858870000.0,858.87,USD,10-K,2019,FY,CY2017,0001690820-20-000052,2020-02-26,2026-08-05T17:15:02+00:00,https://www.sec.gov/Archives/edgar/data/1690820/000169082020000052/,True,"latest valid annual filing by 2026-08-05, then tag priority"
cvna,CVNA,0001690820,inventory_led_ecommerce,2017,,2017-12-31,,total_assets,us-gaap,Assets,1,641137000.0,641.137,USD,10-K,2018,FY,CY2017Q4I,0001690820-19-000024,2019-02-27,2026-08-05T17:15:02+00:00,https://www.sec.gov/Archives/edgar/data/1690820/000169082019000024/,True,"latest valid annual filing by 2026-08-05, then tag priority"
cvna,CVNA,0001690820,inventory_led_ecommerce,2017,,2017-12-31,,total_equity,us-gaap,StockholdersEquityIncludingPortionAttributableToNoncontrollingInterest,2,279544000.0,279.544,USD,10-K,2020,FY,CY2017Q4I,0001690820-21-000069,2021-02-25,2026-08-05T17:15:02+00:00,https://www.sec.gov/Archives/edgar/data/1690820/000169082021000069/,True,"latest valid annual filing by 2026-08-05, then tag priority"
cvna,CVNA,0001690820,inventory_led_ecommerce,2018,2018-01-01,2018-12-31,364.0,net_income,us-gaap,NetIncomeLoss,1,-55476000.0,-55.476,USD,10-K,2020,FY,CY2018,0001690820-21-000069,2021-02-25,2026-08-05T17:15:02+00:00,https://www.sec.gov/Archives/edgar/data/1690820/000169082021000069/,True,"latest valid annual filing by 2026-08-05, then tag priority"
cvna,CVNA,0001690820,inventory_led_ecommerce,2018,2018-01-01,2018-12-31,364.0,revenue,us-gaap,RevenueFromContractWithCustomerExcludingAssessedTax,1,1955467000.0,1955.467,USD,10-K,2020,FY,CY2018,0001690820-21-000069,2021-02-25,2026-08-05T17:15:02+00:00,https://www.sec.gov/Archives/edgar/data/1690820/000169082021000069/,True,"latest valid annual filing by 2026-08-05, then tag priority"
cvna,CVNA,0001690820,inventory_led_ecommerce,2018,,2018-12-31,,total_assets,us-gaap,Assets,1,991013000.0,991.013,USD,10-K,2019,FY,CY2018Q4I,0001690820-20-000052,2020-02-26,2026-08-05T17:15:02+00:00,https://www.sec.gov/Archives/edgar/data/1690820/000169082020000052/,True,"latest valid annual filing by 2026-08-05, then tag priority"
cvna,CVNA,0001690820,inventory_led_ecommerce,2018,,2018-12-31,,total_equity,us-gaap,StockholdersEquityIncludingPortionAttributableToNoncontrollingInterest,2,227000000.0,227.0,USD,10-K,2021,FY,CY2018Q4I,0001690820-22-000080,2022-02-24,2026-08-05T17:15:02+00:00,https://www.sec.gov/Archives/edgar/data/1690820/000169082022000080/,True,"latest valid annual filing by 2026-08-05, then tag priority"
cvna,CVNA,0001690820,inventory_led_ecommerce,2019,2019-01-01,2019-12-31,364.0,net_income,us-gaap,NetIncomeLoss,1,-115000000.0,-115.0,USD,10-K,2021,FY,CY2019,0001690820-22-000080,2022-02-24,2026-08-05T17:15:02+00:00,https://www.sec.gov/Archives/edgar/data/1690820/000169082022000080/,True,"latest valid annual filing by 2026-08-05, then tag priority"
cvna,CVNA,0001690820,inventory_led_ecommerce,2019,2019-01-01,2019-12-31,364.0,revenue,us-gaap,RevenueFromContractWithCustomerExcludingAssessedTax,1,3940000000.0,3940.0,USD,10-K,2021,FY,CY2019,0001690820-22-000080,2022-02-24,2026-08-05T17:15:02+00:00,https://www.sec.gov/Archives/edgar/data/1690820/000169082022000080/,True,"latest valid annual filing by 2026-08-05, then tag priority"
cvna,CVNA,0001690820,inventory_led_ecommerce,2019,,2019-12-31,,total_assets,us-gaap,Assets,1,2057748000.0,2057.748,USD,10-K,2020,FY,CY2019Q4I,0001690820-21-000069,2021-02-25,2026-08-05T17:15:02+00:00,https://www.sec.gov/Archives/edgar/data/1690820/000169082021000069/,True,"latest valid annual filing by 2026-08-05, then tag priority"
cvna,CVNA,0001690820,inventory_led_ecommerce,2019,,2019-12-31,,total_equity,us-gaap,StockholdersEquityIncludingPortionAttributableToNoncontrollingInterest,2,192000000.0,192.0,USD,10-K,2022,FY,CY2019Q4I,0001690820-23-000052,2023-02-23,2026-08-05T17:15:02+00:00,https://www.sec.gov/Archives/edgar/data/1690820/000169082023000052/,True,"latest valid annual filing by 2026-08-05, then tag priority"
cvna,CVNA,0001690820,inventory_led_ecommerce,2020,2020-01-01,2020-12-31,365.0,net_income,us-gaap,NetIncomeLoss,1,-171000000.0,-171.0,USD,10-K,2022,FY,CY2020,0001690820-23-000052,2023-02-23,2026-08-05T17:15:02+00:00,https://www.sec.gov/Archives/edgar/data/1690820/000169082023000052/,True,"latest valid annual filing by 2026-08-05, then tag priority"
cvna,CVNA,0001690820,inventory_led_ecommerce,2020,2020-01-01,2020-12-31,365.0,revenue,us-gaap,RevenueFromContractWithCustomerExcludingAssessedTax,1,5587000000.0,5587.0,USD,10-K,2022,FY,CY2020,0001690820-23-000052,2023-02-23,2026-08-05T17:15:02+00:00,https://www.sec.gov/Archives/edgar/data/1690820/000169082023000052/,True,"latest valid annual filing by 2026-08-05, then tag priority"
cvna,CVNA,0001690820,inventory_led_ecommerce,2020,,2020-12-31,,total_assets,us-gaap,Assets,1,3035000000.0,3035.0,USD,10-K,2021,FY,CY2020Q4I,0001690820-22-000080,2022-02-24,2026-08-05T17:15:02+00:00,https://www.sec.gov/Archives/edgar/data/1690820/000169082022000080/,True,"latest valid annual filing by 2026-08-05, then tag priority"
cvna,CVNA,0001690820,inventory_led_ecommerce,2020,,2020-12-31,,total_equity,us-gaap,StockholdersEquityIncludingPortionAttributableToNoncontrollingInterest,2,802000000.0,802.0,USD,10-K,2023,FY,CY2020Q4I,0001690820-24-000093,2024-02-22,2026-08-05T17:15:02+00:00,https://www.sec.gov/Archives/edgar/data/1690820/000169082024000093/,True,"latest valid annual filing by 2026-08-05, then tag priority"
cvna,CVNA,0001690820,inventory_led_ecommerce,2021,2021-01-01,2021-12-31,364.0,net_income,us-gaap,NetIncomeLoss,1,-135000000.0,-135.0,USD,10-K,2023,FY,CY2021,0001690820-24-000093,2024-02-22,2026-08-05T17:15:02+00:00,https://www.sec.gov/Archives/edgar/data/1690820/000169082024000093/,True,"latest valid annual filing by 2026-08-05, then tag priority"
cvna,CVNA,0001690820,inventory_led_ecommerce,2021,2021-01-01,2021-12-31,364.0,revenue,us-gaap,RevenueFromContractWithCustomerExcludingAssessedTax,1,12814000000.0,12814.0,USD,10-K,2023,FY,CY2021,0001690820-24-000093,2024-02-22,2026-08-05T17:15:02+00:00,https://www.sec.gov/Archives/edgar/data/1690820/000169082024000093/,True,"latest valid annual filing by 2026-08-05, then tag priority"
cvna,CVNA,0001690820,inventory_led_ecommerce,2021,,2021-12-31,,total_assets,us-gaap,Assets,1,7015000000.0,7015.0,USD,10-K,2022,FY,CY2021Q4I,0001690820-23-000052,2023-02-23,2026-08-05T17:15:02+00:00,https://www.sec.gov/Archives/edgar/data/1690820/000169082023000052/,True,"latest valid annual filing by 2026-08-05, then tag priority"
cvna,CVNA,0001690820,inventory_led_ecommerce,2021,,2021-12-31,,total_equity,us-gaap,StockholdersEquityIncludingPortionAttributableToNoncontrollingInterest,2,525000000.0,525.0,USD,10-K,2024,FY,CY2021Q4I,0001690820-25-000074,2025-02-19,2026-08-05T17:15:02+00:00,https://www.sec.gov/Archives/edgar/data/1690820/000169082025000074/,True,"latest valid annual filing by 2026-08-05, then tag priority"
cvna,CVNA,0001690820,inventory_led_ecommerce,2022,2022-01-01,2022-12-31,364.0,net_income,us-gaap,NetIncomeLoss,1,-1587000000.0,-1587.0,USD,10-K,2024,FY,CY2022,0001690820-25-000074,2025-02-19,2026-08-05T17:15:02+00:00,https://www.sec.gov/Archives/edgar/data/1690820/000169082025000074/,True,"latest valid annual filing by 2026-08-05, then tag priority"
cvna,CVNA,0001690820,inventory_led_ecommerce,2022,2022-01-01,2022-12-31,364.0,revenue,us-gaap,RevenueFromContractWithCustomerExcludingAssessedTax,1,13604000000.0,13604.0,USD,10-K,2024,FY,CY2022,0001690820-25-000074,2025-02-19,2026-08-05T17:15:02+00:00,https://www.sec.gov/Archives/edgar/data/1690820/000169082025000074/,True,"latest valid annual filing by 2026-08-05, then tag priority"
cvna,CVNA,0001690820,inventory_led_ecommerce,2022,,2022-12-31,,total_assets,us-gaap,Assets,1,8698000000.0,8698.0,USD,10-K,2023,FY,CY2022Q4I,0001690820-24-000093,2024-02-22,2026-08-05T17:15:02+00:00,https://www.sec.gov/Archives/edgar/data/1690820/000169082024000093/,True,"latest valid annual filing by 2026-08-05, then tag priority"
cvna,CVNA,0001690820,inventory_led_ecommerce,2022,,2022-12-31,,total_equity,us-gaap,StockholdersEquityIncludingPortionAttributableToNoncontrollingInterest,2,-1053000000.0,-1053.0,USD,10-K,2025,FY,CY2022Q4I,0001690820-26-000009,2026-02-18,2026-08-05T17:15:02+00:00,https://www.sec.gov/Archives/edgar/data/1690820/000169082026000009/,True,"latest valid annual filing by 2026-08-05, then tag priority"
cvna,CVNA,0001690820,inventory_led_ecommerce,2023,2023-01-01,2023-12-31,364.0,net_income,us-gaap,NetIncomeLoss,1,450000000.0,450.0,USD,10-K,2025,FY,CY2023,0001690820-26-000009,2026-02-18,2026-08-05T17:15:02+00:00,https://www.sec.gov/Archives/edgar/data/1690820/000169082026000009/,True,"latest valid annual filing by 2026-08-05, then tag priority"
cvna,CVNA,0001690820,inventory_led_ecommerce,2023,2023-01-01,2023-12-31,364.0,revenue,us-gaap,RevenueFromContractWithCustomerExcludingAssessedTax,1,10771000000.0,10771.0,USD,10-K,2025,FY,CY2023,0001690820-26-000009,2026-02-18,2026-08-05T17:15:02+00:00,https://www.sec.gov/Archives/edgar/data/1690820/000169082026000009/,True,"latest valid annual filing by 2026-08-05, then tag priority"
cvna,CVNA,0001690820,inventory_led_ecommerce,2023,,2023-12-31,,total_assets,us-gaap,Assets,1,7071000000.0,7071.0,USD,10-K,2024,FY,CY2023Q4I,0001690820-25-000074,2025-02-19,2026-08-05T17:15:02+00:00,https://www.sec.gov/Archives/edgar/data/1690820/000169082025000074/,True,"latest valid annual filing by 2026-08-05, then tag priority"
cvna,CVNA,0001690820,inventory_led_ecommerce,2023,,2023-12-31,,total_equity,us-gaap,StockholdersEquityIncludingPortionAttributableToNoncontrollingInterest,2,-384000000.0,-384.0,USD,10-K,2025,FY,CY2023Q4I,0001690820-26-000009,2026-02-18,2026-08-05T17:15:02+00:00,https://www.sec.gov/Archives/edgar/data/1690820/000169082026000009/,True,"latest valid annual filing by 2026-08-05, then tag priority"
cvna,CVNA,0001690820,inventory_led_ecommerce,2024,2024-01-01,2024-12-31,365.0,net_income,us-gaap,NetIncomeLoss,1,210000000.0,210.0,USD,10-K,2025,FY,CY2024,0001690820-26-000009,2026-02-18,2026-08-05T17:15:02+00:00,https://www.sec.gov/Archives/edgar/data/1690820/000169082026000009/,True,"latest valid annual filing by 2026-08-05, then tag priority"
cvna,CVNA,0001690820,inventory_led_ecommerce,2024,2024-01-01,2024-12-31,365.0,revenue,us-gaap,RevenueFromContractWithCustomerExcludingAssessedTax,1,13673000000.0,13673.0,USD,10-K,2025,FY,CY2024,0001690820-26-000009,2026-02-18,2026-08-05T17:15:02+00:00,https://www.sec.gov/Archives/edgar/data/1690820/000169082026000009/,True,"latest valid annual filing by 2026-08-05, then tag priority"
cvna,CVNA,0001690820,inventory_led_ecommerce,2024,,2024-12-31,,total_assets,us-gaap,Assets,1,8484000000.0,8484.0,USD,10-K,2025,FY,CY2024Q4I,0001690820-26-000009,2026-02-18,2026-08-05T17:15:02+00:00,https://www.sec.gov/Archives/edgar/data/1690820/000169082026000009/,True,"latest valid annual filing by 2026-08-05, then tag priority"
cvna,CVNA,0001690820,inventory_led_ecommerce,2024,,2024-12-31,,total_equity,us-gaap,StockholdersEquity,1,1260000000.0,1260.0,USD,10-K,2025,FY,CY2024Q4I,0001690820-26-000009,2026-02-18,2026-08-05T17:15:02+00:00,https://www.sec.gov/Archives/edgar/data/1690820/000169082026000009/,True,"latest valid annual filing by 2026-08-05, then tag priority"
dash,DASH,0001792789,marketplace_platform,2018,2018-01-01,2018-12-31,364.0,net_income,us-gaap,NetIncomeLoss,1,-204000000.0,-204.0,USD,10-K,2020,FY,CY2018,0001628280-21-004032,2021-03-05,2026-08-05T12:11:50+00:00,https://www.sec.gov/Archives/edgar/data/1792789/000162828021004032/,True,"latest valid annual filing by 2026-08-05, then tag priority"
dash,DASH,0001792789,marketplace_platform,2018,2018-01-01,2018-12-31,364.0,revenue,us-gaap,RevenueFromContractWithCustomerExcludingAssessedTax,1,291000000.0,291.0,USD,10-K,2020,FY,CY2018,0001628280-21-004032,2021-03-05,2026-08-05T12:11:50+00:00,https://www.sec.gov/Archives/edgar/data/1792789/000162828021004032/,True,"latest valid annual filing by 2026-08-05, then tag priority"
dash,DASH,0001792789,marketplace_platform,2018,,2018-12-31,,total_equity,us-gaap,StockholdersEquity,1,-436000000.0,-436.0,USD,10-K,2021,FY,CY2018Q4I,0001628280-22-004350,2022-03-01,2026-08-05T12:11:50+00:00,https://www.sec.gov/Archives/edgar/data/1792789/000162828022004350/,True,"latest valid annual filing by 2026-08-05, then tag priority"
dash,DASH,0001792789,marketplace_platform,2019,2019-01-01,2019-12-31,364.0,net_income,us-gaap,NetIncomeLoss,1,-667000000.0,-667.0,USD,10-K,2021,FY,CY2019,0001628280-22-004350,2022-03-01,2026-08-05T12:11:50+00:00,https://www.sec.gov/Archives/edgar/data/1792789/000162828022004350/,True,"latest valid annual filing by 2026-08-05, then tag priority"
dash,DASH,0001792789,marketplace_platform,2019,2019-01-01,2019-12-31,364.0,revenue,us-gaap,RevenueFromContractWithCustomerExcludingAssessedTax,1,885000000.0,885.0,USD,10-K,2021,FY,CY2019,0001628280-22-004350,2022-03-01,2026-08-05T12:11:50+00:00,https://www.sec.gov/Archives/edgar/data/1792789/000162828022004350/,True,"latest valid annual filing by 2026-08-05, then tag priority"
dash,DASH,0001792789,marketplace_platform,2019,,2019-12-31,,total_assets,us-gaap,Assets,1,1732000000.0,1732.0,USD,10-K,2020,FY,CY2019Q4I,0001628280-21-004032,2021-03-05,2026-08-05T12:11:50+00:00,https://www.sec.gov/Archives/edgar/data/1792789/000162828021004032/,True,"latest valid annual filing by 2026-08-05, then tag priority"
dash,DASH,0001792789,marketplace_platform,2019,,2019-12-31,,total_equity,us-gaap,StockholdersEquity,1,-1082000000.0,-1082.0,USD,10-K,2022,FY,CY2019Q4I,0001628280-23-005131,2023-02-27,2026-08-05T12:11:50+00:00,https://www.sec.gov/Archives/edgar/data/1792789/000162828023005131/,True,"latest valid annual filing by 2026-08-05, then tag priority"
dash,DASH,0001792789,marketplace_platform,2020,2020-01-01,2020-12-31,365.0,net_income,us-gaap,NetIncomeLoss,1,-461000000.0,-461.0,USD,10-K,2022,FY,CY2020,0001628280-23-005131,2023-02-27,2026-08-05T12:11:50+00:00,https://www.sec.gov/Archives/edgar/data/1792789/000162828023005131/,True,"latest valid annual filing by 2026-08-05, then tag priority"
dash,DASH,0001792789,marketplace_platform,2020,2020-01-01,2020-12-31,365.0,revenue,us-gaap,RevenueFromContractWithCustomerExcludingAssessedTax,1,2886000000.0,2886.0,USD,10-K,2022,FY,CY2020,0001628280-23-005131,2023-02-27,2026-08-05T12:11:50+00:00,https://www.sec.gov/Archives/edgar/data/1792789/000162828023005131/,True,"latest valid annual filing by 2026-08-05, then tag priority"
dash,DASH,0001792789,marketplace_platform,2020,,2020-12-31,,total_assets,us-gaap,Assets,1,6353000000.0,6353.0,USD,10-K,2021,FY,CY2020Q4I,0001628280-22-004350,2022-03-01,2026-08-05T12:11:50+00:00,https://www.sec.gov/Archives/edgar/data/1792789/000162828022004350/,True,"latest valid annual filing by 2026-08-05, then tag priority"
dash,DASH,0001792789,marketplace_platform,2020,,2020-12-31,,total_equity,us-gaap,StockholdersEquity,1,4700000000.0,4700.0,USD,10-K,2023,FY,CY2020Q4I,0001628280-24-005600,2024-02-20,2026-08-05T12:11:50+00:00,https://www.sec.gov/Archives/edgar/data/1792789/000162828024005600/,True,"latest valid annual filing by 2026-08-05, then tag priority"
dash,DASH,0001792789,marketplace_platform,2021,2021-01-01,2021-12-31,364.0,net_income,us-gaap,NetIncomeLoss,1,-468000000.0,-468.0,USD,10-K,2023,FY,,0001628280-24-005600,2024-02-20,2026-08-05T12:11:50+00:00,https://www.sec.gov/Archives/edgar/data/1792789/000162828024005600/,True,"latest valid annual filing by 2026-08-05, then tag priority"
dash,DASH,0001792789,marketplace_platform,2021,2021-01-01,2021-12-31,364.0,revenue,us-gaap,RevenueFromContractWithCustomerExcludingAssessedTax,1,4888000000.0,4888.0,USD,10-K,2023,FY,CY2021,0001628280-24-005600,2024-02-20,2026-08-05T12:11:50+00:00,https://www.sec.gov/Archives/edgar/data/1792789/000162828024005600/,True,"latest valid annual filing by 2026-08-05, then tag priority"
dash,DASH,0001792789,marketplace_platform,2021,,2021-12-31,,total_assets,us-gaap,Assets,1,6809000000.0,6809.0,USD,10-K,2022,FY,CY2021Q4I,0001628280-23-005131,2023-02-27,2026-08-05T12:11:50+00:00,https://www.sec.gov/Archives/edgar/data/1792789/000162828023005131/,True,"latest valid annual filing by 2026-08-05, then tag priority"
dash,DASH,0001792789,marketplace_platform,2021,,2021-12-31,,total_equity,us-gaap,StockholdersEquity,1,4667000000.0,4667.0,USD,10-K,2024,FY,CY2021Q4I,0001628280-25-005715,2025-02-14,2026-08-05T12:11:50+00:00,https://www.sec.gov/Archives/edgar/data/1792789/000162828025005715/,True,"latest valid annual filing by 2026-08-05, then tag priority"
dash,DASH,0001792789,marketplace_platform,2022,2022-01-01,2022-12-31,364.0,net_income,us-gaap,NetIncomeLoss,1,-1365000000.0,-1365.0,USD,10-K,2024,FY,,0001628280-25-005715,2025-02-14,2026-08-05T12:11:50+00:00,https://www.sec.gov/Archives/edgar/data/1792789/000162828025005715/,True,"latest valid annual filing by 2026-08-05, then tag priority"
dash,DASH,0001792789,marketplace_platform,2022,2022-01-01,2022-12-31,364.0,revenue,us-gaap,RevenueFromContractWithCustomerExcludingAssessedTax,1,6583000000.0,6583.0,USD,10-K,2024,FY,CY2022,0001628280-25-005715,2025-02-14,2026-08-05T12:11:50+00:00,https://www.sec.gov/Archives/edgar/data/1792789/000162828025005715/,True,"latest valid annual filing by 2026-08-05, then tag priority"
dash,DASH,0001792789,marketplace_platform,2022,,2022-12-31,,total_assets,us-gaap,Assets,1,9789000000.0,9789.0,USD,10-K,2023,FY,CY2022Q4I,0001628280-24-005600,2024-02-20,2026-08-05T12:11:50+00:00,https://www.sec.gov/Archives/edgar/data/1792789/000162828024005600/,True,"latest valid annual filing by 2026-08-05, then tag priority"
dash,DASH,0001792789,marketplace_platform,2022,,2022-12-31,,total_equity,us-gaap,StockholdersEquity,1,6754000000.0,6754.0,USD,10-K/A,2025,FY,CY2022Q4I,0001792789-26-000035,2026-05-06,2026-08-05T12:11:50+00:00,https://www.sec.gov/Archives/edgar/data/1792789/000179278926000035/,True,"latest valid annual filing by 2026-08-05, then tag priority"
dash,DASH,0001792789,marketplace_platform,2023,2023-01-01,2023-12-31,364.0,net_income,us-gaap,NetIncomeLoss,1,-558000000.0,-558.0,USD,10-K/A,2025,FY,CY2023,0001792789-26-000035,2026-05-06,2026-08-05T12:11:50+00:00,https://www.sec.gov/Archives/edgar/data/1792789/000179278926000035/,True,"latest valid annual filing by 2026-08-05, then tag priority"
dash,DASH,0001792789,marketplace_platform,2023,2023-01-01,2023-12-31,364.0,revenue,us-gaap,RevenueFromContractWithCustomerExcludingAssessedTax,1,8635000000.0,8635.0,USD,10-K/A,2025,FY,CY2023,0001792789-26-000035,2026-05-06,2026-08-05T12:11:50+00:00,https://www.sec.gov/Archives/edgar/data/1792789/000179278926000035/,True,"latest valid annual filing by 2026-08-05, then tag priority"
dash,DASH,0001792789,marketplace_platform,2023,,2023-12-31,,total_assets,us-gaap,Assets,1,10839000000.0,10839.0,USD,10-K,2024,FY,CY2023Q4I,0001628280-25-005715,2025-02-14,2026-08-05T12:11:50+00:00,https://www.sec.gov/Archives/edgar/data/1792789/000162828025005715/,True,"latest valid annual filing by 2026-08-05, then tag priority"
dash,DASH,0001792789,marketplace_platform,2023,,2023-12-31,,total_equity,us-gaap,StockholdersEquity,1,6806000000.0,6806.0,USD,10-K/A,2025,FY,CY2023Q4I,0001792789-26-000035,2026-05-06,2026-08-05T12:11:50+00:00,https://www.sec.gov/Archives/edgar/data/1792789/000179278926000035/,True,"latest valid annual filing by 2026-08-05, then tag priority"
dash,DASH,0001792789,marketplace_platform,2024,2024-01-01,2024-12-31,365.0,net_income,us-gaap,NetIncomeLoss,1,123000000.0,123.0,USD,10-K/A,2025,FY,CY2024,0001792789-26-000035,2026-05-06,2026-08-05T12:11:50+00:00,https://www.sec.gov/Archives/edgar/data/1792789/000179278926000035/,True,"latest valid annual filing by 2026-08-05, then tag priority"
dash,DASH,0001792789,marketplace_platform,2024,2024-01-01,2024-12-31,365.0,revenue,us-gaap,RevenueFromContractWithCustomerExcludingAssessedTax,1,10722000000.0,10722.0,USD,10-K/A,2025,FY,CY2024,0001792789-26-000035,2026-05-06,2026-08-05T12:11:50+00:00,https://www.sec.gov/Archives/edgar/data/1792789/000179278926000035/,True,"latest valid annual filing by 2026-08-05, then tag priority"
dash,DASH,0001792789,marketplace_platform,2024,,2024-12-31,,total_assets,us-gaap,Assets,1,12845000000.0,12845.0,USD,10-K/A,2025,FY,CY2024Q4I,0001792789-26-000035,2026-05-06,2026-08-05T12:11:50+00:00,https://www.sec.gov/Archives/edgar/data/1792789/000179278926000035/,True,"latest valid annual filing by 2026-08-05, then tag priority"
dash,DASH,0001792789,marketplace_platform,2024,,2024-12-31,,total_equity,us-gaap,StockholdersEquity,1,7803000000.0,7803.0,USD,10-K/A,2025,FY,,0001792789-26-000035,2026-05-06,2026-08-05T12:11:50+00:00,https://www.sec.gov/Archives/edgar/data/1792789/000179278926000035/,True,"latest valid annual filing by 2026-08-05, then tag priority"
ebay,EBAY,0001065088,marketplace_platform,2017,2017-01-01,2017-12-31,364.0,net_income,us-gaap,NetIncomeLoss,1,-1017000000.0,-1017.0,USD,10-K,2019,FY,CY2017,0001065088-20-000006,2020-01-31,2026-08-05T12:11:50+00:00,https://www.sec.gov/Archives/edgar/data/1065088/000106508820000006/,True,"latest valid annual filing by 2026-08-05, then tag priority"
ebay,EBAY,0001065088,marketplace_platform,2017,2017-01-01,2017-12-31,364.0,revenue,us-gaap,RevenueFromContractWithCustomerExcludingAssessedTax,1,9927000000.0,9927.0,USD,10-K,2019,FY,CY2017,0001065088-20-000006,2020-01-31,2026-08-05T12:11:50+00:00,https://www.sec.gov/Archives/edgar/data/1065088/000106508820000006/,True,"latest valid annual filing by 2026-08-05, then tag priority"
ebay,EBAY,0001065088,marketplace_platform,2017,,2017-12-31,,total_assets,us-gaap,Assets,1,25986000000.0,25986.0,USD,10-K,2018,FY,CY2017Q4I,0001065088-19-000006,2019-01-30,2026-08-05T12:11:50+00:00,https://www.sec.gov/Archives/edgar/data/1065088/000106508819000006/,True,"latest valid annual filing by 2026-08-05, then tag priority"
ebay,EBAY,0001065088,marketplace_platform,2017,,2017-12-31,,total_equity,us-gaap,StockholdersEquity,1,8049000000.0,8049.0,USD,10-K,2019,FY,CY2017Q4I,0001065088-20-000006,2020-01-31,2026-08-05T12:11:50+00:00,https://www.sec.gov/Archives/edgar/data/1065088/000106508820000006/,True,"latest valid annual filing by 2026-08-05, then tag priority"
ebay,EBAY,0001065088,marketplace_platform,2018,2018-01-01,2018-12-31,364.0,net_income,us-gaap,NetIncomeLoss,1,2530000000.0,2530.0,USD,10-K,2020,FY,CY2018,0001065088-21-000006,2021-02-04,2026-08-05T12:11:50+00:00,https://www.sec.gov/Archives/edgar/data/1065088/000106508821000006/,True,"latest valid annual filing by 2026-08-05, then tag priority"
ebay,EBAY,0001065088,marketplace_platform,2018,2018-01-01,2018-12-31,364.0,revenue,us-gaap,RevenueFromContractWithCustomerExcludingAssessedTax,1,8650000000.0,8650.0,USD,10-K,2020,FY,CY2018,0001065088-21-000006,2021-02-04,2026-08-05T12:11:50+00:00,https://www.sec.gov/Archives/edgar/data/1065088/000106508821000006/,True,"latest valid annual filing by 2026-08-05, then tag priority"
ebay,EBAY,0001065088,marketplace_platform,2018,,2018-12-31,,total_assets,us-gaap,Assets,1,22819000000.0,22819.0,USD,10-K,2019,FY,CY2018Q4I,0001065088-20-000006,2020-01-31,2026-08-05T12:11:50+00:00,https://www.sec.gov/Archives/edgar/data/1065088/000106508820000006/,True,"latest valid annual filing by 2026-08-05, then tag priority"
ebay,EBAY,0001065088,marketplace_platform,2018,,2018-12-31,,total_equity,us-gaap,StockholdersEquity,1,6281000000.0,6281.0,USD,10-K,2020,FY,CY2018Q4I,0001065088-21-000006,2021-02-04,2026-08-05T12:11:50+00:00,https://www.sec.gov/Archives/edgar/data/1065088/000106508821000006/,True,"latest valid annual filing by 2026-08-05, then tag priority"
ebay,EBAY,0001065088,marketplace_platform,2019,2019-01-01,2019-12-31,364.0,net_income,us-gaap,NetIncomeLoss,1,1786000000.0,1786.0,USD,10-K,2021,FY,CY2019,0001065088-22-000006,2022-02-24,2026-08-05T12:11:50+00:00,https://www.sec.gov/Archives/edgar/data/1065088/000106508822000006/,True,"latest valid annual filing by 2026-08-05, then tag priority"
ebay,EBAY,0001065088,marketplace_platform,2019,2019-01-01,2019-12-31,364.0,revenue,us-gaap,RevenueFromContractWithCustomerExcludingAssessedTax,1,7429000000.0,7429.0,USD,10-K,2021,FY,CY2019,0001065088-22-000006,2022-02-24,2026-08-05T12:11:50+00:00,https://www.sec.gov/Archives/edgar/data/1065088/000106508822000006/,True,"latest valid annual filing by 2026-08-05, then tag priority"
ebay,EBAY,0001065088,marketplace_platform,2019,,2019-12-31,,total_assets,us-gaap,Assets,1,18174000000.0,18174.0,USD,10-K,2020,FY,CY2019Q4I,0001065088-21-000006,2021-02-04,2026-08-05T12:11:50+00:00,https://www.sec.gov/Archives/edgar/data/1065088/000106508821000006/,True,"latest valid annual filing by 2026-08-05, then tag priority"
ebay,EBAY,0001065088,marketplace_platform,2019,,2019-12-31,,total_equity,us-gaap,StockholdersEquity,1,2870000000.0,2870.0,USD,10-K,2021,FY,CY2019Q4I,0001065088-22-000006,2022-02-24,2026-08-05T12:11:50+00:00,https://www.sec.gov/Archives/edgar/data/1065088/000106508822000006/,True,"latest valid annual filing by 2026-08-05, then tag priority"
ebay,EBAY,0001065088,marketplace_platform,2020,2020-01-01,2020-12-31,365.0,net_income,us-gaap,NetIncomeLoss,1,5667000000.0,5667.0,USD,10-K,2022,FY,CY2020,0001065088-23-000006,2023-02-23,2026-08-05T12:11:50+00:00,https://www.sec.gov/Archives/edgar/data/1065088/000106508823000006/,True,"latest valid annual filing by 2026-08-05, then tag priority"
ebay,EBAY,0001065088,marketplace_platform,2020,2020-01-01,2020-12-31,365.0,revenue,us-gaap,RevenueFromContractWithCustomerExcludingAssessedTax,1,8894000000.0,8894.0,USD,10-K,2022,FY,CY2020,0001065088-23-000006,2023-02-23,2026-08-05T12:11:50+00:00,https://www.sec.gov/Archives/edgar/data/1065088/000106508823000006/,True,"latest valid annual filing by 2026-08-05, then tag priority"
ebay,EBAY,0001065088,marketplace_platform,2020,,2020-12-31,,total_assets,us-gaap,Assets,1,19310000000.0,19310.0,USD,10-K,2021,FY,CY2020Q4I,0001065088-22-000006,2022-02-24,2026-08-05T12:11:50+00:00,https://www.sec.gov/Archives/edgar/data/1065088/000106508822000006/,True,"latest valid annual filing by 2026-08-05, then tag priority"
ebay,EBAY,0001065088,marketplace_platform,2020,,2020-12-31,,total_equity,us-gaap,StockholdersEquity,1,3561000000.0,3561.0,USD,10-K,2022,FY,CY2020Q4I,0001065088-23-000006,2023-02-23,2026-08-05T12:11:50+00:00,https://www.sec.gov/Archives/edgar/data/1065088/000106508823000006/,True,"latest valid annual filing by 2026-08-05, then tag priority"
ebay,EBAY,0001065088,marketplace_platform,2021,2021-01-01,2021-12-31,364.0,net_income,us-gaap,NetIncomeLoss,1,13608000000.0,13608.0,USD,10-K,2023,FY,,0001065088-24-000036,2024-02-28,2026-08-05T12:11:50+00:00,https://www.sec.gov/Archives/edgar/data/1065088/000106508824000036/,True,"latest valid annual filing by 2026-08-05, then tag priority"
ebay,EBAY,0001065088,marketplace_platform,2021,2021-01-01,2021-12-31,364.0,revenue,us-gaap,RevenueFromContractWithCustomerExcludingAssessedTax,1,10420000000.0,10420.0,USD,10-K,2023,FY,CY2021,0001065088-24-000036,2024-02-28,2026-08-05T12:11:50+00:00,https://www.sec.gov/Archives/edgar/data/1065088/000106508824000036/,True,"latest valid annual filing by 2026-08-05, then tag priority"
ebay,EBAY,0001065088,marketplace_platform,2021,,2021-12-31,,total_assets,us-gaap,Assets,1,26626000000.0,26626.0,USD,10-K,2022,FY,CY2021Q4I,0001065088-23-000006,2023-02-23,2026-08-05T12:11:50+00:00,https://www.sec.gov/Archives/edgar/data/1065088/000106508823000006/,True,"latest valid annual filing by 2026-08-05, then tag priority"
ebay,EBAY,0001065088,marketplace_platform,2021,,2021-12-31,,total_equity,us-gaap,StockholdersEquity,1,9778000000.0,9778.0,USD,10-K,2023,FY,CY2021Q4I,0001065088-24-000036,2024-02-28,2026-08-05T12:11:50+00:00,https://www.sec.gov/Archives/edgar/data/1065088/000106508824000036/,True,"latest valid annual filing by 2026-08-05, then tag priority"
ebay,EBAY,0001065088,marketplace_platform,2022,2022-01-01,2022-12-31,364.0,net_income,us-gaap,NetIncomeLoss,1,-1269000000.0,-1269.0,USD,10-K,2024,FY,,0001065088-25-000037,2025-02-27,2026-08-05T12:11:50+00:00,https://www.sec.gov/Archives/edgar/data/1065088/000106508825000037/,True,"latest valid annual filing by 2026-08-05, then tag priority"
ebay,EBAY,0001065088,marketplace_platform,2022,2022-01-01,2022-12-31,364.0,revenue,us-gaap,RevenueFromContractWithCustomerExcludingAssessedTax,1,9795000000.0,9795.0,USD,10-K,2024,FY,CY2022,0001065088-25-000037,2025-02-27,2026-08-05T12:11:50+00:00,https://www.sec.gov/Archives/edgar/data/1065088/000106508825000037/,True,"latest valid annual filing by 2026-08-05, then tag priority"
ebay,EBAY,0001065088,marketplace_platform,2022,,2022-12-31,,total_assets,us-gaap,Assets,1,20850000000.0,20850.0,USD,10-K,2023,FY,CY2022Q4I,0001065088-24-000036,2024-02-28,2026-08-05T12:11:50+00:00,https://www.sec.gov/Archives/edgar/data/1065088/000106508824000036/,True,"latest valid annual filing by 2026-08-05, then tag priority"
ebay,EBAY,0001065088,marketplace_platform,2022,,2022-12-31,,total_equity,us-gaap,StockholdersEquity,1,5153000000.0,5153.0,USD,10-K,2024,FY,CY2022Q4I,0001065088-25-000037,2025-02-27,2026-08-05T12:11:50+00:00,https://www.sec.gov/Archives/edgar/data/1065088/000106508825000037/,True,"latest valid annual filing by 2026-08-05, then tag priority"
ebay,EBAY,0001065088,marketplace_platform,2023,2023-01-01,2023-12-31,364.0,net_income,us-gaap,NetIncomeLoss,1,2767000000.0,2767.0,USD,10-K,2025,FY,,0001065088-26-000027,2026-02-19,2026-08-05T12:11:50+00:00,https://www.sec.gov/Archives/edgar/data/1065088/000106508826000027/,True,"latest valid annual filing by 2026-08-05, then tag priority"
ebay,EBAY,0001065088,marketplace_platform,2023,2023-01-01,2023-12-31,364.0,revenue,us-gaap,RevenueFromContractWithCustomerExcludingAssessedTax,1,10112000000.0,10112.0,USD,10-K,2025,FY,CY2023,0001065088-26-000027,2026-02-19,2026-08-05T12:11:50+00:00,https://www.sec.gov/Archives/edgar/data/1065088/000106508826000027/,True,"latest valid annual filing by 2026-08-05, then tag priority"
ebay,EBAY,0001065088,marketplace_platform,2023,,2023-12-31,,total_assets,us-gaap,Assets,1,21620000000.0,21620.0,USD,10-K,2024,FY,CY2023Q4I,0001065088-25-000037,2025-02-27,2026-08-05T12:11:50+00:00,https://www.sec.gov/Archives/edgar/data/1065088/000106508825000037/,True,"latest valid annual filing by 2026-08-05, then tag priority"
ebay,EBAY,0001065088,marketplace_platform,2023,,2023-12-31,,total_equity,us-gaap,StockholdersEquity,1,6396000000.0,6396.0,USD,10-K,2025,FY,CY2023Q4I,0001065088-26-000027,2026-02-19,2026-08-05T12:11:50+00:00,https://www.sec.gov/Archives/edgar/data/1065088/000106508826000027/,True,"latest valid annual filing by 2026-08-05, then tag priority"
ebay,EBAY,0001065088,marketplace_platform,2024,2024-01-01,2024-12-31,365.0,net_income,us-gaap,NetIncomeLoss,1,1975000000.0,1975.0,USD,10-K,2025,FY,,0001065088-26-000027,2026-02-19,2026-08-05T12:11:50+00:00,https://www.sec.gov/Archives/edgar/data/1065088/000106508826000027/,True,"latest valid annual filing by 2026-08-05, then tag priority"
ebay,EBAY,0001065088,marketplace_platform,2024,2024-01-01,2024-12-31,365.0,revenue,us-gaap,RevenueFromContractWithCustomerExcludingAssessedTax,1,10283000000.0,10283.0,USD,10-K,2025,FY,CY2024,0001065088-26-000027,2026-02-19,2026-08-05T12:11:50+00:00,https://www.sec.gov/Archives/edgar/data/1065088/000106508826000027/,True,"latest valid annual filing by 2026-08-05, then tag priority"
ebay,EBAY,0001065088,marketplace_platform,2024,,2024-12-31,,total_assets,us-gaap,Assets,1,19365000000.0,19365.0,USD,10-K,2025,FY,CY2024Q4I,0001065088-26-000027,2026-02-19,2026-08-05T12:11:50+00:00,https://www.sec.gov/Archives/edgar/data/1065088/000106508826000027/,True,"latest valid annual filing by 2026-08-05, then tag priority"
ebay,EBAY,0001065088,marketplace_platform,2024,,2024-12-31,,total_equity,us-gaap,StockholdersEquity,1,5158000000.0,5158.0,USD,10-K,2025,FY,CY2024Q4I,0001065088-26-000027,2026-02-19,2026-08-05T12:11:50+00:00,https://www.sec.gov/Archives/edgar/data/1065088/000106508826000027/,True,"latest valid annual filing by 2026-08-05, then tag priority"
etsy,ETSY,0001370637,marketplace_platform,2017,2017-01-01,2017-12-31,364.0,net_income,us-gaap,NetIncomeLoss,1,81800000.0,81.8,USD,10-K,2019,FY,CY2017,0001370637-20-000046,2020-02-27,2026-08-05T12:11:50+00:00,https://www.sec.gov/Archives/edgar/data/1370637/000137063720000046/,True,"latest valid annual filing by 2026-08-05, then tag priority"
etsy,ETSY,0001370637,marketplace_platform,2017,2017-01-01,2017-12-31,364.0,revenue,us-gaap,RevenueFromContractWithCustomerExcludingAssessedTax,1,441231000.0,441.231,USD,10-K,2019,FY,CY2017,0001370637-20-000046,2020-02-27,2026-08-05T12:11:50+00:00,https://www.sec.gov/Archives/edgar/data/1370637/000137063720000046/,True,"latest valid annual filing by 2026-08-05, then tag priority"
etsy,ETSY,0001370637,marketplace_platform,2017,,2017-12-31,,total_assets,us-gaap,Assets,1,605583000.0,605.583,USD,10-K,2018,FY,CY2017Q4I,0001370637-19-000028,2019-02-28,2026-08-05T12:11:50+00:00,https://www.sec.gov/Archives/edgar/data/1370637/000137063719000028/,True,"latest valid annual filing by 2026-08-05, then tag priority"
etsy,ETSY,0001370637,marketplace_platform,2017,,2017-12-31,,total_equity,us-gaap,StockholdersEquity,1,396894000.0,396.894,USD,10-K,2020,FY,CY2017Q4I,0001370637-21-000012,2021-02-26,2026-08-05T12:11:50+00:00,https://www.sec.gov/Archives/edgar/data/1370637/000137063721000012/,True,"latest valid annual filing by 2026-08-05, then tag priority"
etsy,ETSY,0001370637,marketplace_platform,2018,2018-01-01,2018-12-31,364.0,net_income,us-gaap,NetIncomeLoss,1,77491000.0,77.491,USD,10-K,2020,FY,CY2018,0001370637-21-000012,2021-02-26,2026-08-05T12:11:50+00:00,https://www.sec.gov/Archives/edgar/data/1370637/000137063721000012/,True,"latest valid annual filing by 2026-08-05, then tag priority"
etsy,ETSY,0001370637,marketplace_platform,2018,2018-01-01,2018-12-31,364.0,revenue,us-gaap,RevenueFromContractWithCustomerExcludingAssessedTax,1,603693000.0,603.693,USD,10-K,2020,FY,CY2018,0001370637-21-000012,2021-02-26,2026-08-05T12:11:50+00:00,https://www.sec.gov/Archives/edgar/data/1370637/000137063721000012/,True,"latest valid annual filing by 2026-08-05, then tag priority"
etsy,ETSY,0001370637,marketplace_platform,2018,,2018-12-31,,total_assets,us-gaap,Assets,1,901851000.0,901.851,USD,10-K,2019,FY,CY2018Q4I,0001370637-20-000046,2020-02-27,2026-08-05T12:11:50+00:00,https://www.sec.gov/Archives/edgar/data/1370637/000137063720000046/,True,"latest valid annual filing by 2026-08-05, then tag priority"
etsy,ETSY,0001370637,marketplace_platform,2018,,2018-12-31,,total_equity,us-gaap,StockholdersEquity,1,400898000.0,400.898,USD,10-K,2021,FY,CY2018Q4I,0001370637-22-000024,2022-02-25,2026-08-05T12:11:50+00:00,https://www.sec.gov/Archives/edgar/data/1370637/000137063722000024/,True,"latest valid annual filing by 2026-08-05, then tag priority"
etsy,ETSY,0001370637,marketplace_platform,2019,2019-01-01,2019-12-31,364.0,net_income,us-gaap,NetIncomeLoss,1,95894000.0,95.894,USD,10-K,2021,FY,CY2019,0001370637-22-000024,2022-02-25,2026-08-05T12:11:50+00:00,https://www.sec.gov/Archives/edgar/data/1370637/000137063722000024/,True,"latest valid annual filing by 2026-08-05, then tag priority"
etsy,ETSY,0001370637,marketplace_platform,2019,2019-01-01,2019-12-31,364.0,revenue,us-gaap,RevenueFromContractWithCustomerExcludingAssessedTax,1,818379000.0,818.379,USD,10-K,2021,FY,CY2019,0001370637-22-000024,2022-02-25,2026-08-05T12:11:50+00:00,https://www.sec.gov/Archives/edgar/data/1370637/000137063722000024/,True,"latest valid annual filing by 2026-08-05, then tag priority"
etsy,ETSY,0001370637,marketplace_platform,2019,,2019-12-31,,total_assets,us-gaap,Assets,1,1542352000.0,1542.352,USD,10-K,2020,FY,CY2019Q4I,0001370637-21-000012,2021-02-26,2026-08-05T12:11:50+00:00,https://www.sec.gov/Archives/edgar/data/1370637/000137063721000012/,True,"latest valid annual filing by 2026-08-05, then tag priority"
etsy,ETSY,0001370637,marketplace_platform,2019,,2019-12-31,,total_equity,us-gaap,StockholdersEquity,1,406634000.0,406.634,USD,10-K,2022,FY,CY2019Q4I,0001370637-23-000017,2023-02-23,2026-08-05T12:11:50+00:00,https://www.sec.gov/Archives/edgar/data/1370637/000137063723000017/,True,"latest valid annual filing by 2026-08-05, then tag priority"
etsy,ETSY,0001370637,marketplace_platform,2020,2020-01-01,2020-12-31,365.0,net_income,us-gaap,NetIncomeLoss,1,349246000.0,349.246,USD,10-K,2022,FY,CY2020,0001370637-23-000017,2023-02-23,2026-08-05T12:11:50+00:00,https://www.sec.gov/Archives/edgar/data/1370637/000137063723000017/,True,"latest valid annual filing by 2026-08-05, then tag priority"
etsy,ETSY,0001370637,marketplace_platform,2020,2020-01-01,2020-12-31,365.0,revenue,us-gaap,RevenueFromContractWithCustomerExcludingAssessedTax,1,1725625000.0,1725.625,USD,10-K,2022,FY,CY2020,0001370637-23-000017,2023-02-23,2026-08-05T12:11:50+00:00,https://www.sec.gov/Archives/edgar/data/1370637/000137063723000017/,True,"latest valid annual filing by 2026-08-05, then tag priority"
etsy,ETSY,0001370637,marketplace_platform,2020,,2020-12-31,,total_assets,us-gaap,Assets,1,2404489000.0,2404.489,USD,10-K,2021,FY,CY2020Q4I,0001370637-22-000024,2022-02-25,2026-08-05T12:11:50+00:00,https://www.sec.gov/Archives/edgar/data/1370637/000137063722000024/,True,"latest valid annual filing by 2026-08-05, then tag priority"
etsy,ETSY,0001370637,marketplace_platform,2020,,2020-12-31,,total_equity,us-gaap,StockholdersEquity,1,742424000.0,742.424,USD,10-K,2023,FY,CY2020Q4I,0001370637-24-000013,2024-02-22,2026-08-05T12:11:50+00:00,https://www.sec.gov/Archives/edgar/data/1370637/000137063724000013/,True,"latest valid annual filing by 2026-08-05, then tag priority"
etsy,ETSY,0001370637,marketplace_platform,2021,2021-01-01,2021-12-31,364.0,net_income,us-gaap,NetIncomeLoss,1,493507000.0,493.507,USD,10-K,2023,FY,,0001370637-24-000013,2024-02-22,2026-08-05T12:11:50+00:00,https://www.sec.gov/Archives/edgar/data/1370637/000137063724000013/,True,"latest valid annual filing by 2026-08-05, then tag priority"
etsy,ETSY,0001370637,marketplace_platform,2021,2021-01-01,2021-12-31,364.0,revenue,us-gaap,RevenueFromContractWithCustomerExcludingAssessedTax,1,2329114000.0,2329.114,USD,10-K,2023,FY,CY2021,0001370637-24-000013,2024-02-22,2026-08-05T12:11:50+00:00,https://www.sec.gov/Archives/edgar/data/1370637/000137063724000013/,True,"latest valid annual filing by 2026-08-05, then tag priority"
etsy,ETSY,0001370637,marketplace_platform,2021,,2021-12-31,,total_assets,us-gaap,Assets,1,3831809000.0,3831.809,USD,10-K,2022,FY,CY2021Q4I,0001370637-23-000017,2023-02-23,2026-08-05T12:11:50+00:00,https://www.sec.gov/Archives/edgar/data/1370637/000137063723000017/,True,"latest valid annual filing by 2026-08-05, then tag priority"
etsy,ETSY,0001370637,marketplace_platform,2021,,2021-12-31,,total_equity,us-gaap,StockholdersEquity,1,628619000.0,628.619,USD,10-K,2024,FY,CY2021Q4I,0001370637-25-000017,2025-02-19,2026-08-05T12:11:50+00:00,https://www.sec.gov/Archives/edgar/data/1370637/000137063725000017/,True,"latest valid annual filing by 2026-08-05, then tag priority"
etsy,ETSY,0001370637,marketplace_platform,2022,2022-01-01,2022-12-31,364.0,net_income,us-gaap,NetIncomeLoss,1,-694288000.0,-694.288,USD,10-K,2024,FY,,0001370637-25-000017,2025-02-19,2026-08-05T12:11:50+00:00,https://www.sec.gov/Archives/edgar/data/1370637/000137063725000017/,True,"latest valid annual filing by 2026-08-05, then tag priority"
etsy,ETSY,0001370637,marketplace_platform,2022,2022-01-01,2022-12-31,364.0,revenue,us-gaap,RevenueFromContractWithCustomerExcludingAssessedTax,1,2566111000.0,2566.111,USD,10-K,2024,FY,CY2022,0001370637-25-000017,2025-02-19,2026-08-05T12:11:50+00:00,https://www.sec.gov/Archives/edgar/data/1370637/000137063725000017/,True,"latest valid annual filing by 2026-08-05, then tag priority"
etsy,ETSY,0001370637,marketplace_platform,2022,,2022-12-31,,total_assets,us-gaap,Assets,1,2634961000.0,2634.961,USD,10-K,2023,FY,CY2022Q4I,0001370637-24-000013,2024-02-22,2026-08-05T12:11:50+00:00,https://www.sec.gov/Archives/edgar/data/1370637/000137063724000013/,True,"latest valid annual filing by 2026-08-05, then tag priority"
etsy,ETSY,0001370637,marketplace_platform,2022,,2022-12-31,,total_equity,us-gaap,StockholdersEquity,1,-547274000.0,-547.274,USD,10-K,2025,FY,CY2022Q4I,0001370637-26-000019,2026-02-19,2026-08-05T12:11:50+00:00,https://www.sec.gov/Archives/edgar/data/1370637/000137063726000019/,True,"latest valid annual filing by 2026-08-05, then tag priority"
etsy,ETSY,0001370637,marketplace_platform,2023,2023-01-01,2023-12-31,364.0,net_income,us-gaap,NetIncomeLoss,1,307568000.0,307.568,USD,10-K,2025,FY,,0001370637-26-000019,2026-02-19,2026-08-05T12:11:50+00:00,https://www.sec.gov/Archives/edgar/data/1370637/000137063726000019/,True,"latest valid annual filing by 2026-08-05, then tag priority"
etsy,ETSY,0001370637,marketplace_platform,2023,2023-01-01,2023-12-31,364.0,revenue,us-gaap,RevenueFromContractWithCustomerExcludingAssessedTax,1,2748377000.0,2748.377,USD,10-K,2025,FY,CY2023,0001370637-26-000019,2026-02-19,2026-08-05T12:11:50+00:00,https://www.sec.gov/Archives/edgar/data/1370637/000137063726000019/,True,"latest valid annual filing by 2026-08-05, then tag priority"
etsy,ETSY,0001370637,marketplace_platform,2023,,2023-12-31,,total_assets,us-gaap,Assets,1,2685400000.0,2685.4,USD,10-K,2024,FY,CY2023Q4I,0001370637-25-000017,2025-02-19,2026-08-05T12:11:50+00:00,https://www.sec.gov/Archives/edgar/data/1370637/000137063725000017/,True,"latest valid annual filing by 2026-08-05, then tag priority"
etsy,ETSY,0001370637,marketplace_platform,2023,,2023-12-31,,total_equity,us-gaap,StockholdersEquity,1,-543715000.0,-543.715,USD,10-K,2025,FY,CY2023Q4I,0001370637-26-000019,2026-02-19,2026-08-05T12:11:50+00:00,https://www.sec.gov/Archives/edgar/data/1370637/000137063726000019/,True,"latest valid annual filing by 2026-08-05, then tag priority"
etsy,ETSY,0001370637,marketplace_platform,2024,2024-01-01,2024-12-31,365.0,net_income,us-gaap,NetIncomeLoss,1,303281000.0,303.281,USD,10-K,2025,FY,,0001370637-26-000019,2026-02-19,2026-08-05T12:11:50+00:00,https://www.sec.gov/Archives/edgar/data/1370637/000137063726000019/,True,"latest valid annual filing by 2026-08-05, then tag priority"
etsy,ETSY,0001370637,marketplace_platform,2024,2024-01-01,2024-12-31,365.0,revenue,us-gaap,RevenueFromContractWithCustomerExcludingAssessedTax,1,2808332000.0,2808.332,USD,10-K,2025,FY,CY2024,0001370637-26-000019,2026-02-19,2026-08-05T12:11:50+00:00,https://www.sec.gov/Archives/edgar/data/1370637/000137063726000019/,True,"latest valid annual filing by 2026-08-05, then tag priority"
etsy,ETSY,0001370637,marketplace_platform,2024,,2024-12-31,,total_assets,us-gaap,Assets,1,2417782000.0,2417.782,USD,10-K,2025,FY,CY2024Q4I,0001370637-26-000019,2026-02-19,2026-08-05T12:11:50+00:00,https://www.sec.gov/Archives/edgar/data/1370637/000137063726000019/,True,"latest valid annual filing by 2026-08-05, then tag priority"
etsy,ETSY,0001370637,marketplace_platform,2024,,2024-12-31,,total_equity,us-gaap,StockholdersEquity,1,-758866000.0,-758.866,USD,10-K,2025,FY,,0001370637-26-000019,2026-02-19,2026-08-05T12:11:50+00:00,https://www.sec.gov/Archives/edgar/data/1370637/000137063726000019/,True,"latest valid annual filing by 2026-08-05, then tag priority"
expe,EXPE,0001324424,marketplace_platform,2017,2017-01-01,2017-12-31,364.0,net_income,us-gaap,NetIncomeLoss,1,378000000.0,378.0,USD,10-K,2019,FY,CY2017,0001324424-20-000009,2020-02-14,2026-08-05T17:15:02+00:00,https://www.sec.gov/Archives/edgar/data/1324424/000132442420000009/,True,"latest valid annual filing by 2026-08-05, then tag priority"
expe,EXPE,0001324424,marketplace_platform,2017,2017-01-01,2017-12-31,364.0,revenue,us-gaap,RevenueFromContractWithCustomerExcludingAssessedTax,1,10060000000.0,10060.0,USD,10-K,2019,FY,CY2017,0001324424-20-000009,2020-02-14,2026-08-05T17:15:02+00:00,https://www.sec.gov/Archives/edgar/data/1324424/000132442420000009/,True,"latest valid annual filing by 2026-08-05, then tag priority"
expe,EXPE,0001324424,marketplace_platform,2017,,2017-12-31,,total_assets,us-gaap,Assets,1,18516000000.0,18516.0,USD,10-K,2018,FY,CY2017Q4I,0001324424-19-000006,2019-02-08,2026-08-05T17:15:02+00:00,https://www.sec.gov/Archives/edgar/data/1324424/000132442419000006/,True,"latest valid annual filing by 2026-08-05, then tag priority"
expe,EXPE,0001324424,marketplace_platform,2017,,2017-12-31,,total_equity,us-gaap,StockholdersEquityIncludingPortionAttributableToNoncontrollingInterest,2,6129000000.0,6129.0,USD,10-K,2020,FY,CY2017Q4I,0001324424-21-000015,2021-02-12,2026-08-05T17:15:02+00:00,https://www.sec.gov/Archives/edgar/data/1324424/000132442421000015/,True,"latest valid annual filing by 2026-08-05, then tag priority"
expe,EXPE,0001324424,marketplace_platform,2018,2018-01-01,2018-12-31,364.0,net_income,us-gaap,NetIncomeLoss,1,406000000.0,406.0,USD,10-K,2020,FY,CY2018,0001324424-21-000015,2021-02-12,2026-08-05T17:15:02+00:00,https://www.sec.gov/Archives/edgar/data/1324424/000132442421000015/,True,"latest valid annual filing by 2026-08-05, then tag priority"
expe,EXPE,0001324424,marketplace_platform,2018,2018-01-01,2018-12-31,364.0,revenue,us-gaap,RevenueFromContractWithCustomerExcludingAssessedTax,1,11223000000.0,11223.0,USD,10-K,2020,FY,CY2018,0001324424-21-000015,2021-02-12,2026-08-05T17:15:02+00:00,https://www.sec.gov/Archives/edgar/data/1324424/000132442421000015/,True,"latest valid annual filing by 2026-08-05, then tag priority"
expe,EXPE,0001324424,marketplace_platform,2018,,2018-12-31,,total_assets,us-gaap,Assets,1,18033000000.0,18033.0,USD,10-K,2019,FY,CY2018Q4I,0001324424-20-000009,2020-02-14,2026-08-05T17:15:02+00:00,https://www.sec.gov/Archives/edgar/data/1324424/000132442420000009/,True,"latest valid annual filing by 2026-08-05, then tag priority"
expe,EXPE,0001324424,marketplace_platform,2018,,2018-12-31,,total_equity,us-gaap,StockholdersEquityIncludingPortionAttributableToNoncontrollingInterest,2,5651000000.0,5651.0,USD,10-K,2021,FY,CY2018Q4I,0001324424-22-000009,2022-02-11,2026-08-05T17:15:02+00:00,https://www.sec.gov/Archives/edgar/data/1324424/000132442422000009/,True,"latest valid annual filing by 2026-08-05, then tag priority"
expe,EXPE,0001324424,marketplace_platform,2019,2019-01-01,2019-12-31,364.0,net_income,us-gaap,NetIncomeLoss,1,565000000.0,565.0,USD,10-K,2021,FY,CY2019,0001324424-22-000009,2022-02-11,2026-08-05T17:15:02+00:00,https://www.sec.gov/Archives/edgar/data/1324424/000132442422000009/,True,"latest valid annual filing by 2026-08-05, then tag priority"
expe,EXPE,0001324424,marketplace_platform,2019,2019-01-01,2019-12-31,364.0,revenue,us-gaap,RevenueFromContractWithCustomerExcludingAssessedTax,1,12067000000.0,12067.0,USD,10-K,2021,FY,CY2019,0001324424-22-000009,2022-02-11,2026-08-05T17:15:02+00:00,https://www.sec.gov/Archives/edgar/data/1324424/000132442422000009/,True,"latest valid annual filing by 2026-08-05, then tag priority"
expe,EXPE,0001324424,marketplace_platform,2019,,2019-12-31,,total_assets,us-gaap,Assets,1,21416000000.0,21416.0,USD,10-K,2020,FY,CY2019Q4I,0001324424-21-000015,2021-02-12,2026-08-05T17:15:02+00:00,https://www.sec.gov/Archives/edgar/data/1324424/000132442421000015/,True,"latest valid annual filing by 2026-08-05, then tag priority"
expe,EXPE,0001324424,marketplace_platform,2019,,2019-12-31,,total_equity,us-gaap,StockholdersEquityIncludingPortionAttributableToNoncontrollingInterest,2,5536000000.0,5536.0,USD,10-K,2022,FY,CY2019Q4I,0001324424-23-000007,2023-02-10,2026-08-05T17:15:02+00:00,https://www.sec.gov/Archives/edgar/data/1324424/000132442423000007/,True,"latest valid annual filing by 2026-08-05, then tag priority"
expe,EXPE,0001324424,marketplace_platform,2020,2020-01-01,2020-12-31,365.0,net_income,us-gaap,NetIncomeLoss,1,-2612000000.0,-2612.0,USD,10-K,2022,FY,CY2020,0001324424-23-000007,2023-02-10,2026-08-05T17:15:02+00:00,https://www.sec.gov/Archives/edgar/data/1324424/000132442423000007/,True,"latest valid annual filing by 2026-08-05, then tag priority"
expe,EXPE,0001324424,marketplace_platform,2020,2020-01-01,2020-12-31,365.0,revenue,us-gaap,RevenueFromContractWithCustomerExcludingAssessedTax,1,5199000000.0,5199.0,USD,10-K,2022,FY,CY2020,0001324424-23-000007,2023-02-10,2026-08-05T17:15:02+00:00,https://www.sec.gov/Archives/edgar/data/1324424/000132442423000007/,True,"latest valid annual filing by 2026-08-05, then tag priority"
expe,EXPE,0001324424,marketplace_platform,2020,,2020-12-31,,total_assets,us-gaap,Assets,1,18690000000.0,18690.0,USD,10-K,2021,FY,CY2020Q4I,0001324424-22-000009,2022-02-11,2026-08-05T17:15:02+00:00,https://www.sec.gov/Archives/edgar/data/1324424/000132442422000009/,True,"latest valid annual filing by 2026-08-05, then tag priority"
expe,EXPE,0001324424,marketplace_platform,2020,,2020-12-31,,total_equity,us-gaap,StockholdersEquityIncludingPortionAttributableToNoncontrollingInterest,2,3004000000.0,3004.0,USD,10-K,2023,FY,CY2020Q4I,0001324424-24-000007,2024-02-09,2026-08-05T17:15:02+00:00,https://www.sec.gov/Archives/edgar/data/1324424/000132442424000007/,True,"latest valid annual filing by 2026-08-05, then tag priority"
expe,EXPE,0001324424,marketplace_platform,2021,2021-01-01,2021-12-31,364.0,net_income,us-gaap,NetIncomeLoss,1,12000000.0,12.0,USD,10-K,2023,FY,,0001324424-24-000007,2024-02-09,2026-08-05T17:15:02+00:00,https://www.sec.gov/Archives/edgar/data/1324424/000132442424000007/,True,"latest valid annual filing by 2026-08-05, then tag priority"
expe,EXPE,0001324424,marketplace_platform,2021,2021-01-01,2021-12-31,364.0,revenue,us-gaap,RevenueFromContractWithCustomerExcludingAssessedTax,1,8598000000.0,8598.0,USD,10-K,2023,FY,CY2021,0001324424-24-000007,2024-02-09,2026-08-05T17:15:02+00:00,https://www.sec.gov/Archives/edgar/data/1324424/000132442424000007/,True,"latest valid annual filing by 2026-08-05, then tag priority"
expe,EXPE,0001324424,marketplace_platform,2021,,2021-12-31,,total_assets,us-gaap,Assets,1,21548000000.0,21548.0,USD,10-K,2022,FY,CY2021Q4I,0001324424-23-000007,2023-02-10,2026-08-05T17:15:02+00:00,https://www.sec.gov/Archives/edgar/data/1324424/000132442423000007/,True,"latest valid annual filing by 2026-08-05, then tag priority"
expe,EXPE,0001324424,marketplace_platform,2021,,2021-12-31,,total_equity,us-gaap,StockholdersEquityIncludingPortionAttributableToNoncontrollingInterest,2,3552000000.0,3552.0,USD,10-K,2024,FY,CY2021Q4I,0001324424-25-000008,2025-02-07,2026-08-05T17:15:02+00:00,https://www.sec.gov/Archives/edgar/data/1324424/000132442425000008/,True,"latest valid annual filing by 2026-08-05, then tag priority"
expe,EXPE,0001324424,marketplace_platform,2022,2022-01-01,2022-12-31,364.0,net_income,us-gaap,NetIncomeLoss,1,352000000.0,352.0,USD,10-K,2024,FY,,0001324424-25-000008,2025-02-07,2026-08-05T17:15:02+00:00,https://www.sec.gov/Archives/edgar/data/1324424/000132442425000008/,True,"latest valid annual filing by 2026-08-05, then tag priority"
expe,EXPE,0001324424,marketplace_platform,2022,2022-01-01,2022-12-31,364.0,revenue,us-gaap,RevenueFromContractWithCustomerExcludingAssessedTax,1,11667000000.0,11667.0,USD,10-K,2024,FY,CY2022,0001324424-25-000008,2025-02-07,2026-08-05T17:15:02+00:00,https://www.sec.gov/Archives/edgar/data/1324424/000132442425000008/,True,"latest valid annual filing by 2026-08-05, then tag priority"
expe,EXPE,0001324424,marketplace_platform,2022,,2022-12-31,,total_assets,us-gaap,Assets,1,21561000000.0,21561.0,USD,10-K,2023,FY,CY2022Q4I,0001324424-24-000007,2024-02-09,2026-08-05T17:15:02+00:00,https://www.sec.gov/Archives/edgar/data/1324424/000132442424000007/,True,"latest valid annual filing by 2026-08-05, then tag priority"
expe,EXPE,0001324424,marketplace_platform,2022,,2022-12-31,,total_equity,us-gaap,StockholdersEquityIncludingPortionAttributableToNoncontrollingInterest,2,3728000000.0,3728.0,USD,10-K,2025,FY,CY2022Q4I,0001324424-26-000008,2026-02-13,2026-08-05T17:15:02+00:00,https://www.sec.gov/Archives/edgar/data/1324424/000132442426000008/,True,"latest valid annual filing by 2026-08-05, then tag priority"
expe,EXPE,0001324424,marketplace_platform,2023,2023-01-01,2023-12-31,364.0,net_income,us-gaap,NetIncomeLoss,1,797000000.0,797.0,USD,10-K,2025,FY,,0001324424-26-000008,2026-02-13,2026-08-05T17:15:02+00:00,https://www.sec.gov/Archives/edgar/data/1324424/000132442426000008/,True,"latest valid annual filing by 2026-08-05, then tag priority"
expe,EXPE,0001324424,marketplace_platform,2023,2023-01-01,2023-12-31,364.0,revenue,us-gaap,RevenueFromContractWithCustomerExcludingAssessedTax,1,12839000000.0,12839.0,USD,10-K,2025,FY,CY2023,0001324424-26-000008,2026-02-13,2026-08-05T17:15:02+00:00,https://www.sec.gov/Archives/edgar/data/1324424/000132442426000008/,True,"latest valid annual filing by 2026-08-05, then tag priority"
expe,EXPE,0001324424,marketplace_platform,2023,,2023-12-31,,total_assets,us-gaap,Assets,1,21642000000.0,21642.0,USD,10-K,2024,FY,CY2023Q4I,0001324424-25-000008,2025-02-07,2026-08-05T17:15:02+00:00,https://www.sec.gov/Archives/edgar/data/1324424/000132442425000008/,True,"latest valid annual filing by 2026-08-05, then tag priority"
expe,EXPE,0001324424,marketplace_platform,2023,,2023-12-31,,total_equity,us-gaap,StockholdersEquityIncludingPortionAttributableToNoncontrollingInterest,2,2786000000.0,2786.0,USD,10-K,2025,FY,CY2023Q4I,0001324424-26-000008,2026-02-13,2026-08-05T17:15:02+00:00,https://www.sec.gov/Archives/edgar/data/1324424/000132442426000008/,True,"latest valid annual filing by 2026-08-05, then tag priority"
expe,EXPE,0001324424,marketplace_platform,2024,2024-01-01,2024-12-31,365.0,net_income,us-gaap,NetIncomeLoss,1,1234000000.0,1234.0,USD,10-K,2025,FY,,0001324424-26-000008,2026-02-13,2026-08-05T17:15:02+00:00,https://www.sec.gov/Archives/edgar/data/1324424/000132442426000008/,True,"latest valid annual filing by 2026-08-05, then tag priority"
expe,EXPE,0001324424,marketplace_platform,2024,2024-01-01,2024-12-31,365.0,revenue,us-gaap,RevenueFromContractWithCustomerExcludingAssessedTax,1,13691000000.0,13691.0,USD,10-K,2025,FY,CY2024,0001324424-26-000008,2026-02-13,2026-08-05T17:15:02+00:00,https://www.sec.gov/Archives/edgar/data/1324424/000132442426000008/,True,"latest valid annual filing by 2026-08-05, then tag priority"
expe,EXPE,0001324424,marketplace_platform,2024,,2024-12-31,,total_assets,us-gaap,Assets,1,22388000000.0,22388.0,USD,10-K,2025,FY,CY2024Q4I,0001324424-26-000008,2026-02-13,2026-08-05T17:15:02+00:00,https://www.sec.gov/Archives/edgar/data/1324424/000132442426000008/,True,"latest valid annual filing by 2026-08-05, then tag priority"
expe,EXPE,0001324424,marketplace_platform,2024,,2024-12-31,,total_equity,us-gaap,StockholdersEquity,1,1557000000.0,1557.0,USD,10-K,2025,FY,CY2024Q4I,0001324424-26-000008,2026-02-13,2026-08-05T17:15:02+00:00,https://www.sec.gov/Archives/edgar/data/1324424/000132442426000008/,True,"latest valid annual filing by 2026-08-05, then tag priority"
figs,FIGS,0001846576,dtc_brand,2019,2019-01-01,2019-12-31,364.0,net_income,us-gaap,NetIncomeLoss,1,112000.0,0.112,USD,10-K,2021,FY,CY2019,0000950170-22-003380,2022-03-10,2026-08-05T17:15:02+00:00,https://www.sec.gov/Archives/edgar/data/1846576/000095017022003380/,True,"latest valid annual filing by 2026-08-05, then tag priority"
figs,FIGS,0001846576,dtc_brand,2019,2019-01-01,2019-12-31,364.0,revenue,us-gaap,RevenueFromContractWithCustomerExcludingAssessedTax,1,110494000.0,110.494,USD,10-K,2021,FY,CY2019,0000950170-22-003380,2022-03-10,2026-08-05T17:15:02+00:00,https://www.sec.gov/Archives/edgar/data/1846576/000095017022003380/,True,"latest valid annual filing by 2026-08-05, then tag priority"
figs,FIGS,0001846576,dtc_brand,2019,,2019-12-31,,total_equity,us-gaap,StockholdersEquity,1,38814000.0,38.814,USD,10-K,2022,FY,CY2019Q4I,0001628280-23-005575,2023-02-28,2026-08-05T17:15:02+00:00,https://www.sec.gov/Archives/edgar/data/1846576/000162828023005575/,True,"latest valid annual filing by 2026-08-05, then tag priority"
figs,FIGS,0001846576,dtc_brand,2020,2020-01-01,2020-12-31,365.0,net_income,us-gaap,NetIncomeLoss,1,49758000.0,49.758,USD,10-K,2022,FY,CY2020,0001628280-23-005575,2023-02-28,2026-08-05T17:15:02+00:00,https://www.sec.gov/Archives/edgar/data/1846576/000162828023005575/,True,"latest valid annual filing by 2026-08-05, then tag priority"
figs,FIGS,0001846576,dtc_brand,2020,2020-01-01,2020-12-31,365.0,revenue,us-gaap,RevenueFromContractWithCustomerExcludingAssessedTax,1,263112000.0,263.112,USD,10-K,2022,FY,CY2020,0001628280-23-005575,2023-02-28,2026-08-05T17:15:02+00:00,https://www.sec.gov/Archives/edgar/data/1846576/000162828023005575/,True,"latest valid annual filing by 2026-08-05, then tag priority"
figs,FIGS,0001846576,dtc_brand,2020,,2020-12-31,,total_assets,us-gaap,Assets,1,133855000.0,133.855,USD,10-K,2021,FY,CY2020Q4I,0000950170-22-003380,2022-03-10,2026-08-05T17:15:02+00:00,https://www.sec.gov/Archives/edgar/data/1846576/000095017022003380/,True,"latest valid annual filing by 2026-08-05, then tag priority"
figs,FIGS,0001846576,dtc_brand,2020,,2020-12-31,,total_equity,us-gaap,StockholdersEquity,1,97677000.0,97.677,USD,10-K,2023,FY,CY2020Q4I,0001628280-24-007659,2024-02-28,2026-08-05T17:15:02+00:00,https://www.sec.gov/Archives/edgar/data/1846576/000162828024007659/,True,"latest valid annual filing by 2026-08-05, then tag priority"
figs,FIGS,0001846576,dtc_brand,2021,2021-01-01,2021-12-31,364.0,net_income,us-gaap,NetIncomeLoss,1,-9556000.0,-9.556,USD,10-K,2023,FY,,0001628280-24-007659,2024-02-28,2026-08-05T17:15:02+00:00,https://www.sec.gov/Archives/edgar/data/1846576/000162828024007659/,True,"latest valid annual filing by 2026-08-05, then tag priority"
figs,FIGS,0001846576,dtc_brand,2021,2021-01-01,2021-12-31,364.0,revenue,us-gaap,RevenueFromContractWithCustomerExcludingAssessedTax,1,419591000.0,419.591,USD,10-K,2023,FY,CY2021,0001628280-24-007659,2024-02-28,2026-08-05T17:15:02+00:00,https://www.sec.gov/Archives/edgar/data/1846576/000162828024007659/,True,"latest valid annual filing by 2026-08-05, then tag priority"
figs,FIGS,0001846576,dtc_brand,2021,,2021-12-31,,total_assets,us-gaap,Assets,1,311751000.0,311.751,USD,10-K,2022,FY,CY2021Q4I,0001628280-23-005575,2023-02-28,2026-08-05T17:15:02+00:00,https://www.sec.gov/Archives/edgar/data/1846576/000162828023005575/,True,"latest valid annual filing by 2026-08-05, then tag priority"
figs,FIGS,0001846576,dtc_brand,2021,,2021-12-31,,total_equity,us-gaap,StockholdersEquity,1,245573000.0,245.573,USD,10-K,2024,FY,CY2021Q4I,0001628280-25-008688,2025-02-27,2026-08-05T17:15:02+00:00,https://www.sec.gov/Archives/edgar/data/1846576/000162828025008688/,True,"latest valid annual filing by 2026-08-05, then tag priority"
figs,FIGS,0001846576,dtc_brand,2022,2022-01-01,2022-12-31,364.0,net_income,us-gaap,NetIncomeLoss,1,21186000.0,21.186,USD,10-K,2024,FY,,0001628280-25-008688,2025-02-27,2026-08-05T17:15:02+00:00,https://www.sec.gov/Archives/edgar/data/1846576/000162828025008688/,True,"latest valid annual filing by 2026-08-05, then tag priority"
figs,FIGS,0001846576,dtc_brand,2022,2022-01-01,2022-12-31,364.0,revenue,us-gaap,RevenueFromContractWithCustomerExcludingAssessedTax,1,505835000.0,505.835,USD,10-K,2024,FY,CY2022,0001628280-25-008688,2025-02-27,2026-08-05T17:15:02+00:00,https://www.sec.gov/Archives/edgar/data/1846576/000162828025008688/,True,"latest valid annual filing by 2026-08-05, then tag priority"
figs,FIGS,0001846576,dtc_brand,2022,,2022-12-31,,total_assets,us-gaap,Assets,1,395064000.0,395.064,USD,10-K,2023,FY,CY2022Q4I,0001628280-24-007659,2024-02-28,2026-08-05T17:15:02+00:00,https://www.sec.gov/Archives/edgar/data/1846576/000162828024007659/,True,"latest valid annual filing by 2026-08-05, then tag priority"
figs,FIGS,0001846576,dtc_brand,2022,,2022-12-31,,total_equity,us-gaap,StockholdersEquity,1,307739000.0,307.739,USD,10-K,2025,FY,CY2022Q4I,0001628280-26-012333,2026-02-26,2026-08-05T17:15:02+00:00,https://www.sec.gov/Archives/edgar/data/1846576/000162828026012333/,True,"latest valid annual filing by 2026-08-05, then tag priority"
figs,FIGS,0001846576,dtc_brand,2023,2023-01-01,2023-12-31,364.0,net_income,us-gaap,NetIncomeLoss,1,22637000.0,22.637,USD,10-K,2025,FY,,0001628280-26-012333,2026-02-26,2026-08-05T17:15:02+00:00,https://www.sec.gov/Archives/edgar/data/1846576/000162828026012333/,True,"latest valid annual filing by 2026-08-05, then tag priority"
figs,FIGS,0001846576,dtc_brand,2023,2023-01-01,2023-12-31,364.0,revenue,us-gaap,RevenueFromContractWithCustomerExcludingAssessedTax,1,545646000.0,545.646,USD,10-K,2025,FY,CY2023,0001628280-26-012333,2026-02-26,2026-08-05T17:15:02+00:00,https://www.sec.gov/Archives/edgar/data/1846576/000162828026012333/,True,"latest valid annual filing by 2026-08-05, then tag priority"
figs,FIGS,0001846576,dtc_brand,2023,,2023-12-31,,total_assets,us-gaap,Assets,1,473209000.0,473.209,USD,10-K,2024,FY,CY2023Q4I,0001628280-25-008688,2025-02-27,2026-08-05T17:15:02+00:00,https://www.sec.gov/Archives/edgar/data/1846576/000162828025008688/,True,"latest valid annual filing by 2026-08-05, then tag priority"
figs,FIGS,0001846576,dtc_brand,2023,,2023-12-31,,total_equity,us-gaap,StockholdersEquity,1,376850000.0,376.85,USD,10-K,2025,FY,CY2023Q4I,0001628280-26-012333,2026-02-26,2026-08-05T17:15:02+00:00,https://www.sec.gov/Archives/edgar/data/1846576/000162828026012333/,True,"latest valid annual filing by 2026-08-05, then tag priority"
figs,FIGS,0001846576,dtc_brand,2024,2024-01-01,2024-12-31,365.0,net_income,us-gaap,NetIncomeLoss,1,2720000.0,2.72,USD,10-K,2025,FY,,0001628280-26-012333,2026-02-26,2026-08-05T17:15:02+00:00,https://www.sec.gov/Archives/edgar/data/1846576/000162828026012333/,True,"latest valid annual filing by 2026-08-05, then tag priority"
figs,FIGS,0001846576,dtc_brand,2024,2024-01-01,2024-12-31,365.0,revenue,us-gaap,RevenueFromContractWithCustomerExcludingAssessedTax,1,555558000.0,555.558,USD,10-K,2025,FY,CY2024,0001628280-26-012333,2026-02-26,2026-08-05T17:15:02+00:00,https://www.sec.gov/Archives/edgar/data/1846576/000162828026012333/,True,"latest valid annual filing by 2026-08-05, then tag priority"
figs,FIGS,0001846576,dtc_brand,2024,,2024-12-31,,total_assets,us-gaap,Assets,1,509787000.0,509.787,USD,10-K,2025,FY,CY2024Q4I,0001628280-26-012333,2026-02-26,2026-08-05T17:15:02+00:00,https://www.sec.gov/Archives/edgar/data/1846576/000162828026012333/,True,"latest valid annual filing by 2026-08-05, then tag priority"
figs,FIGS,0001846576,dtc_brand,2024,,2024-12-31,,total_equity,us-gaap,StockholdersEquity,1,377132000.0,377.132,USD,10-K,2025,FY,,0001628280-26-012333,2026-02-26,2026-08-05T17:15:02+00:00,https://www.sec.gov/Archives/edgar/data/1846576/000162828026012333/,True,"latest valid annual filing by 2026-08-05, then tag priority"
grov,GROV,0001841761,hybrid,2020,2020-01-01,2020-12-31,365.0,net_income,us-gaap,NetIncomeLoss,1,-72260000.0,-72.26,USD,10-K,2022,FY,CY2020,0001841761-23-000012,2023-03-16,2026-08-05T17:15:02+00:00,https://www.sec.gov/Archives/edgar/data/1841761/000184176123000012/,True,"latest valid annual filing by 2026-08-05, then tag priority"
grov,GROV,0001841761,hybrid,2020,2020-01-01,2020-12-31,365.0,revenue,us-gaap,RevenueFromContractWithCustomerExcludingAssessedTax,1,364271000.0,364.271,USD,10-K,2022,FY,CY2020,0001841761-23-000012,2023-03-16,2026-08-05T17:15:02+00:00,https://www.sec.gov/Archives/edgar/data/1841761/000184176123000012/,True,"latest valid annual filing by 2026-08-05, then tag priority"
grov,GROV,0001841761,hybrid,2020,,2020-12-31,,total_equity,us-gaap,StockholdersEquity,1,-339641000.0,-339.641,USD,10-K,2023,FY,CY2020Q4I,0001628280-24-012257,2024-03-20,2026-08-05T17:15:02+00:00,https://www.sec.gov/Archives/edgar/data/1841761/000162828024012257/,True,"latest valid annual filing by 2026-08-05, then tag priority"
grov,GROV,0001841761,hybrid,2021,2021-01-01,2021-12-31,364.0,net_income,us-gaap,NetIncomeLoss,1,-135896000.0,-135.896,USD,10-K,2023,FY,CY2021,0001628280-24-012257,2024-03-20,2026-08-05T17:15:02+00:00,https://www.sec.gov/Archives/edgar/data/1841761/000162828024012257/,True,"latest valid annual filing by 2026-08-05, then tag priority"
grov,GROV,0001841761,hybrid,2021,2021-01-01,2021-12-31,364.0,revenue,us-gaap,RevenueFromContractWithCustomerExcludingAssessedTax,1,383685000.0,383.685,USD,10-K,2023,FY,CY2021,0001628280-24-012257,2024-03-20,2026-08-05T17:15:02+00:00,https://www.sec.gov/Archives/edgar/data/1841761/000162828024012257/,True,"latest valid annual filing by 2026-08-05, then tag priority"
grov,GROV,0001841761,hybrid,2021,,2021-12-31,,total_assets,us-gaap,Assets,1,182473000.0,182.473,USD,10-K,2022,FY,CY2021Q4I,0001841761-23-000012,2023-03-16,2026-08-05T17:15:02+00:00,https://www.sec.gov/Archives/edgar/data/1841761/000184176123000012/,True,"latest valid annual filing by 2026-08-05, then tag priority"
grov,GROV,0001841761,hybrid,2021,,2021-12-31,,total_equity,us-gaap,StockholdersEquity,1,-456279000.0,-456.279,USD,10-K,2023,FY,CY2021Q4I,0001628280-24-012257,2024-03-20,2026-08-05T17:15:02+00:00,https://www.sec.gov/Archives/edgar/data/1841761/000162828024012257/,True,"latest valid annual filing by 2026-08-05, then tag priority"
grov,GROV,0001841761,hybrid,2022,2022-01-01,2022-12-31,364.0,net_income,us-gaap,NetIncomeLoss,1,-87715000.0,-87.715,USD,10-K,2023,FY,CY2022,0001628280-24-012257,2024-03-20,2026-08-05T17:15:02+00:00,https://www.sec.gov/Archives/edgar/data/1841761/000162828024012257/,True,"latest valid annual filing by 2026-08-05, then tag priority"
grov,GROV,0001841761,hybrid,2022,2022-01-01,2022-12-31,364.0,revenue,us-gaap,RevenueFromContractWithCustomerExcludingAssessedTax,1,321527000.0,321.527,USD,10-K,2023,FY,CY2022,0001628280-24-012257,2024-03-20,2026-08-05T17:15:02+00:00,https://www.sec.gov/Archives/edgar/data/1841761/000162828024012257/,True,"latest valid annual filing by 2026-08-05, then tag priority"
grov,GROV,0001841761,hybrid,2022,,2022-12-31,,total_assets,us-gaap,Assets,1,174045000.0,174.045,USD,10-K,2023,FY,CY2022Q4I,0001628280-24-012257,2024-03-20,2026-08-05T17:15:02+00:00,https://www.sec.gov/Archives/edgar/data/1841761/000162828024012257/,True,"latest valid annual filing by 2026-08-05, then tag priority"
grov,GROV,0001841761,hybrid,2022,,2022-12-31,,total_equity,us-gaap,StockholdersEquity,1,26533000.0,26.533,USD,10-K,2024,FY,CY2022Q4I,0001628280-25-013839,2025-03-19,2026-08-05T17:15:02+00:00,https://www.sec.gov/Archives/edgar/data/1841761/000162828025013839/,True,"latest valid annual filing by 2026-08-05, then tag priority"
grov,GROV,0001841761,hybrid,2023,2023-01-01,2023-12-31,364.0,net_income,us-gaap,NetIncomeLoss,1,-43232000.0,-43.232,USD,10-K,2024,FY,CY2023,0001628280-25-013839,2025-03-19,2026-08-05T17:15:02+00:00,https://www.sec.gov/Archives/edgar/data/1841761/000162828025013839/,True,"latest valid annual filing by 2026-08-05, then tag priority"
grov,GROV,0001841761,hybrid,2023,2023-01-01,2023-12-31,364.0,revenue,us-gaap,RevenueFromContractWithCustomerExcludingAssessedTax,1,259278000.0,259.278,USD,10-K,2024,FY,CY2023,0001628280-25-013839,2025-03-19,2026-08-05T17:15:02+00:00,https://www.sec.gov/Archives/edgar/data/1841761/000162828025013839/,True,"latest valid annual filing by 2026-08-05, then tag priority"
grov,GROV,0001841761,hybrid,2023,,2023-12-31,,total_assets,us-gaap,Assets,1,150742000.0,150.742,USD,10-K,2024,FY,CY2023Q4I,0001628280-25-013839,2025-03-19,2026-08-05T17:15:02+00:00,https://www.sec.gov/Archives/edgar/data/1841761/000162828025013839/,True,"latest valid annual filing by 2026-08-05, then tag priority"
grov,GROV,0001841761,hybrid,2023,,2023-12-31,,total_equity,us-gaap,StockholdersEquity,1,8122000.0,8.122,USD,10-K,2025,FY,CY2023Q4I,0001841761-26-000010,2026-03-05,2026-08-05T17:15:02+00:00,https://www.sec.gov/Archives/edgar/data/1841761/000184176126000010/,True,"latest valid annual filing by 2026-08-05, then tag priority"
grov,GROV,0001841761,hybrid,2024,2024-01-01,2024-12-31,365.0,net_income,us-gaap,NetIncomeLoss,1,-27423000.0,-27.423,USD,10-K,2025,FY,CY2024,0001841761-26-000010,2026-03-05,2026-08-05T17:15:02+00:00,https://www.sec.gov/Archives/edgar/data/1841761/000184176126000010/,True,"latest valid annual filing by 2026-08-05, then tag priority"
grov,GROV,0001841761,hybrid,2024,2024-01-01,2024-12-31,365.0,revenue,us-gaap,RevenueFromContractWithCustomerExcludingAssessedTax,1,203425000.0,203.425,USD,10-K,2025,FY,CY2024,0001841761-26-000010,2026-03-05,2026-08-05T17:15:02+00:00,https://www.sec.gov/Archives/edgar/data/1841761/000184176126000010/,True,"latest valid annual filing by 2026-08-05, then tag priority"
grov,GROV,0001841761,hybrid,2024,,2024-12-31,,total_assets,us-gaap,Assets,1,65010000.0,65.01,USD,10-K,2025,FY,CY2024Q4I,0001841761-26-000010,2026-03-05,2026-08-05T17:15:02+00:00,https://www.sec.gov/Archives/edgar/data/1841761/000184176126000010/,True,"latest valid annual filing by 2026-08-05, then tag priority"
grov,GROV,0001841761,hybrid,2024,,2024-12-31,,total_equity,us-gaap,StockholdersEquity,1,-8549000.0,-8.549,USD,10-K,2025,FY,,0001841761-26-000010,2026-03-05,2026-08-05T17:15:02+00:00,https://www.sec.gov/Archives/edgar/data/1841761/000184176126000010/,True,"latest valid annual filing by 2026-08-05, then tag priority"
grpn,GRPN,0001490281,marketplace_platform,2017,2017-01-01,2017-12-31,364.0,net_income,us-gaap,NetIncomeLoss,1,14040000.0,14.04,USD,10-K,2019,FY,CY2017,0001490281-20-000021,2020-02-18,2026-08-05T17:15:02+00:00,https://www.sec.gov/Archives/edgar/data/1490281/000149028120000021/,True,"latest valid annual filing by 2026-08-05, then tag priority"
grpn,GRPN,0001490281,marketplace_platform,2017,2017-01-01,2017-12-31,364.0,revenue,us-gaap,RevenueFromContractWithCustomerExcludingAssessedTax,1,2843877000.0,2843.877,USD,10-K,2019,FY,CY2017,0001490281-20-000021,2020-02-18,2026-08-05T17:15:02+00:00,https://www.sec.gov/Archives/edgar/data/1490281/000149028120000021/,True,"latest valid annual filing by 2026-08-05, then tag priority"
grpn,GRPN,0001490281,marketplace_platform,2017,,2017-12-31,,total_assets,us-gaap,Assets,1,1677505000.0,1677.505,USD,10-K,2018,FY,CY2017Q4I,0001490281-19-000014,2019-02-12,2026-08-05T17:15:02+00:00,https://www.sec.gov/Archives/edgar/data/1490281/000149028119000014/,True,"latest valid annual filing by 2026-08-05, then tag priority"
grpn,GRPN,0001490281,marketplace_platform,2017,,2017-12-31,,total_equity,us-gaap,StockholdersEquityIncludingPortionAttributableToNoncontrollingInterest,2,251845000.0,251.845,USD,10-K,2020,FY,CY2017Q4I,0001490281-21-000023,2021-02-25,2026-08-05T17:15:02+00:00,https://www.sec.gov/Archives/edgar/data/1490281/000149028121000023/,True,"latest valid annual filing by 2026-08-05, then tag priority"
grpn,GRPN,0001490281,marketplace_platform,2018,2018-01-01,2018-12-31,364.0,net_income,us-gaap,NetIncomeLoss,1,-11079000.0,-11.079,USD,10-K,2020,FY,CY2018,0001490281-21-000023,2021-02-25,2026-08-05T17:15:02+00:00,https://www.sec.gov/Archives/edgar/data/1490281/000149028121000023/,True,"latest valid annual filing by 2026-08-05, then tag priority"
grpn,GRPN,0001490281,marketplace_platform,2018,2018-01-01,2018-12-31,364.0,revenue,us-gaap,RevenueFromContractWithCustomerExcludingAssessedTax,1,2636746000.0,2636.746,USD,10-K,2020,FY,CY2018,0001490281-21-000023,2021-02-25,2026-08-05T17:15:02+00:00,https://www.sec.gov/Archives/edgar/data/1490281/000149028121000023/,True,"latest valid annual filing by 2026-08-05, then tag priority"
grpn,GRPN,0001490281,marketplace_platform,2018,,2018-12-31,,total_assets,us-gaap,Assets,1,1642142000.0,1642.142,USD,10-K,2019,FY,CY2018Q4I,0001490281-20-000021,2020-02-18,2026-08-05T17:15:02+00:00,https://www.sec.gov/Archives/edgar/data/1490281/000149028120000021/,True,"latest valid annual filing by 2026-08-05, then tag priority"
grpn,GRPN,0001490281,marketplace_platform,2018,,2018-12-31,,total_equity,us-gaap,StockholdersEquityIncludingPortionAttributableToNoncontrollingInterest,2,382611000.0,382.611,USD,10-K,2021,FY,CY2018Q4I,0001490281-22-000027,2022-02-28,2026-08-05T17:15:02+00:00,https://www.sec.gov/Archives/edgar/data/1490281/000149028122000027/,True,"latest valid annual filing by 2026-08-05, then tag priority"
grpn,GRPN,0001490281,marketplace_platform,2019,2019-01-01,2019-12-31,364.0,net_income,us-gaap,NetIncomeLoss,1,-22377000.0,-22.377,USD,10-K,2021,FY,CY2019,0001490281-22-000027,2022-02-28,2026-08-05T17:15:02+00:00,https://www.sec.gov/Archives/edgar/data/1490281/000149028122000027/,True,"latest valid annual filing by 2026-08-05, then tag priority"
grpn,GRPN,0001490281,marketplace_platform,2019,2019-01-01,2019-12-31,364.0,revenue,us-gaap,RevenueFromContractWithCustomerExcludingAssessedTax,1,2218915000.0,2218.915,USD,10-K,2021,FY,CY2019,0001490281-22-000027,2022-02-28,2026-08-05T17:15:02+00:00,https://www.sec.gov/Archives/edgar/data/1490281/000149028122000027/,True,"latest valid annual filing by 2026-08-05, then tag priority"
grpn,GRPN,0001490281,marketplace_platform,2019,,2019-12-31,,total_assets,us-gaap,Assets,1,1586743000.0,1586.743,USD,10-K,2020,FY,CY2019Q4I,0001490281-21-000023,2021-02-25,2026-08-05T17:15:02+00:00,https://www.sec.gov/Archives/edgar/data/1490281/000149028121000023/,True,"latest valid annual filing by 2026-08-05, then tag priority"
grpn,GRPN,0001490281,marketplace_platform,2019,,2019-12-31,,total_equity,us-gaap,StockholdersEquityIncludingPortionAttributableToNoncontrollingInterest,2,395046000.0,395.046,USD,10-K,2022,FY,CY2019Q4I,0001490281-23-000022,2023-03-16,2026-08-05T17:15:02+00:00,https://www.sec.gov/Archives/edgar/data/1490281/000149028123000022/,True,"latest valid annual filing by 2026-08-05, then tag priority"
grpn,GRPN,0001490281,marketplace_platform,2020,2020-01-01,2020-12-31,365.0,net_income,us-gaap,NetIncomeLoss,1,-287931000.0,-287.931,USD,10-K,2022,FY,CY2020,0001490281-23-000022,2023-03-16,2026-08-05T17:15:02+00:00,https://www.sec.gov/Archives/edgar/data/1490281/000149028123000022/,True,"latest valid annual filing by 2026-08-05, then tag priority"
grpn,GRPN,0001490281,marketplace_platform,2020,2020-01-01,2020-12-31,365.0,revenue,us-gaap,RevenueFromContractWithCustomerExcludingAssessedTax,1,1416868000.0,1416.868,USD,10-K,2022,FY,CY2020,0001490281-23-000022,2023-03-16,2026-08-05T17:15:02+00:00,https://www.sec.gov/Archives/edgar/data/1490281/000149028123000022/,True,"latest valid annual filing by 2026-08-05, then tag priority"
grpn,GRPN,0001490281,marketplace_platform,2020,,2020-12-31,,total_assets,us-gaap,Assets,1,1411507000.0,1411.507,USD,10-K,2021,FY,CY2020Q4I,0001490281-22-000027,2022-02-28,2026-08-05T17:15:02+00:00,https://www.sec.gov/Archives/edgar/data/1490281/000149028122000027/,True,"latest valid annual filing by 2026-08-05, then tag priority"
grpn,GRPN,0001490281,marketplace_platform,2020,,2020-12-31,,total_equity,us-gaap,StockholdersEquityIncludingPortionAttributableToNoncontrollingInterest,2,107674000.0,107.674,USD,10-K,2023,FY,CY2020Q4I,0001490281-24-000024,2024-03-15,2026-08-05T17:15:02+00:00,https://www.sec.gov/Archives/edgar/data/1490281/000149028124000024/,True,"latest valid annual filing by 2026-08-05, then tag priority"
grpn,GRPN,0001490281,marketplace_platform,2021,2021-01-01,2021-12-31,364.0,net_income,us-gaap,NetIncomeLoss,1,118668000.0,118.668,USD,10-K,2023,FY,,0001490281-24-000024,2024-03-15,2026-08-05T17:15:02+00:00,https://www.sec.gov/Archives/edgar/data/1490281/000149028124000024/,True,"latest valid annual filing by 2026-08-05, then tag priority"
grpn,GRPN,0001490281,marketplace_platform,2021,2021-01-01,2021-12-31,364.0,revenue,us-gaap,RevenueFromContractWithCustomerExcludingAssessedTax,1,967108000.0,967.108,USD,10-K,2023,FY,CY2021,0001490281-24-000024,2024-03-15,2026-08-05T17:15:02+00:00,https://www.sec.gov/Archives/edgar/data/1490281/000149028124000024/,True,"latest valid annual filing by 2026-08-05, then tag priority"
grpn,GRPN,0001490281,marketplace_platform,2021,,2021-12-31,,total_assets,us-gaap,Assets,1,1157881000.0,1157.881,USD,10-K,2022,FY,CY2021Q4I,0001490281-23-000022,2023-03-16,2026-08-05T17:15:02+00:00,https://www.sec.gov/Archives/edgar/data/1490281/000149028123000022/,True,"latest valid annual filing by 2026-08-05, then tag priority"
grpn,GRPN,0001490281,marketplace_platform,2021,,2021-12-31,,total_equity,us-gaap,StockholdersEquityIncludingPortionAttributableToNoncontrollingInterest,2,210296000.0,210.296,USD,10-K,2024,FY,CY2021Q4I,0001490281-25-000005,2025-03-11,2026-08-05T17:15:02+00:00,https://www.sec.gov/Archives/edgar/data/1490281/000149028125000005/,True,"latest valid annual filing by 2026-08-05, then tag priority"
grpn,GRPN,0001490281,marketplace_platform,2022,2022-01-01,2022-12-31,364.0,net_income,us-gaap,NetIncomeLoss,1,-237609000.0,-237.609,USD,10-K,2024,FY,,0001490281-25-000005,2025-03-11,2026-08-05T17:15:02+00:00,https://www.sec.gov/Archives/edgar/data/1490281/000149028125000005/,True,"latest valid annual filing by 2026-08-05, then tag priority"
grpn,GRPN,0001490281,marketplace_platform,2022,2022-01-01,2022-12-31,364.0,revenue,us-gaap,RevenueFromContractWithCustomerExcludingAssessedTax,1,599085000.0,599.085,USD,10-K,2024,FY,CY2022,0001490281-25-000005,2025-03-11,2026-08-05T17:15:02+00:00,https://www.sec.gov/Archives/edgar/data/1490281/000149028125000005/,True,"latest valid annual filing by 2026-08-05, then tag priority"
grpn,GRPN,0001490281,marketplace_platform,2022,,2022-12-31,,total_assets,us-gaap,Assets,1,793117000.0,793.117,USD,10-K,2023,FY,CY2022Q4I,0001490281-24-000024,2024-03-15,2026-08-05T17:15:02+00:00,https://www.sec.gov/Archives/edgar/data/1490281/000149028124000024/,True,"latest valid annual filing by 2026-08-05, then tag priority"
grpn,GRPN,0001490281,marketplace_platform,2022,,2022-12-31,,total_equity,us-gaap,StockholdersEquityIncludingPortionAttributableToNoncontrollingInterest,2,8858000.0,8.858,USD,10-K,2025,FY,CY2022Q4I,0001628280-26-016429,2026-03-10,2026-08-05T17:15:02+00:00,https://www.sec.gov/Archives/edgar/data/1490281/000162828026016429/,True,"latest valid annual filing by 2026-08-05, then tag priority"
grpn,GRPN,0001490281,marketplace_platform,2023,2023-01-01,2023-12-31,364.0,net_income,us-gaap,NetIncomeLoss,1,-55410000.0,-55.41,USD,10-K,2025,FY,,0001628280-26-016429,2026-03-10,2026-08-05T17:15:02+00:00,https://www.sec.gov/Archives/edgar/data/1490281/000162828026016429/,True,"latest valid annual filing by 2026-08-05, then tag priority"
grpn,GRPN,0001490281,marketplace_platform,2023,2023-01-01,2023-12-31,364.0,revenue,us-gaap,RevenueFromContractWithCustomerExcludingAssessedTax,1,514910000.0,514.91,USD,10-K,2025,FY,CY2023,0001628280-26-016429,2026-03-10,2026-08-05T17:15:02+00:00,https://www.sec.gov/Archives/edgar/data/1490281/000162828026016429/,True,"latest valid annual filing by 2026-08-05, then tag priority"
grpn,GRPN,0001490281,marketplace_platform,2023,,2023-12-31,,total_assets,us-gaap,Assets,1,570956000.0,570.956,USD,10-K,2024,FY,CY2023Q4I,0001490281-25-000005,2025-03-11,2026-08-05T17:15:02+00:00,https://www.sec.gov/Archives/edgar/data/1490281/000149028125000005/,True,"latest valid annual filing by 2026-08-05, then tag priority"
grpn,GRPN,0001490281,marketplace_platform,2023,,2023-12-31,,total_equity,us-gaap,StockholdersEquityIncludingPortionAttributableToNoncontrollingInterest,2,-40312000.0,-40.312,USD,10-K,2025,FY,CY2023Q4I,0001628280-26-016429,2026-03-10,2026-08-05T17:15:02+00:00,https://www.sec.gov/Archives/edgar/data/1490281/000162828026016429/,True,"latest valid annual filing by 2026-08-05, then tag priority"
grpn,GRPN,0001490281,marketplace_platform,2024,2024-01-01,2024-12-31,365.0,net_income,us-gaap,NetIncomeLoss,1,-59027000.0,-59.027,USD,10-K,2025,FY,,0001628280-26-016429,2026-03-10,2026-08-05T17:15:02+00:00,https://www.sec.gov/Archives/edgar/data/1490281/000162828026016429/,True,"latest valid annual filing by 2026-08-05, then tag priority"
grpn,GRPN,0001490281,marketplace_platform,2024,2024-01-01,2024-12-31,365.0,revenue,us-gaap,RevenueFromContractWithCustomerExcludingAssessedTax,1,492557000.0,492.557,USD,10-K,2025,FY,CY2024,0001628280-26-016429,2026-03-10,2026-08-05T17:15:02+00:00,https://www.sec.gov/Archives/edgar/data/1490281/000162828026016429/,True,"latest valid annual filing by 2026-08-05, then tag priority"
grpn,GRPN,0001490281,marketplace_platform,2024,,2024-12-31,,total_assets,us-gaap,Assets,1,612690000.0,612.69,USD,10-K,2025,FY,CY2024Q4I,0001628280-26-016429,2026-03-10,2026-08-05T17:15:02+00:00,https://www.sec.gov/Archives/edgar/data/1490281/000162828026016429/,True,"latest valid annual filing by 2026-08-05, then tag priority"
grpn,GRPN,0001490281,marketplace_platform,2024,,2024-12-31,,total_equity,us-gaap,StockholdersEquity,1,40815000.0,40.815,USD,10-K,2025,FY,CY2024Q4I,0001628280-26-016429,2026-03-10,2026-08-05T17:15:02+00:00,https://www.sec.gov/Archives/edgar/data/1490281/000162828026016429/,True,"latest valid annual filing by 2026-08-05, then tag priority"
hnst,HNST,0001530979,dtc_brand,2019,2019-01-01,2019-12-31,364.0,net_income,us-gaap,NetIncomeLoss,1,-31083000.0,-31.083,USD,10-K,2021,FY,CY2019,0001530979-22-000024,2022-03-28,2026-08-05T17:15:02+00:00,https://www.sec.gov/Archives/edgar/data/1530979/000153097922000024/,True,"latest valid annual filing by 2026-08-05, then tag priority"
hnst,HNST,0001530979,dtc_brand,2019,2019-01-01,2019-12-31,364.0,revenue,us-gaap,RevenueFromContractWithCustomerExcludingAssessedTax,1,235587000.0,235.587,USD,10-K,2021,FY,CY2019,0001530979-22-000024,2022-03-28,2026-08-05T17:15:02+00:00,https://www.sec.gov/Archives/edgar/data/1530979/000153097922000024/,True,"latest valid annual filing by 2026-08-05, then tag priority"
hnst,HNST,0001530979,dtc_brand,2019,,2019-12-31,,total_equity,us-gaap,StockholdersEquity,1,-230277000.0,-230.277,USD,10-K,2022,FY,CY2019Q4I,0001530979-23-000038,2023-03-16,2026-08-05T17:15:02+00:00,https://www.sec.gov/Archives/edgar/data/1530979/000153097923000038/,True,"latest valid annual filing by 2026-08-05, then tag priority"
hnst,HNST,0001530979,dtc_brand,2020,2020-01-01,2020-12-31,365.0,net_income,us-gaap,NetIncomeLoss,1,-14466000.0,-14.466,USD,10-K,2022,FY,CY2020,0001530979-23-000038,2023-03-16,2026-08-05T17:15:02+00:00,https://www.sec.gov/Archives/edgar/data/1530979/000153097923000038/,True,"latest valid annual filing by 2026-08-05, then tag priority"
hnst,HNST,0001530979,dtc_brand,2020,2020-01-01,2020-12-31,365.0,revenue,us-gaap,RevenueFromContractWithCustomerExcludingAssessedTax,1,300522000.0,300.522,USD,10-K,2022,FY,CY2020,0001530979-23-000038,2023-03-16,2026-08-05T17:15:02+00:00,https://www.sec.gov/Archives/edgar/data/1530979/000153097923000038/,True,"latest valid annual filing by 2026-08-05, then tag priority"
hnst,HNST,0001530979,dtc_brand,2020,,2020-12-31,,total_assets,us-gaap,Assets,1,240732000.0,240.732,USD,10-K,2021,FY,CY2020Q4I,0001530979-22-000024,2022-03-28,2026-08-05T17:15:02+00:00,https://www.sec.gov/Archives/edgar/data/1530979/000153097922000024/,True,"latest valid annual filing by 2026-08-05, then tag priority"
hnst,HNST,0001530979,dtc_brand,2020,,2020-12-31,,total_equity,us-gaap,StockholdersEquity,1,-236825000.0,-236.825,USD,10-K,2023,FY,CY2020Q4I,0001530979-24-000028,2024-03-08,2026-08-05T17:15:02+00:00,https://www.sec.gov/Archives/edgar/data/1530979/000153097924000028/,True,"latest valid annual filing by 2026-08-05, then tag priority"
hnst,HNST,0001530979,dtc_brand,2021,2021-01-01,2021-12-31,364.0,net_income,us-gaap,NetIncomeLoss,1,-38679000.0,-38.679,USD,10-K,2023,FY,CY2021,0001530979-24-000028,2024-03-08,2026-08-05T17:15:02+00:00,https://www.sec.gov/Archives/edgar/data/1530979/000153097924000028/,True,"latest valid annual filing by 2026-08-05, then tag priority"
hnst,HNST,0001530979,dtc_brand,2021,2021-01-01,2021-12-31,364.0,revenue,us-gaap,RevenueFromContractWithCustomerExcludingAssessedTax,1,318639000.0,318.639,USD,10-K,2023,FY,CY2021,0001530979-24-000028,2024-03-08,2026-08-05T17:15:02+00:00,https://www.sec.gov/Archives/edgar/data/1530979/000153097924000028/,True,"latest valid annual filing by 2026-08-05, then tag priority"
hnst,HNST,0001530979,dtc_brand,2021,,2021-12-31,,total_assets,us-gaap,Assets,1,272597000.0,272.597,USD,10-K,2022,FY,CY2021Q4I,0001530979-23-000038,2023-03-16,2026-08-05T17:15:02+00:00,https://www.sec.gov/Archives/edgar/data/1530979/000153097923000038/,True,"latest valid annual filing by 2026-08-05, then tag priority"
hnst,HNST,0001530979,dtc_brand,2021,,2021-12-31,,total_equity,us-gaap,StockholdersEquity,1,179106000.0,179.106,USD,10-K,2024,FY,CY2021Q4I,0001530979-25-000016,2025-02-26,2026-08-05T17:15:02+00:00,https://www.sec.gov/Archives/edgar/data/1530979/000153097925000016/,True,"latest valid annual filing by 2026-08-05, then tag priority"
hnst,HNST,0001530979,dtc_brand,2022,2022-01-01,2022-12-31,364.0,net_income,us-gaap,NetIncomeLoss,1,-49019000.0,-49.019,USD,10-K,2024,FY,CY2022,0001530979-25-000016,2025-02-26,2026-08-05T17:15:02+00:00,https://www.sec.gov/Archives/edgar/data/1530979/000153097925000016/,True,"latest valid annual filing by 2026-08-05, then tag priority"
hnst,HNST,0001530979,dtc_brand,2022,2022-01-01,2022-12-31,364.0,revenue,us-gaap,RevenueFromContractWithCustomerExcludingAssessedTax,1,313651000.0,313.651,USD,10-K,2024,FY,CY2022,0001530979-25-000016,2025-02-26,2026-08-05T17:15:02+00:00,https://www.sec.gov/Archives/edgar/data/1530979/000153097925000016/,True,"latest valid annual filing by 2026-08-05, then tag priority"
hnst,HNST,0001530979,dtc_brand,2022,,2022-12-31,,total_assets,us-gaap,Assets,1,240599000.0,240.599,USD,10-K,2023,FY,CY2022Q4I,0001530979-24-000028,2024-03-08,2026-08-05T17:15:02+00:00,https://www.sec.gov/Archives/edgar/data/1530979/000153097924000028/,True,"latest valid annual filing by 2026-08-05, then tag priority"
hnst,HNST,0001530979,dtc_brand,2022,,2022-12-31,,total_equity,us-gaap,StockholdersEquity,1,146360000.0,146.36,USD,10-K,2025,FY,CY2022Q4I,0001628280-26-011634,2026-02-25,2026-08-05T17:15:02+00:00,https://www.sec.gov/Archives/edgar/data/1530979/000162828026011634/,True,"latest valid annual filing by 2026-08-05, then tag priority"
hnst,HNST,0001530979,dtc_brand,2023,2023-01-01,2023-12-31,364.0,net_income,us-gaap,NetIncomeLoss,1,-39238000.0,-39.238,USD,10-K,2025,FY,CY2023,0001628280-26-011634,2026-02-25,2026-08-05T17:15:02+00:00,https://www.sec.gov/Archives/edgar/data/1530979/000162828026011634/,True,"latest valid annual filing by 2026-08-05, then tag priority"
hnst,HNST,0001530979,dtc_brand,2023,2023-01-01,2023-12-31,364.0,revenue,us-gaap,RevenueFromContractWithCustomerExcludingAssessedTax,1,344365000.0,344.365,USD,10-K,2025,FY,CY2023,0001628280-26-011634,2026-02-25,2026-08-05T17:15:02+00:00,https://www.sec.gov/Archives/edgar/data/1530979/000162828026011634/,True,"latest valid annual filing by 2026-08-05, then tag priority"
hnst,HNST,0001530979,dtc_brand,2023,,2023-12-31,,total_assets,us-gaap,Assets,1,201621000.0,201.621,USD,10-K,2024,FY,CY2023Q4I,0001530979-25-000016,2025-02-26,2026-08-05T17:15:02+00:00,https://www.sec.gov/Archives/edgar/data/1530979/000153097925000016/,True,"latest valid annual filing by 2026-08-05, then tag priority"
hnst,HNST,0001530979,dtc_brand,2023,,2023-12-31,,total_equity,us-gaap,StockholdersEquity,1,123139000.0,123.139,USD,10-K,2025,FY,CY2023Q4I,0001628280-26-011634,2026-02-25,2026-08-05T17:15:02+00:00,https://www.sec.gov/Archives/edgar/data/1530979/000162828026011634/,True,"latest valid annual filing by 2026-08-05, then tag priority"
hnst,HNST,0001530979,dtc_brand,2024,2024-01-01,2024-12-31,365.0,net_income,us-gaap,NetIncomeLoss,1,-6124000.0,-6.124,USD,10-K,2025,FY,CY2024,0001628280-26-011634,2026-02-25,2026-08-05T17:15:02+00:00,https://www.sec.gov/Archives/edgar/data/1530979/000162828026011634/,True,"latest valid annual filing by 2026-08-05, then tag priority"
hnst,HNST,0001530979,dtc_brand,2024,2024-01-01,2024-12-31,365.0,revenue,us-gaap,RevenueFromContractWithCustomerExcludingAssessedTax,1,378340000.0,378.34,USD,10-K,2025,FY,CY2024,0001628280-26-011634,2026-02-25,2026-08-05T17:15:02+00:00,https://www.sec.gov/Archives/edgar/data/1530979/000162828026011634/,True,"latest valid annual filing by 2026-08-05, then tag priority"
hnst,HNST,0001530979,dtc_brand,2024,,2024-12-31,,total_assets,us-gaap,Assets,1,247393000.0,247.393,USD,10-K,2025,FY,CY2024Q4I,0001628280-26-011634,2026-02-25,2026-08-05T17:15:02+00:00,https://www.sec.gov/Archives/edgar/data/1530979/000162828026011634/,True,"latest valid annual filing by 2026-08-05, then tag priority"
hnst,HNST,0001530979,dtc_brand,2024,,2024-12-31,,total_equity,us-gaap,StockholdersEquity,1,174307000.0,174.307,USD,10-K,2025,FY,,0001628280-26-011634,2026-02-25,2026-08-05T17:15:02+00:00,https://www.sec.gov/Archives/edgar/data/1530979/000162828026011634/,True,"latest valid annual filing by 2026-08-05, then tag priority"
love,LOVE,0001701758,dtc_brand,2018,2017-01-30,2018-02-04,370.0,net_income,us-gaap,NetIncomeLoss,1,-5501798.0,-5.501798,USD,10-K,2019,FY,CY2017,0001213900-19-007792,2019-05-03,2026-08-05T17:15:02+00:00,https://www.sec.gov/Archives/edgar/data/1701758/000121390019007792/,True,"latest valid annual filing by 2026-08-05, then tag priority"
love,LOVE,0001701758,dtc_brand,2018,2017-01-30,2018-02-04,370.0,revenue,us-gaap,Revenues,4,101810413.0,101.810413,USD,10-K,2019,FY,CY2017,0001213900-19-007792,2019-05-03,2026-08-05T17:15:02+00:00,https://www.sec.gov/Archives/edgar/data/1701758/000121390019007792/,True,"latest valid annual filing by 2026-08-05, then tag priority"
love,LOVE,0001701758,dtc_brand,2018,,2018-02-04,,total_assets,us-gaap,Assets,1,41440935.0,41.440935,USD,10-K,2019,FY,CY2017Q4I,0001213900-19-007792,2019-05-03,2026-08-05T17:15:02+00:00,https://www.sec.gov/Archives/edgar/data/1701758/000121390019007792/,True,"latest valid annual filing by 2026-08-05, then tag priority"
love,LOVE,0001701758,dtc_brand,2018,,2018-02-04,,total_equity,us-gaap,StockholdersEquity,1,23638453.0,23.638453,USD,10-K,2020,FY,CY2017Q4I,0001213900-20-010439,2020-04-29,2026-08-05T17:15:02+00:00,https://www.sec.gov/Archives/edgar/data/1701758/000121390020010439/,True,"latest valid annual filing by 2026-08-05, then tag priority"
love,LOVE,0001701758,dtc_brand,2019,2018-02-05,2019-02-03,363.0,net_income,us-gaap,NetIncomeLoss,1,-6704356.0,-6.704356,USD,10-K,2020,FY,CY2018,0001213900-20-010439,2020-04-29,2026-08-05T17:15:02+00:00,https://www.sec.gov/Archives/edgar/data/1701758/000121390020010439/,True,"latest valid annual filing by 2026-08-05, then tag priority"
love,LOVE,0001701758,dtc_brand,2019,2018-02-05,2019-02-03,363.0,revenue,us-gaap,Revenues,4,165881297.0,165.881297,USD,10-K,2020,FY,CY2018,0001213900-20-010439,2020-04-29,2026-08-05T17:15:02+00:00,https://www.sec.gov/Archives/edgar/data/1701758/000121390020010439/,True,"latest valid annual filing by 2026-08-05, then tag priority"
love,LOVE,0001701758,dtc_brand,2019,,2019-02-03,,total_assets,us-gaap,Assets,1,105014305.0,105.014305,USD,10-K,2020,FY,CY2018Q4I,0001213900-20-010439,2020-04-29,2026-08-05T17:15:02+00:00,https://www.sec.gov/Archives/edgar/data/1701758/000121390020010439/,True,"latest valid annual filing by 2026-08-05, then tag priority"
love,LOVE,0001701758,dtc_brand,2019,,2019-02-03,,total_equity,us-gaap,StockholdersEquityIncludingPortionAttributableToNoncontrollingInterest,2,78770000.0,78.77,USD,10-K,2022,FY,CY2018Q4I,0001628280-22-007882,2022-03-30,2026-08-05T17:15:02+00:00,https://www.sec.gov/Archives/edgar/data/1701758/000162828022007882/,True,"latest valid annual filing by 2026-08-05, then tag priority"
love,LOVE,0001701758,dtc_brand,2020,2019-02-04,2020-02-02,363.0,net_income,us-gaap,NetIncomeLoss,1,-15205000.0,-15.205,USD,10-K,2022,FY,CY2019,0001628280-22-007882,2022-03-30,2026-08-05T17:15:02+00:00,https://www.sec.gov/Archives/edgar/data/1701758/000162828022007882/,True,"latest valid annual filing by 2026-08-05, then tag priority"
love,LOVE,0001701758,dtc_brand,2020,2019-02-04,2020-02-02,363.0,revenue,us-gaap,RevenueFromContractWithCustomerExcludingAssessedTax,1,233377000.0,233.377,USD,10-K,2022,FY,CY2019,0001628280-22-007882,2022-03-30,2026-08-05T17:15:02+00:00,https://www.sec.gov/Archives/edgar/data/1701758/000162828022007882/,True,"latest valid annual filing by 2026-08-05, then tag priority"
love,LOVE,0001701758,dtc_brand,2020,,2020-02-02,,total_assets,us-gaap,Assets,1,125663767.0,125.663767,USD,10-K,2021,FY,CY2019Q4I,0001213900-21-021548,2021-04-14,2026-08-05T17:15:02+00:00,https://www.sec.gov/Archives/edgar/data/1701758/000121390021021548/,True,"latest valid annual filing by 2026-08-05, then tag priority"
love,LOVE,0001701758,dtc_brand,2020,,2020-02-02,,total_equity,us-gaap,StockholdersEquityIncludingPortionAttributableToNoncontrollingInterest,2,90155000.0,90.155,USD,10-K/A,2023,FY,CY2019Q4I,0001628280-23-040367,2023-11-30,2026-08-05T17:15:02+00:00,https://www.sec.gov/Archives/edgar/data/1701758/000162828023040367/,True,"latest valid annual filing by 2026-08-05, then tag priority"
love,LOVE,0001701758,dtc_brand,2021,2020-02-03,2021-01-31,363.0,net_income,us-gaap,NetIncomeLoss,1,14727000.0,14.727,USD,10-K/A,2023,FY,CY2020,0001628280-23-040367,2023-11-30,2026-08-05T17:15:02+00:00,https://www.sec.gov/Archives/edgar/data/1701758/000162828023040367/,True,"latest valid annual filing by 2026-08-05, then tag priority"
love,LOVE,0001701758,dtc_brand,2021,2020-02-03,2021-01-31,363.0,revenue,us-gaap,RevenueFromContractWithCustomerExcludingAssessedTax,1,320738000.0,320.738,USD,10-K/A,2023,FY,CY2020,0001628280-23-040367,2023-11-30,2026-08-05T17:15:02+00:00,https://www.sec.gov/Archives/edgar/data/1701758/000162828023040367/,True,"latest valid annual filing by 2026-08-05, then tag priority"
love,LOVE,0001701758,dtc_brand,2021,,2021-01-31,,total_assets,us-gaap,Assets,1,171019000.0,171.019,USD,10-K,2022,FY,CY2020Q4I,0001628280-22-007882,2022-03-30,2026-08-05T17:15:02+00:00,https://www.sec.gov/Archives/edgar/data/1701758/000162828022007882/,True,"latest valid annual filing by 2026-08-05, then tag priority"
love,LOVE,0001701758,dtc_brand,2021,,2021-01-31,,total_equity,us-gaap,StockholdersEquity,1,107946000.0,107.946,USD,10-K,2024,FY,CY2020Q4I,0001628280-24-015804,2024-04-11,2026-08-05T17:15:02+00:00,https://www.sec.gov/Archives/edgar/data/1701758/000162828024015804/,True,"latest valid annual filing by 2026-08-05, then tag priority"
love,LOVE,0001701758,dtc_brand,2022,2021-02-01,2022-01-30,363.0,net_income,us-gaap,NetIncomeLoss,1,47488000.0,47.488,USD,10-K,2024,FY,,0001628280-24-015804,2024-04-11,2026-08-05T17:15:02+00:00,https://www.sec.gov/Archives/edgar/data/1701758/000162828024015804/,True,"latest valid annual filing by 2026-08-05, then tag priority"
love,LOVE,0001701758,dtc_brand,2022,2021-02-01,2022-01-30,363.0,revenue,us-gaap,RevenueFromContractWithCustomerExcludingAssessedTax,1,498239000.0,498.239,USD,10-K,2024,FY,CY2021,0001628280-24-015804,2024-04-11,2026-08-05T17:15:02+00:00,https://www.sec.gov/Archives/edgar/data/1701758/000162828024015804/,True,"latest valid annual filing by 2026-08-05, then tag priority"
love,LOVE,0001701758,dtc_brand,2022,,2022-01-30,,total_assets,us-gaap,Assets,1,369084000.0,369.084,USD,10-K/A,2023,FY,CY2021Q4I,0001628280-23-040367,2023-11-30,2026-08-05T17:15:02+00:00,https://www.sec.gov/Archives/edgar/data/1701758/000162828023040367/,True,"latest valid annual filing by 2026-08-05, then tag priority"
love,LOVE,0001701758,dtc_brand,2022,,2022-01-30,,total_equity,us-gaap,StockholdersEquity,1,157814000.0,157.814,USD,10-K,2025,FY,CY2021Q4I,0001628280-25-017241,2025-04-10,2026-08-05T17:15:02+00:00,https://www.sec.gov/Archives/edgar/data/1701758/000162828025017241/,True,"latest valid annual filing by 2026-08-05, then tag priority"
love,LOVE,0001701758,dtc_brand,2023,2022-01-31,2023-01-29,363.0,net_income,us-gaap,NetIncomeLoss,1,26488000.0,26.488,USD,10-K,2025,FY,,0001628280-25-017241,2025-04-10,2026-08-05T17:15:02+00:00,https://www.sec.gov/Archives/edgar/data/1701758/000162828025017241/,True,"latest valid annual filing by 2026-08-05, then tag priority"
love,LOVE,0001701758,dtc_brand,2023,2022-01-31,2023-01-29,363.0,revenue,us-gaap,RevenueFromContractWithCustomerExcludingAssessedTax,1,651179000.0,651.179,USD,10-K,2025,FY,CY2022,0001628280-25-017241,2025-04-10,2026-08-05T17:15:02+00:00,https://www.sec.gov/Archives/edgar/data/1701758/000162828025017241/,True,"latest valid annual filing by 2026-08-05, then tag priority"
love,LOVE,0001701758,dtc_brand,2023,,2023-01-29,,total_assets,us-gaap,Assets,1,408626000.0,408.626,USD,10-K,2024,FY,CY2022Q4I,0001628280-24-015804,2024-04-11,2026-08-05T17:15:02+00:00,https://www.sec.gov/Archives/edgar/data/1701758/000162828024015804/,True,"latest valid annual filing by 2026-08-05, then tag priority"
love,LOVE,0001701758,dtc_brand,2023,,2023-01-29,,total_equity,us-gaap,StockholdersEquity,1,193094000.0,193.094,USD,10-K,2026,FY,CY2022Q4I,0001628280-26-022929,2026-04-02,2026-08-05T17:15:02+00:00,https://www.sec.gov/Archives/edgar/data/1701758/000162828026022929/,True,"latest valid annual filing by 2026-08-05, then tag priority"
love,LOVE,0001701758,dtc_brand,2024,2023-01-30,2024-02-04,370.0,net_income,us-gaap,NetIncomeLoss,1,23861000.0,23.861,USD,10-K,2026,FY,,0001628280-26-022929,2026-04-02,2026-08-05T17:15:02+00:00,https://www.sec.gov/Archives/edgar/data/1701758/000162828026022929/,True,"latest valid annual filing by 2026-08-05, then tag priority"
love,LOVE,0001701758,dtc_brand,2024,2023-01-30,2024-02-04,370.0,revenue,us-gaap,RevenueFromContractWithCustomerExcludingAssessedTax,1,700265000.0,700.265,USD,10-K,2026,FY,CY2023,0001628280-26-022929,2026-04-02,2026-08-05T17:15:02+00:00,https://www.sec.gov/Archives/edgar/data/1701758/000162828026022929/,True,"latest valid annual filing by 2026-08-05, then tag priority"
love,LOVE,0001701758,dtc_brand,2024,,2024-02-04,,total_assets,us-gaap,Assets,1,482180000.0,482.18,USD,10-K,2025,FY,CY2023Q4I,0001628280-25-017241,2025-04-10,2026-08-05T17:15:02+00:00,https://www.sec.gov/Archives/edgar/data/1701758/000162828025017241/,True,"latest valid annual filing by 2026-08-05, then tag priority"
love,LOVE,0001701758,dtc_brand,2024,,2024-02-04,,total_equity,us-gaap,StockholdersEquity,1,217496000.0,217.496,USD,10-K,2026,FY,CY2023Q4I,0001628280-26-022929,2026-04-02,2026-08-05T17:15:02+00:00,https://www.sec.gov/Archives/edgar/data/1701758/000162828026022929/,True,"latest valid annual filing by 2026-08-05, then tag priority"
me,ME,0001804591,dtc_brand,2020,2019-04-01,2020-03-31,365.0,net_income,us-gaap,NetIncomeLoss,1,-250863000.0,-250.863,USD,10-K,2022,FY,CY2019,0000950170-22-010852,2022-05-27,2026-08-05T17:15:02+00:00,https://www.sec.gov/Archives/edgar/data/1804591/000095017022010852/,True,"latest valid annual filing by 2026-08-05, then tag priority"
me,ME,0001804591,dtc_brand,2020,2019-04-01,2020-03-31,365.0,revenue,us-gaap,RevenueFromContractWithCustomerIncludingAssessedTax,2,305463000.0,305.463,USD,10-K,2022,FY,CY2019,0000950170-22-010852,2022-05-27,2026-08-05T17:15:02+00:00,https://www.sec.gov/Archives/edgar/data/1804591/000095017022010852/,True,"latest valid annual filing by 2026-08-05, then tag priority"
me,ME,0001804591,dtc_brand,2020,,2020-03-31,,total_equity,us-gaap,StockholdersEquity,1,-620883000.0,-620.883,USD,10-K,2023,FY,CY2020Q1I,0000950170-23-024232,2023-05-25,2026-08-05T17:15:02+00:00,https://www.sec.gov/Archives/edgar/data/1804591/000095017023024232/,True,"latest valid annual filing by 2026-08-05, then tag priority"
me,ME,0001804591,dtc_brand,2021,2020-04-01,2021-03-31,364.0,net_income,us-gaap,NetIncomeLoss,1,-183619000.0,-183.619,USD,10-K,2023,FY,CY2020,0000950170-23-024232,2023-05-25,2026-08-05T17:15:02+00:00,https://www.sec.gov/Archives/edgar/data/1804591/000095017023024232/,True,"latest valid annual filing by 2026-08-05, then tag priority"
me,ME,0001804591,dtc_brand,2021,2020-04-01,2021-03-31,364.0,revenue,us-gaap,RevenueFromContractWithCustomerIncludingAssessedTax,2,243920000.0,243.92,USD,10-K,2023,FY,CY2020,0000950170-23-024232,2023-05-25,2026-08-05T17:15:02+00:00,https://www.sec.gov/Archives/edgar/data/1804591/000095017023024232/,True,"latest valid annual filing by 2026-08-05, then tag priority"
me,ME,0001804591,dtc_brand,2021,,2021-03-31,,total_assets,us-gaap,Assets,1,452098000.0,452.098,USD,10-K,2022,FY,CY2021Q1I,0000950170-22-010852,2022-05-27,2026-08-05T17:15:02+00:00,https://www.sec.gov/Archives/edgar/data/1804591/000095017022010852/,True,"latest valid annual filing by 2026-08-05, then tag priority"
me,ME,0001804591,dtc_brand,2021,,2021-03-31,,total_equity,us-gaap,StockholdersEquity,1,-595619000.0,-595.619,USD,10-K,2024,FY,CY2021Q1I,0001804591-24-000038,2024-05-30,2026-08-05T17:15:02+00:00,https://www.sec.gov/Archives/edgar/data/1804591/000180459124000038/,True,"latest valid annual filing by 2026-08-05, then tag priority"
me,ME,0001804591,dtc_brand,2022,2021-04-01,2022-03-31,364.0,net_income,us-gaap,NetIncomeLoss,1,-217490000.0,-217.49,USD,10-K/A,2025,FY,CY2021,0001193125-25-165458,2025-07-25,2026-08-05T17:15:02+00:00,https://www.sec.gov/Archives/edgar/data/1804591/000119312525165458/,True,"latest valid annual filing by 2026-08-05, then tag priority"
me,ME,0001804591,dtc_brand,2022,2021-04-01,2022-03-31,364.0,revenue,us-gaap,RevenueFromContractWithCustomerExcludingAssessedTax,1,271893000.0,271.893,USD,10-K,2024,FY,CY2021,0001804591-24-000038,2024-05-30,2026-08-05T17:15:02+00:00,https://www.sec.gov/Archives/edgar/data/1804591/000180459124000038/,True,"latest valid annual filing by 2026-08-05, then tag priority"
me,ME,0001804591,dtc_brand,2022,,2022-03-31,,total_assets,us-gaap,Assets,1,1152068000.0,1152.068,USD,10-K,2023,FY,CY2022Q1I,0000950170-23-024232,2023-05-25,2026-08-05T17:15:02+00:00,https://www.sec.gov/Archives/edgar/data/1804591/000095017023024232/,True,"latest valid annual filing by 2026-08-05, then tag priority"
me,ME,0001804591,dtc_brand,2022,,2022-03-31,,total_equity,us-gaap,StockholdersEquity,1,915656000.0,915.656,USD,10-K,2025,FY,CY2022Q1I,0001628280-25-030786,2025-06-11,2026-08-05T17:15:02+00:00,https://www.sec.gov/Archives/edgar/data/1804591/000162828025030786/,True,"latest valid annual filing by 2026-08-05, then tag priority"
me,ME,0001804591,dtc_brand,2023,2022-04-01,2023-03-31,364.0,net_income,us-gaap,NetIncomeLoss,1,-311660000.0,-311.66,USD,10-K/A,2025,FY,CY2022,0001193125-25-165458,2025-07-25,2026-08-05T17:15:02+00:00,https://www.sec.gov/Archives/edgar/data/1804591/000119312525165458/,True,"latest valid annual filing by 2026-08-05, then tag priority"
me,ME,0001804591,dtc_brand,2023,2022-04-01,2023-03-31,364.0,revenue,us-gaap,RevenueFromContractWithCustomerExcludingAssessedTax,1,299489000.0,299.489,USD,10-K,2025,FY,CY2022,0001628280-25-030786,2025-06-11,2026-08-05T17:15:02+00:00,https://www.sec.gov/Archives/edgar/data/1804591/000162828025030786/,True,"latest valid annual filing by 2026-08-05, then tag priority"
me,ME,0001804591,dtc_brand,2023,,2023-03-31,,total_assets,us-gaap,Assets,1,942598000.0,942.598,USD,10-K,2024,FY,CY2023Q1I,0001804591-24-000038,2024-05-30,2026-08-05T17:15:02+00:00,https://www.sec.gov/Archives/edgar/data/1804591/000180459124000038/,True,"latest valid annual filing by 2026-08-05, then tag priority"
me,ME,0001804591,dtc_brand,2023,,2023-03-31,,total_equity,us-gaap,StockholdersEquity,1,713939000.0,713.939,USD,10-K,2025,FY,CY2023Q1I,0001628280-25-030786,2025-06-11,2026-08-05T17:15:02+00:00,https://www.sec.gov/Archives/edgar/data/1804591/000162828025030786/,True,"latest valid annual filing by 2026-08-05, then tag priority"
me,ME,0001804591,dtc_brand,2024,2023-04-01,2024-03-31,365.0,net_income,us-gaap,NetIncomeLoss,1,-666700000.0,-666.7,USD,10-K/A,2025,FY,CY2023,0001193125-25-165458,2025-07-25,2026-08-05T17:15:02+00:00,https://www.sec.gov/Archives/edgar/data/1804591/000119312525165458/,True,"latest valid annual filing by 2026-08-05, then tag priority"
me,ME,0001804591,dtc_brand,2024,2023-04-01,2024-03-31,365.0,revenue,us-gaap,RevenueFromContractWithCustomerExcludingAssessedTax,1,219638000.0,219.638,USD,10-K,2025,FY,CY2023,0001628280-25-030786,2025-06-11,2026-08-05T17:15:02+00:00,https://www.sec.gov/Archives/edgar/data/1804591/000162828025030786/,True,"latest valid annual filing by 2026-08-05, then tag priority"
me,ME,0001804591,dtc_brand,2024,,2024-03-31,,total_assets,us-gaap,Assets,1,395167000.0,395.167,USD,10-K,2025,FY,CY2024Q1I,0001628280-25-030786,2025-06-11,2026-08-05T17:15:02+00:00,https://www.sec.gov/Archives/edgar/data/1804591/000162828025030786/,True,"latest valid annual filing by 2026-08-05, then tag priority"
me,ME,0001804591,dtc_brand,2024,,2024-03-31,,total_equity,us-gaap,StockholdersEquity,1,188520000.0,188.52,USD,10-K,2025,FY,,0001628280-25-030786,2025-06-11,2026-08-05T17:15:02+00:00,https://www.sec.gov/Archives/edgar/data/1804591/000162828025030786/,True,"latest valid annual filing by 2026-08-05, then tag priority"
posh,POSH,0001825480,marketplace_platform,2018,2018-01-01,2018-12-31,364.0,net_income,us-gaap,NetIncomeLoss,1,-14475000.0,-14.475,USD,10-K,2020,FY,CY2018,0001564590-21-014879,2021-03-23,2026-08-05T17:15:02+00:00,https://www.sec.gov/Archives/edgar/data/1825480/000156459021014879/,True,"latest valid annual filing by 2026-08-05, then tag priority"
posh,POSH,0001825480,marketplace_platform,2018,2018-01-01,2018-12-31,364.0,revenue,us-gaap,RevenueFromContractWithCustomerExcludingAssessedTax,1,148305000.0,148.305,USD,10-K,2020,FY,CY2018,0001564590-21-014879,2021-03-23,2026-08-05T17:15:02+00:00,https://www.sec.gov/Archives/edgar/data/1825480/000156459021014879/,True,"latest valid annual filing by 2026-08-05, then tag priority"
posh,POSH,0001825480,marketplace_platform,2018,,2018-12-31,,total_equity,us-gaap,StockholdersEquity,1,-86741000.0,-86.741,USD,10-K,2021,FY,CY2018Q4I,0000950170-22-005057,2022-03-30,2026-08-05T17:15:02+00:00,https://www.sec.gov/Archives/edgar/data/1825480/000095017022005057/,True,"latest valid annual filing by 2026-08-05, then tag priority"
posh,POSH,0001825480,marketplace_platform,2019,2019-01-01,2019-12-31,364.0,net_income,us-gaap,NetIncomeLoss,1,-47724000.0,-47.724,USD,10-K,2021,FY,CY2019,0000950170-22-005057,2022-03-30,2026-08-05T17:15:02+00:00,https://www.sec.gov/Archives/edgar/data/1825480/000095017022005057/,True,"latest valid annual filing by 2026-08-05, then tag priority"
posh,POSH,0001825480,marketplace_platform,2019,2019-01-01,2019-12-31,364.0,revenue,us-gaap,RevenueFromContractWithCustomerExcludingAssessedTax,1,204983000.0,204.983,USD,10-K,2021,FY,CY2019,0000950170-22-005057,2022-03-30,2026-08-05T17:15:02+00:00,https://www.sec.gov/Archives/edgar/data/1825480/000095017022005057/,True,"latest valid annual filing by 2026-08-05, then tag priority"
posh,POSH,0001825480,marketplace_platform,2019,,2019-12-31,,total_assets,us-gaap,Assets,1,151988000.0,151.988,USD,10-K,2020,FY,CY2019Q4I,0001564590-21-014879,2021-03-23,2026-08-05T17:15:02+00:00,https://www.sec.gov/Archives/edgar/data/1825480/000156459021014879/,True,"latest valid annual filing by 2026-08-05, then tag priority"
posh,POSH,0001825480,marketplace_platform,2019,,2019-12-31,,total_equity,us-gaap,StockholdersEquity,1,-123785000.0,-123.785,USD,10-K,2021,FY,CY2019Q4I,0000950170-22-005057,2022-03-30,2026-08-05T17:15:02+00:00,https://www.sec.gov/Archives/edgar/data/1825480/000095017022005057/,True,"latest valid annual filing by 2026-08-05, then tag priority"
posh,POSH,0001825480,marketplace_platform,2020,2020-01-01,2020-12-31,365.0,net_income,us-gaap,NetIncomeLoss,1,18846000.0,18.846,USD,10-K,2021,FY,CY2020,0000950170-22-005057,2022-03-30,2026-08-05T17:15:02+00:00,https://www.sec.gov/Archives/edgar/data/1825480/000095017022005057/,True,"latest valid annual filing by 2026-08-05, then tag priority"
posh,POSH,0001825480,marketplace_platform,2020,2020-01-01,2020-12-31,365.0,revenue,us-gaap,RevenueFromContractWithCustomerExcludingAssessedTax,1,261601000.0,261.601,USD,10-K,2021,FY,CY2020,0000950170-22-005057,2022-03-30,2026-08-05T17:15:02+00:00,https://www.sec.gov/Archives/edgar/data/1825480/000095017022005057/,True,"latest valid annual filing by 2026-08-05, then tag priority"
posh,POSH,0001825480,marketplace_platform,2020,,2020-12-31,,total_assets,us-gaap,Assets,1,288502000.0,288.502,USD,10-K,2021,FY,CY2020Q4I,0000950170-22-005057,2022-03-30,2026-08-05T17:15:02+00:00,https://www.sec.gov/Archives/edgar/data/1825480/000095017022005057/,True,"latest valid annual filing by 2026-08-05, then tag priority"
posh,POSH,0001825480,marketplace_platform,2020,,2020-12-31,,total_equity,us-gaap,StockholdersEquity,1,-96779000.0,-96.779,USD,10-K,2021,FY,,0000950170-22-005057,2022-03-30,2026-08-05T17:15:02+00:00,https://www.sec.gov/Archives/edgar/data/1825480/000095017022005057/,True,"latest valid annual filing by 2026-08-05, then tag priority"
posh,POSH,0001825480,marketplace_platform,2021,2021-01-01,2021-12-31,364.0,net_income,us-gaap,NetIncomeLoss,1,-98329000.0,-98.329,USD,10-K,2021,FY,CY2021,0000950170-22-005057,2022-03-30,2026-08-05T17:15:02+00:00,https://www.sec.gov/Archives/edgar/data/1825480/000095017022005057/,True,"latest valid annual filing by 2026-08-05, then tag priority"
posh,POSH,0001825480,marketplace_platform,2021,2021-01-01,2021-12-31,364.0,revenue,us-gaap,RevenueFromContractWithCustomerExcludingAssessedTax,1,326009000.0,326.009,USD,10-K,2021,FY,CY2021,0000950170-22-005057,2022-03-30,2026-08-05T17:15:02+00:00,https://www.sec.gov/Archives/edgar/data/1825480/000095017022005057/,True,"latest valid annual filing by 2026-08-05, then tag priority"
posh,POSH,0001825480,marketplace_platform,2021,,2021-12-31,,total_assets,us-gaap,Assets,1,608673000.0,608.673,USD,10-K,2021,FY,,0000950170-22-005057,2022-03-30,2026-08-05T17:15:02+00:00,https://www.sec.gov/Archives/edgar/data/1825480/000095017022005057/,True,"latest valid annual filing by 2026-08-05, then tag priority"
posh,POSH,0001825480,marketplace_platform,2021,,2021-12-31,,total_equity,us-gaap,StockholdersEquity,1,417619000.0,417.619,USD,10-K,2021,FY,,0000950170-22-005057,2022-03-30,2026-08-05T17:15:02+00:00,https://www.sec.gov/Archives/edgar/data/1825480/000095017022005057/,True,"latest valid annual filing by 2026-08-05, then tag priority"
prpl,PRPL,0001643953,dtc_brand,2017,2017-01-01,2017-12-31,364.0,net_income,us-gaap,NetIncomeLoss,1,-8819000.0,-8.819,USD,10-K,2018,FY,CY2017,0001213900-19-004081,2019-03-14,2026-08-05T17:15:02+00:00,https://www.sec.gov/Archives/edgar/data/1643953/000121390019004081/,True,"latest valid annual filing by 2026-08-05, then tag priority"
prpl,PRPL,0001643953,dtc_brand,2017,2017-01-01,2017-12-31,364.0,revenue,us-gaap,Revenues,4,196859000.0,196.859,USD,10-K,2018,FY,CY2017,0001213900-19-004081,2019-03-14,2026-08-05T17:15:02+00:00,https://www.sec.gov/Archives/edgar/data/1643953/000121390019004081/,True,"latest valid annual filing by 2026-08-05, then tag priority"
prpl,PRPL,0001643953,dtc_brand,2017,,2017-12-31,,total_assets,us-gaap,Assets,1,37661000.0,37.661,USD,10-K,2018,FY,CY2017Q4I,0001213900-19-004081,2019-03-14,2026-08-05T17:15:02+00:00,https://www.sec.gov/Archives/edgar/data/1643953/000121390019004081/,True,"latest valid annual filing by 2026-08-05, then tag priority"
prpl,PRPL,0001643953,dtc_brand,2017,,2017-12-31,,total_equity,us-gaap,StockholdersEquityIncludingPortionAttributableToNoncontrollingInterest,2,-13919000.0,-13.919,USD,10-K,2019,FY,CY2017Q4I,0001213900-20-005734,2020-03-09,2026-08-05T17:15:02+00:00,https://www.sec.gov/Archives/edgar/data/1643953/000121390020005734/,True,"latest valid annual filing by 2026-08-05, then tag priority"
prpl,PRPL,0001643953,dtc_brand,2018,2018-01-01,2018-12-31,364.0,net_income,us-gaap,NetIncomeLoss,1,-4322000.0,-4.322,USD,10-K,2019,FY,CY2018,0001213900-20-005734,2020-03-09,2026-08-05T17:15:02+00:00,https://www.sec.gov/Archives/edgar/data/1643953/000121390020005734/,True,"latest valid annual filing by 2026-08-05, then tag priority"
prpl,PRPL,0001643953,dtc_brand,2018,2018-01-01,2018-12-31,364.0,revenue,us-gaap,Revenues,4,285791000.0,285.791,USD,10-K,2019,FY,CY2018,0001213900-20-005734,2020-03-09,2026-08-05T17:15:02+00:00,https://www.sec.gov/Archives/edgar/data/1643953/000121390020005734/,True,"latest valid annual filing by 2026-08-05, then tag priority"
prpl,PRPL,0001643953,dtc_brand,2018,,2018-12-31,,total_assets,us-gaap,Assets,1,71709000.0,71.709,USD,10-K,2019,FY,CY2018Q4I,0001213900-20-005734,2020-03-09,2026-08-05T17:15:02+00:00,https://www.sec.gov/Archives/edgar/data/1643953/000121390020005734/,True,"latest valid annual filing by 2026-08-05, then tag priority"
prpl,PRPL,0001643953,dtc_brand,2018,,2018-12-31,,total_equity,us-gaap,StockholdersEquityIncludingPortionAttributableToNoncontrollingInterest,2,-7273000.0,-7.273,USD,10-K,2021,FY,CY2018Q4I,0001213900-22-010057,2022-03-01,2026-08-05T17:15:02+00:00,https://www.sec.gov/Archives/edgar/data/1643953/000121390022010057/,True,"latest valid annual filing by 2026-08-05, then tag priority"
prpl,PRPL,0001643953,dtc_brand,2019,2019-01-01,2019-12-31,364.0,net_income,us-gaap,NetIncomeLoss,1,-22573000.0,-22.573,USD,10-K,2021,FY,CY2019,0001213900-22-010057,2022-03-01,2026-08-05T17:15:02+00:00,https://www.sec.gov/Archives/edgar/data/1643953/000121390022010057/,True,"latest valid annual filing by 2026-08-05, then tag priority"
prpl,PRPL,0001643953,dtc_brand,2019,2019-01-01,2019-12-31,364.0,revenue,us-gaap,Revenues,4,428358000.0,428.358,USD,10-K,2021,FY,CY2019,0001213900-22-010057,2022-03-01,2026-08-05T17:15:02+00:00,https://www.sec.gov/Archives/edgar/data/1643953/000121390022010057/,True,"latest valid annual filing by 2026-08-05, then tag priority"
prpl,PRPL,0001643953,dtc_brand,2019,,2019-12-31,,total_assets,us-gaap,Assets,1,147724000.0,147.724,USD,10-K/A,2020,FY,CY2019Q4I,0001213900-21-025411,2021-05-10,2026-08-05T17:15:02+00:00,https://www.sec.gov/Archives/edgar/data/1643953/000121390021025411/,True,"latest valid annual filing by 2026-08-05, then tag priority"
prpl,PRPL,0001643953,dtc_brand,2019,,2019-12-31,,total_equity,us-gaap,StockholdersEquityIncludingPortionAttributableToNoncontrollingInterest,2,-28540000.0,-28.54,USD,10-K,2022,FY,CY2019Q4I,0001213900-23-021852,2023-03-22,2026-08-05T17:15:02+00:00,https://www.sec.gov/Archives/edgar/data/1643953/000121390023021852/,True,"latest valid annual filing by 2026-08-05, then tag priority"
prpl,PRPL,0001643953,dtc_brand,2020,2020-01-01,2020-12-31,365.0,net_income,us-gaap,NetIncomeLoss,1,-236867000.0,-236.867,USD,10-K,2022,FY,CY2020,0001213900-23-021852,2023-03-22,2026-08-05T17:15:02+00:00,https://www.sec.gov/Archives/edgar/data/1643953/000121390023021852/,True,"latest valid annual filing by 2026-08-05, then tag priority"
prpl,PRPL,0001643953,dtc_brand,2020,2020-01-01,2020-12-31,365.0,revenue,us-gaap,Revenues,4,648471000.0,648.471,USD,10-K,2022,FY,CY2020,0001213900-23-021852,2023-03-22,2026-08-05T17:15:02+00:00,https://www.sec.gov/Archives/edgar/data/1643953/000121390023021852/,True,"latest valid annual filing by 2026-08-05, then tag priority"
prpl,PRPL,0001643953,dtc_brand,2020,,2020-12-31,,total_assets,us-gaap,Assets,1,554732000.0,554.732,USD,10-K,2021,FY,CY2020Q4I,0001213900-22-010057,2022-03-01,2026-08-05T17:15:02+00:00,https://www.sec.gov/Archives/edgar/data/1643953/000121390022010057/,True,"latest valid annual filing by 2026-08-05, then tag priority"
prpl,PRPL,0001643953,dtc_brand,2020,,2020-12-31,,total_equity,us-gaap,StockholdersEquityIncludingPortionAttributableToNoncontrollingInterest,2,67541000.0,67.541,USD,10-K,2023,FY,CY2020Q4I,0001213900-24-021861,2024-03-12,2026-08-05T17:15:02+00:00,https://www.sec.gov/Archives/edgar/data/1643953/000121390024021861/,True,"latest valid annual filing by 2026-08-05, then tag priority"
prpl,PRPL,0001643953,dtc_brand,2021,2021-01-01,2021-12-31,364.0,net_income,us-gaap,NetIncomeLoss,1,3114000.0,3.114,USD,10-K,2023,FY,,0001213900-24-021861,2024-03-12,2026-08-05T17:15:02+00:00,https://www.sec.gov/Archives/edgar/data/1643953/000121390024021861/,True,"latest valid annual filing by 2026-08-05, then tag priority"
prpl,PRPL,0001643953,dtc_brand,2021,2021-01-01,2021-12-31,364.0,revenue,us-gaap,Revenues,4,724999000.0,724.999,USD,10-K,2023,FY,CY2021,0001213900-24-021861,2024-03-12,2026-08-05T17:15:02+00:00,https://www.sec.gov/Archives/edgar/data/1643953/000121390024021861/,True,"latest valid annual filing by 2026-08-05, then tag priority"
prpl,PRPL,0001643953,dtc_brand,2021,,2021-12-31,,total_assets,us-gaap,Assets,1,642470000.0,642.47,USD,10-K,2022,FY,CY2021Q4I,0001213900-23-021852,2023-03-22,2026-08-05T17:15:02+00:00,https://www.sec.gov/Archives/edgar/data/1643953/000121390023021852/,True,"latest valid annual filing by 2026-08-05, then tag priority"
prpl,PRPL,0001643953,dtc_brand,2021,,2021-12-31,,total_equity,us-gaap,StockholdersEquityIncludingPortionAttributableToNoncontrollingInterest,2,145618000.0,145.618,USD,10-K,2024,FY,CY2021Q4I,0001213900-25-023815,2025-03-14,2026-08-05T17:15:02+00:00,https://www.sec.gov/Archives/edgar/data/1643953/000121390025023815/,True,"latest valid annual filing by 2026-08-05, then tag priority"
prpl,PRPL,0001643953,dtc_brand,2022,2022-01-01,2022-12-31,364.0,net_income,us-gaap,NetIncomeLoss,1,-92470000.0,-92.47,USD,10-K,2024,FY,,0001213900-25-023815,2025-03-14,2026-08-05T17:15:02+00:00,https://www.sec.gov/Archives/edgar/data/1643953/000121390025023815/,True,"latest valid annual filing by 2026-08-05, then tag priority"
prpl,PRPL,0001643953,dtc_brand,2022,2022-01-01,2022-12-31,364.0,revenue,us-gaap,Revenues,4,573201000.0,573.201,USD,10-K,2024,FY,CY2022,0001213900-25-023815,2025-03-14,2026-08-05T17:15:02+00:00,https://www.sec.gov/Archives/edgar/data/1643953/000121390025023815/,True,"latest valid annual filing by 2026-08-05, then tag priority"
prpl,PRPL,0001643953,dtc_brand,2022,,2022-12-31,,total_assets,us-gaap,Assets,1,433333000.0,433.333,USD,10-K,2023,FY,CY2022Q4I,0001213900-24-021861,2024-03-12,2026-08-05T17:15:02+00:00,https://www.sec.gov/Archives/edgar/data/1643953/000121390024021861/,True,"latest valid annual filing by 2026-08-05, then tag priority"
prpl,PRPL,0001643953,dtc_brand,2022,,2022-12-31,,total_equity,us-gaap,StockholdersEquityIncludingPortionAttributableToNoncontrollingInterest,2,175171000.0,175.171,USD,10-K,2025,FY,CY2022Q4I,0001213900-26-036974,2026-03-31,2026-08-05T17:15:02+00:00,https://www.sec.gov/Archives/edgar/data/1643953/000121390026036974/,True,"latest valid annual filing by 2026-08-05, then tag priority"
prpl,PRPL,0001643953,dtc_brand,2023,2023-01-01,2023-12-31,364.0,net_income,us-gaap,NetIncomeLoss,1,-120757000.0,-120.757,USD,10-K,2025,FY,,0001213900-26-036974,2026-03-31,2026-08-05T17:15:02+00:00,https://www.sec.gov/Archives/edgar/data/1643953/000121390026036974/,True,"latest valid annual filing by 2026-08-05, then tag priority"
prpl,PRPL,0001643953,dtc_brand,2023,2023-01-01,2023-12-31,364.0,revenue,us-gaap,Revenues,4,510541000.0,510.541,USD,10-K,2025,FY,CY2023,0001213900-26-036974,2026-03-31,2026-08-05T17:15:02+00:00,https://www.sec.gov/Archives/edgar/data/1643953/000121390026036974/,True,"latest valid annual filing by 2026-08-05, then tag priority"
prpl,PRPL,0001643953,dtc_brand,2023,,2023-12-31,,total_assets,us-gaap,Assets,1,390625000.0,390.625,USD,10-K,2024,FY,CY2023Q4I,0001213900-25-023815,2025-03-14,2026-08-05T17:15:02+00:00,https://www.sec.gov/Archives/edgar/data/1643953/000121390025023815/,True,"latest valid annual filing by 2026-08-05, then tag priority"
prpl,PRPL,0001643953,dtc_brand,2023,,2023-12-31,,total_equity,us-gaap,StockholdersEquityIncludingPortionAttributableToNoncontrollingInterest,2,115607000.0,115.607,USD,10-K,2025,FY,CY2023Q4I,0001213900-26-036974,2026-03-31,2026-08-05T17:15:02+00:00,https://www.sec.gov/Archives/edgar/data/1643953/000121390026036974/,True,"latest valid annual filing by 2026-08-05, then tag priority"
prpl,PRPL,0001643953,dtc_brand,2024,2024-01-01,2024-12-31,365.0,net_income,us-gaap,NetIncomeLoss,1,-97897000.0,-97.897,USD,10-K,2025,FY,,0001213900-26-036974,2026-03-31,2026-08-05T17:15:02+00:00,https://www.sec.gov/Archives/edgar/data/1643953/000121390026036974/,True,"latest valid annual filing by 2026-08-05, then tag priority"
prpl,PRPL,0001643953,dtc_brand,2024,2024-01-01,2024-12-31,365.0,revenue,us-gaap,Revenues,4,487877000.0,487.877,USD,10-K,2025,FY,CY2024,0001213900-26-036974,2026-03-31,2026-08-05T17:15:02+00:00,https://www.sec.gov/Archives/edgar/data/1643953/000121390026036974/,True,"latest valid annual filing by 2026-08-05, then tag priority"
prpl,PRPL,0001643953,dtc_brand,2024,,2024-12-31,,total_assets,us-gaap,Assets,1,307845000.0,307.845,USD,10-K,2025,FY,CY2024Q4I,0001213900-26-036974,2026-03-31,2026-08-05T17:15:02+00:00,https://www.sec.gov/Archives/edgar/data/1643953/000121390026036974/,True,"latest valid annual filing by 2026-08-05, then tag priority"
prpl,PRPL,0001643953,dtc_brand,2024,,2024-12-31,,total_equity,us-gaap,StockholdersEquity,1,20198000.0,20.198,USD,10-K,2025,FY,CY2024Q4I,0001213900-26-036974,2026-03-31,2026-08-05T17:15:02+00:00,https://www.sec.gov/Archives/edgar/data/1643953/000121390026036974/,True,"latest valid annual filing by 2026-08-05, then tag priority"
pton,PTON,0001639825,dtc_brand,2018,2017-07-01,2018-06-30,364.0,net_income,us-gaap,NetIncomeLoss,1,-47900000.0,-47.9,USD,10-K,2020,FY,CY2018,0001639825-20-000122,2020-09-11,2026-08-05T17:15:02+00:00,https://www.sec.gov/Archives/edgar/data/1639825/000163982520000122/,True,"latest valid annual filing by 2026-08-05, then tag priority"
pton,PTON,0001639825,dtc_brand,2018,2017-07-01,2018-06-30,364.0,revenue,us-gaap,RevenueFromContractWithCustomerExcludingAssessedTax,1,435000000.0,435.0,USD,10-K,2020,FY,CY2018,0001639825-20-000122,2020-09-11,2026-08-05T17:15:02+00:00,https://www.sec.gov/Archives/edgar/data/1639825/000163982520000122/,True,"latest valid annual filing by 2026-08-05, then tag priority"
pton,PTON,0001639825,dtc_brand,2018,,2018-06-30,,total_equity,us-gaap,StockholdersEquity,1,-315600000.0,-315.6,USD,10-K,2021,FY,CY2018Q2I,0001639825-21-000256,2021-08-27,2026-08-05T17:15:02+00:00,https://www.sec.gov/Archives/edgar/data/1639825/000163982521000256/,True,"latest valid annual filing by 2026-08-05, then tag priority"
pton,PTON,0001639825,dtc_brand,2019,2018-07-01,2019-06-30,364.0,net_income,us-gaap,NetIncomeLoss,1,-195600000.0,-195.6,USD,10-K,2021,FY,CY2019,0001639825-21-000256,2021-08-27,2026-08-05T17:15:02+00:00,https://www.sec.gov/Archives/edgar/data/1639825/000163982521000256/,True,"latest valid annual filing by 2026-08-05, then tag priority"
pton,PTON,0001639825,dtc_brand,2019,2018-07-01,2019-06-30,364.0,revenue,us-gaap,RevenueFromContractWithCustomerExcludingAssessedTax,1,915000000.0,915.0,USD,10-K,2021,FY,CY2019,0001639825-21-000256,2021-08-27,2026-08-05T17:15:02+00:00,https://www.sec.gov/Archives/edgar/data/1639825/000163982521000256/,True,"latest valid annual filing by 2026-08-05, then tag priority"
pton,PTON,0001639825,dtc_brand,2019,,2019-06-30,,total_assets,us-gaap,Assets,1,864500000.0,864.5,USD,10-K,2020,FY,CY2019Q2I,0001639825-20-000122,2020-09-11,2026-08-05T17:15:02+00:00,https://www.sec.gov/Archives/edgar/data/1639825/000163982520000122/,True,"latest valid annual filing by 2026-08-05, then tag priority"
pton,PTON,0001639825,dtc_brand,2019,,2019-06-30,,total_equity,us-gaap,StockholdersEquity,1,-538600000.0,-538.6,USD,10-K,2022,FY,CY2019Q2I,0001639825-22-000117,2022-09-07,2026-08-05T17:15:02+00:00,https://www.sec.gov/Archives/edgar/data/1639825/000163982522000117/,True,"latest valid annual filing by 2026-08-05, then tag priority"
pton,PTON,0001639825,dtc_brand,2020,2019-07-01,2020-06-30,365.0,net_income,us-gaap,NetIncomeLoss,1,-71600000.0,-71.6,USD,10-K,2022,FY,CY2020,0001639825-22-000117,2022-09-07,2026-08-05T17:15:02+00:00,https://www.sec.gov/Archives/edgar/data/1639825/000163982522000117/,True,"latest valid annual filing by 2026-08-05, then tag priority"
pton,PTON,0001639825,dtc_brand,2020,2019-07-01,2020-06-30,365.0,revenue,us-gaap,RevenueFromContractWithCustomerExcludingAssessedTax,1,1825900000.0,1825.9,USD,10-K,2022,FY,CY2020,0001639825-22-000117,2022-09-07,2026-08-05T17:15:02+00:00,https://www.sec.gov/Archives/edgar/data/1639825/000163982522000117/,True,"latest valid annual filing by 2026-08-05, then tag priority"
pton,PTON,0001639825,dtc_brand,2020,,2020-06-30,,total_assets,us-gaap,Assets,1,2981800000.0,2981.8,USD,10-K,2021,FY,CY2020Q2I,0001639825-21-000256,2021-08-27,2026-08-05T17:15:02+00:00,https://www.sec.gov/Archives/edgar/data/1639825/000163982521000256/,True,"latest valid annual filing by 2026-08-05, then tag priority"
pton,PTON,0001639825,dtc_brand,2020,,2020-06-30,,total_equity,us-gaap,StockholdersEquity,1,1678000000.0,1678.0,USD,10-K,2023,FY,CY2020Q2I,0001639825-23-000132,2023-08-23,2026-08-05T17:15:02+00:00,https://www.sec.gov/Archives/edgar/data/1639825/000163982523000132/,True,"latest valid annual filing by 2026-08-05, then tag priority"
pton,PTON,0001639825,dtc_brand,2021,2020-07-01,2021-06-30,364.0,net_income,us-gaap,NetIncomeLoss,1,-189000000.0,-189.0,USD,10-K,2023,FY,CY2021,0001639825-23-000132,2023-08-23,2026-08-05T17:15:02+00:00,https://www.sec.gov/Archives/edgar/data/1639825/000163982523000132/,True,"latest valid annual filing by 2026-08-05, then tag priority"
pton,PTON,0001639825,dtc_brand,2021,2020-07-01,2021-06-30,364.0,revenue,us-gaap,RevenueFromContractWithCustomerExcludingAssessedTax,1,4021800000.0,4021.8,USD,10-K,2023,FY,CY2021,0001639825-23-000132,2023-08-23,2026-08-05T17:15:02+00:00,https://www.sec.gov/Archives/edgar/data/1639825/000163982523000132/,True,"latest valid annual filing by 2026-08-05, then tag priority"
pton,PTON,0001639825,dtc_brand,2021,,2021-06-30,,total_assets,us-gaap,Assets,1,4485600000.0,4485.6,USD,10-K,2022,FY,CY2021Q2I,0001639825-22-000117,2022-09-07,2026-08-05T17:15:02+00:00,https://www.sec.gov/Archives/edgar/data/1639825/000163982522000117/,True,"latest valid annual filing by 2026-08-05, then tag priority"
pton,PTON,0001639825,dtc_brand,2021,,2021-06-30,,total_equity,us-gaap,StockholdersEquity,1,1754100000.0,1754.1,USD,10-K,2024,FY,CY2021Q2I,0001639825-24-000128,2024-08-22,2026-08-05T17:15:02+00:00,https://www.sec.gov/Archives/edgar/data/1639825/000163982524000128/,True,"latest valid annual filing by 2026-08-05, then tag priority"
pton,PTON,0001639825,dtc_brand,2022,2021-07-01,2022-06-30,364.0,net_income,us-gaap,NetIncomeLoss,1,-2827700000.0,-2827.7,USD,10-K,2024,FY,CY2022,0001639825-24-000128,2024-08-22,2026-08-05T17:15:02+00:00,https://www.sec.gov/Archives/edgar/data/1639825/000163982524000128/,True,"latest valid annual filing by 2026-08-05, then tag priority"
pton,PTON,0001639825,dtc_brand,2022,2021-07-01,2022-06-30,364.0,revenue,us-gaap,RevenueFromContractWithCustomerExcludingAssessedTax,1,3582100000.0,3582.1,USD,10-K,2024,FY,CY2022,0001639825-24-000128,2024-08-22,2026-08-05T17:15:02+00:00,https://www.sec.gov/Archives/edgar/data/1639825/000163982524000128/,True,"latest valid annual filing by 2026-08-05, then tag priority"
pton,PTON,0001639825,dtc_brand,2022,,2022-06-30,,total_assets,us-gaap,Assets,1,4028500000.0,4028.5,USD,10-K,2023,FY,CY2022Q2I,0001639825-23-000132,2023-08-23,2026-08-05T17:15:02+00:00,https://www.sec.gov/Archives/edgar/data/1639825/000163982523000132/,True,"latest valid annual filing by 2026-08-05, then tag priority"
pton,PTON,0001639825,dtc_brand,2022,,2022-06-30,,total_equity,us-gaap,StockholdersEquity,1,592900000.0,592.9,USD,10-K,2025,FY,CY2022Q2I,0001639825-25-000138,2025-08-07,2026-08-05T17:15:02+00:00,https://www.sec.gov/Archives/edgar/data/1639825/000163982525000138/,True,"latest valid annual filing by 2026-08-05, then tag priority"
pton,PTON,0001639825,dtc_brand,2023,2022-07-01,2023-06-30,364.0,net_income,us-gaap,NetIncomeLoss,1,-1261700000.0,-1261.7,USD,10-K,2025,FY,CY2023,0001639825-25-000138,2025-08-07,2026-08-05T17:15:02+00:00,https://www.sec.gov/Archives/edgar/data/1639825/000163982525000138/,True,"latest valid annual filing by 2026-08-05, then tag priority"
pton,PTON,0001639825,dtc_brand,2023,2022-07-01,2023-06-30,364.0,revenue,us-gaap,RevenueFromContractWithCustomerExcludingAssessedTax,1,2800200000.0,2800.2,USD,10-K,2025,FY,CY2023,0001639825-25-000138,2025-08-07,2026-08-05T17:15:02+00:00,https://www.sec.gov/Archives/edgar/data/1639825/000163982525000138/,True,"latest valid annual filing by 2026-08-05, then tag priority"
pton,PTON,0001639825,dtc_brand,2023,,2023-06-30,,total_assets,us-gaap,Assets,1,2769100000.0,2769.1,USD,10-K,2024,FY,CY2023Q2I,0001639825-24-000128,2024-08-22,2026-08-05T17:15:02+00:00,https://www.sec.gov/Archives/edgar/data/1639825/000163982524000128/,True,"latest valid annual filing by 2026-08-05, then tag priority"
pton,PTON,0001639825,dtc_brand,2023,,2023-06-30,,total_equity,us-gaap,StockholdersEquity,1,-295100000.0,-295.1,USD,10-K,2025,FY,CY2023Q2I,0001639825-25-000138,2025-08-07,2026-08-05T17:15:02+00:00,https://www.sec.gov/Archives/edgar/data/1639825/000163982525000138/,True,"latest valid annual filing by 2026-08-05, then tag priority"
pton,PTON,0001639825,dtc_brand,2024,2023-07-01,2024-06-30,365.0,net_income,us-gaap,NetIncomeLoss,1,-551900000.0,-551.9,USD,10-K,2025,FY,CY2024,0001639825-25-000138,2025-08-07,2026-08-05T17:15:02+00:00,https://www.sec.gov/Archives/edgar/data/1639825/000163982525000138/,True,"latest valid annual filing by 2026-08-05, then tag priority"
pton,PTON,0001639825,dtc_brand,2024,2023-07-01,2024-06-30,365.0,revenue,us-gaap,RevenueFromContractWithCustomerExcludingAssessedTax,1,2700500000.0,2700.5,USD,10-K,2025,FY,CY2024,0001639825-25-000138,2025-08-07,2026-08-05T17:15:02+00:00,https://www.sec.gov/Archives/edgar/data/1639825/000163982525000138/,True,"latest valid annual filing by 2026-08-05, then tag priority"
pton,PTON,0001639825,dtc_brand,2024,,2024-06-30,,total_assets,us-gaap,Assets,1,2185200000.0,2185.2,USD,10-K,2025,FY,CY2024Q2I,0001639825-25-000138,2025-08-07,2026-08-05T17:15:02+00:00,https://www.sec.gov/Archives/edgar/data/1639825/000163982525000138/,True,"latest valid annual filing by 2026-08-05, then tag priority"
pton,PTON,0001639825,dtc_brand,2024,,2024-06-30,,total_equity,us-gaap,StockholdersEquity,1,-519100000.0,-519.1,USD,10-K,2025,FY,,0001639825-25-000138,2025-08-07,2026-08-05T17:15:02+00:00,https://www.sec.gov/Archives/edgar/data/1639825/000163982525000138/,True,"latest valid annual filing by 2026-08-05, then tag priority"
qvcga,QVCGA,0001355096,inventory_led_ecommerce,2017,2017-01-01,2017-12-31,364.0,net_income,us-gaap,NetIncomeLoss,1,2441000000.0,2441.0,USD,10-K,2019,FY,CY2017,0001558370-20-001490,2020-02-26,2026-08-05T17:15:02+00:00,https://www.sec.gov/Archives/edgar/data/1355096/000155837020001490/,True,"latest valid annual filing by 2026-08-05, then tag priority"
qvcga,QVCGA,0001355096,inventory_led_ecommerce,2017,2017-01-01,2017-12-31,364.0,revenue,us-gaap,RevenueFromContractWithCustomerExcludingAssessedTax,1,10404000000.0,10404.0,USD,10-K,2019,FY,CY2017,0001558370-20-001490,2020-02-26,2026-08-05T17:15:02+00:00,https://www.sec.gov/Archives/edgar/data/1355096/000155837020001490/,True,"latest valid annual filing by 2026-08-05, then tag priority"
qvcga,QVCGA,0001355096,inventory_led_ecommerce,2017,,2017-12-31,,total_assets,us-gaap,Assets,1,24122000000.0,24122.0,USD,10-K,2018,FY,CY2017Q4I,0001558370-19-001344,2019-02-28,2026-08-05T17:15:02+00:00,https://www.sec.gov/Archives/edgar/data/1355096/000155837019001344/,True,"latest valid annual filing by 2026-08-05, then tag priority"
qvcga,QVCGA,0001355096,inventory_led_ecommerce,2017,,2017-12-31,,total_equity,us-gaap,StockholdersEquityIncludingPortionAttributableToNoncontrollingInterest,2,10083000000.0,10083.0,USD,10-K,2020,FY,CY2017Q4I,0001558370-21-001983,2021-02-26,2026-08-05T17:15:02+00:00,https://www.sec.gov/Archives/edgar/data/1355096/000155837021001983/,True,"latest valid annual filing by 2026-08-05, then tag priority"
qvcga,QVCGA,0001355096,inventory_led_ecommerce,2018,2018-01-01,2018-12-31,364.0,net_income,us-gaap,NetIncomeLoss,1,916000000.0,916.0,USD,10-K,2020,FY,CY2018,0001558370-21-001983,2021-02-26,2026-08-05T17:15:02+00:00,https://www.sec.gov/Archives/edgar/data/1355096/000155837021001983/,True,"latest valid annual filing by 2026-08-05, then tag priority"
qvcga,QVCGA,0001355096,inventory_led_ecommerce,2018,2018-01-01,2018-12-31,364.0,revenue,us-gaap,RevenueFromContractWithCustomerExcludingAssessedTax,1,14070000000.0,14070.0,USD,10-K,2020,FY,CY2018,0001558370-21-001983,2021-02-26,2026-08-05T17:15:02+00:00,https://www.sec.gov/Archives/edgar/data/1355096/000155837021001983/,True,"latest valid annual filing by 2026-08-05, then tag priority"
qvcga,QVCGA,0001355096,inventory_led_ecommerce,2018,,2018-12-31,,total_assets,us-gaap,Assets,1,17841000000.0,17841.0,USD,10-K,2019,FY,CY2018Q4I,0001558370-20-001490,2020-02-26,2026-08-05T17:15:02+00:00,https://www.sec.gov/Archives/edgar/data/1355096/000155837020001490/,True,"latest valid annual filing by 2026-08-05, then tag priority"
qvcga,QVCGA,0001355096,inventory_led_ecommerce,2018,,2018-12-31,,total_equity,us-gaap,StockholdersEquityIncludingPortionAttributableToNoncontrollingInterest,2,5744000000.0,5744.0,USD,10-K,2021,FY,CY2018Q4I,0001558370-22-002174,2022-02-25,2026-08-05T17:15:02+00:00,https://www.sec.gov/Archives/edgar/data/1355096/000155837022002174/,True,"latest valid annual filing by 2026-08-05, then tag priority"
qvcga,QVCGA,0001355096,inventory_led_ecommerce,2019,2019-01-01,2019-12-31,364.0,net_income,us-gaap,NetIncomeLoss,1,-456000000.0,-456.0,USD,10-K,2021,FY,CY2019,0001558370-22-002174,2022-02-25,2026-08-05T17:15:02+00:00,https://www.sec.gov/Archives/edgar/data/1355096/000155837022002174/,True,"latest valid annual filing by 2026-08-05, then tag priority"
qvcga,QVCGA,0001355096,inventory_led_ecommerce,2019,2019-01-01,2019-12-31,364.0,revenue,us-gaap,RevenueFromContractWithCustomerExcludingAssessedTax,1,13458000000.0,13458.0,USD,10-K,2021,FY,CY2019,0001558370-22-002174,2022-02-25,2026-08-05T17:15:02+00:00,https://www.sec.gov/Archives/edgar/data/1355096/000155837022002174/,True,"latest valid annual filing by 2026-08-05, then tag priority"
qvcga,QVCGA,0001355096,inventory_led_ecommerce,2019,,2019-12-31,,total_assets,us-gaap,Assets,1,17305000000.0,17305.0,USD,10-K,2020,FY,CY2019Q4I,0001558370-21-001983,2021-02-26,2026-08-05T17:15:02+00:00,https://www.sec.gov/Archives/edgar/data/1355096/000155837021001983/,True,"latest valid annual filing by 2026-08-05, then tag priority"
qvcga,QVCGA,0001355096,inventory_led_ecommerce,2019,,2019-12-31,,total_equity,us-gaap,StockholdersEquityIncludingPortionAttributableToNoncontrollingInterest,2,4936000000.0,4936.0,USD,10-K,2022,FY,CY2019Q4I,0001558370-23-002572,2023-03-01,2026-08-05T17:15:02+00:00,https://www.sec.gov/Archives/edgar/data/1355096/000155837023002572/,True,"latest valid annual filing by 2026-08-05, then tag priority"
qvcga,QVCGA,0001355096,inventory_led_ecommerce,2020,2020-01-01,2020-12-31,365.0,net_income,us-gaap,NetIncomeLoss,1,1196000000.0,1196.0,USD,10-K,2022,FY,CY2020,0001558370-23-002572,2023-03-01,2026-08-05T17:15:02+00:00,https://www.sec.gov/Archives/edgar/data/1355096/000155837023002572/,True,"latest valid annual filing by 2026-08-05, then tag priority"
qvcga,QVCGA,0001355096,inventory_led_ecommerce,2020,2020-01-01,2020-12-31,365.0,revenue,us-gaap,RevenueFromContractWithCustomerExcludingAssessedTax,1,14177000000.0,14177.0,USD,10-K,2022,FY,CY2020,0001558370-23-002572,2023-03-01,2026-08-05T17:15:02+00:00,https://www.sec.gov/Archives/edgar/data/1355096/000155837023002572/,True,"latest valid annual filing by 2026-08-05, then tag priority"
qvcga,QVCGA,0001355096,inventory_led_ecommerce,2020,,2020-12-31,,total_assets,us-gaap,Assets,1,16999000000.0,16999.0,USD,10-K,2021,FY,CY2020Q4I,0001558370-22-002174,2022-02-25,2026-08-05T17:15:02+00:00,https://www.sec.gov/Archives/edgar/data/1355096/000155837022002174/,True,"latest valid annual filing by 2026-08-05, then tag priority"
qvcga,QVCGA,0001355096,inventory_led_ecommerce,2020,,2020-12-31,,total_equity,us-gaap,StockholdersEquityIncludingPortionAttributableToNoncontrollingInterest,2,3689000000.0,3689.0,USD,10-K,2023,FY,CY2020Q4I,0001558370-24-002032,2024-02-28,2026-08-05T17:15:02+00:00,https://www.sec.gov/Archives/edgar/data/1355096/000155837024002032/,True,"latest valid annual filing by 2026-08-05, then tag priority"
qvcga,QVCGA,0001355096,inventory_led_ecommerce,2021,2021-01-01,2021-12-31,364.0,net_income,us-gaap,NetIncomeLoss,1,340000000.0,340.0,USD,10-K,2023,FY,CY2021,0001558370-24-002032,2024-02-28,2026-08-05T17:15:02+00:00,https://www.sec.gov/Archives/edgar/data/1355096/000155837024002032/,True,"latest valid annual filing by 2026-08-05, then tag priority"
qvcga,QVCGA,0001355096,inventory_led_ecommerce,2021,2021-01-01,2021-12-31,364.0,revenue,us-gaap,RevenueFromContractWithCustomerExcludingAssessedTax,1,14044000000.0,14044.0,USD,10-K,2023,FY,CY2021,0001558370-24-002032,2024-02-28,2026-08-05T17:15:02+00:00,https://www.sec.gov/Archives/edgar/data/1355096/000155837024002032/,True,"latest valid annual filing by 2026-08-05, then tag priority"
qvcga,QVCGA,0001355096,inventory_led_ecommerce,2021,,2021-12-31,,total_assets,us-gaap,Assets,1,16202000000.0,16202.0,USD,10-K,2022,FY,CY2021Q4I,0001558370-23-002572,2023-03-01,2026-08-05T17:15:02+00:00,https://www.sec.gov/Archives/edgar/data/1355096/000155837023002572/,True,"latest valid annual filing by 2026-08-05, then tag priority"
qvcga,QVCGA,0001355096,inventory_led_ecommerce,2021,,2021-12-31,,total_equity,us-gaap,StockholdersEquityIncludingPortionAttributableToNoncontrollingInterest,2,2986000000.0,2986.0,USD,10-K,2024,FY,CY2021Q4I,0001558370-25-001837,2025-02-27,2026-08-05T17:15:02+00:00,https://www.sec.gov/Archives/edgar/data/1355096/000155837025001837/,True,"latest valid annual filing by 2026-08-05, then tag priority"
qvcga,QVCGA,0001355096,inventory_led_ecommerce,2022,2022-01-01,2022-12-31,364.0,net_income,us-gaap,NetIncomeLoss,1,-2594000000.0,-2594.0,USD,10-K,2024,FY,CY2022,0001558370-25-001837,2025-02-27,2026-08-05T17:15:02+00:00,https://www.sec.gov/Archives/edgar/data/1355096/000155837025001837/,True,"latest valid annual filing by 2026-08-05, then tag priority"
qvcga,QVCGA,0001355096,inventory_led_ecommerce,2022,2022-01-01,2022-12-31,364.0,revenue,us-gaap,RevenueFromContractWithCustomerExcludingAssessedTax,1,12106000000.0,12106.0,USD,10-K,2024,FY,CY2022,0001558370-25-001837,2025-02-27,2026-08-05T17:15:02+00:00,https://www.sec.gov/Archives/edgar/data/1355096/000155837025001837/,True,"latest valid annual filing by 2026-08-05, then tag priority"
qvcga,QVCGA,0001355096,inventory_led_ecommerce,2022,,2022-12-31,,total_assets,us-gaap,Assets,1,12571000000.0,12571.0,USD,10-K,2023,FY,CY2022Q4I,0001558370-24-002032,2024-02-28,2026-08-05T17:15:02+00:00,https://www.sec.gov/Archives/edgar/data/1355096/000155837024002032/,True,"latest valid annual filing by 2026-08-05, then tag priority"
qvcga,QVCGA,0001355096,inventory_led_ecommerce,2022,,2022-12-31,,total_equity,us-gaap,StockholdersEquityIncludingPortionAttributableToNoncontrollingInterest,2,525000000.0,525.0,USD,10-K,2025,FY,CY2022Q4I,0001355096-26-000010,2026-04-15,2026-08-05T17:15:02+00:00,https://www.sec.gov/Archives/edgar/data/1355096/000135509626000010/,True,"latest valid annual filing by 2026-08-05, then tag priority"
qvcga,QVCGA,0001355096,inventory_led_ecommerce,2023,2023-01-01,2023-12-31,364.0,net_income,us-gaap,NetIncomeLoss,1,-145000000.0,-145.0,USD,10-K,2025,FY,CY2023,0001355096-26-000010,2026-04-15,2026-08-05T17:15:02+00:00,https://www.sec.gov/Archives/edgar/data/1355096/000135509626000010/,True,"latest valid annual filing by 2026-08-05, then tag priority"
qvcga,QVCGA,0001355096,inventory_led_ecommerce,2023,2023-01-01,2023-12-31,364.0,revenue,us-gaap,RevenueFromContractWithCustomerExcludingAssessedTax,1,10915000000.0,10915.0,USD,10-K,2025,FY,CY2023,0001355096-26-000010,2026-04-15,2026-08-05T17:15:02+00:00,https://www.sec.gov/Archives/edgar/data/1355096/000135509626000010/,True,"latest valid annual filing by 2026-08-05, then tag priority"
qvcga,QVCGA,0001355096,inventory_led_ecommerce,2023,,2023-12-31,,total_assets,us-gaap,Assets,1,11368000000.0,11368.0,USD,10-K,2024,FY,CY2023Q4I,0001558370-25-001837,2025-02-27,2026-08-05T17:15:02+00:00,https://www.sec.gov/Archives/edgar/data/1355096/000155837025001837/,True,"latest valid annual filing by 2026-08-05, then tag priority"
qvcga,QVCGA,0001355096,inventory_led_ecommerce,2023,,2023-12-31,,total_equity,us-gaap,StockholdersEquityIncludingPortionAttributableToNoncontrollingInterest,2,489000000.0,489.0,USD,10-K,2025,FY,CY2023Q4I,0001355096-26-000010,2026-04-15,2026-08-05T17:15:02+00:00,https://www.sec.gov/Archives/edgar/data/1355096/000135509626000010/,True,"latest valid annual filing by 2026-08-05, then tag priority"
qvcga,QVCGA,0001355096,inventory_led_ecommerce,2024,2024-01-01,2024-12-31,365.0,net_income,us-gaap,NetIncomeLoss,1,-1290000000.0,-1290.0,USD,10-K,2025,FY,CY2024,0001355096-26-000010,2026-04-15,2026-08-05T17:15:02+00:00,https://www.sec.gov/Archives/edgar/data/1355096/000135509626000010/,True,"latest valid annual filing by 2026-08-05, then tag priority"
qvcga,QVCGA,0001355096,inventory_led_ecommerce,2024,2024-01-01,2024-12-31,365.0,revenue,us-gaap,RevenueFromContractWithCustomerExcludingAssessedTax,1,10037000000.0,10037.0,USD,10-K,2025,FY,CY2024,0001355096-26-000010,2026-04-15,2026-08-05T17:15:02+00:00,https://www.sec.gov/Archives/edgar/data/1355096/000135509626000010/,True,"latest valid annual filing by 2026-08-05, then tag priority"
qvcga,QVCGA,0001355096,inventory_led_ecommerce,2024,,2024-12-31,,total_assets,us-gaap,Assets,1,9243000000.0,9243.0,USD,10-K,2025,FY,CY2024Q4I,0001355096-26-000010,2026-04-15,2026-08-05T17:15:02+00:00,https://www.sec.gov/Archives/edgar/data/1355096/000135509626000010/,True,"latest valid annual filing by 2026-08-05, then tag priority"
qvcga,QVCGA,0001355096,inventory_led_ecommerce,2024,,2024-12-31,,total_equity,us-gaap,StockholdersEquity,1,-971000000.0,-971.0,USD,10-K,2025,FY,CY2024Q4I,0001355096-26-000010,2026-04-15,2026-08-05T17:15:02+00:00,https://www.sec.gov/Archives/edgar/data/1355096/000135509626000010/,True,"latest valid annual filing by 2026-08-05, then tag priority"
real,REAL,0001573221,marketplace_platform,2017,2017-01-01,2017-12-31,364.0,net_income,us-gaap,NetIncomeLoss,1,-52308000.0,-52.308,USD,10-K,2019,FY,CY2017,0001564590-20-010131,2020-03-11,2026-08-05T17:15:02+00:00,https://www.sec.gov/Archives/edgar/data/1573221/000156459020010131/,True,"latest valid annual filing by 2026-08-05, then tag priority"
real,REAL,0001573221,marketplace_platform,2017,2017-01-01,2017-12-31,364.0,revenue,us-gaap,RevenueFromContractWithCustomerExcludingAssessedTax,1,137521000.0,137.521,USD,10-K,2019,FY,CY2017,0001564590-20-010131,2020-03-11,2026-08-05T17:15:02+00:00,https://www.sec.gov/Archives/edgar/data/1573221/000156459020010131/,True,"latest valid annual filing by 2026-08-05, then tag priority"
real,REAL,0001573221,marketplace_platform,2017,,2017-12-31,,total_equity,us-gaap,StockholdersEquity,1,-176986000.0,-176.986,USD,10-K,2020,FY,CY2017Q4I,0001564590-21-009884,2021-03-01,2026-08-05T17:15:02+00:00,https://www.sec.gov/Archives/edgar/data/1573221/000156459021009884/,True,"latest valid annual filing by 2026-08-05, then tag priority"
real,REAL,0001573221,marketplace_platform,2018,2018-01-01,2018-12-31,364.0,net_income,us-gaap,NetIncomeLoss,1,-75765000.0,-75.765,USD,10-K,2020,FY,CY2018,0001564590-21-009884,2021-03-01,2026-08-05T17:15:02+00:00,https://www.sec.gov/Archives/edgar/data/1573221/000156459021009884/,True,"latest valid annual filing by 2026-08-05, then tag priority"
real,REAL,0001573221,marketplace_platform,2018,2018-01-01,2018-12-31,364.0,revenue,us-gaap,RevenueFromContractWithCustomerExcludingAssessedTax,1,213732000.0,213.732,USD,10-K,2020,FY,CY2018,0001564590-21-009884,2021-03-01,2026-08-05T17:15:02+00:00,https://www.sec.gov/Archives/edgar/data/1573221/000156459021009884/,True,"latest valid annual filing by 2026-08-05, then tag priority"
real,REAL,0001573221,marketplace_platform,2018,,2018-12-31,,total_assets,us-gaap,Assets,1,135417000.0,135.417,USD,10-K,2019,FY,CY2018Q4I,0001564590-20-010131,2020-03-11,2026-08-05T17:15:02+00:00,https://www.sec.gov/Archives/edgar/data/1573221/000156459020010131/,True,"latest valid annual filing by 2026-08-05, then tag priority"
real,REAL,0001573221,marketplace_platform,2018,,2018-12-31,,total_equity,us-gaap,StockholdersEquity,1,-257690000.0,-257.69,USD,10-K,2021,FY,CY2018Q4I,0001573221-22-000041,2022-02-28,2026-08-05T17:15:02+00:00,https://www.sec.gov/Archives/edgar/data/1573221/000157322122000041/,True,"latest valid annual filing by 2026-08-05, then tag priority"
real,REAL,0001573221,marketplace_platform,2019,2019-01-01,2019-12-31,364.0,net_income,us-gaap,NetIncomeLoss,1,-98429000.0,-98.429,USD,10-K,2021,FY,CY2019,0001573221-22-000041,2022-02-28,2026-08-05T17:15:02+00:00,https://www.sec.gov/Archives/edgar/data/1573221/000157322122000041/,True,"latest valid annual filing by 2026-08-05, then tag priority"
real,REAL,0001573221,marketplace_platform,2019,2019-01-01,2019-12-31,364.0,revenue,us-gaap,RevenueFromContractWithCustomerExcludingAssessedTax,1,316354000.0,316.354,USD,10-K,2021,FY,CY2019,0001573221-22-000041,2022-02-28,2026-08-05T17:15:02+00:00,https://www.sec.gov/Archives/edgar/data/1573221/000157322122000041/,True,"latest valid annual filing by 2026-08-05, then tag priority"
real,REAL,0001573221,marketplace_platform,2019,,2019-12-31,,total_assets,us-gaap,Assets,1,465247000.0,465.247,USD,10-K,2020,FY,CY2019Q4I,0001564590-21-009884,2021-03-01,2026-08-05T17:15:02+00:00,https://www.sec.gov/Archives/edgar/data/1573221/000156459021009884/,True,"latest valid annual filing by 2026-08-05, then tag priority"
real,REAL,0001573221,marketplace_platform,2019,,2019-12-31,,total_equity,us-gaap,StockholdersEquity,1,337245000.0,337.245,USD,10-K,2022,FY,CY2019Q4I,0001573221-23-000022,2023-02-28,2026-08-05T17:15:02+00:00,https://www.sec.gov/Archives/edgar/data/1573221/000157322123000022/,True,"latest valid annual filing by 2026-08-05, then tag priority"
real,REAL,0001573221,marketplace_platform,2020,2020-01-01,2020-12-31,365.0,net_income,us-gaap,NetIncomeLoss,1,-175832000.0,-175.832,USD,10-K,2022,FY,CY2020,0001573221-23-000022,2023-02-28,2026-08-05T17:15:02+00:00,https://www.sec.gov/Archives/edgar/data/1573221/000157322123000022/,True,"latest valid annual filing by 2026-08-05, then tag priority"
real,REAL,0001573221,marketplace_platform,2020,2020-01-01,2020-12-31,365.0,revenue,us-gaap,RevenueFromContractWithCustomerExcludingAssessedTax,1,299949000.0,299.949,USD,10-K,2022,FY,CY2020,0001573221-23-000022,2023-02-28,2026-08-05T17:15:02+00:00,https://www.sec.gov/Archives/edgar/data/1573221/000157322123000022/,True,"latest valid annual filing by 2026-08-05, then tag priority"
real,REAL,0001573221,marketplace_platform,2020,,2020-12-31,,total_assets,us-gaap,Assets,1,605109000.0,605.109,USD,10-K,2021,FY,CY2020Q4I,0001573221-22-000041,2022-02-28,2026-08-05T17:15:02+00:00,https://www.sec.gov/Archives/edgar/data/1573221/000157322122000041/,True,"latest valid annual filing by 2026-08-05, then tag priority"
real,REAL,0001573221,marketplace_platform,2020,,2020-12-31,,total_equity,us-gaap,StockholdersEquity,1,191293000.0,191.293,USD,10-K,2023,FY,CY2020Q4I,0001573221-24-000030,2024-03-01,2026-08-05T17:15:02+00:00,https://www.sec.gov/Archives/edgar/data/1573221/000157322124000030/,True,"latest valid annual filing by 2026-08-05, then tag priority"
real,REAL,0001573221,marketplace_platform,2021,2021-01-01,2021-12-31,364.0,net_income,us-gaap,NetIncomeLoss,1,-236107000.0,-236.107,USD,10-K,2023,FY,,0001573221-24-000030,2024-03-01,2026-08-05T17:15:02+00:00,https://www.sec.gov/Archives/edgar/data/1573221/000157322124000030/,True,"latest valid annual filing by 2026-08-05, then tag priority"
real,REAL,0001573221,marketplace_platform,2021,2021-01-01,2021-12-31,364.0,revenue,us-gaap,RevenueFromContractWithCustomerExcludingAssessedTax,1,467692000.0,467.692,USD,10-K,2023,FY,CY2021,0001573221-24-000030,2024-03-01,2026-08-05T17:15:02+00:00,https://www.sec.gov/Archives/edgar/data/1573221/000157322124000030/,True,"latest valid annual filing by 2026-08-05, then tag priority"
real,REAL,0001573221,marketplace_platform,2021,,2021-12-31,,total_assets,us-gaap,Assets,1,754944000.0,754.944,USD,10-K,2022,FY,CY2021Q4I,0001573221-23-000022,2023-02-28,2026-08-05T17:15:02+00:00,https://www.sec.gov/Archives/edgar/data/1573221/000157322123000022/,True,"latest valid annual filing by 2026-08-05, then tag priority"
real,REAL,0001573221,marketplace_platform,2021,,2021-12-31,,total_equity,us-gaap,StockholdersEquity,1,73128000.0,73.128,USD,10-K,2024,FY,CY2021Q4I,0001573221-25-000013,2025-02-21,2026-08-05T17:15:02+00:00,https://www.sec.gov/Archives/edgar/data/1573221/000157322125000013/,True,"latest valid annual filing by 2026-08-05, then tag priority"
real,REAL,0001573221,marketplace_platform,2022,2022-01-01,2022-12-31,364.0,net_income,us-gaap,NetIncomeLoss,1,-196445000.0,-196.445,USD,10-K,2024,FY,,0001573221-25-000013,2025-02-21,2026-08-05T17:15:02+00:00,https://www.sec.gov/Archives/edgar/data/1573221/000157322125000013/,True,"latest valid annual filing by 2026-08-05, then tag priority"
real,REAL,0001573221,marketplace_platform,2022,2022-01-01,2022-12-31,364.0,revenue,us-gaap,RevenueFromContractWithCustomerExcludingAssessedTax,1,603493000.0,603.493,USD,10-K,2024,FY,CY2022,0001573221-25-000013,2025-02-21,2026-08-05T17:15:02+00:00,https://www.sec.gov/Archives/edgar/data/1573221/000157322125000013/,True,"latest valid annual filing by 2026-08-05, then tag priority"
real,REAL,0001573221,marketplace_platform,2022,,2022-12-31,,total_assets,us-gaap,Assets,1,615641000.0,615.641,USD,10-K,2023,FY,CY2022Q4I,0001573221-24-000030,2024-03-01,2026-08-05T17:15:02+00:00,https://www.sec.gov/Archives/edgar/data/1573221/000157322124000030/,True,"latest valid annual filing by 2026-08-05, then tag priority"
real,REAL,0001573221,marketplace_platform,2022,,2022-12-31,,total_equity,us-gaap,StockholdersEquity,1,-170092000.0,-170.092,USD,10-K,2025,FY,CY2022Q4I,0001573221-26-000010,2026-02-26,2026-08-05T17:15:02+00:00,https://www.sec.gov/Archives/edgar/data/1573221/000157322126000010/,True,"latest valid annual filing by 2026-08-05, then tag priority"
real,REAL,0001573221,marketplace_platform,2023,2023-01-01,2023-12-31,364.0,net_income,us-gaap,NetIncomeLoss,1,-168472000.0,-168.472,USD,10-K,2025,FY,,0001573221-26-000010,2026-02-26,2026-08-05T17:15:02+00:00,https://www.sec.gov/Archives/edgar/data/1573221/000157322126000010/,True,"latest valid annual filing by 2026-08-05, then tag priority"
real,REAL,0001573221,marketplace_platform,2023,2023-01-01,2023-12-31,364.0,revenue,us-gaap,RevenueFromContractWithCustomerExcludingAssessedTax,1,549304000.0,549.304,USD,10-K,2025,FY,CY2023,0001573221-26-000010,2026-02-26,2026-08-05T17:15:02+00:00,https://www.sec.gov/Archives/edgar/data/1573221/000157322126000010/,True,"latest valid annual filing by 2026-08-05, then tag priority"
real,REAL,0001573221,marketplace_platform,2023,,2023-12-31,,total_assets,us-gaap,Assets,1,446923000.0,446.923,USD,10-K,2024,FY,CY2023Q4I,0001573221-25-000013,2025-02-21,2026-08-05T17:15:02+00:00,https://www.sec.gov/Archives/edgar/data/1573221/000157322125000013/,True,"latest valid annual filing by 2026-08-05, then tag priority"
real,REAL,0001573221,marketplace_platform,2023,,2023-12-31,,total_equity,us-gaap,StockholdersEquity,1,-303299000.0,-303.299,USD,10-K,2025,FY,CY2023Q4I,0001573221-26-000010,2026-02-26,2026-08-05T17:15:02+00:00,https://www.sec.gov/Archives/edgar/data/1573221/000157322126000010/,True,"latest valid annual filing by 2026-08-05, then tag priority"
real,REAL,0001573221,marketplace_platform,2024,2024-01-01,2024-12-31,365.0,net_income,us-gaap,NetIncomeLoss,1,-134202000.0,-134.202,USD,10-K,2025,FY,,0001573221-26-000010,2026-02-26,2026-08-05T17:15:02+00:00,https://www.sec.gov/Archives/edgar/data/1573221/000157322126000010/,True,"latest valid annual filing by 2026-08-05, then tag priority"
real,REAL,0001573221,marketplace_platform,2024,2024-01-01,2024-12-31,365.0,revenue,us-gaap,RevenueFromContractWithCustomerExcludingAssessedTax,1,600484000.0,600.484,USD,10-K,2025,FY,CY2024,0001573221-26-000010,2026-02-26,2026-08-05T17:15:02+00:00,https://www.sec.gov/Archives/edgar/data/1573221/000157322126000010/,True,"latest valid annual filing by 2026-08-05, then tag priority"
real,REAL,0001573221,marketplace_platform,2024,,2024-12-31,,total_assets,us-gaap,Assets,1,423095000.0,423.095,USD,10-K,2025,FY,CY2024Q4I,0001573221-26-000010,2026-02-26,2026-08-05T17:15:02+00:00,https://www.sec.gov/Archives/edgar/data/1573221/000157322126000010/,True,"latest valid annual filing by 2026-08-05, then tag priority"
real,REAL,0001573221,marketplace_platform,2024,,2024-12-31,,total_equity,us-gaap,StockholdersEquity,1,-407376000.0,-407.376,USD,10-K,2025,FY,,0001573221-26-000010,2026-02-26,2026-08-05T17:15:02+00:00,https://www.sec.gov/Archives/edgar/data/1573221/000157322126000010/,True,"latest valid annual filing by 2026-08-05, then tag priority"
rent,RENT,0001468327,dtc_brand,2019,2019-02-01,2020-01-31,364.0,net_income,us-gaap,NetIncomeLoss,1,-153900000.0,-153.9,USD,10-K,2021,FY,CY2019,0001468327-22-000047,2022-04-14,2026-08-05T17:15:02+00:00,https://www.sec.gov/Archives/edgar/data/1468327/000146832722000047/,True,"latest valid annual filing by 2026-08-05, then tag priority"
rent,RENT,0001468327,dtc_brand,2019,2019-02-01,2020-01-31,364.0,revenue,us-gaap,RevenueFromContractWithCustomerExcludingAssessedTax,1,21500000.0,21.5,USD,10-K,2021,FY,CY2019,0001468327-22-000047,2022-04-14,2026-08-05T17:15:02+00:00,https://www.sec.gov/Archives/edgar/data/1468327/000146832722000047/,True,"latest valid annual filing by 2026-08-05, then tag priority"
rent,RENT,0001468327,dtc_brand,2019,,2020-01-31,,total_equity,us-gaap,StockholdersEquity,1,-364300000.0,-364.3,USD,10-K,2022,FY,CY2019Q4I,0001468327-23-000051,2023-04-13,2026-08-05T17:15:02+00:00,https://www.sec.gov/Archives/edgar/data/1468327/000146832723000051/,True,"latest valid annual filing by 2026-08-05, then tag priority"
rent,RENT,0001468327,dtc_brand,2020,2020-02-01,2021-01-31,365.0,net_income,us-gaap,NetIncomeLoss,1,-171100000.0,-171.1,USD,10-K,2022,FY,CY2020,0001468327-23-000051,2023-04-13,2026-08-05T17:15:02+00:00,https://www.sec.gov/Archives/edgar/data/1468327/000146832723000051/,True,"latest valid annual filing by 2026-08-05, then tag priority"
rent,RENT,0001468327,dtc_brand,2020,2020-02-01,2021-01-31,365.0,revenue,us-gaap,RevenueFromContractWithCustomerExcludingAssessedTax,1,21600000.0,21.6,USD,10-K,2022,FY,CY2020,0001468327-23-000051,2023-04-13,2026-08-05T17:15:02+00:00,https://www.sec.gov/Archives/edgar/data/1468327/000146832723000051/,True,"latest valid annual filing by 2026-08-05, then tag priority"
rent,RENT,0001468327,dtc_brand,2020,,2021-01-31,,total_assets,us-gaap,Assets,1,320700000.0,320.7,USD,10-K,2021,FY,CY2020Q4I,0001468327-22-000047,2022-04-14,2026-08-05T17:15:02+00:00,https://www.sec.gov/Archives/edgar/data/1468327/000146832722000047/,True,"latest valid annual filing by 2026-08-05, then tag priority"
rent,RENT,0001468327,dtc_brand,2020,,2021-01-31,,total_equity,us-gaap,StockholdersEquity,1,-526700000.0,-526.7,USD,10-K,2023,FY,CY2020Q4I,0001468327-24-000114,2024-04-11,2026-08-05T17:15:02+00:00,https://www.sec.gov/Archives/edgar/data/1468327/000146832724000114/,True,"latest valid annual filing by 2026-08-05, then tag priority"
rent,RENT,0001468327,dtc_brand,2021,2021-02-01,2022-01-31,364.0,net_income,us-gaap,NetIncomeLoss,1,-211800000.0,-211.8,USD,10-K,2023,FY,CY2021,0001468327-24-000114,2024-04-11,2026-08-05T17:15:02+00:00,https://www.sec.gov/Archives/edgar/data/1468327/000146832724000114/,True,"latest valid annual filing by 2026-08-05, then tag priority"
rent,RENT,0001468327,dtc_brand,2021,2021-02-01,2022-01-31,364.0,revenue,us-gaap,RevenueFromContractWithCustomerExcludingAssessedTax,1,17500000.0,17.5,USD,10-K,2023,FY,CY2021,0001468327-24-000114,2024-04-11,2026-08-05T17:15:02+00:00,https://www.sec.gov/Archives/edgar/data/1468327/000146832724000114/,True,"latest valid annual filing by 2026-08-05, then tag priority"
rent,RENT,0001468327,dtc_brand,2021,,2022-01-31,,total_assets,us-gaap,Assets,1,447500000.0,447.5,USD,10-K,2022,FY,CY2021Q4I,0001468327-23-000051,2023-04-13,2026-08-05T17:15:02+00:00,https://www.sec.gov/Archives/edgar/data/1468327/000146832723000051/,True,"latest valid annual filing by 2026-08-05, then tag priority"
rent,RENT,0001468327,dtc_brand,2021,,2022-01-31,,total_equity,us-gaap,StockholdersEquity,1,71100000.0,71.1,USD,10-K,2024,FY,CY2021Q4I,0001468327-25-000056,2025-04-15,2026-08-05T17:15:02+00:00,https://www.sec.gov/Archives/edgar/data/1468327/000146832725000056/,True,"latest valid annual filing by 2026-08-05, then tag priority"
rent,RENT,0001468327,dtc_brand,2022,2022-02-01,2023-01-31,364.0,net_income,us-gaap,NetIncomeLoss,1,-138700000.0,-138.7,USD,10-K,2024,FY,CY2022,0001468327-25-000056,2025-04-15,2026-08-05T17:15:02+00:00,https://www.sec.gov/Archives/edgar/data/1468327/000146832725000056/,True,"latest valid annual filing by 2026-08-05, then tag priority"
rent,RENT,0001468327,dtc_brand,2022,2022-02-01,2023-01-31,364.0,revenue,us-gaap,RevenueFromContractWithCustomerExcludingAssessedTax,1,27800000.0,27.8,USD,10-K,2024,FY,CY2022,0001468327-25-000056,2025-04-15,2026-08-05T17:15:02+00:00,https://www.sec.gov/Archives/edgar/data/1468327/000146832725000056/,True,"latest valid annual filing by 2026-08-05, then tag priority"
rent,RENT,0001468327,dtc_brand,2022,,2023-01-31,,total_assets,us-gaap,Assets,1,336200000.0,336.2,USD,10-K,2023,FY,CY2022Q4I,0001468327-24-000114,2024-04-11,2026-08-05T17:15:02+00:00,https://www.sec.gov/Archives/edgar/data/1468327/000146832724000114/,True,"latest valid annual filing by 2026-08-05, then tag priority"
rent,RENT,0001468327,dtc_brand,2022,,2023-01-31,,total_equity,us-gaap,StockholdersEquity,1,-35300000.0,-35.3,USD,10-K,2025,FY,CY2022Q4I,0001468327-26-000020,2026-04-14,2026-08-05T17:15:02+00:00,https://www.sec.gov/Archives/edgar/data/1468327/000146832726000020/,True,"latest valid annual filing by 2026-08-05, then tag priority"
rent,RENT,0001468327,dtc_brand,2023,2023-02-01,2024-01-31,364.0,net_income,us-gaap,NetIncomeLoss,1,-113200000.0,-113.2,USD,10-K,2025,FY,CY2023,0001468327-26-000020,2026-04-14,2026-08-05T17:15:02+00:00,https://www.sec.gov/Archives/edgar/data/1468327/000146832726000020/,True,"latest valid annual filing by 2026-08-05, then tag priority"
rent,RENT,0001468327,dtc_brand,2023,2023-02-01,2024-01-31,364.0,revenue,us-gaap,RevenueFromContractWithCustomerExcludingAssessedTax,1,33300000.0,33.3,USD,10-K,2025,FY,CY2023,0001468327-26-000020,2026-04-14,2026-08-05T17:15:02+00:00,https://www.sec.gov/Archives/edgar/data/1468327/000146832726000020/,True,"latest valid annual filing by 2026-08-05, then tag priority"
rent,RENT,0001468327,dtc_brand,2023,,2024-01-31,,total_assets,us-gaap,Assets,1,278500000.0,278.5,USD,10-K,2024,FY,CY2023Q4I,0001468327-25-000056,2025-04-15,2026-08-05T17:15:02+00:00,https://www.sec.gov/Archives/edgar/data/1468327/000146832725000056/,True,"latest valid annual filing by 2026-08-05, then tag priority"
rent,RENT,0001468327,dtc_brand,2023,,2024-01-31,,total_equity,us-gaap,StockholdersEquity,1,-122300000.0,-122.3,USD,10-K,2025,FY,CY2023Q4I,0001468327-26-000020,2026-04-14,2026-08-05T17:15:02+00:00,https://www.sec.gov/Archives/edgar/data/1468327/000146832726000020/,True,"latest valid annual filing by 2026-08-05, then tag priority"
rent,RENT,0001468327,dtc_brand,2024,2024-02-01,2025-01-31,365.0,net_income,us-gaap,NetIncomeLoss,1,-69900000.0,-69.9,USD,10-K,2025,FY,CY2024,0001468327-26-000020,2026-04-14,2026-08-05T17:15:02+00:00,https://www.sec.gov/Archives/edgar/data/1468327/000146832726000020/,True,"latest valid annual filing by 2026-08-05, then tag priority"
rent,RENT,0001468327,dtc_brand,2024,2024-02-01,2025-01-31,365.0,revenue,us-gaap,RevenueFromContractWithCustomerExcludingAssessedTax,1,40700000.0,40.7,USD,10-K,2025,FY,CY2024,0001468327-26-000020,2026-04-14,2026-08-05T17:15:02+00:00,https://www.sec.gov/Archives/edgar/data/1468327/000146832726000020/,True,"latest valid annual filing by 2026-08-05, then tag priority"
rent,RENT,0001468327,dtc_brand,2024,,2025-01-31,,total_assets,us-gaap,Assets,1,240000000.0,240.0,USD,10-K,2025,FY,CY2024Q4I,0001468327-26-000020,2026-04-14,2026-08-05T17:15:02+00:00,https://www.sec.gov/Archives/edgar/data/1468327/000146832726000020/,True,"latest valid annual filing by 2026-08-05, then tag priority"
rent,RENT,0001468327,dtc_brand,2024,,2025-01-31,,total_equity,us-gaap,StockholdersEquity,1,-182500000.0,-182.5,USD,10-K,2025,FY,,0001468327-26-000020,2026-04-14,2026-08-05T17:15:02+00:00,https://www.sec.gov/Archives/edgar/data/1468327/000146832726000020/,True,"latest valid annual filing by 2026-08-05, then tag priority"
rvlv,RVLV,0001746618,dtc_brand,2017,2017-01-01,2017-12-31,364.0,net_income,us-gaap,NetIncomeLoss,1,5347000.0,5.347,USD,10-K,2019,FY,CY2017,0001564590-20-006806,2020-02-26,2026-08-05T17:15:02+00:00,https://www.sec.gov/Archives/edgar/data/1746618/000156459020006806/,True,"latest valid annual filing by 2026-08-05, then tag priority"
rvlv,RVLV,0001746618,dtc_brand,2017,2017-01-01,2017-12-31,364.0,revenue,us-gaap,RevenueFromContractWithCustomerExcludingAssessedTax,1,399597000.0,399.597,USD,10-K,2019,FY,CY2017,0001564590-20-006806,2020-02-26,2026-08-05T17:15:02+00:00,https://www.sec.gov/Archives/edgar/data/1746618/000156459020006806/,True,"latest valid annual filing by 2026-08-05, then tag priority"
rvlv,RVLV,0001746618,dtc_brand,2017,,2017-12-31,,total_equity,us-gaap,StockholdersEquity,1,47988000.0,47.988,USD,10-K,2020,FY,CY2017Q4I,0001564590-21-008799,2021-02-25,2026-08-05T17:15:02+00:00,https://www.sec.gov/Archives/edgar/data/1746618/000156459021008799/,True,"latest valid annual filing by 2026-08-05, then tag priority"
rvlv,RVLV,0001746618,dtc_brand,2018,2018-01-01,2018-12-31,364.0,net_income,us-gaap,NetIncomeLoss,1,30685000.0,30.685,USD,10-K,2020,FY,CY2018,0001564590-21-008799,2021-02-25,2026-08-05T17:15:02+00:00,https://www.sec.gov/Archives/edgar/data/1746618/000156459021008799/,True,"latest valid annual filing by 2026-08-05, then tag priority"
rvlv,RVLV,0001746618,dtc_brand,2018,2018-01-01,2018-12-31,364.0,revenue,us-gaap,RevenueFromContractWithCustomerExcludingAssessedTax,1,498739000.0,498.739,USD,10-K,2020,FY,CY2018,0001564590-21-008799,2021-02-25,2026-08-05T17:15:02+00:00,https://www.sec.gov/Archives/edgar/data/1746618/000156459021008799/,True,"latest valid annual filing by 2026-08-05, then tag priority"
rvlv,RVLV,0001746618,dtc_brand,2018,,2018-12-31,,total_assets,us-gaap,Assets,1,162074000.0,162.074,USD,10-K,2019,FY,CY2018Q4I,0001564590-20-006806,2020-02-26,2026-08-05T17:15:02+00:00,https://www.sec.gov/Archives/edgar/data/1746618/000156459020006806/,True,"latest valid annual filing by 2026-08-05, then tag priority"
rvlv,RVLV,0001746618,dtc_brand,2018,,2018-12-31,,total_equity,us-gaap,StockholdersEquity,1,79818000.0,79.818,USD,10-K,2021,FY,CY2018Q4I,0000950170-22-002309,2022-02-28,2026-08-05T17:15:02+00:00,https://www.sec.gov/Archives/edgar/data/1746618/000095017022002309/,True,"latest valid annual filing by 2026-08-05, then tag priority"
rvlv,RVLV,0001746618,dtc_brand,2019,2019-01-01,2019-12-31,364.0,net_income,us-gaap,NetIncomeLoss,1,35667000.0,35.667,USD,10-K,2021,FY,CY2019,0000950170-22-002309,2022-02-28,2026-08-05T17:15:02+00:00,https://www.sec.gov/Archives/edgar/data/1746618/000095017022002309/,True,"latest valid annual filing by 2026-08-05, then tag priority"
rvlv,RVLV,0001746618,dtc_brand,2019,2019-01-01,2019-12-31,364.0,revenue,us-gaap,RevenueFromContractWithCustomerExcludingAssessedTax,1,600993000.0,600.993,USD,10-K,2021,FY,CY2019,0000950170-22-002309,2022-02-28,2026-08-05T17:15:02+00:00,https://www.sec.gov/Archives/edgar/data/1746618/000095017022002309/,True,"latest valid annual filing by 2026-08-05, then tag priority"
rvlv,RVLV,0001746618,dtc_brand,2019,,2019-12-31,,total_assets,us-gaap,Assets,1,232290000.0,232.29,USD,10-K,2020,FY,CY2019Q4I,0001564590-21-008799,2021-02-25,2026-08-05T17:15:02+00:00,https://www.sec.gov/Archives/edgar/data/1746618/000156459021008799/,True,"latest valid annual filing by 2026-08-05, then tag priority"
rvlv,RVLV,0001746618,dtc_brand,2019,,2019-12-31,,total_equity,us-gaap,StockholdersEquity,1,130764000.0,130.764,USD,10-K,2022,FY,CY2019Q4I,0000950170-23-004138,2023-02-23,2026-08-05T17:15:02+00:00,https://www.sec.gov/Archives/edgar/data/1746618/000095017023004138/,True,"latest valid annual filing by 2026-08-05, then tag priority"
rvlv,RVLV,0001746618,dtc_brand,2020,2020-01-01,2020-12-31,365.0,net_income,us-gaap,NetIncomeLoss,1,56790000.0,56.79,USD,10-K,2022,FY,CY2020,0000950170-23-004138,2023-02-23,2026-08-05T17:15:02+00:00,https://www.sec.gov/Archives/edgar/data/1746618/000095017023004138/,True,"latest valid annual filing by 2026-08-05, then tag priority"
rvlv,RVLV,0001746618,dtc_brand,2020,2020-01-01,2020-12-31,365.0,revenue,us-gaap,RevenueFromContractWithCustomerExcludingAssessedTax,1,580649000.0,580.649,USD,10-K,2022,FY,CY2020,0000950170-23-004138,2023-02-23,2026-08-05T17:15:02+00:00,https://www.sec.gov/Archives/edgar/data/1746618/000095017023004138/,True,"latest valid annual filing by 2026-08-05, then tag priority"
rvlv,RVLV,0001746618,dtc_brand,2020,,2020-12-31,,total_assets,us-gaap,Assets,1,305752000.0,305.752,USD,10-K,2021,FY,CY2020Q4I,0000950170-22-002309,2022-02-28,2026-08-05T17:15:02+00:00,https://www.sec.gov/Archives/edgar/data/1746618/000095017022002309/,True,"latest valid annual filing by 2026-08-05, then tag priority"
rvlv,RVLV,0001746618,dtc_brand,2020,,2020-12-31,,total_equity,us-gaap,StockholdersEquity,1,200064000.0,200.064,USD,10-K,2023,FY,CY2020Q4I,0000950170-24-021244,2024-02-27,2026-08-05T17:15:02+00:00,https://www.sec.gov/Archives/edgar/data/1746618/000095017024021244/,True,"latest valid annual filing by 2026-08-05, then tag priority"
rvlv,RVLV,0001746618,dtc_brand,2021,2021-01-01,2021-12-31,364.0,net_income,us-gaap,NetIncomeLoss,1,99840000.0,99.84,USD,10-K,2023,FY,CY2021,0000950170-24-021244,2024-02-27,2026-08-05T17:15:02+00:00,https://www.sec.gov/Archives/edgar/data/1746618/000095017024021244/,True,"latest valid annual filing by 2026-08-05, then tag priority"
rvlv,RVLV,0001746618,dtc_brand,2021,2021-01-01,2021-12-31,364.0,revenue,us-gaap,RevenueFromContractWithCustomerExcludingAssessedTax,1,891390000.0,891.39,USD,10-K,2023,FY,CY2021,0000950170-24-021244,2024-02-27,2026-08-05T17:15:02+00:00,https://www.sec.gov/Archives/edgar/data/1746618/000095017024021244/,True,"latest valid annual filing by 2026-08-05, then tag priority"
rvlv,RVLV,0001746618,dtc_brand,2021,,2021-12-31,,total_assets,us-gaap,Assets,1,480413000.0,480.413,USD,10-K,2022,FY,CY2021Q4I,0000950170-23-004138,2023-02-23,2026-08-05T17:15:02+00:00,https://www.sec.gov/Archives/edgar/data/1746618/000095017023004138/,True,"latest valid annual filing by 2026-08-05, then tag priority"
rvlv,RVLV,0001746618,dtc_brand,2021,,2021-12-31,,total_equity,us-gaap,StockholdersEquityIncludingPortionAttributableToNoncontrollingInterest,2,317014000.0,317.014,USD,10-K,2024,FY,CY2021Q4I,0000950170-25-026748,2025-02-25,2026-08-05T17:15:02+00:00,https://www.sec.gov/Archives/edgar/data/1746618/000095017025026748/,True,"latest valid annual filing by 2026-08-05, then tag priority"
rvlv,RVLV,0001746618,dtc_brand,2022,2022-01-01,2022-12-31,364.0,net_income,us-gaap,NetIncomeLoss,1,58697000.0,58.697,USD,10-K,2024,FY,CY2022,0000950170-25-026748,2025-02-25,2026-08-05T17:15:02+00:00,https://www.sec.gov/Archives/edgar/data/1746618/000095017025026748/,True,"latest valid annual filing by 2026-08-05, then tag priority"
rvlv,RVLV,0001746618,dtc_brand,2022,2022-01-01,2022-12-31,364.0,revenue,us-gaap,RevenueFromContractWithCustomerExcludingAssessedTax,1,1101416000.0,1101.416,USD,10-K,2024,FY,CY2022,0000950170-25-026748,2025-02-25,2026-08-05T17:15:02+00:00,https://www.sec.gov/Archives/edgar/data/1746618/000095017025026748/,True,"latest valid annual filing by 2026-08-05, then tag priority"
rvlv,RVLV,0001746618,dtc_brand,2022,,2022-12-31,,total_assets,us-gaap,Assets,1,579318000.0,579.318,USD,10-K,2023,FY,CY2022Q4I,0000950170-24-021244,2024-02-27,2026-08-05T17:15:02+00:00,https://www.sec.gov/Archives/edgar/data/1746618/000095017024021244/,True,"latest valid annual filing by 2026-08-05, then tag priority"
rvlv,RVLV,0001746618,dtc_brand,2022,,2022-12-31,,total_equity,us-gaap,StockholdersEquityIncludingPortionAttributableToNoncontrollingInterest,2,379573000.0,379.573,USD,10-K,2025,FY,CY2022Q4I,0001193125-26-071307,2026-02-25,2026-08-05T17:15:02+00:00,https://www.sec.gov/Archives/edgar/data/1746618/000119312526071307/,True,"latest valid annual filing by 2026-08-05, then tag priority"
rvlv,RVLV,0001746618,dtc_brand,2023,2023-01-01,2023-12-31,364.0,net_income,us-gaap,NetIncomeLoss,1,28147000.0,28.147,USD,10-K,2025,FY,CY2023,0001193125-26-071307,2026-02-25,2026-08-05T17:15:02+00:00,https://www.sec.gov/Archives/edgar/data/1746618/000119312526071307/,True,"latest valid annual filing by 2026-08-05, then tag priority"
rvlv,RVLV,0001746618,dtc_brand,2023,2023-01-01,2023-12-31,364.0,revenue,us-gaap,RevenueFromContractWithCustomerExcludingAssessedTax,1,1068719000.0,1068.719,USD,10-K,2025,FY,CY2023,0001193125-26-071307,2026-02-25,2026-08-05T17:15:02+00:00,https://www.sec.gov/Archives/edgar/data/1746618/000119312526071307/,True,"latest valid annual filing by 2026-08-05, then tag priority"
rvlv,RVLV,0001746618,dtc_brand,2023,,2023-12-31,,total_assets,us-gaap,Assets,1,608886000.0,608.886,USD,10-K,2024,FY,CY2023Q4I,0000950170-25-026748,2025-02-25,2026-08-05T17:15:02+00:00,https://www.sec.gov/Archives/edgar/data/1746618/000095017025026748/,True,"latest valid annual filing by 2026-08-05, then tag priority"
rvlv,RVLV,0001746618,dtc_brand,2023,,2023-12-31,,total_equity,us-gaap,StockholdersEquityIncludingPortionAttributableToNoncontrollingInterest,2,385140000.0,385.14,USD,10-K,2025,FY,CY2023Q4I,0001193125-26-071307,2026-02-25,2026-08-05T17:15:02+00:00,https://www.sec.gov/Archives/edgar/data/1746618/000119312526071307/,True,"latest valid annual filing by 2026-08-05, then tag priority"
rvlv,RVLV,0001746618,dtc_brand,2024,2024-01-01,2024-12-31,365.0,net_income,us-gaap,NetIncomeLoss,1,49557000.0,49.557,USD,10-K,2025,FY,CY2024,0001193125-26-071307,2026-02-25,2026-08-05T17:15:02+00:00,https://www.sec.gov/Archives/edgar/data/1746618/000119312526071307/,True,"latest valid annual filing by 2026-08-05, then tag priority"
rvlv,RVLV,0001746618,dtc_brand,2024,2024-01-01,2024-12-31,365.0,revenue,us-gaap,RevenueFromContractWithCustomerExcludingAssessedTax,1,1129911000.0,1129.911,USD,10-K,2025,FY,CY2024,0001193125-26-071307,2026-02-25,2026-08-05T17:15:02+00:00,https://www.sec.gov/Archives/edgar/data/1746618/000119312526071307/,True,"latest valid annual filing by 2026-08-05, then tag priority"
rvlv,RVLV,0001746618,dtc_brand,2024,,2024-12-31,,total_assets,us-gaap,Assets,1,665547000.0,665.547,USD,10-K,2025,FY,CY2024Q4I,0001193125-26-071307,2026-02-25,2026-08-05T17:15:02+00:00,https://www.sec.gov/Archives/edgar/data/1746618/000119312526071307/,True,"latest valid annual filing by 2026-08-05, then tag priority"
rvlv,RVLV,0001746618,dtc_brand,2024,,2024-12-31,,total_equity,us-gaap,StockholdersEquityIncludingPortionAttributableToNoncontrollingInterest,2,437785000.0,437.785,USD,10-K,2025,FY,,0001193125-26-071307,2026-02-25,2026-08-05T17:15:02+00:00,https://www.sec.gov/Archives/edgar/data/1746618/000119312526071307/,True,"latest valid annual filing by 2026-08-05, then tag priority"
sdc,SDC,0001775625,dtc_brand,2017,2017-01-01,2017-12-31,364.0,net_income,us-gaap,NetIncomeLoss,1,-32778000.0,-32.778,USD,10-K,2019,FY,CY2017,0001775625-20-000007,2020-03-10,2026-08-05T17:15:02+00:00,https://www.sec.gov/Archives/edgar/data/1775625/000177562520000007/,True,"latest valid annual filing by 2026-08-05, then tag priority"
sdc,SDC,0001775625,dtc_brand,2017,2017-01-01,2017-12-31,364.0,revenue,us-gaap,RevenueFromContractWithCustomerIncludingAssessedTax,2,145954000.0,145.954,USD,10-K,2019,FY,CY2017,0001775625-20-000007,2020-03-10,2026-08-05T17:15:02+00:00,https://www.sec.gov/Archives/edgar/data/1775625/000177562520000007/,True,"latest valid annual filing by 2026-08-05, then tag priority"
sdc,SDC,0001775625,dtc_brand,2017,,2017-12-31,,total_equity,us-gaap,StockholdersEquityIncludingPortionAttributableToNoncontrollingInterest,2,-33854000.0,-33.854,USD,10-K,2020,FY,CY2017Q4I,0001775625-21-000025,2021-03-12,2026-08-05T17:15:02+00:00,https://www.sec.gov/Archives/edgar/data/1775625/000177562521000025/,True,"latest valid annual filing by 2026-08-05, then tag priority"
sdc,SDC,0001775625,dtc_brand,2018,2018-01-01,2018-12-31,364.0,net_income,us-gaap,NetIncomeLoss,1,-74771000.0,-74.771,USD,10-K,2020,FY,CY2018,0001775625-21-000025,2021-03-12,2026-08-05T17:15:02+00:00,https://www.sec.gov/Archives/edgar/data/1775625/000177562521000025/,True,"latest valid annual filing by 2026-08-05, then tag priority"
sdc,SDC,0001775625,dtc_brand,2018,2018-01-01,2018-12-31,364.0,revenue,us-gaap,RevenueFromContractWithCustomerIncludingAssessedTax,2,423234000.0,423.234,USD,10-K,2020,FY,CY2018,0001775625-21-000025,2021-03-12,2026-08-05T17:15:02+00:00,https://www.sec.gov/Archives/edgar/data/1775625/000177562521000025/,True,"latest valid annual filing by 2026-08-05, then tag priority"
sdc,SDC,0001775625,dtc_brand,2018,,2018-12-31,,total_assets,us-gaap,Assets,1,555194000.0,555.194,USD,10-K,2019,FY,CY2018Q4I,0001775625-20-000007,2020-03-10,2026-08-05T17:15:02+00:00,https://www.sec.gov/Archives/edgar/data/1775625/000177562520000007/,True,"latest valid annual filing by 2026-08-05, then tag priority"
sdc,SDC,0001775625,dtc_brand,2018,,2018-12-31,,total_equity,us-gaap,StockholdersEquityIncludingPortionAttributableToNoncontrollingInterest,2,298197000.0,298.197,USD,10-K,2021,FY,CY2018Q4I,0001775625-22-000020,2022-03-01,2026-08-05T17:15:02+00:00,https://www.sec.gov/Archives/edgar/data/1775625/000177562522000020/,True,"latest valid annual filing by 2026-08-05, then tag priority"
sdc,SDC,0001775625,dtc_brand,2019,2019-01-01,2019-12-31,364.0,net_income,us-gaap,NetIncomeLoss,1,-114513000.0,-114.513,USD,10-K,2021,FY,CY2019,0001775625-22-000020,2022-03-01,2026-08-05T17:15:02+00:00,https://www.sec.gov/Archives/edgar/data/1775625/000177562522000020/,True,"latest valid annual filing by 2026-08-05, then tag priority"
sdc,SDC,0001775625,dtc_brand,2019,2019-01-01,2019-12-31,364.0,revenue,us-gaap,RevenueFromContractWithCustomerIncludingAssessedTax,2,750428000.0,750.428,USD,10-K,2021,FY,CY2019,0001775625-22-000020,2022-03-01,2026-08-05T17:15:02+00:00,https://www.sec.gov/Archives/edgar/data/1775625/000177562522000020/,True,"latest valid annual filing by 2026-08-05, then tag priority"
sdc,SDC,0001775625,dtc_brand,2019,,2019-12-31,,total_assets,us-gaap,Assets,1,885645000.0,885.645,USD,10-K,2020,FY,CY2019Q4I,0001775625-21-000025,2021-03-12,2026-08-05T17:15:02+00:00,https://www.sec.gov/Archives/edgar/data/1775625/000177562521000025/,True,"latest valid annual filing by 2026-08-05, then tag priority"
sdc,SDC,0001775625,dtc_brand,2019,,2019-12-31,,total_equity,us-gaap,StockholdersEquityIncludingPortionAttributableToNoncontrollingInterest,2,458285000.0,458.285,USD,10-K,2022,FY,CY2019Q4I,0001775625-23-000018,2023-02-28,2026-08-05T17:15:02+00:00,https://www.sec.gov/Archives/edgar/data/1775625/000177562523000018/,True,"latest valid annual filing by 2026-08-05, then tag priority"
sdc,SDC,0001775625,dtc_brand,2020,2020-01-01,2020-12-31,365.0,net_income,us-gaap,NetIncomeLoss,1,-78366000.0,-78.366,USD,10-K,2022,FY,CY2020,0001775625-23-000018,2023-02-28,2026-08-05T17:15:02+00:00,https://www.sec.gov/Archives/edgar/data/1775625/000177562523000018/,True,"latest valid annual filing by 2026-08-05, then tag priority"
sdc,SDC,0001775625,dtc_brand,2020,2020-01-01,2020-12-31,365.0,revenue,us-gaap,RevenueFromContractWithCustomerIncludingAssessedTax,2,656780000.0,656.78,USD,10-K,2022,FY,CY2020,0001775625-23-000018,2023-02-28,2026-08-05T17:15:02+00:00,https://www.sec.gov/Archives/edgar/data/1775625/000177562523000018/,True,"latest valid annual filing by 2026-08-05, then tag priority"
sdc,SDC,0001775625,dtc_brand,2020,,2020-12-31,,total_assets,us-gaap,Assets,1,884789000.0,884.789,USD,10-K,2021,FY,CY2020Q4I,0001775625-22-000020,2022-03-01,2026-08-05T17:15:02+00:00,https://www.sec.gov/Archives/edgar/data/1775625/000177562522000020/,True,"latest valid annual filing by 2026-08-05, then tag priority"
sdc,SDC,0001775625,dtc_brand,2020,,2020-12-31,,total_equity,us-gaap,StockholdersEquityIncludingPortionAttributableToNoncontrollingInterest,2,234138000.0,234.138,USD,10-K,2022,FY,CY2020Q4I,0001775625-23-000018,2023-02-28,2026-08-05T17:15:02+00:00,https://www.sec.gov/Archives/edgar/data/1775625/000177562523000018/,True,"latest valid annual filing by 2026-08-05, then tag priority"
sdc,SDC,0001775625,dtc_brand,2021,2021-01-01,2021-12-31,364.0,net_income,us-gaap,NetIncomeLoss,1,-102442000.0,-102.442,USD,10-K,2022,FY,CY2021,0001775625-23-000018,2023-02-28,2026-08-05T17:15:02+00:00,https://www.sec.gov/Archives/edgar/data/1775625/000177562523000018/,True,"latest valid annual filing by 2026-08-05, then tag priority"
sdc,SDC,0001775625,dtc_brand,2021,2021-01-01,2021-12-31,364.0,revenue,us-gaap,RevenueFromContractWithCustomerIncludingAssessedTax,2,637611000.0,637.611,USD,10-K,2022,FY,CY2021,0001775625-23-000018,2023-02-28,2026-08-05T17:15:02+00:00,https://www.sec.gov/Archives/edgar/data/1775625/000177562523000018/,True,"latest valid annual filing by 2026-08-05, then tag priority"
sdc,SDC,0001775625,dtc_brand,2021,,2021-12-31,,total_assets,us-gaap,Assets,1,794558000.0,794.558,USD,10-K,2022,FY,CY2021Q4I,0001775625-23-000018,2023-02-28,2026-08-05T17:15:02+00:00,https://www.sec.gov/Archives/edgar/data/1775625/000177562523000018/,True,"latest valid annual filing by 2026-08-05, then tag priority"
sdc,SDC,0001775625,dtc_brand,2021,,2021-12-31,,total_equity,us-gaap,StockholdersEquityIncludingPortionAttributableToNoncontrollingInterest,2,-134354000.0,-134.354,USD,10-K,2022,FY,,0001775625-23-000018,2023-02-28,2026-08-05T17:15:02+00:00,https://www.sec.gov/Archives/edgar/data/1775625/000177562523000018/,True,"latest valid annual filing by 2026-08-05, then tag priority"
sdc,SDC,0001775625,dtc_brand,2022,2022-01-01,2022-12-31,364.0,net_income,us-gaap,NetIncomeLoss,1,-86404000.0,-86.404,USD,10-K,2022,FY,CY2022,0001775625-23-000018,2023-02-28,2026-08-05T17:15:02+00:00,https://www.sec.gov/Archives/edgar/data/1775625/000177562523000018/,True,"latest valid annual filing by 2026-08-05, then tag priority"
sdc,SDC,0001775625,dtc_brand,2022,2022-01-01,2022-12-31,364.0,revenue,us-gaap,RevenueFromContractWithCustomerIncludingAssessedTax,2,470743000.0,470.743,USD,10-K,2022,FY,CY2022,0001775625-23-000018,2023-02-28,2026-08-05T17:15:02+00:00,https://www.sec.gov/Archives/edgar/data/1775625/000177562523000018/,True,"latest valid annual filing by 2026-08-05, then tag priority"
sdc,SDC,0001775625,dtc_brand,2022,,2022-12-31,,total_assets,us-gaap,Assets,1,597063000.0,597.063,USD,10-K,2022,FY,,0001775625-23-000018,2023-02-28,2026-08-05T17:15:02+00:00,https://www.sec.gov/Archives/edgar/data/1775625/000177562523000018/,True,"latest valid annual filing by 2026-08-05, then tag priority"
sdc,SDC,0001775625,dtc_brand,2022,,2022-12-31,,total_equity,us-gaap,StockholdersEquityIncludingPortionAttributableToNoncontrollingInterest,2,-385198000.0,-385.198,USD,10-K,2022,FY,,0001775625-23-000018,2023-02-28,2026-08-05T17:15:02+00:00,https://www.sec.gov/Archives/edgar/data/1775625/000177562523000018/,True,"latest valid annual filing by 2026-08-05, then tag priority"
sfix,SFIX,0001576942,dtc_brand,2017,2016-07-31,2017-07-29,363.0,net_income,us-gaap,NetIncomeLoss,1,-594000.0,-0.594,USD,10-K,2019,FY,CY2017,0001576942-19-000013,2019-10-02,2026-08-05T17:15:02+00:00,https://www.sec.gov/Archives/edgar/data/1576942/000157694219000013/,True,"latest valid annual filing by 2026-08-05, then tag priority"
sfix,SFIX,0001576942,dtc_brand,2017,2016-07-31,2017-07-29,363.0,revenue,us-gaap,RevenueFromContractWithCustomerExcludingAssessedTax,1,977139000.0,977.139,USD,10-K,2019,FY,CY2017,0001576942-19-000013,2019-10-02,2026-08-05T17:15:02+00:00,https://www.sec.gov/Archives/edgar/data/1576942/000157694219000013/,True,"latest valid annual filing by 2026-08-05, then tag priority"
sfix,SFIX,0001576942,dtc_brand,2017,,2017-07-29,,total_assets,us-gaap,Assets,1,257205000.0,257.205,USD,10-K,2018,FY,CY2017Q2I,0001576942-18-000003,2018-10-03,2026-08-05T17:15:02+00:00,https://www.sec.gov/Archives/edgar/data/1576942/000157694218000003/,True,"latest valid annual filing by 2026-08-05, then tag priority"
sfix,SFIX,0001576942,dtc_brand,2017,,2017-07-29,,total_equity,us-gaap,StockholdersEquity,1,61861000.0,61.861,USD,10-K,2020,FY,CY2017Q2I,0001576942-20-000077,2020-09-25,2026-08-05T17:15:02+00:00,https://www.sec.gov/Archives/edgar/data/1576942/000157694220000077/,True,"latest valid annual filing by 2026-08-05, then tag priority"
sfix,SFIX,0001576942,dtc_brand,2018,2017-07-30,2018-07-28,363.0,net_income,us-gaap,NetIncomeLoss,1,44900000.0,44.9,USD,10-K,2020,FY,CY2018,0001576942-20-000077,2020-09-25,2026-08-05T17:15:02+00:00,https://www.sec.gov/Archives/edgar/data/1576942/000157694220000077/,True,"latest valid annual filing by 2026-08-05, then tag priority"
sfix,SFIX,0001576942,dtc_brand,2018,2017-07-30,2018-07-28,363.0,revenue,us-gaap,RevenueFromContractWithCustomerExcludingAssessedTax,1,1226505000.0,1226.505,USD,10-K,2020,FY,CY2018,0001576942-20-000077,2020-09-25,2026-08-05T17:15:02+00:00,https://www.sec.gov/Archives/edgar/data/1576942/000157694220000077/,True,"latest valid annual filing by 2026-08-05, then tag priority"
sfix,SFIX,0001576942,dtc_brand,2018,,2018-07-28,,total_assets,us-gaap,Assets,1,481585000.0,481.585,USD,10-K,2019,FY,CY2018Q2I,0001576942-19-000013,2019-10-02,2026-08-05T17:15:02+00:00,https://www.sec.gov/Archives/edgar/data/1576942/000157694219000013/,True,"latest valid annual filing by 2026-08-05, then tag priority"
sfix,SFIX,0001576942,dtc_brand,2018,,2018-07-28,,total_equity,us-gaap,StockholdersEquity,1,315072000.0,315.072,USD,10-K,2021,FY,CY2018Q2I,0001576942-21-000121,2021-09-27,2026-08-05T17:15:02+00:00,https://www.sec.gov/Archives/edgar/data/1576942/000157694221000121/,True,"latest valid annual filing by 2026-08-05, then tag priority"
sfix,SFIX,0001576942,dtc_brand,2019,2018-07-29,2019-08-03,370.0,net_income,us-gaap,NetIncomeLoss,1,36881000.0,36.881,USD,10-K,2021,FY,CY2019,0001576942-21-000121,2021-09-27,2026-08-05T17:15:02+00:00,https://www.sec.gov/Archives/edgar/data/1576942/000157694221000121/,True,"latest valid annual filing by 2026-08-05, then tag priority"
sfix,SFIX,0001576942,dtc_brand,2019,2018-07-29,2019-08-03,370.0,revenue,us-gaap,RevenueFromContractWithCustomerExcludingAssessedTax,1,1577558000.0,1577.558,USD,10-K,2021,FY,CY2019,0001576942-21-000121,2021-09-27,2026-08-05T17:15:02+00:00,https://www.sec.gov/Archives/edgar/data/1576942/000157694221000121/,True,"latest valid annual filing by 2026-08-05, then tag priority"
sfix,SFIX,0001576942,dtc_brand,2019,,2019-08-03,,total_assets,us-gaap,Assets,1,616066000.0,616.066,USD,10-K,2020,FY,CY2019Q2I,0001576942-20-000077,2020-09-25,2026-08-05T17:15:02+00:00,https://www.sec.gov/Archives/edgar/data/1576942/000157694220000077/,True,"latest valid annual filing by 2026-08-05, then tag priority"
sfix,SFIX,0001576942,dtc_brand,2019,,2019-08-03,,total_equity,us-gaap,StockholdersEquity,1,396000000.0,396.0,USD,10-K,2022,FY,CY2019Q2I,0001576942-22-000077,2022-09-21,2026-08-05T17:15:02+00:00,https://www.sec.gov/Archives/edgar/data/1576942/000157694222000077/,True,"latest valid annual filing by 2026-08-05, then tag priority"
sfix,SFIX,0001576942,dtc_brand,2020,2019-08-04,2020-08-01,363.0,net_income,us-gaap,NetIncomeLoss,1,-67117000.0,-67.117,USD,10-K,2022,FY,CY2020,0001576942-22-000077,2022-09-21,2026-08-05T17:15:02+00:00,https://www.sec.gov/Archives/edgar/data/1576942/000157694222000077/,True,"latest valid annual filing by 2026-08-05, then tag priority"
sfix,SFIX,0001576942,dtc_brand,2020,2019-08-04,2020-08-01,363.0,revenue,us-gaap,RevenueFromContractWithCustomerExcludingAssessedTax,1,1711733000.0,1711.733,USD,10-K,2022,FY,CY2020,0001576942-22-000077,2022-09-21,2026-08-05T17:15:02+00:00,https://www.sec.gov/Archives/edgar/data/1576942/000157694222000077/,True,"latest valid annual filing by 2026-08-05, then tag priority"
sfix,SFIX,0001576942,dtc_brand,2020,,2020-08-01,,total_assets,us-gaap,Assets,1,769429000.0,769.429,USD,10-K,2021,FY,CY2020Q2I,0001576942-21-000121,2021-09-27,2026-08-05T17:15:02+00:00,https://www.sec.gov/Archives/edgar/data/1576942/000157694221000121/,True,"latest valid annual filing by 2026-08-05, then tag priority"
sfix,SFIX,0001576942,dtc_brand,2020,,2020-08-01,,total_equity,us-gaap,StockholdersEquity,1,401037000.0,401.037,USD,10-K,2023,FY,CY2020Q2I,0001576942-23-000114,2023-09-20,2026-08-05T17:15:02+00:00,https://www.sec.gov/Archives/edgar/data/1576942/000157694223000114/,True,"latest valid annual filing by 2026-08-05, then tag priority"
sfix,SFIX,0001576942,dtc_brand,2021,2020-08-02,2021-07-31,363.0,net_income,us-gaap,NetIncomeLoss,1,-8876000.0,-8.876,USD,10-K,2023,FY,CY2021,0001576942-23-000114,2023-09-20,2026-08-05T17:15:02+00:00,https://www.sec.gov/Archives/edgar/data/1576942/000157694223000114/,True,"latest valid annual filing by 2026-08-05, then tag priority"
sfix,SFIX,0001576942,dtc_brand,2021,2020-08-02,2021-07-31,363.0,revenue,us-gaap,RevenueFromContractWithCustomerExcludingAssessedTax,1,2101258000.0,2101.258,USD,10-K,2023,FY,CY2021,0001576942-23-000114,2023-09-20,2026-08-05T17:15:02+00:00,https://www.sec.gov/Archives/edgar/data/1576942/000157694223000114/,True,"latest valid annual filing by 2026-08-05, then tag priority"
sfix,SFIX,0001576942,dtc_brand,2021,,2021-07-31,,total_assets,us-gaap,Assets,1,819149000.0,819.149,USD,10-K,2022,FY,CY2021Q2I,0001576942-22-000077,2022-09-21,2026-08-05T17:15:02+00:00,https://www.sec.gov/Archives/edgar/data/1576942/000157694222000077/,True,"latest valid annual filing by 2026-08-05, then tag priority"
sfix,SFIX,0001576942,dtc_brand,2021,,2021-07-31,,total_equity,us-gaap,StockholdersEquity,1,460849000.0,460.849,USD,10-K,2024,FY,CY2021Q2I,0001576942-24-000099,2024-09-25,2026-08-05T17:15:02+00:00,https://www.sec.gov/Archives/edgar/data/1576942/000157694224000099/,True,"latest valid annual filing by 2026-08-05, then tag priority"
sfix,SFIX,0001576942,dtc_brand,2022,2021-08-01,2022-07-30,363.0,net_income,us-gaap,NetIncomeLoss,1,-207121000.0,-207.121,USD,10-K,2024,FY,CY2022,0001576942-24-000099,2024-09-25,2026-08-05T17:15:02+00:00,https://www.sec.gov/Archives/edgar/data/1576942/000157694224000099/,True,"latest valid annual filing by 2026-08-05, then tag priority"
sfix,SFIX,0001576942,dtc_brand,2022,2021-08-01,2022-07-30,363.0,revenue,us-gaap,RevenueFromContractWithCustomerExcludingAssessedTax,1,2017804000.0,2017.804,USD,10-K,2024,FY,CY2022,0001576942-24-000099,2024-09-25,2026-08-05T17:15:02+00:00,https://www.sec.gov/Archives/edgar/data/1576942/000157694224000099/,True,"latest valid annual filing by 2026-08-05, then tag priority"
sfix,SFIX,0001576942,dtc_brand,2022,,2022-07-30,,total_assets,us-gaap,Assets,1,764535000.0,764.535,USD,10-K,2023,FY,CY2022Q2I,0001576942-23-000114,2023-09-20,2026-08-05T17:15:02+00:00,https://www.sec.gov/Archives/edgar/data/1576942/000157694223000114/,True,"latest valid annual filing by 2026-08-05, then tag priority"
sfix,SFIX,0001576942,dtc_brand,2022,,2022-07-30,,total_equity,us-gaap,StockholdersEquity,1,322651000.0,322.651,USD,10-K,2025,FY,CY2022Q2I,0001628280-25-042782,2025-09-25,2026-08-05T17:15:02+00:00,https://www.sec.gov/Archives/edgar/data/1576942/000162828025042782/,True,"latest valid annual filing by 2026-08-05, then tag priority"
sfix,SFIX,0001576942,dtc_brand,2023,2022-07-31,2023-07-29,363.0,net_income,us-gaap,NetIncomeLoss,1,-171973000.0,-171.973,USD,10-K,2025,FY,CY2023,0001628280-25-042782,2025-09-25,2026-08-05T17:15:02+00:00,https://www.sec.gov/Archives/edgar/data/1576942/000162828025042782/,True,"latest valid annual filing by 2026-08-05, then tag priority"
sfix,SFIX,0001576942,dtc_brand,2023,2022-07-31,2023-07-29,363.0,revenue,us-gaap,RevenueFromContractWithCustomerExcludingAssessedTax,1,1592521000.0,1592.521,USD,10-K,2025,FY,CY2023,0001628280-25-042782,2025-09-25,2026-08-05T17:15:02+00:00,https://www.sec.gov/Archives/edgar/data/1576942/000162828025042782/,True,"latest valid annual filing by 2026-08-05, then tag priority"
sfix,SFIX,0001576942,dtc_brand,2023,,2023-07-29,,total_assets,us-gaap,Assets,1,614478000.0,614.478,USD,10-K,2024,FY,CY2023Q2I,0001576942-24-000099,2024-09-25,2026-08-05T17:15:02+00:00,https://www.sec.gov/Archives/edgar/data/1576942/000157694224000099/,True,"latest valid annual filing by 2026-08-05, then tag priority"
sfix,SFIX,0001576942,dtc_brand,2023,,2023-07-29,,total_equity,us-gaap,StockholdersEquity,1,247310000.0,247.31,USD,10-K,2025,FY,CY2023Q2I,0001628280-25-042782,2025-09-25,2026-08-05T17:15:02+00:00,https://www.sec.gov/Archives/edgar/data/1576942/000162828025042782/,True,"latest valid annual filing by 2026-08-05, then tag priority"
sfix,SFIX,0001576942,dtc_brand,2024,2023-07-30,2024-08-03,370.0,net_income,us-gaap,NetIncomeLoss,1,-128840000.0,-128.84,USD,10-K,2025,FY,CY2024,0001628280-25-042782,2025-09-25,2026-08-05T17:15:02+00:00,https://www.sec.gov/Archives/edgar/data/1576942/000162828025042782/,True,"latest valid annual filing by 2026-08-05, then tag priority"
sfix,SFIX,0001576942,dtc_brand,2024,2023-07-30,2024-08-03,370.0,revenue,us-gaap,RevenueFromContractWithCustomerExcludingAssessedTax,1,1337468000.0,1337.468,USD,10-K,2025,FY,CY2024,0001628280-25-042782,2025-09-25,2026-08-05T17:15:02+00:00,https://www.sec.gov/Archives/edgar/data/1576942/000162828025042782/,True,"latest valid annual filing by 2026-08-05, then tag priority"
sfix,SFIX,0001576942,dtc_brand,2024,,2024-08-03,,total_assets,us-gaap,Assets,1,486864000.0,486.864,USD,10-K,2025,FY,CY2024Q2I,0001628280-25-042782,2025-09-25,2026-08-05T17:15:02+00:00,https://www.sec.gov/Archives/edgar/data/1576942/000162828025042782/,True,"latest valid annual filing by 2026-08-05, then tag priority"
sfix,SFIX,0001576942,dtc_brand,2024,,2024-08-03,,total_equity,us-gaap,StockholdersEquity,1,187022000.0,187.022,USD,10-K,2025,FY,,0001628280-25-042782,2025-09-25,2026-08-05T17:15:02+00:00,https://www.sec.gov/Archives/edgar/data/1576942/000162828025042782/,True,"latest valid annual filing by 2026-08-05, then tag priority"
snbr,SNBR,0000827187,dtc_brand,2017,2017-01-01,2017-12-30,363.0,net_income,us-gaap,NetIncomeLoss,1,65077000.0,65.077,USD,10-K,2019,FY,CY2017,0001564590-20-006396,2020-02-25,2026-08-05T17:15:02+00:00,https://www.sec.gov/Archives/edgar/data/827187/000156459020006396/,True,"latest valid annual filing by 2026-08-05, then tag priority"
snbr,SNBR,0000827187,dtc_brand,2017,2017-01-01,2017-12-30,363.0,revenue,us-gaap,RevenueFromContractWithCustomerExcludingAssessedTax,1,1444497000.0,1444.497,USD,10-K,2019,FY,CY2017,0001564590-20-006396,2020-02-25,2026-08-05T17:15:02+00:00,https://www.sec.gov/Archives/edgar/data/827187/000156459020006396/,True,"latest valid annual filing by 2026-08-05, then tag priority"
snbr,SNBR,0000827187,dtc_brand,2017,,2017-12-30,,total_assets,us-gaap,Assets,1,471834000.0,471.834,USD,10-K,2018,FY,CY2017Q4I,0001564590-19-004499,2019-02-26,2026-08-05T17:15:02+00:00,https://www.sec.gov/Archives/edgar/data/827187/000156459019004499/,True,"latest valid annual filing by 2026-08-05, then tag priority"
snbr,SNBR,0000827187,dtc_brand,2017,,2017-12-30,,total_equity,us-gaap,StockholdersEquity,1,89156000.0,89.156,USD,10-K,2019,FY,,0001564590-20-006396,2020-02-25,2026-08-05T17:15:02+00:00,https://www.sec.gov/Archives/edgar/data/827187/000156459020006396/,True,"latest valid annual filing by 2026-08-05, then tag priority"
snbr,SNBR,0000827187,dtc_brand,2018,2018-01-01,2018-12-29,362.0,net_income,us-gaap,NetIncomeLoss,1,69539000.0,69.539,USD,10-K,2020,FY,,0000827187-21-000011,2021-03-02,2026-08-05T17:15:02+00:00,https://www.sec.gov/Archives/edgar/data/827187/000082718721000011/,True,"latest valid annual filing by 2026-08-05, then tag priority"
snbr,SNBR,0000827187,dtc_brand,2018,2018-01-01,2018-12-29,362.0,revenue,us-gaap,RevenueFromContractWithCustomerExcludingAssessedTax,1,1531575000.0,1531.575,USD,10-K,2020,FY,,0000827187-21-000011,2021-03-02,2026-08-05T17:15:02+00:00,https://www.sec.gov/Archives/edgar/data/827187/000082718721000011/,True,"latest valid annual filing by 2026-08-05, then tag priority"
snbr,SNBR,0000827187,dtc_brand,2018,,2018-12-29,,total_assets,us-gaap,Assets,1,470138000.0,470.138,USD,10-K,2019,FY,CY2018Q4I,0001564590-20-006396,2020-02-25,2026-08-05T17:15:02+00:00,https://www.sec.gov/Archives/edgar/data/827187/000156459020006396/,True,"latest valid annual filing by 2026-08-05, then tag priority"
snbr,SNBR,0000827187,dtc_brand,2018,,2018-12-29,,total_equity,us-gaap,StockholdersEquity,1,-109550000.0,-109.55,USD,10-K,2021,FY,CY2018Q4I,0000827187-22-000012,2022-03-01,2026-08-05T17:15:02+00:00,https://www.sec.gov/Archives/edgar/data/827187/000082718722000012/,True,"latest valid annual filing by 2026-08-05, then tag priority"
snbr,SNBR,0000827187,dtc_brand,2019,2018-12-30,2019-12-28,363.0,net_income,us-gaap,NetIncomeLoss,1,81845000.0,81.845,USD,10-K,2021,FY,CY2019,0000827187-22-000012,2022-03-01,2026-08-05T17:15:02+00:00,https://www.sec.gov/Archives/edgar/data/827187/000082718722000012/,True,"latest valid annual filing by 2026-08-05, then tag priority"
snbr,SNBR,0000827187,dtc_brand,2019,2018-12-30,2019-12-28,363.0,revenue,us-gaap,RevenueFromContractWithCustomerExcludingAssessedTax,1,1698352000.0,1698.352,USD,10-K,2021,FY,CY2019,0000827187-22-000012,2022-03-01,2026-08-05T17:15:02+00:00,https://www.sec.gov/Archives/edgar/data/827187/000082718722000012/,True,"latest valid annual filing by 2026-08-05, then tag priority"
snbr,SNBR,0000827187,dtc_brand,2019,,2019-12-28,,total_assets,us-gaap,Assets,1,806043000.0,806.043,USD,10-K,2020,FY,CY2019Q4I,0000827187-21-000011,2021-03-02,2026-08-05T17:15:02+00:00,https://www.sec.gov/Archives/edgar/data/827187/000082718721000011/,True,"latest valid annual filing by 2026-08-05, then tag priority"
snbr,SNBR,0000827187,dtc_brand,2019,,2019-12-28,,total_equity,us-gaap,StockholdersEquity,1,-159431000.0,-159.431,USD,10-K,2022,FY,CY2019Q4I,0000827187-23-000019,2023-02-24,2026-08-05T17:15:02+00:00,https://www.sec.gov/Archives/edgar/data/827187/000082718723000019/,True,"latest valid annual filing by 2026-08-05, then tag priority"
snbr,SNBR,0000827187,dtc_brand,2020,2019-12-29,2021-01-02,370.0,net_income,us-gaap,NetIncomeLoss,1,139189000.0,139.189,USD,10-K,2022,FY,CY2020,0000827187-23-000019,2023-02-24,2026-08-05T17:15:02+00:00,https://www.sec.gov/Archives/edgar/data/827187/000082718723000019/,True,"latest valid annual filing by 2026-08-05, then tag priority"
snbr,SNBR,0000827187,dtc_brand,2020,2019-12-29,2021-01-02,370.0,revenue,us-gaap,RevenueFromContractWithCustomerExcludingAssessedTax,1,1856555000.0,1856.555,USD,10-K,2022,FY,CY2020,0000827187-23-000019,2023-02-24,2026-08-05T17:15:02+00:00,https://www.sec.gov/Archives/edgar/data/827187/000082718723000019/,True,"latest valid annual filing by 2026-08-05, then tag priority"
snbr,SNBR,0000827187,dtc_brand,2020,,2021-01-02,,total_assets,us-gaap,Assets,1,800136000.0,800.136,USD,10-K,2021,FY,CY2020Q4I,0000827187-22-000012,2022-03-01,2026-08-05T17:15:02+00:00,https://www.sec.gov/Archives/edgar/data/827187/000082718722000012/,True,"latest valid annual filing by 2026-08-05, then tag priority"
snbr,SNBR,0000827187,dtc_brand,2020,,2021-01-02,,total_equity,us-gaap,StockholdersEquity,1,-223978000.0,-223.978,USD,10-K,2023,FY,CY2020Q4I,0000827187-24-000011,2024-02-23,2026-08-05T17:15:02+00:00,https://www.sec.gov/Archives/edgar/data/827187/000082718724000011/,True,"latest valid annual filing by 2026-08-05, then tag priority"
snbr,SNBR,0000827187,dtc_brand,2021,2021-01-03,2022-01-01,363.0,net_income,us-gaap,NetIncomeLoss,1,153746000.0,153.746,USD,10-K,2023,FY,,0000827187-24-000011,2024-02-23,2026-08-05T17:15:02+00:00,https://www.sec.gov/Archives/edgar/data/827187/000082718724000011/,True,"latest valid annual filing by 2026-08-05, then tag priority"
snbr,SNBR,0000827187,dtc_brand,2021,2021-01-03,2022-01-01,363.0,revenue,us-gaap,RevenueFromContractWithCustomerExcludingAssessedTax,1,2184949000.0,2184.949,USD,10-K,2023,FY,CY2021,0000827187-24-000011,2024-02-23,2026-08-05T17:15:02+00:00,https://www.sec.gov/Archives/edgar/data/827187/000082718724000011/,True,"latest valid annual filing by 2026-08-05, then tag priority"
snbr,SNBR,0000827187,dtc_brand,2021,,2022-01-01,,total_assets,us-gaap,Assets,1,919540000.0,919.54,USD,10-K,2022,FY,CY2021Q4I,0000827187-23-000019,2023-02-24,2026-08-05T17:15:02+00:00,https://www.sec.gov/Archives/edgar/data/827187/000082718723000019/,True,"latest valid annual filing by 2026-08-05, then tag priority"
snbr,SNBR,0000827187,dtc_brand,2021,,2022-01-01,,total_equity,us-gaap,StockholdersEquity,1,-424953000.0,-424.953,USD,10-K,2024,FY,CY2021Q4I,0000827187-25-000018,2025-03-07,2026-08-05T17:15:02+00:00,https://www.sec.gov/Archives/edgar/data/827187/000082718725000018/,True,"latest valid annual filing by 2026-08-05, then tag priority"
snbr,SNBR,0000827187,dtc_brand,2022,2022-01-02,2022-12-31,363.0,net_income,us-gaap,NetIncomeLoss,1,36610000.0,36.61,USD,10-K,2024,FY,,0000827187-25-000018,2025-03-07,2026-08-05T17:15:02+00:00,https://www.sec.gov/Archives/edgar/data/827187/000082718725000018/,True,"latest valid annual filing by 2026-08-05, then tag priority"
snbr,SNBR,0000827187,dtc_brand,2022,2022-01-02,2022-12-31,363.0,revenue,us-gaap,RevenueFromContractWithCustomerExcludingAssessedTax,1,2114297000.0,2114.297,USD,10-K,2024,FY,CY2022,0000827187-25-000018,2025-03-07,2026-08-05T17:15:02+00:00,https://www.sec.gov/Archives/edgar/data/827187/000082718725000018/,True,"latest valid annual filing by 2026-08-05, then tag priority"
snbr,SNBR,0000827187,dtc_brand,2022,,2022-12-31,,total_assets,us-gaap,Assets,1,953936000.0,953.936,USD,10-K,2023,FY,CY2022Q4I,0000827187-24-000011,2024-02-23,2026-08-05T17:15:02+00:00,https://www.sec.gov/Archives/edgar/data/827187/000082718724000011/,True,"latest valid annual filing by 2026-08-05, then tag priority"
snbr,SNBR,0000827187,dtc_brand,2022,,2022-12-31,,total_equity,us-gaap,StockholdersEquity,1,-438177000.0,-438.177,USD,10-K,2025,FY,CY2022Q4I,0000827187-26-000014,2026-03-12,2026-08-05T17:15:02+00:00,https://www.sec.gov/Archives/edgar/data/827187/000082718726000014/,True,"latest valid annual filing by 2026-08-05, then tag priority"
snbr,SNBR,0000827187,dtc_brand,2023,2023-01-01,2023-12-30,363.0,net_income,us-gaap,NetIncomeLoss,1,-15287000.0,-15.287,USD,10-K,2025,FY,,0000827187-26-000014,2026-03-12,2026-08-05T17:15:02+00:00,https://www.sec.gov/Archives/edgar/data/827187/000082718726000014/,True,"latest valid annual filing by 2026-08-05, then tag priority"
snbr,SNBR,0000827187,dtc_brand,2023,2023-01-01,2023-12-30,363.0,revenue,us-gaap,RevenueFromContractWithCustomerExcludingAssessedTax,1,1887482000.0,1887.482,USD,10-K,2025,FY,CY2023,0000827187-26-000014,2026-03-12,2026-08-05T17:15:02+00:00,https://www.sec.gov/Archives/edgar/data/827187/000082718726000014/,True,"latest valid annual filing by 2026-08-05, then tag priority"
snbr,SNBR,0000827187,dtc_brand,2023,,2023-12-30,,total_assets,us-gaap,Assets,1,950880000.0,950.88,USD,10-K,2024,FY,CY2023Q4I,0000827187-25-000018,2025-03-07,2026-08-05T17:15:02+00:00,https://www.sec.gov/Archives/edgar/data/827187/000082718725000018/,True,"latest valid annual filing by 2026-08-05, then tag priority"
snbr,SNBR,0000827187,dtc_brand,2023,,2023-12-30,,total_equity,us-gaap,StockholdersEquity,1,-441928000.0,-441.928,USD,10-K,2025,FY,CY2023Q4I,0000827187-26-000014,2026-03-12,2026-08-05T17:15:02+00:00,https://www.sec.gov/Archives/edgar/data/827187/000082718726000014/,True,"latest valid annual filing by 2026-08-05, then tag priority"
snbr,SNBR,0000827187,dtc_brand,2024,2023-12-31,2024-12-28,363.0,net_income,us-gaap,NetIncomeLoss,1,-20334000.0,-20.334,USD,10-K,2025,FY,CY2024,0000827187-26-000014,2026-03-12,2026-08-05T17:15:02+00:00,https://www.sec.gov/Archives/edgar/data/827187/000082718726000014/,True,"latest valid annual filing by 2026-08-05, then tag priority"
snbr,SNBR,0000827187,dtc_brand,2024,2023-12-31,2024-12-28,363.0,revenue,us-gaap,RevenueFromContractWithCustomerExcludingAssessedTax,1,1682296000.0,1682.296,USD,10-K,2025,FY,CY2024,0000827187-26-000014,2026-03-12,2026-08-05T17:15:02+00:00,https://www.sec.gov/Archives/edgar/data/827187/000082718726000014/,True,"latest valid annual filing by 2026-08-05, then tag priority"
snbr,SNBR,0000827187,dtc_brand,2024,,2024-12-28,,total_assets,us-gaap,Assets,1,860810000.0,860.81,USD,10-K,2025,FY,CY2024Q4I,0000827187-26-000014,2026-03-12,2026-08-05T17:15:02+00:00,https://www.sec.gov/Archives/edgar/data/827187/000082718726000014/,True,"latest valid annual filing by 2026-08-05, then tag priority"
snbr,SNBR,0000827187,dtc_brand,2024,,2024-12-28,,total_equity,us-gaap,StockholdersEquity,1,-451586000.0,-451.586,USD,10-K,2025,FY,,0000827187-26-000014,2026-03-12,2026-08-05T17:15:02+00:00,https://www.sec.gov/Archives/edgar/data/827187/000082718726000014/,True,"latest valid annual filing by 2026-08-05, then tag priority"
tdup,TDUP,0001484778,marketplace_platform,2019,2019-01-01,2019-12-31,364.0,net_income,us-gaap,NetIncomeLoss,1,-38197000.0,-38.197,USD,10-K,2021,FY,CY2019,0001484778-22-000044,2022-03-22,2026-08-05T17:15:02+00:00,https://www.sec.gov/Archives/edgar/data/1484778/000148477822000044/,True,"latest valid annual filing by 2026-08-05, then tag priority"
tdup,TDUP,0001484778,marketplace_platform,2019,2019-01-01,2019-12-31,364.0,revenue,us-gaap,RevenueFromContractWithCustomerExcludingAssessedTax,1,163812000.0,163.812,USD,10-K,2021,FY,CY2019,0001484778-22-000044,2022-03-22,2026-08-05T17:15:02+00:00,https://www.sec.gov/Archives/edgar/data/1484778/000148477822000044/,True,"latest valid annual filing by 2026-08-05, then tag priority"
tdup,TDUP,0001484778,marketplace_platform,2019,,2019-12-31,,total_equity,us-gaap,StockholdersEquity,1,-183241000.0,-183.241,USD,10-K,2022,FY,CY2019Q4I,0001484778-23-000057,2023-03-07,2026-08-05T17:15:02+00:00,https://www.sec.gov/Archives/edgar/data/1484778/000148477823000057/,True,"latest valid annual filing by 2026-08-05, then tag priority"
tdup,TDUP,0001484778,marketplace_platform,2020,2020-01-01,2020-12-31,365.0,net_income,us-gaap,NetIncomeLoss,1,-47877000.0,-47.877,USD,10-K,2022,FY,CY2020,0001484778-23-000057,2023-03-07,2026-08-05T17:15:02+00:00,https://www.sec.gov/Archives/edgar/data/1484778/000148477823000057/,True,"latest valid annual filing by 2026-08-05, then tag priority"
tdup,TDUP,0001484778,marketplace_platform,2020,2020-01-01,2020-12-31,365.0,revenue,us-gaap,RevenueFromContractWithCustomerExcludingAssessedTax,1,186015000.0,186.015,USD,10-K,2022,FY,CY2020,0001484778-23-000057,2023-03-07,2026-08-05T17:15:02+00:00,https://www.sec.gov/Archives/edgar/data/1484778/000148477823000057/,True,"latest valid annual filing by 2026-08-05, then tag priority"
tdup,TDUP,0001484778,marketplace_platform,2020,,2020-12-31,,total_assets,us-gaap,Assets,1,142911000.0,142.911,USD,10-K,2021,FY,CY2020Q4I,0001484778-22-000044,2022-03-22,2026-08-05T17:15:02+00:00,https://www.sec.gov/Archives/edgar/data/1484778/000148477822000044/,True,"latest valid annual filing by 2026-08-05, then tag priority"
tdup,TDUP,0001484778,marketplace_platform,2020,,2020-12-31,,total_equity,us-gaap,StockholdersEquity,1,-222177000.0,-222.177,USD,10-K,2022,FY,CY2020Q4I,0001484778-23-000057,2023-03-07,2026-08-05T17:15:02+00:00,https://www.sec.gov/Archives/edgar/data/1484778/000148477823000057/,True,"latest valid annual filing by 2026-08-05, then tag priority"
tdup,TDUP,0001484778,marketplace_platform,2021,2021-01-01,2021-12-31,364.0,net_income,us-gaap,NetIncomeLoss,1,-63176000.0,-63.176,USD,10-K,2022,FY,CY2021,0001484778-23-000057,2023-03-07,2026-08-05T17:15:02+00:00,https://www.sec.gov/Archives/edgar/data/1484778/000148477823000057/,True,"latest valid annual filing by 2026-08-05, then tag priority"
tdup,TDUP,0001484778,marketplace_platform,2021,2021-01-01,2021-12-31,364.0,revenue,us-gaap,RevenueFromContractWithCustomerExcludingAssessedTax,1,251792000.0,251.792,USD,10-K,2022,FY,CY2021,0001484778-23-000057,2023-03-07,2026-08-05T17:15:02+00:00,https://www.sec.gov/Archives/edgar/data/1484778/000148477823000057/,True,"latest valid annual filing by 2026-08-05, then tag priority"
tdup,TDUP,0001484778,marketplace_platform,2021,,2021-12-31,,total_assets,us-gaap,Assets,1,360826000.0,360.826,USD,10-K,2022,FY,CY2021Q4I,0001484778-23-000057,2023-03-07,2026-08-05T17:15:02+00:00,https://www.sec.gov/Archives/edgar/data/1484778/000148477823000057/,True,"latest valid annual filing by 2026-08-05, then tag priority"
tdup,TDUP,0001484778,marketplace_platform,2021,,2021-12-31,,total_equity,us-gaap,StockholdersEquity,1,205734000.0,205.734,USD,10-K,2023,FY,CY2021Q4I,0001484778-24-000035,2024-03-05,2026-08-05T17:15:02+00:00,https://www.sec.gov/Archives/edgar/data/1484778/000148477824000035/,True,"latest valid annual filing by 2026-08-05, then tag priority"
tdup,TDUP,0001484778,marketplace_platform,2022,2022-01-01,2022-12-31,364.0,net_income,us-gaap,NetIncomeLoss,1,-92284000.0,-92.284,USD,10-K,2023,FY,CY2022,0001484778-24-000035,2024-03-05,2026-08-05T17:15:02+00:00,https://www.sec.gov/Archives/edgar/data/1484778/000148477824000035/,True,"latest valid annual filing by 2026-08-05, then tag priority"
tdup,TDUP,0001484778,marketplace_platform,2022,2022-01-01,2022-12-31,364.0,revenue,us-gaap,RevenueFromContractWithCustomerExcludingAssessedTax,1,288379000.0,288.379,USD,10-K,2023,FY,CY2022,0001484778-24-000035,2024-03-05,2026-08-05T17:15:02+00:00,https://www.sec.gov/Archives/edgar/data/1484778/000148477824000035/,True,"latest valid annual filing by 2026-08-05, then tag priority"
tdup,TDUP,0001484778,marketplace_platform,2022,,2022-12-31,,total_assets,us-gaap,Assets,1,301948000.0,301.948,USD,10-K,2023,FY,CY2022Q4I,0001484778-24-000035,2024-03-05,2026-08-05T17:15:02+00:00,https://www.sec.gov/Archives/edgar/data/1484778/000148477824000035/,True,"latest valid annual filing by 2026-08-05, then tag priority"
tdup,TDUP,0001484778,marketplace_platform,2022,,2022-12-31,,total_equity,us-gaap,StockholdersEquity,1,140001000.0,140.001,USD,10-K,2024,FY,CY2022Q4I,0001484778-25-000023,2025-03-03,2026-08-05T17:15:02+00:00,https://www.sec.gov/Archives/edgar/data/1484778/000148477825000023/,True,"latest valid annual filing by 2026-08-05, then tag priority"
tdup,TDUP,0001484778,marketplace_platform,2023,2023-01-01,2023-12-31,364.0,net_income,us-gaap,NetIncomeLoss,1,-71248000.0,-71.248,USD,10-K,2024,FY,CY2023,0001484778-25-000023,2025-03-03,2026-08-05T17:15:02+00:00,https://www.sec.gov/Archives/edgar/data/1484778/000148477825000023/,True,"latest valid annual filing by 2026-08-05, then tag priority"
tdup,TDUP,0001484778,marketplace_platform,2023,2023-01-01,2023-12-31,364.0,revenue,us-gaap,RevenueFromContractWithCustomerExcludingAssessedTax,1,258504000.0,258.504,USD,10-K,2024,FY,CY2023,0001484778-25-000023,2025-03-03,2026-08-05T17:15:02+00:00,https://www.sec.gov/Archives/edgar/data/1484778/000148477825000023/,True,"latest valid annual filing by 2026-08-05, then tag priority"
tdup,TDUP,0001484778,marketplace_platform,2023,,2023-12-31,,total_assets,us-gaap,Assets,1,249967000.0,249.967,USD,10-K,2024,FY,CY2023Q4I,0001484778-25-000023,2025-03-03,2026-08-05T17:15:02+00:00,https://www.sec.gov/Archives/edgar/data/1484778/000148477825000023/,True,"latest valid annual filing by 2026-08-05, then tag priority"
tdup,TDUP,0001484778,marketplace_platform,2023,,2023-12-31,,total_equity,us-gaap,StockholdersEquity,1,103917000.0,103.917,USD,10-K,2025,FY,CY2023Q4I,0001484778-26-000007,2026-03-02,2026-08-05T17:15:02+00:00,https://www.sec.gov/Archives/edgar/data/1484778/000148477826000007/,True,"latest valid annual filing by 2026-08-05, then tag priority"
tdup,TDUP,0001484778,marketplace_platform,2024,2024-01-01,2024-12-31,365.0,net_income,us-gaap,NetIncomeLoss,1,-76986000.0,-76.986,USD,10-K,2025,FY,CY2024,0001484778-26-000007,2026-03-02,2026-08-05T17:15:02+00:00,https://www.sec.gov/Archives/edgar/data/1484778/000148477826000007/,True,"latest valid annual filing by 2026-08-05, then tag priority"
tdup,TDUP,0001484778,marketplace_platform,2024,2024-01-01,2024-12-31,365.0,revenue,us-gaap,RevenueFromContractWithCustomerExcludingAssessedTax,1,260031000.0,260.031,USD,10-K,2025,FY,CY2024,0001484778-26-000007,2026-03-02,2026-08-05T17:15:02+00:00,https://www.sec.gov/Archives/edgar/data/1484778/000148477826000007/,True,"latest valid annual filing by 2026-08-05, then tag priority"
tdup,TDUP,0001484778,marketplace_platform,2024,,2024-12-31,,total_assets,us-gaap,Assets,1,171225000.0,171.225,USD,10-K,2025,FY,CY2024Q4I,0001484778-26-000007,2026-03-02,2026-08-05T17:15:02+00:00,https://www.sec.gov/Archives/edgar/data/1484778/000148477826000007/,True,"latest valid annual filing by 2026-08-05, then tag priority"
tdup,TDUP,0001484778,marketplace_platform,2024,,2024-12-31,,total_equity,us-gaap,StockholdersEquity,1,56301000.0,56.301,USD,10-K,2025,FY,,0001484778-26-000007,2026-03-02,2026-08-05T17:15:02+00:00,https://www.sec.gov/Archives/edgar/data/1484778/000148477826000007/,True,"latest valid annual filing by 2026-08-05, then tag priority"
vrm,VRM,0001580864,inventory_led_ecommerce,2018,2018-01-01,2018-12-31,364.0,net_income,us-gaap,NetIncomeLoss,1,-85178000.0,-85.178,USD,10-K,2020,FY,CY2018,0001564590-21-010584,2021-03-03,2026-08-05T17:15:02+00:00,https://www.sec.gov/Archives/edgar/data/1580864/000156459021010584/,True,"latest valid annual filing by 2026-08-05, then tag priority"
vrm,VRM,0001580864,inventory_led_ecommerce,2018,2018-01-01,2018-12-31,364.0,revenue,us-gaap,RevenueFromContractWithCustomerExcludingAssessedTax,1,855429000.0,855.429,USD,10-K,2020,FY,CY2018,0001564590-21-010584,2021-03-03,2026-08-05T17:15:02+00:00,https://www.sec.gov/Archives/edgar/data/1580864/000156459021010584/,True,"latest valid annual filing by 2026-08-05, then tag priority"
vrm,VRM,0001580864,inventory_led_ecommerce,2018,,2018-12-31,,total_equity,us-gaap,StockholdersEquity,1,-296866000.0,-296.866,USD,10-K,2021,FY,CY2018Q4I,0000950170-22-002352,2022-03-01,2026-08-05T17:15:02+00:00,https://www.sec.gov/Archives/edgar/data/1580864/000095017022002352/,True,"latest valid annual filing by 2026-08-05, then tag priority"
vrm,VRM,0001580864,inventory_led_ecommerce,2019,2019-01-01,2019-12-31,364.0,net_income,us-gaap,NetIncomeLoss,1,-142978000.0,-142.978,USD,10-K,2021,FY,CY2019,0000950170-22-002352,2022-03-01,2026-08-05T17:15:02+00:00,https://www.sec.gov/Archives/edgar/data/1580864/000095017022002352/,True,"latest valid annual filing by 2026-08-05, then tag priority"
vrm,VRM,0001580864,inventory_led_ecommerce,2019,2019-01-01,2019-12-31,364.0,revenue,us-gaap,RevenueFromContractWithCustomerExcludingAssessedTax,1,1191821000.0,1191.821,USD,10-K,2021,FY,CY2019,0000950170-22-002352,2022-03-01,2026-08-05T17:15:02+00:00,https://www.sec.gov/Archives/edgar/data/1580864/000095017022002352/,True,"latest valid annual filing by 2026-08-05, then tag priority"
vrm,VRM,0001580864,inventory_led_ecommerce,2019,,2019-12-31,,total_assets,us-gaap,Assets,1,563387000.0,563.387,USD,10-K,2020,FY,CY2019Q4I,0001564590-21-010584,2021-03-03,2026-08-05T17:15:02+00:00,https://www.sec.gov/Archives/edgar/data/1580864/000156459021010584/,True,"latest valid annual filing by 2026-08-05, then tag priority"
vrm,VRM,0001580864,inventory_led_ecommerce,2019,,2019-12-31,,total_equity,us-gaap,StockholdersEquity,1,-573852000.0,-573.852,USD,10-K,2022,FY,CY2019Q4I,0000950170-23-005820,2023-03-02,2026-08-05T17:15:02+00:00,https://www.sec.gov/Archives/edgar/data/1580864/000095017023005820/,True,"latest valid annual filing by 2026-08-05, then tag priority"
vrm,VRM,0001580864,inventory_led_ecommerce,2020,2020-01-01,2020-12-31,365.0,net_income,us-gaap,NetIncomeLoss,1,-202799000.0,-202.799,USD,10-K,2022,FY,CY2020,0000950170-23-005820,2023-03-02,2026-08-05T17:15:02+00:00,https://www.sec.gov/Archives/edgar/data/1580864/000095017023005820/,True,"latest valid annual filing by 2026-08-05, then tag priority"
vrm,VRM,0001580864,inventory_led_ecommerce,2020,2020-01-01,2020-12-31,365.0,revenue,us-gaap,RevenueFromContractWithCustomerExcludingAssessedTax,1,1357700000.0,1357.7,USD,10-K,2022,FY,CY2020,0000950170-23-005820,2023-03-02,2026-08-05T17:15:02+00:00,https://www.sec.gov/Archives/edgar/data/1580864/000095017023005820/,True,"latest valid annual filing by 2026-08-05, then tag priority"
vrm,VRM,0001580864,inventory_led_ecommerce,2020,,2020-12-31,,total_assets,us-gaap,Assets,1,1724056000.0,1724.056,USD,10-K,2021,FY,CY2020Q4I,0000950170-22-002352,2022-03-01,2026-08-05T17:15:02+00:00,https://www.sec.gov/Archives/edgar/data/1580864/000095017022002352/,True,"latest valid annual filing by 2026-08-05, then tag priority"
vrm,VRM,0001580864,inventory_led_ecommerce,2020,,2020-12-31,,total_equity,us-gaap,StockholdersEquity,1,1227102000.0,1227.102,USD,10-K,2022,FY,CY2020Q4I,0000950170-23-005820,2023-03-02,2026-08-05T17:15:02+00:00,https://www.sec.gov/Archives/edgar/data/1580864/000095017023005820/,True,"latest valid annual filing by 2026-08-05, then tag priority"
vrm,VRM,0001580864,inventory_led_ecommerce,2021,2021-01-01,2021-12-31,364.0,net_income,us-gaap,NetIncomeLoss,1,-370911000.0,-370.911,USD,10-K,2022,FY,CY2021,0000950170-23-005820,2023-03-02,2026-08-05T17:15:02+00:00,https://www.sec.gov/Archives/edgar/data/1580864/000095017023005820/,True,"latest valid annual filing by 2026-08-05, then tag priority"
vrm,VRM,0001580864,inventory_led_ecommerce,2021,2021-01-01,2021-12-31,364.0,revenue,us-gaap,RevenueFromContractWithCustomerExcludingAssessedTax,1,3184255000.0,3184.255,USD,10-K,2022,FY,CY2021,0000950170-23-005820,2023-03-02,2026-08-05T17:15:02+00:00,https://www.sec.gov/Archives/edgar/data/1580864/000095017023005820/,True,"latest valid annual filing by 2026-08-05, then tag priority"
vrm,VRM,0001580864,inventory_led_ecommerce,2021,,2021-12-31,,total_assets,us-gaap,Assets,1,2366750000.0,2366.75,USD,10-K,2022,FY,CY2021Q4I,0000950170-23-005820,2023-03-02,2026-08-05T17:15:02+00:00,https://www.sec.gov/Archives/edgar/data/1580864/000095017023005820/,True,"latest valid annual filing by 2026-08-05, then tag priority"
vrm,VRM,0001580864,inventory_led_ecommerce,2021,,2021-12-31,,total_equity,us-gaap,StockholdersEquity,1,915194000.0,915.194,USD,10-K,2023,FY,CY2021Q4I,0000950170-24-030760,2024-03-13,2026-08-05T17:15:02+00:00,https://www.sec.gov/Archives/edgar/data/1580864/000095017024030760/,True,"latest valid annual filing by 2026-08-05, then tag priority"
vrm,VRM,0001580864,inventory_led_ecommerce,2022,2022-01-01,2022-12-31,364.0,net_income,us-gaap,NetIncomeLoss,1,-451910000.0,-451.91,USD,10-K,2023,FY,,0000950170-24-030760,2024-03-13,2026-08-05T17:15:02+00:00,https://www.sec.gov/Archives/edgar/data/1580864/000095017024030760/,True,"latest valid annual filing by 2026-08-05, then tag priority"
vrm,VRM,0001580864,inventory_led_ecommerce,2022,2022-01-01,2022-12-31,364.0,revenue,us-gaap,RevenueFromContractWithCustomerExcludingAssessedTax,1,1948901000.0,1948.901,USD,10-K,2023,FY,CY2022,0000950170-24-030760,2024-03-13,2026-08-05T17:15:02+00:00,https://www.sec.gov/Archives/edgar/data/1580864/000095017024030760/,True,"latest valid annual filing by 2026-08-05, then tag priority"
vrm,VRM,0001580864,inventory_led_ecommerce,2022,,2022-12-31,,total_assets,us-gaap,Assets,1,1619027000.0,1619.027,USD,10-K,2023,FY,,0000950170-24-030760,2024-03-13,2026-08-05T17:15:02+00:00,https://www.sec.gov/Archives/edgar/data/1580864/000095017024030760/,True,"latest valid annual filing by 2026-08-05, then tag priority"
vrm,VRM,0001580864,inventory_led_ecommerce,2022,,2022-12-31,,total_equity,us-gaap,StockholdersEquity,1,479832000.0,479.832,USD,10-K,2024,FY,CY2022Q4I,0000950170-25-037265,2025-03-11,2026-08-05T17:15:02+00:00,https://www.sec.gov/Archives/edgar/data/1580864/000095017025037265/,True,"latest valid annual filing by 2026-08-05, then tag priority"
vrm,VRM,0001580864,inventory_led_ecommerce,2023,2023-01-01,2023-12-31,364.0,net_income,us-gaap,NetIncomeLoss,1,-364611000.0,-364.611,USD,10-K,2024,FY,,0000950170-25-037265,2025-03-11,2026-08-05T17:15:02+00:00,https://www.sec.gov/Archives/edgar/data/1580864/000095017025037265/,True,"latest valid annual filing by 2026-08-05, then tag priority"
vrm,VRM,0001580864,inventory_led_ecommerce,2023,2023-01-01,2023-12-31,364.0,revenue,us-gaap,RevenueFromContractWithCustomerExcludingAssessedTax,1,893203000.0,893.203,USD,10-K,2023,FY,CY2023,0000950170-24-030760,2024-03-13,2026-08-05T17:15:02+00:00,https://www.sec.gov/Archives/edgar/data/1580864/000095017024030760/,True,"latest valid annual filing by 2026-08-05, then tag priority"
vrm,VRM,0001580864,inventory_led_ecommerce,2023,,2023-12-31,,total_assets,us-gaap,Assets,1,1475422000.0,1475.422,USD,10-K,2024,FY,CY2023Q4I,0000950170-25-037265,2025-03-11,2026-08-05T17:15:02+00:00,https://www.sec.gov/Archives/edgar/data/1580864/000095017025037265/,True,"latest valid annual filing by 2026-08-05, then tag priority"
vrm,VRM,0001580864,inventory_led_ecommerce,2023,,2023-12-31,,total_equity,us-gaap,StockholdersEquity,1,127671000.0,127.671,USD,10-K,2025,FY,CY2023Q4I,0001193125-26-126253,2026-03-26,2026-08-05T17:15:02+00:00,https://www.sec.gov/Archives/edgar/data/1580864/000119312526126253/,True,"latest valid annual filing by 2026-08-05, then tag priority"
vrm,VRM,0001580864,inventory_led_ecommerce,2024,2024-01-01,2024-12-31,365.0,net_income,us-gaap,NetIncomeLoss,1,-165124000.0,-165.124,USD,10-K,2025,FY,,0001193125-26-126253,2026-03-26,2026-08-05T17:15:02+00:00,https://www.sec.gov/Archives/edgar/data/1580864/000119312526126253/,True,"latest valid annual filing by 2026-08-05, then tag priority"
vrm,VRM,0001580864,inventory_led_ecommerce,2024,,2024-12-31,,total_assets,us-gaap,Assets,1,1066696000.0,1066.696,USD,10-K,2025,FY,CY2024Q4I,0001193125-26-126253,2026-03-26,2026-08-05T17:15:02+00:00,https://www.sec.gov/Archives/edgar/data/1580864/000119312526126253/,True,"latest valid annual filing by 2026-08-05, then tag priority"
vrm,VRM,0001580864,inventory_led_ecommerce,2024,,2024-12-31,,total_equity,us-gaap,StockholdersEquity,1,-30945000.0,-30.945,USD,10-K,2025,FY,,0001193125-26-126253,2026-03-26,2026-08-05T17:15:02+00:00,https://www.sec.gov/Archives/edgar/data/1580864/000119312526126253/,True,"latest valid annual filing by 2026-08-05, then tag priority"
w,W,0001616707,inventory_led_ecommerce,2017,2017-01-01,2017-12-31,364.0,net_income,us-gaap,NetIncomeLoss,1,-244614000.0,-244.614,USD,10-K,2019,FY,CY2017,0001616707-20-000025,2020-02-28,2026-08-05T17:15:02+00:00,https://www.sec.gov/Archives/edgar/data/1616707/000161670720000025/,True,"latest valid annual filing by 2026-08-05, then tag priority"
w,W,0001616707,inventory_led_ecommerce,2017,2017-01-01,2017-12-31,364.0,revenue,us-gaap,RevenueFromContractWithCustomerExcludingAssessedTax,1,4720895000.0,4720.895,USD,10-K,2019,FY,CY2017,0001616707-20-000025,2020-02-28,2026-08-05T17:15:02+00:00,https://www.sec.gov/Archives/edgar/data/1616707/000161670720000025/,True,"latest valid annual filing by 2026-08-05, then tag priority"
w,W,0001616707,inventory_led_ecommerce,2017,,2017-12-31,,total_assets,us-gaap,Assets,1,1213403000.0,1213.403,USD,10-K,2018,FY,CY2017Q4I,0001616707-19-000042,2019-02-25,2026-08-05T17:15:02+00:00,https://www.sec.gov/Archives/edgar/data/1616707/000161670719000042/,True,"latest valid annual filing by 2026-08-05, then tag priority"
w,W,0001616707,inventory_led_ecommerce,2017,,2017-12-31,,total_equity,us-gaap,StockholdersEquity,1,-48329000.0,-48.329,USD,10-K,2020,FY,CY2017Q4I,0001616707-21-000064,2021-02-25,2026-08-05T17:15:02+00:00,https://www.sec.gov/Archives/edgar/data/1616707/000161670721000064/,True,"latest valid annual filing by 2026-08-05, then tag priority"
w,W,0001616707,inventory_led_ecommerce,2018,2018-01-01,2018-12-31,364.0,net_income,us-gaap,NetIncomeLoss,1,-504080000.0,-504.08,USD,10-K,2020,FY,CY2018,0001616707-21-000064,2021-02-25,2026-08-05T17:15:02+00:00,https://www.sec.gov/Archives/edgar/data/1616707/000161670721000064/,True,"latest valid annual filing by 2026-08-05, then tag priority"
w,W,0001616707,inventory_led_ecommerce,2018,2018-01-01,2018-12-31,364.0,revenue,us-gaap,RevenueFromContractWithCustomerExcludingAssessedTax,1,6779174000.0,6779.174,USD,10-K,2020,FY,CY2018,0001616707-21-000064,2021-02-25,2026-08-05T17:15:02+00:00,https://www.sec.gov/Archives/edgar/data/1616707/000161670721000064/,True,"latest valid annual filing by 2026-08-05, then tag priority"
w,W,0001616707,inventory_led_ecommerce,2018,,2018-12-31,,total_assets,us-gaap,Assets,1,1890850000.0,1890.85,USD,10-K,2019,FY,CY2018Q4I,0001616707-20-000025,2020-02-28,2026-08-05T17:15:02+00:00,https://www.sec.gov/Archives/edgar/data/1616707/000161670720000025/,True,"latest valid annual filing by 2026-08-05, then tag priority"
w,W,0001616707,inventory_led_ecommerce,2018,,2018-12-31,,total_equity,us-gaap,StockholdersEquity,1,-331000000.0,-331.0,USD,10-K,2021,FY,CY2018Q4I,0001616707-22-000031,2022-02-24,2026-08-05T17:15:02+00:00,https://www.sec.gov/Archives/edgar/data/1616707/000161670722000031/,True,"latest valid annual filing by 2026-08-05, then tag priority"
w,W,0001616707,inventory_led_ecommerce,2019,2019-01-01,2019-12-31,364.0,net_income,us-gaap,NetIncomeLoss,1,-985000000.0,-985.0,USD,10-K,2021,FY,CY2019,0001616707-22-000031,2022-02-24,2026-08-05T17:15:02+00:00,https://www.sec.gov/Archives/edgar/data/1616707/000161670722000031/,True,"latest valid annual filing by 2026-08-05, then tag priority"
w,W,0001616707,inventory_led_ecommerce,2019,2019-01-01,2019-12-31,364.0,revenue,us-gaap,RevenueFromContractWithCustomerExcludingAssessedTax,1,9127000000.0,9127.0,USD,10-K,2021,FY,CY2019,0001616707-22-000031,2022-02-24,2026-08-05T17:15:02+00:00,https://www.sec.gov/Archives/edgar/data/1616707/000161670722000031/,True,"latest valid annual filing by 2026-08-05, then tag priority"
w,W,0001616707,inventory_led_ecommerce,2019,,2019-12-31,,total_assets,us-gaap,Assets,1,2953048000.0,2953.048,USD,10-K,2020,FY,CY2019Q4I,0001616707-21-000064,2021-02-25,2026-08-05T17:15:02+00:00,https://www.sec.gov/Archives/edgar/data/1616707/000161670721000064/,True,"latest valid annual filing by 2026-08-05, then tag priority"
w,W,0001616707,inventory_led_ecommerce,2019,,2019-12-31,,total_equity,us-gaap,StockholdersEquity,1,-944000000.0,-944.0,USD,10-K,2022,FY,CY2019Q4I,0001616707-23-000037,2023-02-23,2026-08-05T17:15:02+00:00,https://www.sec.gov/Archives/edgar/data/1616707/000161670723000037/,True,"latest valid annual filing by 2026-08-05, then tag priority"
w,W,0001616707,inventory_led_ecommerce,2020,2020-01-01,2020-12-31,365.0,net_income,us-gaap,NetIncomeLoss,1,185000000.0,185.0,USD,10-K,2022,FY,CY2020,0001616707-23-000037,2023-02-23,2026-08-05T17:15:02+00:00,https://www.sec.gov/Archives/edgar/data/1616707/000161670723000037/,True,"latest valid annual filing by 2026-08-05, then tag priority"
w,W,0001616707,inventory_led_ecommerce,2020,2020-01-01,2020-12-31,365.0,revenue,us-gaap,RevenueFromContractWithCustomerExcludingAssessedTax,1,14145000000.0,14145.0,USD,10-K,2022,FY,CY2020,0001616707-23-000037,2023-02-23,2026-08-05T17:15:02+00:00,https://www.sec.gov/Archives/edgar/data/1616707/000161670723000037/,True,"latest valid annual filing by 2026-08-05, then tag priority"
w,W,0001616707,inventory_led_ecommerce,2020,,2020-12-31,,total_assets,us-gaap,Assets,1,4570000000.0,4570.0,USD,10-K,2021,FY,CY2020Q4I,0001616707-22-000031,2022-02-24,2026-08-05T17:15:02+00:00,https://www.sec.gov/Archives/edgar/data/1616707/000161670722000031/,True,"latest valid annual filing by 2026-08-05, then tag priority"
w,W,0001616707,inventory_led_ecommerce,2020,,2020-12-31,,total_equity,us-gaap,StockholdersEquity,1,-1192000000.0,-1192.0,USD,10-K,2023,FY,CY2020Q4I,0001616707-24-000014,2024-02-22,2026-08-05T17:15:02+00:00,https://www.sec.gov/Archives/edgar/data/1616707/000161670724000014/,True,"latest valid annual filing by 2026-08-05, then tag priority"
w,W,0001616707,inventory_led_ecommerce,2021,2021-01-01,2021-12-31,364.0,net_income,us-gaap,NetIncomeLoss,1,-131000000.0,-131.0,USD,10-K,2023,FY,CY2021,0001616707-24-000014,2024-02-22,2026-08-05T17:15:02+00:00,https://www.sec.gov/Archives/edgar/data/1616707/000161670724000014/,True,"latest valid annual filing by 2026-08-05, then tag priority"
w,W,0001616707,inventory_led_ecommerce,2021,2021-01-01,2021-12-31,364.0,revenue,us-gaap,RevenueFromContractWithCustomerExcludingAssessedTax,1,13708000000.0,13708.0,USD,10-K,2023,FY,CY2021,0001616707-24-000014,2024-02-22,2026-08-05T17:15:02+00:00,https://www.sec.gov/Archives/edgar/data/1616707/000161670724000014/,True,"latest valid annual filing by 2026-08-05, then tag priority"
w,W,0001616707,inventory_led_ecommerce,2021,,2021-12-31,,total_assets,us-gaap,Assets,1,4570000000.0,4570.0,USD,10-K,2022,FY,CY2021Q4I,0001616707-23-000037,2023-02-23,2026-08-05T17:15:02+00:00,https://www.sec.gov/Archives/edgar/data/1616707/000161670723000037/,True,"latest valid annual filing by 2026-08-05, then tag priority"
w,W,0001616707,inventory_led_ecommerce,2021,,2021-12-31,,total_equity,us-gaap,StockholdersEquity,1,-1619000000.0,-1619.0,USD,10-K,2024,FY,CY2021Q4I,0001616707-25-000022,2025-02-20,2026-08-05T17:15:02+00:00,https://www.sec.gov/Archives/edgar/data/1616707/000161670725000022/,True,"latest valid annual filing by 2026-08-05, then tag priority"
w,W,0001616707,inventory_led_ecommerce,2022,2022-01-01,2022-12-31,364.0,net_income,us-gaap,NetIncomeLoss,1,-1331000000.0,-1331.0,USD,10-K,2024,FY,CY2022,0001616707-25-000022,2025-02-20,2026-08-05T17:15:02+00:00,https://www.sec.gov/Archives/edgar/data/1616707/000161670725000022/,True,"latest valid annual filing by 2026-08-05, then tag priority"
w,W,0001616707,inventory_led_ecommerce,2022,2022-01-01,2022-12-31,364.0,revenue,us-gaap,RevenueFromContractWithCustomerExcludingAssessedTax,1,12218000000.0,12218.0,USD,10-K,2024,FY,CY2022,0001616707-25-000022,2025-02-20,2026-08-05T17:15:02+00:00,https://www.sec.gov/Archives/edgar/data/1616707/000161670725000022/,True,"latest valid annual filing by 2026-08-05, then tag priority"
w,W,0001616707,inventory_led_ecommerce,2022,,2022-12-31,,total_assets,us-gaap,Assets,1,3580000000.0,3580.0,USD,10-K,2023,FY,CY2022Q4I,0001616707-24-000014,2024-02-22,2026-08-05T17:15:02+00:00,https://www.sec.gov/Archives/edgar/data/1616707/000161670724000014/,True,"latest valid annual filing by 2026-08-05, then tag priority"
w,W,0001616707,inventory_led_ecommerce,2022,,2022-12-31,,total_equity,us-gaap,StockholdersEquity,1,-2550000000.0,-2550.0,USD,10-K,2025,FY,CY2022Q4I,0001616707-26-000027,2026-02-19,2026-08-05T17:15:02+00:00,https://www.sec.gov/Archives/edgar/data/1616707/000161670726000027/,True,"latest valid annual filing by 2026-08-05, then tag priority"
w,W,0001616707,inventory_led_ecommerce,2023,2023-01-01,2023-12-31,364.0,net_income,us-gaap,NetIncomeLoss,1,-738000000.0,-738.0,USD,10-K,2025,FY,CY2023,0001616707-26-000027,2026-02-19,2026-08-05T17:15:02+00:00,https://www.sec.gov/Archives/edgar/data/1616707/000161670726000027/,True,"latest valid annual filing by 2026-08-05, then tag priority"
w,W,0001616707,inventory_led_ecommerce,2023,2023-01-01,2023-12-31,364.0,revenue,us-gaap,RevenueFromContractWithCustomerExcludingAssessedTax,1,12003000000.0,12003.0,USD,10-K,2025,FY,CY2023,0001616707-26-000027,2026-02-19,2026-08-05T17:15:02+00:00,https://www.sec.gov/Archives/edgar/data/1616707/000161670726000027/,True,"latest valid annual filing by 2026-08-05, then tag priority"
w,W,0001616707,inventory_led_ecommerce,2023,,2023-12-31,,total_assets,us-gaap,Assets,1,3474000000.0,3474.0,USD,10-K,2024,FY,CY2023Q4I,0001616707-25-000022,2025-02-20,2026-08-05T17:15:02+00:00,https://www.sec.gov/Archives/edgar/data/1616707/000161670725000022/,True,"latest valid annual filing by 2026-08-05, then tag priority"
w,W,0001616707,inventory_led_ecommerce,2023,,2023-12-31,,total_equity,us-gaap,StockholdersEquity,1,-2707000000.0,-2707.0,USD,10-K,2025,FY,CY2023Q4I,0001616707-26-000027,2026-02-19,2026-08-05T17:15:02+00:00,https://www.sec.gov/Archives/edgar/data/1616707/000161670726000027/,True,"latest valid annual filing by 2026-08-05, then tag priority"
w,W,0001616707,inventory_led_ecommerce,2024,2024-01-01,2024-12-31,365.0,net_income,us-gaap,NetIncomeLoss,1,-492000000.0,-492.0,USD,10-K,2025,FY,CY2024,0001616707-26-000027,2026-02-19,2026-08-05T17:15:02+00:00,https://www.sec.gov/Archives/edgar/data/1616707/000161670726000027/,True,"latest valid annual filing by 2026-08-05, then tag priority"
w,W,0001616707,inventory_led_ecommerce,2024,2024-01-01,2024-12-31,365.0,revenue,us-gaap,RevenueFromContractWithCustomerExcludingAssessedTax,1,11851000000.0,11851.0,USD,10-K,2025,FY,CY2024,0001616707-26-000027,2026-02-19,2026-08-05T17:15:02+00:00,https://www.sec.gov/Archives/edgar/data/1616707/000161670726000027/,True,"latest valid annual filing by 2026-08-05, then tag priority"
w,W,0001616707,inventory_led_ecommerce,2024,,2024-12-31,,total_assets,us-gaap,Assets,1,3459000000.0,3459.0,USD,10-K,2025,FY,CY2024Q4I,0001616707-26-000027,2026-02-19,2026-08-05T17:15:02+00:00,https://www.sec.gov/Archives/edgar/data/1616707/000161670726000027/,True,"latest valid annual filing by 2026-08-05, then tag priority"
w,W,0001616707,inventory_led_ecommerce,2024,,2024-12-31,,total_equity,us-gaap,StockholdersEquity,1,-2755000000.0,-2755.0,USD,10-K,2025,FY,,0001616707-26-000027,2026-02-19,2026-08-05T17:15:02+00:00,https://www.sec.gov/Archives/edgar/data/1616707/000161670726000027/,True,"latest valid annual filing by 2026-08-05, then tag priority"
wish,WISH,0001822250,marketplace_platform,2018,2018-01-01,2018-12-31,364.0,net_income,us-gaap,NetIncomeLoss,1,-208000000.0,-208.0,USD,10-K,2020,FY,CY2018,0001564590-21-015544,2021-03-25,2026-08-05T17:15:02+00:00,https://www.sec.gov/Archives/edgar/data/1822250/000156459021015544/,True,"latest valid annual filing by 2026-08-05, then tag priority"
wish,WISH,0001822250,marketplace_platform,2018,2018-01-01,2018-12-31,364.0,revenue,us-gaap,RevenueFromContractWithCustomerExcludingAssessedTax,1,1728000000.0,1728.0,USD,10-K,2020,FY,CY2018,0001564590-21-015544,2021-03-25,2026-08-05T17:15:02+00:00,https://www.sec.gov/Archives/edgar/data/1822250/000156459021015544/,True,"latest valid annual filing by 2026-08-05, then tag priority"
wish,WISH,0001822250,marketplace_platform,2018,,2018-12-31,,total_equity,us-gaap,StockholdersEquity,1,-1287000000.0,-1287.0,USD,10-K,2021,FY,CY2018Q4I,0001564590-22-010074,2022-03-14,2026-08-05T17:15:02+00:00,https://www.sec.gov/Archives/edgar/data/1822250/000156459022010074/,True,"latest valid annual filing by 2026-08-05, then tag priority"
wish,WISH,0001822250,marketplace_platform,2019,2019-01-01,2019-12-31,364.0,net_income,us-gaap,NetIncomeLoss,1,-129000000.0,-129.0,USD,10-K,2021,FY,CY2019,0001564590-22-010074,2022-03-14,2026-08-05T17:15:02+00:00,https://www.sec.gov/Archives/edgar/data/1822250/000156459022010074/,True,"latest valid annual filing by 2026-08-05, then tag priority"
wish,WISH,0001822250,marketplace_platform,2019,2019-01-01,2019-12-31,364.0,revenue,us-gaap,RevenueFromContractWithCustomerExcludingAssessedTax,1,1901000000.0,1901.0,USD,10-K,2021,FY,CY2019,0001564590-22-010074,2022-03-14,2026-08-05T17:15:02+00:00,https://www.sec.gov/Archives/edgar/data/1822250/000156459022010074/,True,"latest valid annual filing by 2026-08-05, then tag priority"
wish,WISH,0001822250,marketplace_platform,2019,,2019-12-31,,total_assets,us-gaap,Assets,1,1366000000.0,1366.0,USD,10-K,2020,FY,CY2019Q4I,0001564590-21-015544,2021-03-25,2026-08-05T17:15:02+00:00,https://www.sec.gov/Archives/edgar/data/1822250/000156459021015544/,True,"latest valid annual filing by 2026-08-05, then tag priority"
wish,WISH,0001822250,marketplace_platform,2019,,2019-12-31,,total_equity,us-gaap,StockholdersEquity,1,-1439000000.0,-1439.0,USD,10-K,2022,FY,CY2019Q4I,0000950170-23-004711,2023-02-27,2026-08-05T17:15:02+00:00,https://www.sec.gov/Archives/edgar/data/1822250/000095017023004711/,True,"latest valid annual filing by 2026-08-05, then tag priority"
wish,WISH,0001822250,marketplace_platform,2020,2020-01-01,2020-12-31,365.0,net_income,us-gaap,NetIncomeLoss,1,-745000000.0,-745.0,USD,10-K,2022,FY,CY2020,0000950170-23-004711,2023-02-27,2026-08-05T17:15:02+00:00,https://www.sec.gov/Archives/edgar/data/1822250/000095017023004711/,True,"latest valid annual filing by 2026-08-05, then tag priority"
wish,WISH,0001822250,marketplace_platform,2020,2020-01-01,2020-12-31,365.0,revenue,us-gaap,RevenueFromContractWithCustomerExcludingAssessedTax,1,2541000000.0,2541.0,USD,10-K,2022,FY,CY2020,0000950170-23-004711,2023-02-27,2026-08-05T17:15:02+00:00,https://www.sec.gov/Archives/edgar/data/1822250/000095017023004711/,True,"latest valid annual filing by 2026-08-05, then tag priority"
wish,WISH,0001822250,marketplace_platform,2020,,2020-12-31,,total_assets,us-gaap,Assets,1,2397000000.0,2397.0,USD,10-K,2021,FY,CY2020Q4I,0001564590-22-010074,2022-03-14,2026-08-05T17:15:02+00:00,https://www.sec.gov/Archives/edgar/data/1822250/000156459022010074/,True,"latest valid annual filing by 2026-08-05, then tag priority"
wish,WISH,0001822250,marketplace_platform,2020,,2020-12-31,,total_equity,us-gaap,StockholdersEquity,1,1027000000.0,1027.0,USD,10-K,2022,FY,CY2020Q4I,0000950170-23-004711,2023-02-27,2026-08-05T17:15:02+00:00,https://www.sec.gov/Archives/edgar/data/1822250/000095017023004711/,True,"latest valid annual filing by 2026-08-05, then tag priority"
wish,WISH,0001822250,marketplace_platform,2021,2021-01-01,2021-12-31,364.0,net_income,us-gaap,NetIncomeLoss,1,-361000000.0,-361.0,USD,10-K,2022,FY,CY2021,0000950170-23-004711,2023-02-27,2026-08-05T17:15:02+00:00,https://www.sec.gov/Archives/edgar/data/1822250/000095017023004711/,True,"latest valid annual filing by 2026-08-05, then tag priority"
wish,WISH,0001822250,marketplace_platform,2021,2021-01-01,2021-12-31,364.0,revenue,us-gaap,RevenueFromContractWithCustomerExcludingAssessedTax,1,2085000000.0,2085.0,USD,10-K,2022,FY,CY2021,0000950170-23-004711,2023-02-27,2026-08-05T17:15:02+00:00,https://www.sec.gov/Archives/edgar/data/1822250/000095017023004711/,True,"latest valid annual filing by 2026-08-05, then tag priority"
wish,WISH,0001822250,marketplace_platform,2021,,2021-12-31,,total_assets,us-gaap,Assets,1,1283000000.0,1283.0,USD,10-K,2022,FY,CY2021Q4I,0000950170-23-004711,2023-02-27,2026-08-05T17:15:02+00:00,https://www.sec.gov/Archives/edgar/data/1822250/000095017023004711/,True,"latest valid annual filing by 2026-08-05, then tag priority"
wish,WISH,0001822250,marketplace_platform,2021,,2021-12-31,,total_equity,us-gaap,StockholdersEquity,1,818000000.0,818.0,USD,10-K,2023,FY,CY2021Q4I,0000950170-24-025210,2024-03-05,2026-08-05T17:15:02+00:00,https://www.sec.gov/Archives/edgar/data/1822250/000095017024025210/,True,"latest valid annual filing by 2026-08-05, then tag priority"
wish,WISH,0001822250,marketplace_platform,2022,2022-01-01,2022-12-31,364.0,net_income,us-gaap,NetIncomeLoss,1,-384000000.0,-384.0,USD,10-K/A,2024,FY,CY2022,0001140361-25-014279,2025-04-17,2026-08-05T17:15:02+00:00,https://www.sec.gov/Archives/edgar/data/1822250/000114036125014279/,True,"latest valid annual filing by 2026-08-05, then tag priority"
wish,WISH,0001822250,marketplace_platform,2022,2022-01-01,2022-12-31,364.0,revenue,us-gaap,RevenueFromContractWithCustomerExcludingAssessedTax,1,571000000.0,571.0,USD,10-K,2023,FY,CY2022,0000950170-24-025210,2024-03-05,2026-08-05T17:15:02+00:00,https://www.sec.gov/Archives/edgar/data/1822250/000095017024025210/,True,"latest valid annual filing by 2026-08-05, then tag priority"
wish,WISH,0001822250,marketplace_platform,2022,,2022-12-31,,total_assets,us-gaap,Assets,1,799000000.0,799.0,USD,10-K,2023,FY,CY2022Q4I,0000950170-24-025210,2024-03-05,2026-08-05T17:15:02+00:00,https://www.sec.gov/Archives/edgar/data/1822250/000095017024025210/,True,"latest valid annual filing by 2026-08-05, then tag priority"
wish,WISH,0001822250,marketplace_platform,2022,,2022-12-31,,total_equity,us-gaap,StockholdersEquity,1,477000000.0,477.0,USD,10-K,2024,FY,CY2022Q4I,0000950170-25-037990,2025-03-12,2026-08-05T17:15:02+00:00,https://www.sec.gov/Archives/edgar/data/1822250/000095017025037990/,True,"latest valid annual filing by 2026-08-05, then tag priority"
wish,WISH,0001822250,marketplace_platform,2023,2023-01-01,2023-12-31,364.0,net_income,us-gaap,NetIncomeLoss,1,-317000000.0,-317.0,USD,10-K/A,2024,FY,CY2023,0001140361-25-014279,2025-04-17,2026-08-05T17:15:02+00:00,https://www.sec.gov/Archives/edgar/data/1822250/000114036125014279/,True,"latest valid annual filing by 2026-08-05, then tag priority"
wish,WISH,0001822250,marketplace_platform,2023,2023-01-01,2023-12-31,364.0,revenue,us-gaap,RevenueFromContractWithCustomerExcludingAssessedTax,1,287000000.0,287.0,USD,10-K,2024,FY,CY2023,0000950170-25-037990,2025-03-12,2026-08-05T17:15:02+00:00,https://www.sec.gov/Archives/edgar/data/1822250/000095017025037990/,True,"latest valid annual filing by 2026-08-05, then tag priority"
wish,WISH,0001822250,marketplace_platform,2023,,2023-12-31,,total_assets,us-gaap,Assets,1,423000000.0,423.0,USD,10-K,2024,FY,CY2023Q4I,0000950170-25-037990,2025-03-12,2026-08-05T17:15:02+00:00,https://www.sec.gov/Archives/edgar/data/1822250/000095017025037990/,True,"latest valid annual filing by 2026-08-05, then tag priority"
wish,WISH,0001822250,marketplace_platform,2023,,2023-12-31,,total_equity,us-gaap,StockholdersEquity,1,217000000.0,217.0,USD,10-K,2024,FY,,0000950170-25-037990,2025-03-12,2026-08-05T17:15:02+00:00,https://www.sec.gov/Archives/edgar/data/1822250/000095017025037990/,True,"latest valid annual filing by 2026-08-05, then tag priority"
wish,WISH,0001822250,marketplace_platform,2024,2024-01-01,2024-12-31,365.0,net_income,us-gaap,NetIncomeLoss,1,-75000000.0,-75.0,USD,10-K/A,2024,FY,CY2024,0001140361-25-014279,2025-04-17,2026-08-05T17:15:02+00:00,https://www.sec.gov/Archives/edgar/data/1822250/000114036125014279/,True,"latest valid annual filing by 2026-08-05, then tag priority"
wish,WISH,0001822250,marketplace_platform,2024,2024-01-01,2024-12-31,365.0,revenue,us-gaap,RevenueFromContractWithCustomerExcludingAssessedTax,1,43000000.0,43.0,USD,10-K,2024,FY,CY2024,0000950170-25-037990,2025-03-12,2026-08-05T17:15:02+00:00,https://www.sec.gov/Archives/edgar/data/1822250/000095017025037990/,True,"latest valid annual filing by 2026-08-05, then tag priority"
wish,WISH,0001822250,marketplace_platform,2024,,2024-12-31,,total_assets,us-gaap,Assets,1,156000000.0,156.0,USD,10-K,2024,FY,,0000950170-25-037990,2025-03-12,2026-08-05T17:15:02+00:00,https://www.sec.gov/Archives/edgar/data/1822250/000095017025037990/,True,"latest valid annual filing by 2026-08-05, then tag priority"
wish,WISH,0001822250,marketplace_platform,2024,,2024-12-31,,total_equity,us-gaap,StockholdersEquity,1,151000000.0,151.0,USD,10-K,2024,FY,,0000950170-25-037990,2025-03-12,2026-08-05T17:15:02+00:00,https://www.sec.gov/Archives/edgar/data/1822250/000095017025037990/,True,"latest valid annual filing by 2026-08-05, then tag priority"
wrby,WRBY,0001504776,dtc_brand,2019,2019-01-01,2019-12-31,364.0,net_income,us-gaap,NetIncomeLoss,1,0.0,0.0,USD,10-K,2021,FY,CY2019,0001504776-22-000007,2022-03-18,2026-08-05T17:15:02+00:00,https://www.sec.gov/Archives/edgar/data/1504776/000150477622000007/,True,"latest valid annual filing by 2026-08-05, then tag priority"
wrby,WRBY,0001504776,dtc_brand,2019,2019-01-01,2019-12-31,364.0,revenue,us-gaap,RevenueFromContractWithCustomerExcludingAssessedTax,1,370463000.0,370.463,USD,10-K,2021,FY,CY2019,0001504776-22-000007,2022-03-18,2026-08-05T17:15:02+00:00,https://www.sec.gov/Archives/edgar/data/1504776/000150477622000007/,True,"latest valid annual filing by 2026-08-05, then tag priority"
wrby,WRBY,0001504776,dtc_brand,2019,,2019-12-31,,total_equity,us-gaap,StockholdersEquity,1,-189453000.0,-189.453,USD,10-K,2022,FY,CY2019Q4I,0001504776-23-000006,2023-02-28,2026-08-05T17:15:02+00:00,https://www.sec.gov/Archives/edgar/data/1504776/000150477623000006/,True,"latest valid annual filing by 2026-08-05, then tag priority"
wrby,WRBY,0001504776,dtc_brand,2020,2020-01-01,2020-12-31,365.0,net_income,us-gaap,NetIncomeLoss,1,-55919000.0,-55.919,USD,10-K,2022,FY,CY2020,0001504776-23-000006,2023-02-28,2026-08-05T17:15:02+00:00,https://www.sec.gov/Archives/edgar/data/1504776/000150477623000006/,True,"latest valid annual filing by 2026-08-05, then tag priority"
wrby,WRBY,0001504776,dtc_brand,2020,2020-01-01,2020-12-31,365.0,revenue,us-gaap,RevenueFromContractWithCustomerExcludingAssessedTax,1,393719000.0,393.719,USD,10-K,2022,FY,CY2020,0001504776-23-000006,2023-02-28,2026-08-05T17:15:02+00:00,https://www.sec.gov/Archives/edgar/data/1504776/000150477623000006/,True,"latest valid annual filing by 2026-08-05, then tag priority"
wrby,WRBY,0001504776,dtc_brand,2020,,2020-12-31,,total_assets,us-gaap,Assets,1,444751000.0,444.751,USD,10-K,2021,FY,CY2020Q4I,0001504776-22-000007,2022-03-18,2026-08-05T17:15:02+00:00,https://www.sec.gov/Archives/edgar/data/1504776/000150477622000007/,True,"latest valid annual filing by 2026-08-05, then tag priority"
wrby,WRBY,0001504776,dtc_brand,2020,,2020-12-31,,total_equity,us-gaap,StockholdersEquity,1,-198097000.0,-198.097,USD,10-K,2023,FY,CY2020Q4I,0001504776-24-000006,2024-02-29,2026-08-05T17:15:02+00:00,https://www.sec.gov/Archives/edgar/data/1504776/000150477624000006/,True,"latest valid annual filing by 2026-08-05, then tag priority"
wrby,WRBY,0001504776,dtc_brand,2021,2021-01-01,2021-12-31,364.0,net_income,us-gaap,NetIncomeLoss,1,-144271000.0,-144.271,USD,10-K,2023,FY,,0001504776-24-000006,2024-02-29,2026-08-05T17:15:02+00:00,https://www.sec.gov/Archives/edgar/data/1504776/000150477624000006/,True,"latest valid annual filing by 2026-08-05, then tag priority"
wrby,WRBY,0001504776,dtc_brand,2021,2021-01-01,2021-12-31,364.0,revenue,us-gaap,RevenueFromContractWithCustomerExcludingAssessedTax,1,540798000.0,540.798,USD,10-K,2023,FY,CY2021,0001504776-24-000006,2024-02-29,2026-08-05T17:15:02+00:00,https://www.sec.gov/Archives/edgar/data/1504776/000150477624000006/,True,"latest valid annual filing by 2026-08-05, then tag priority"
wrby,WRBY,0001504776,dtc_brand,2021,,2021-12-31,,total_assets,us-gaap,Assets,1,440646000.0,440.646,USD,10-K,2022,FY,CY2021Q4I,0001504776-23-000006,2023-02-28,2026-08-05T17:15:02+00:00,https://www.sec.gov/Archives/edgar/data/1504776/000150477623000006/,True,"latest valid annual filing by 2026-08-05, then tag priority"
wrby,WRBY,0001504776,dtc_brand,2021,,2021-12-31,,total_equity,us-gaap,StockholdersEquity,1,285998000.0,285.998,USD,10-K,2024,FY,CY2021Q4I,0001504776-25-000010,2025-02-27,2026-08-05T17:15:02+00:00,https://www.sec.gov/Archives/edgar/data/1504776/000150477625000010/,True,"latest valid annual filing by 2026-08-05, then tag priority"
wrby,WRBY,0001504776,dtc_brand,2022,2022-01-01,2022-12-31,364.0,net_income,us-gaap,NetIncomeLoss,1,-110393000.0,-110.393,USD,10-K,2024,FY,,0001504776-25-000010,2025-02-27,2026-08-05T17:15:02+00:00,https://www.sec.gov/Archives/edgar/data/1504776/000150477625000010/,True,"latest valid annual filing by 2026-08-05, then tag priority"
wrby,WRBY,0001504776,dtc_brand,2022,2022-01-01,2022-12-31,364.0,revenue,us-gaap,RevenueFromContractWithCustomerExcludingAssessedTax,1,598112000.0,598.112,USD,10-K,2024,FY,CY2022,0001504776-25-000010,2025-02-27,2026-08-05T17:15:02+00:00,https://www.sec.gov/Archives/edgar/data/1504776/000150477625000010/,True,"latest valid annual filing by 2026-08-05, then tag priority"
wrby,WRBY,0001504776,dtc_brand,2022,,2022-12-31,,total_assets,us-gaap,Assets,1,568707000.0,568.707,USD,10-K,2023,FY,CY2022Q4I,0001504776-24-000006,2024-02-29,2026-08-05T17:15:02+00:00,https://www.sec.gov/Archives/edgar/data/1504776/000150477624000006/,True,"latest valid annual filing by 2026-08-05, then tag priority"
wrby,WRBY,0001504776,dtc_brand,2022,,2022-12-31,,total_equity,us-gaap,StockholdersEquity,1,286646000.0,286.646,USD,10-K,2025,FY,CY2022Q4I,0001504776-26-000006,2026-02-26,2026-08-05T17:15:02+00:00,https://www.sec.gov/Archives/edgar/data/1504776/000150477626000006/,True,"latest valid annual filing by 2026-08-05, then tag priority"
wrby,WRBY,0001504776,dtc_brand,2023,2023-01-01,2023-12-31,364.0,net_income,us-gaap,NetIncomeLoss,1,-63197000.0,-63.197,USD,10-K,2025,FY,,0001504776-26-000006,2026-02-26,2026-08-05T17:15:02+00:00,https://www.sec.gov/Archives/edgar/data/1504776/000150477626000006/,True,"latest valid annual filing by 2026-08-05, then tag priority"
wrby,WRBY,0001504776,dtc_brand,2023,2023-01-01,2023-12-31,364.0,revenue,us-gaap,RevenueFromContractWithCustomerExcludingAssessedTax,1,669765000.0,669.765,USD,10-K,2025,FY,CY2023,0001504776-26-000006,2026-02-26,2026-08-05T17:15:02+00:00,https://www.sec.gov/Archives/edgar/data/1504776/000150477626000006/,True,"latest valid annual filing by 2026-08-05, then tag priority"
wrby,WRBY,0001504776,dtc_brand,2023,,2023-12-31,,total_assets,us-gaap,Assets,1,580312000.0,580.312,USD,10-K,2024,FY,CY2023Q4I,0001504776-25-000010,2025-02-27,2026-08-05T17:15:02+00:00,https://www.sec.gov/Archives/edgar/data/1504776/000150477625000010/,True,"latest valid annual filing by 2026-08-05, then tag priority"
wrby,WRBY,0001504776,dtc_brand,2023,,2023-12-31,,total_equity,us-gaap,StockholdersEquity,1,301787000.0,301.787,USD,10-K,2025,FY,CY2023Q4I,0001504776-26-000006,2026-02-26,2026-08-05T17:15:02+00:00,https://www.sec.gov/Archives/edgar/data/1504776/000150477626000006/,True,"latest valid annual filing by 2026-08-05, then tag priority"
wrby,WRBY,0001504776,dtc_brand,2024,2024-01-01,2024-12-31,365.0,net_income,us-gaap,NetIncomeLoss,1,-20390000.0,-20.39,USD,10-K,2025,FY,,0001504776-26-000006,2026-02-26,2026-08-05T17:15:02+00:00,https://www.sec.gov/Archives/edgar/data/1504776/000150477626000006/,True,"latest valid annual filing by 2026-08-05, then tag priority"
wrby,WRBY,0001504776,dtc_brand,2024,2024-01-01,2024-12-31,365.0,revenue,us-gaap,RevenueFromContractWithCustomerExcludingAssessedTax,1,771315000.0,771.315,USD,10-K,2025,FY,CY2024,0001504776-26-000006,2026-02-26,2026-08-05T17:15:02+00:00,https://www.sec.gov/Archives/edgar/data/1504776/000150477626000006/,True,"latest valid annual filing by 2026-08-05, then tag priority"
wrby,WRBY,0001504776,dtc_brand,2024,,2024-12-31,,total_assets,us-gaap,Assets,1,676490000.0,676.49,USD,10-K,2025,FY,CY2024Q4I,0001504776-26-000006,2026-02-26,2026-08-05T17:15:02+00:00,https://www.sec.gov/Archives/edgar/data/1504776/000150477626000006/,True,"latest valid annual filing by 2026-08-05, then tag priority"
wrby,WRBY,0001504776,dtc_brand,2024,,2024-12-31,,total_equity,us-gaap,StockholdersEquity,1,340073000.0,340.073,USD,10-K,2025,FY,,0001504776-26-000006,2026-02-26,2026-08-05T17:15:02+00:00,https://www.sec.gov/Archives/edgar/data/1504776/000150477626000006/,True,"latest valid annual filing by 2026-08-05, then tag priority"
