company_id,ticker,fiscal_year,period_end_date,revenue,operating_income,net_income,total_assets,total_liabilities,total_equity,current_assets,current_liabilities,cash_and_equivalents,inventory,total_debt,operating_cash_flow,capital_expenditure,free_cash_flow,row_data_as_of,prior_fiscal_year,prior_total_assets,prior_total_equity,prior_revenue,company_name,formal_peer_group,status_group,formal_sample_status,comparability_note,data_as_of,average_assets,average_equity,net_margin,operating_margin,current_ratio,quick_ratio,cash_ratio,liabilities_to_assets,total_debt_to_assets,operating_cash_flow_margin,free_cash_flow_margin,capital_expenditure_intensity,free_cash_flow_conversion,revenue_growth,average_balance_available_flag,asset_turnover,equity_multiplier,roe,roa,positive_average_equity_flag,dupont_roe,dupont_valid_flag,roe_valid_flag,near_zero_average_equity_flag,dupont_identity_gap,dupont_validity_reason,metric_flag_count,unresolved_conflict_count,quality_warning_count,quality_warnings,source_selection_method,source_selection_note
abnb,ABNB,2020,2020-12-31,3378.0,-3590.0,-4585.0,10491.499,7589.716,2901.0,8916.386,5139.779,5480.557,,,-740.0,37.0,-777.0,2026-08-05,2019,,-808.0,4805.239,Airbnb Inc,marketplace_platform,active,formal_included,Marketplace revenue recognition and asset intensity differ; interpret margin and turnover together.,2026-08-05,,1046.5,-1.3573120189461219,-1.0627590290112492,1.7347800362622594,,1.0663020725210168,0.723415786438144,,-0.21906453522794553,-0.23001776198934282,0.010953226761397277,1.05,-0.297017276351915,False,,,-4.381270903010034,,True,,False,False,False,,missing_prior_balance,3,0,3,Consecutive prior-year assets/equity are unavailable; resolved_latest_restated: Later valid filing supplies the current comparative value,latest_valid_restated_sec_companyfacts,"Latest valid filing through 2026-08-05; filing date, source priority, and accession provide deterministic selection."
abnb,ABNB,2021,2021-12-31,5992.0,429.0,-352.0,13708.0,8933.0,4775.0,12386.0,6359.0,6067.0,,,2313.0,25.0,2288.0,2026-08-05,2020,10491.499,2901.0,3378.0,Airbnb Inc,marketplace_platform,active,formal_included,Marketplace revenue recognition and asset intensity differ; interpret margin and turnover together.,2026-08-05,12099.7495,3838.0,-0.05874499332443257,0.0715954606141522,1.947790533102689,,0.9540808303192326,0.6516632623285673,,0.38601468624833113,0.3818424566088118,0.004172229639519359,0.9891915261565067,0.7738306690349319,True,0.49521686378713875,3.1526184210526313,-0.09171443460135487,-0.0290915113573219,True,-0.09171443460135487,True,True,False,0.0,valid,2,0,2,resolved_latest_restated: Later valid filing supplies the current comparative value,latest_valid_restated_sec_companyfacts,"Latest valid filing through 2026-08-05; filing date, source priority, and accession provide deterministic selection."
abnb,ABNB,2022,2022-12-31,8399.0,1802.0,1893.0,16038.0,10478.0,5560.0,14861.0,7978.0,7378.0,,,3430.0,25.0,3405.0,2026-08-05,2021,13708.0,4775.0,5992.0,Airbnb Inc,marketplace_platform,active,formal_included,Marketplace revenue recognition and asset intensity differ; interpret margin and turnover together.,2026-08-05,14873.0,5167.5,0.2253839742826527,0.21454935111322776,1.8627475557783906,,0.9247931812484332,0.6533233570270607,,0.4083819502321705,0.40540540540540543,0.002976544826765091,0.9927113702623906,0.401702269692924,True,0.5647145834734082,2.8781809385582973,0.36632801161103046,0.12727761715860955,True,0.36632801161103046,True,True,False,0.0,valid,0,0,0,,latest_valid_restated_sec_companyfacts,"Latest valid filing through 2026-08-05; filing date, source priority, and accession provide deterministic selection."
abnb,ABNB,2023,2023-12-31,9917.0,1518.0,4792.0,20645.0,12480.0,8165.0,16509.0,9950.0,6874.0,,,3884.0,47.0,3837.0,2026-08-05,2022,16038.0,5560.0,8399.0,Airbnb Inc,marketplace_platform,active,formal_included,Marketplace revenue recognition and asset intensity differ; interpret margin and turnover together.,2026-08-05,18341.5,6862.5,0.483210648381567,0.1530704850257134,1.6591959798994975,,0.6908542713567839,0.604504722693146,,0.3916507008167793,0.3869113643238883,0.004739336492890996,0.9878990731204943,0.18073580188117644,True,0.5406864215031486,2.6727140255009108,0.6982877959927141,0.2612654363056457,True,0.6982877959927141,True,True,False,0.0,valid,0,0,0,,latest_valid_restated_sec_companyfacts,"Latest valid filing through 2026-08-05; filing date, source priority, and accession provide deterministic selection."
abnb,ABNB,2024,2024-12-31,11102.0,2553.0,2648.0,20959.0,12547.0,8412.0,17180.0,10161.0,6864.0,,,4518.0,34.0,4484.0,2026-08-05,2023,20645.0,8165.0,9917.0,Airbnb Inc,marketplace_platform,active,formal_included,Marketplace revenue recognition and asset intensity differ; interpret margin and turnover together.,2026-08-05,20802.0,8288.5,0.23851558277787785,0.2299585660241398,1.6907784666863497,,0.6755240625922645,0.598644973519729,,0.4069537020356693,0.4038911907764367,0.0030625112592325707,0.9924745462594068,0.11949178178884745,True,0.5336986828189597,2.509742414188333,0.3194787959220607,0.12729545236034998,True,0.31947879592206063,True,True,False,5.551115123125783e-17,valid,1,0,1,No consecutive t+1 annual observation is available,latest_valid_restated_sec_companyfacts,"Latest valid filing through 2026-08-05; filing date, source priority, and accession provide deterministic selection."
amzn,AMZN,2018,2018-12-31,232887.0,12421.0,10073.0,162648.0,119099.0,43549.0,75101.0,68391.0,31750.0,17174.0,,30723.0,13427.0,17296.0,2026-08-05,2017,131310.0,27709.0,177866.0,Amazon.com Inc,inventory_led_ecommerce,active,formal_included,"Inventory ownership, fulfillment intensity, and hybrid business exposure differ within this peer group.",2026-08-05,146979.0,35629.0,0.04325273630559026,0.053334879147397665,1.098112324721089,0.8469974119401675,0.4642423710722171,0.732250012296493,,0.13192234860683508,0.0742677779352218,0.057654570671613274,0.5629658561989389,0.3093396152159491,True,1.5844916620741738,4.125263128350501,0.28271913329029724,0.06853360003810068,True,0.28271913329029724,True,True,False,0.0,valid,0,0,0,,latest_valid_restated_sec_companyfacts,"Latest valid filing through 2026-08-05; filing date, source priority, and accession provide deterministic selection."
amzn,AMZN,2019,2019-12-31,280522.0,14541.0,11588.0,225248.0,163188.0,62060.0,96334.0,87812.0,36092.0,20497.0,,38514.0,16861.0,21653.0,2026-08-05,2018,162648.0,43549.0,232887.0,Amazon.com Inc,inventory_led_ecommerce,active,formal_included,"Inventory ownership, fulfillment intensity, and hybrid business exposure differ within this peer group.",2026-08-05,193948.0,52804.5,0.04130870306072251,0.05183550666257905,1.0970482394205803,0.8636291167494192,0.4110144399398715,0.7244814604347208,,0.13729404467385803,0.07718824192041979,0.060105802753438235,0.5622111439995846,0.20454125820676983,True,1.4463773795037844,3.6729445407114922,0.21945099376000152,0.059747973683667785,True,0.2194509937600015,True,True,False,2.7755575615628914e-17,valid,0,0,0,,latest_valid_restated_sec_companyfacts,"Latest valid filing through 2026-08-05; filing date, source priority, and accession provide deterministic selection."
amzn,AMZN,2020,2020-12-31,386064.0,22899.0,21331.0,321195.0,227791.0,93404.0,132733.0,126385.0,42122.0,23795.0,,66064.0,40140.0,25924.0,2026-08-05,2019,225248.0,62060.0,280522.0,Amazon.com Inc,inventory_led_ecommerce,active,formal_included,"Inventory ownership, fulfillment intensity, and hybrid business exposure differ within this peer group.",2026-08-05,273221.5,77732.0,0.05525249699531684,0.05931399975133657,1.0502274795268425,0.8619535546148672,0.33328322190133325,0.709198461993493,,0.17112188652658628,0.06714948816776493,0.10397239835882134,0.39240736255751996,0.37623430604373276,True,1.4130073950988484,3.5149166366489992,0.2744172284258735,0.07807218685205959,True,0.27441722842587357,True,True,False,-5.551115123125783e-17,valid,0,0,0,,latest_valid_restated_sec_companyfacts,"Latest valid filing through 2026-08-05; filing date, source priority, and accession provide deterministic selection."
amzn,AMZN,2021,2021-12-31,469822.0,24879.0,33364.0,420549.0,282304.0,138245.0,161580.0,142266.0,36220.0,32640.0,,46327.0,61053.0,-14726.0,2026-08-05,2020,321195.0,93404.0,386064.0,Amazon.com Inc,inventory_led_ecommerce,active,formal_included,"Inventory ownership, fulfillment intensity, and hybrid business exposure differ within this peer group.",2026-08-05,370872.0,115824.5,0.07101412875514557,0.052954097509269465,1.1357597739445826,0.9063303951752352,0.2545935079358385,0.6712749287241201,,0.09860542929024184,-0.03134378551877094,0.12994921480901278,-0.3178707880933365,0.21695366571345676,True,1.2668036411484285,3.2020168444500086,0.2880564992726064,0.08996095688000172,True,0.2880564992726064,True,True,False,0.0,valid,0,0,0,,latest_valid_restated_sec_companyfacts,"Latest valid filing through 2026-08-05; filing date, source priority, and accession provide deterministic selection."
amzn,AMZN,2022,2022-12-31,513983.0,12248.0,-2722.0,462675.0,316632.0,146043.0,146791.0,155393.0,53888.0,34405.0,,46752.0,63645.0,-16893.0,2026-08-05,2021,420549.0,138245.0,469822.0,Amazon.com Inc,inventory_led_ecommerce,active,formal_included,"Inventory ownership, fulfillment intensity, and hybrid business exposure differ within this peer group.",2026-08-05,441612.0,142144.0,-0.005295895000418302,0.023829581912242232,0.9446435811136924,0.7232372114574016,0.3467852477267316,0.6843507861890096,,0.09096020685509054,-0.032866845790619534,0.12382705264571008,-0.361332135523614,0.09399517263985091,True,1.163879151834642,3.106793111211166,-0.01914959477712742,-0.006163781781292175,True,-0.019149594777127417,True,True,False,-3.469446951953614e-18,valid,0,0,0,,latest_valid_restated_sec_companyfacts,"Latest valid filing through 2026-08-05; filing date, source priority, and accession provide deterministic selection."
amzn,AMZN,2023,2023-12-31,574785.0,36852.0,30425.0,527854.0,325979.0,201875.0,172351.0,164917.0,73387.0,33318.0,,84946.0,52729.0,32217.0,2026-08-05,2022,462675.0,146043.0,513983.0,Amazon.com Inc,inventory_led_ecommerce,active,formal_included,"Inventory ownership, fulfillment intensity, and hybrid business exposure differ within this peer group.",2026-08-05,495264.5,173959.0,0.05293283575597832,0.0641144079960333,1.0450772206625152,0.8430483212767634,0.4449935422060794,0.6175552330758126,,0.14778743356211452,0.0560505232391242,0.09173691032299033,0.37926447390106655,0.1182957412988368,True,1.1605616796681368,2.8470185503480705,0.1748975333268184,0.06143182077455582,True,0.17489753332681834,True,True,False,5.551115123125783e-17,valid,0,0,0,,latest_valid_restated_sec_companyfacts,"Latest valid filing through 2026-08-05; filing date, source priority, and accession provide deterministic selection."
amzn,AMZN,2024,2024-12-31,637959.0,68593.0,59248.0,624894.0,338924.0,285970.0,190867.0,179431.0,78779.0,34214.0,,115877.0,82999.0,32878.0,2026-08-05,2023,527854.0,201875.0,574785.0,Amazon.com Inc,inventory_led_ecommerce,active,formal_included,"Inventory ownership, fulfillment intensity, and hybrid business exposure differ within this peer group.",2026-08-05,576374.0,243922.5,0.09287117197186653,0.1075194487420038,1.063734806137178,0.8730542659852534,0.43904899376361944,0.5423703860174686,,0.1816370644508503,0.05153622724971354,0.13010083720113674,0.28373188812275085,0.1099089224666614,True,1.1068490251121668,2.3629390482632804,0.24289682173641217,0.10279436615808485,True,0.2428968217364122,True,True,False,-2.7755575615628914e-17,valid,1,0,1,No consecutive t+1 annual observation is available,latest_valid_restated_sec_companyfacts,"Latest valid filing through 2026-08-05; filing date, source priority, and accession provide deterministic selection."
bird,BIRD,2020,2020-12-31,219.296,-29.224,-25.86,244.043,65.501,-25.507,214.84,54.652,126.551,59.222,,-34.578,14.35,-48.928000000000004,2026-08-05,2019,,-9.118,193.673,Allbirds Inc,dtc_brand,active,formal_included,"Channel mix, fiscal calendars, and inventory intensity differ within this peer group.",2026-08-05,,-17.3125,-0.1179228075295491,-0.13326280461111922,3.931054673205006,2.847434677596428,2.3155785698602065,0.2683994214134394,,-0.15767729461549687,-0.22311396468699843,0.06543667007150153,1.4150037596159408,0.1323003206435589,False,,,,,False,,False,False,False,,missing_prior_balance,1,0,1,Consecutive prior-year assets/equity are unavailable,latest_valid_restated_sec_companyfacts,"Latest valid filing through 2026-08-05; filing date, source priority, and accession provide deterministic selection."
bird,BIRD,2021,2021-12-31,277.472,-32.876,-45.37,488.429,91.425,397.004,444.368,81.156,288.576,106.876,,-50.85,24.181,-75.031,2026-08-05,2020,244.043,-25.507,219.296,Allbirds Inc,dtc_brand,active,formal_included,"Channel mix, fiscal calendars, and inventory intensity differ within this peer group.",2026-08-05,366.236,185.7485,-0.1635119940029985,-0.11848402721716066,5.475479323771501,4.1585588249790515,3.5558184237764308,0.1871817602967883,,-0.18326173451735672,-0.2704092665205859,0.08714753200322917,1.475535889872173,0.26528527652123146,True,0.7576316910407497,1.9716767564744802,-0.2442550007133301,-0.12388186852193667,True,-0.24425500071333012,True,True,False,2.7755575615628914e-17,valid,0,0,0,,latest_valid_restated_sec_companyfacts,"Latest valid filing through 2026-08-05; filing date, source priority, and accession provide deterministic selection."
bird,BIRD,2022,2022-12-31,297.766,-100.285,-101.354,462.364,145.595,316.769,308.934,50.012,167.136,116.796,,-90.583,31.363,-121.946,2026-08-05,2021,488.429,397.004,277.472,Allbirds Inc,dtc_brand,active,formal_included,"Channel mix, fiscal calendars, and inventory intensity differ within this peer group.",2026-08-05,475.39649999999995,356.8865,-0.34038137329312274,-0.33679130592478657,6.177197472606575,3.841837958889867,3.3419179396944734,0.314892595444282,,-0.3042086739251627,-0.40953634733314076,0.10532767340797806,1.3462349447468067,0.07313891131357408,True,0.6263529495904998,1.3320663572312204,-0.283995051648073,-0.21319887714781244,True,-0.2839950516480729,True,True,False,-5.551115123125783e-17,valid,0,0,0,,latest_valid_restated_sec_companyfacts,"Latest valid filing through 2026-08-05; filing date, source priority, and accession provide deterministic selection."
bird,BIRD,2023,2023-12-31,254.065,-153.003,-152.458,312.705,127.376,185.329,212.406,48.607,130.032,57.763,,-30.222,10.87,-41.092,2026-08-05,2022,462.364,316.769,297.766,Allbirds Inc,dtc_brand,active,formal_included,"Channel mix, fiscal calendars, and inventory intensity differ within this peer group.",2026-08-05,387.5345,251.049,-0.6000747840119655,-0.6022199043551847,4.3698644228197585,3.1814964922747753,2.67517024296912,0.40733598759213957,,-0.11895381103260977,-0.16173813787810207,0.04278432684549229,1.3596717622923697,-0.14676289435328416,True,0.6555932439563446,1.543660799286195,-0.6072838370198647,-0.3934049742668072,True,-0.6072838370198647,True,True,False,0.0,valid,0,0,0,,latest_valid_restated_sec_companyfacts,"Latest valid filing through 2026-08-05; filing date, source priority, and accession provide deterministic selection."
bird,BIRD,2024,2024-12-31,189.757,-97.553,-93.318,188.879,87.194,101.685,130.558,44.369,66.732,44.121,,-63.86,4.095,-67.955,2026-08-05,2023,312.705,185.329,254.065,Allbirds Inc,dtc_brand,active,formal_included,"Channel mix, fiscal calendars, and inventory intensity differ within this peer group.",2026-08-05,250.79199999999997,143.507,-0.49177632445706876,-0.5140943417107142,2.942549978588654,1.9481394667447989,1.5040230791769027,0.4616394623012617,,-0.33653567457327,-0.3581159061325801,0.021580231559310062,1.064124647666771,-0.25311632849861254,True,0.7566309930141313,1.7475941940114417,-0.6502679311810573,-0.37209320871479157,True,-0.6502679311810573,True,True,False,0.0,valid,1,0,1,No consecutive t+1 annual observation is available,latest_valid_restated_sec_companyfacts,"Latest valid filing through 2026-08-05; filing date, source priority, and accession provide deterministic selection."
bkng,BKNG,2018,2018-12-31,14527.0,5341.0,3998.0,22687.0,13902.0,8785.0,8407.0,3555.0,2624.0,,,5338.0,442.0,4896.0,2026-08-05,2017,25451.0,11261.0,12681.0,Booking Holdings Inc,marketplace_platform,active,formal_included,Marketplace revenue recognition and asset intensity differ; interpret margin and turnover together.,2026-08-05,24069.0,10023.0,0.27521167481241826,0.3676602189027328,2.3648382559774963,,0.7381153305203938,0.6127738352360382,,0.36745370689061746,0.3370276037722861,0.030426103118331382,0.9171974522292994,0.14557211576374107,True,0.603556441896215,2.401376833283448,0.3988825700887958,0.16610577921808134,True,0.39888257008879574,True,True,False,5.551115123125783e-17,valid,0,0,0,,latest_valid_restated_sec_companyfacts,"Latest valid filing through 2026-08-05; filing date, source priority, and accession provide deterministic selection."
bkng,BKNG,2019,2019-12-31,15066.0,5345.0,4865.0,21402.0,15469.0,5933.0,9833.0,5366.0,6312.0,,,4865.0,368.0,4497.0,2026-08-05,2018,22687.0,8785.0,14527.0,Booking Holdings Inc,marketplace_platform,active,formal_included,Marketplace revenue recognition and asset intensity differ; interpret margin and turnover together.,2026-08-05,22044.5,7359.0,0.32291251825302003,0.3547723350590734,1.8324636600819977,,1.1762951919493105,0.7227829174843473,,0.32291251825302003,0.2984866587017125,0.02442585955130758,0.9243576567317574,0.03710332484339496,True,0.6834357776316088,2.995583639081397,0.6610952575078136,0.22068996801923382,True,0.6610952575078136,True,True,False,0.0,valid,0,0,0,,latest_valid_restated_sec_companyfacts,"Latest valid filing through 2026-08-05; filing date, source priority, and accession provide deterministic selection."
bkng,BKNG,2020,2020-12-31,6796.0,-631.0,59.0,21874.0,16981.0,4893.0,12206.0,3425.0,10562.0,,,85.0,286.0,-201.0,2026-08-05,2019,21402.0,5933.0,15066.0,Booking Holdings Inc,marketplace_platform,active,formal_included,Marketplace revenue recognition and asset intensity differ; interpret margin and turnover together.,2026-08-05,21638.0,5413.0,0.008681577398469689,-0.09284873454973513,3.5637956204379564,,3.0837956204379564,0.7763097741611045,,0.012507357268981754,-0.029576221306650972,0.042083578575632725,-2.364705882352941,-0.5489180937209611,True,0.31407708660689526,3.9974136338444484,0.01089968594125254,0.0027266845364636288,True,0.01089968594125254,True,True,False,0.0,valid,0,0,0,,latest_valid_restated_sec_companyfacts,"Latest valid filing through 2026-08-05; filing date, source priority, and accession provide deterministic selection."
bkng,BKNG,2021,2021-12-31,10958.0,2496.0,1165.0,23641.0,17463.0,6178.0,13145.0,6246.0,11127.0,,,2820.0,304.0,2516.0,2026-08-05,2020,21874.0,4893.0,6796.0,Booking Holdings Inc,marketplace_platform,active,formal_included,Marketplace revenue recognition and asset intensity differ; interpret margin and turnover together.,2026-08-05,22757.5,5535.5,0.10631502098923161,0.2277787917503194,2.1045469100224143,,1.781460134486071,0.7386743369569815,,0.2573462310640628,0.22960394232524184,0.027742288738820953,0.8921985815602836,0.6124190700412007,True,0.48151158958585083,4.111191400957456,0.2104597597326348,0.051191914753378004,True,0.21045975973263484,True,True,False,-2.7755575615628914e-17,valid,0,0,0,,latest_valid_restated_sec_companyfacts,"Latest valid filing through 2026-08-05; filing date, source priority, and accession provide deterministic selection."
bkng,BKNG,2022,2022-12-31,17090.0,5102.0,3058.0,25361.0,22579.0,2782.0,15798.0,8474.0,12221.0,,,6554.0,368.0,6186.0,2026-08-05,2021,23641.0,6178.0,10958.0,Booking Holdings Inc,marketplace_platform,active,formal_included,Marketplace revenue recognition and asset intensity differ; interpret margin and turnover together.,2026-08-05,24501.0,4480.0,0.1789350497366881,0.29853715623171445,1.8642907717724806,,1.442176067972622,0.8903040100942392,,0.383499122293739,0.36196606202457576,0.021533060269163254,0.9438510833079036,0.5595911662712174,True,0.6975225500999959,5.468973214285715,0.6825892857142857,0.1248112321946043,True,0.6825892857142857,True,True,False,0.0,valid,0,0,0,,latest_valid_restated_sec_companyfacts,"Latest valid filing through 2026-08-05; filing date, source priority, and accession provide deterministic selection."
bkng,BKNG,2023,2023-12-31,21365.0,5835.0,4289.0,24342.0,27086.0,-2744.0,17034.0,13330.0,12107.0,,,7344.0,345.0,6999.0,2026-08-05,2022,25361.0,2782.0,17090.0,Booking Holdings Inc,marketplace_platform,active,formal_included,Marketplace revenue recognition and asset intensity differ; interpret margin and turnover together.,2026-08-05,24851.5,19.0,0.2007488883688275,0.2731102270067868,1.2778694673668418,,0.9082520630157539,1.112726973954482,,0.3437397612918324,0.327591855838989,0.016147905452843437,0.9530228758169934,0.2501462843768285,True,0.8597066575458222,1307.9736842105262,225.73684210526315,0.17258515582560408,True,225.73684210526312,True,True,True,2.842170943040401e-14,valid,0,0,1,Near-zero average equity; ROE is mechanically unstable,latest_valid_restated_sec_companyfacts,"Latest valid filing through 2026-08-05; filing date, source priority, and accession provide deterministic selection."
bkng,BKNG,2024,2024-12-31,23739.0,7555.0,5882.0,27708.0,31728.0,-4020.0,20491.0,15647.0,16164.0,,,8323.0,429.0,7894.0,2026-08-05,2023,24342.0,-2744.0,21365.0,Booking Holdings Inc,marketplace_platform,active,formal_included,Marketplace revenue recognition and asset intensity differ; interpret margin and turnover together.,2026-08-05,26025.0,-3382.0,0.24777791819368972,0.3182526643919289,1.3095801112034255,,1.0330414775995398,1.1450844521437853,,0.35060449050086356,0.33253296263532583,0.018071527865537722,0.9484560855460772,0.11111631172478353,True,0.9121613832853026,,,0.22601344860710854,False,,False,False,False,,nonpositive_average_equity,2,0,2,Average equity is nonpositive; ROE is invalid; No consecutive t+1 annual observation is available,latest_valid_restated_sec_companyfacts,"Latest valid filing through 2026-08-05; filing date, source priority, and accession provide deterministic selection."
byon,BYON,2018,2018-12-31,1821.592,-217.206,-206.07,461.219,250.513,210.706,215.267,241.486,141.512,14.108,,-138.934,28.68,-167.614,2026-08-05,2017,433.815,172.123,1744.756,Bed Bath & Beyond Inc,inventory_led_ecommerce,active,formal_included,"Inventory ownership, fulfillment intensity, and hybrid business exposure differ within this peer group.",2026-08-05,447.517,191.41449999999998,-0.11312632027369465,-0.1192396541047611,0.8914264180946307,0.8330048118731521,0.586004985796278,0.5431541198432849,,-0.07627064677490898,-0.0920151164475909,0.015744469672681918,1.2064289518764306,0.04403824947442514,True,4.070442016727856,2.337947229703079,-1.0765642101303716,-0.46047412723985903,True,-1.0765642101303716,True,True,False,0.0,valid,3,0,3,resolved_latest_restated: Later valid filing supplies the current comparative value; resolved_tag_priority: Configured canonical tag priority selects the concept-aligned value,latest_valid_restated_sec_companyfacts,"Latest valid filing through 2026-08-05; filing date, source priority, and accession provide deterministic selection."
byon,BYON,2019,2019-12-31,1434.974,-62.407,-121.841,417.727,239.872,177.855,177.363,215.999,112.266,5.84,,-81.612,12.835,-94.447,2026-08-05,2018,461.219,210.706,1821.592,Bed Bath & Beyond Inc,inventory_led_ecommerce,active,formal_included,"Inventory ownership, fulfillment intensity, and hybrid business exposure differ within this peer group.",2026-08-05,439.47299999999996,194.2805,-0.08490815861472055,-0.043489986578154026,0.8211288015222293,0.794091639313145,0.5197524062611402,0.5742314956897687,,-0.05687350432830142,-0.06581791725843117,0.008944412930129746,1.157268538940352,-0.21224181924382635,True,3.2652153829700574,2.2620540918929075,-0.6271396254384769,-0.2772434256484471,True,-0.6271396254384769,True,True,False,0.0,valid,6,0,6,resolved_latest_restated: Later valid filing supplies the current comparative value; resolved_tag_priority: Configured canonical tag priority selects the concept-aligned value,latest_valid_restated_sec_companyfacts,"Latest valid filing through 2026-08-05; filing date, source priority, and accession provide deterministic selection."
byon,BYON,2020,2020-12-31,2493.915,96.715,56.001,830.214,393.888,436.326,582.74,327.581,495.425,6.243,,196.474,14.874,181.6,2026-08-05,2019,417.727,177.855,1434.974,Bed Bath & Beyond Inc,inventory_led_ecommerce,active,formal_included,"Inventory ownership, fulfillment intensity, and hybrid business exposure differ within this peer group.",2026-08-05,623.9705,307.0905,0.022455055605343405,0.038780391472844906,1.7789188017620068,1.7598609198946213,1.5123740387873532,0.47444152953334917,,0.07878135381518617,0.07281723715523584,0.005964116659950319,0.9242953266081009,0.7379513496411783,True,3.996847607378874,2.0318782248229756,0.18235992321481775,0.08974943526977637,True,0.18235992321481778,True,True,False,-2.7755575615628914e-17,valid,7,0,7,resolved_latest_restated: Later valid filing supplies the current comparative value; resolved_tag_priority: Configured canonical tag priority selects the concept-aligned value,latest_valid_restated_sec_companyfacts,"Latest valid filing through 2026-08-05; filing date, source priority, and accession provide deterministic selection."
byon,BYON,2021,2021-12-31,2756.446,111.072,389.372,1065.966,321.58,744.386,551.79,272.333,503.341,5.137,,80.919,13.617,67.30199999999999,2026-08-05,2020,830.214,436.326,2493.915,Bed Bath & Beyond Inc,inventory_led_ecommerce,active,formal_included,"Inventory ownership, fulfillment intensity, and hybrid business exposure differ within this peer group.",2026-08-05,948.0899999999999,590.356,0.14125870777080343,0.040295365844279195,2.026159150745594,2.00729621456085,1.848255628219863,0.30167941566616574,,0.02935627978926487,0.024416222918932567,0.004940056870332305,0.8317206094983872,0.10526862383040325,True,2.907367444019028,1.6059631815379194,0.6595545738503548,0.41069096815703154,True,0.6595545738503548,True,True,False,0.0,valid,2,0,2,resolved_latest_restated: Later valid filing supplies the current comparative value; resolved_tag_priority: Configured canonical tag priority selects the concept-aligned value,latest_valid_restated_sec_companyfacts,"Latest valid filing through 2026-08-05; filing date, source priority, and accession provide deterministic selection."
byon,BYON,2022,2022-12-31,1929.334,27.008,-35.236,878.546,232.72,645.826,414.509,191.142,371.263,6.526,,-12.535,14.899,-27.433999999999997,2026-08-05,2021,1065.966,744.386,2756.446,Bed Bath & Beyond Inc,inventory_led_ecommerce,active,formal_included,"Inventory ownership, fulfillment intensity, and hybrid business exposure differ within this peer group.",2026-08-05,972.256,695.106,-0.018263297075571155,0.013998612992877335,2.16859193688462,2.134449780791244,1.9423412959998325,0.26489221964473114,,-0.006497060643724725,-0.01421941457518501,0.007722353931460286,2.1885919425608296,-0.3000646484640004,True,1.9843888852318732,1.3987161670306398,-0.05069154920256766,-0.03624148372445117,True,-0.05069154920256766,True,True,False,0.0,valid,1,0,1,resolved_latest_restated: Later valid filing supplies the current comparative value,latest_valid_restated_sec_companyfacts,"Latest valid filing through 2026-08-05; filing date, source priority, and accession provide deterministic selection."
byon,BYON,2023,2023-12-31,1561.122,-143.98,-307.842,635.818,276.686,359.132,350.073,232.395,302.605,13.04,,-18.586,19.181,-37.766999999999996,2026-08-05,2022,878.546,645.826,1929.334,Bed Bath & Beyond Inc,inventory_led_ecommerce,active,formal_included,"Inventory ownership, fulfillment intensity, and hybrid business exposure differ within this peer group.",2026-08-05,757.182,502.47900000000004,-0.1971927882638256,-0.09222853819240263,1.5063706189892208,1.4502592568686932,1.3021149336259386,0.43516540896923334,,-0.011905539733601856,-0.02419221559878087,0.012286675865179019,2.032013343376735,-0.19084927752270986,True,2.061752656560774,1.5068928253718066,-0.6126464986596454,-0.40656275505756867,True,-0.6126464986596454,True,True,False,0.0,valid,1,0,1,resolved_latest_restated: Later valid filing supplies the current comparative value,latest_valid_restated_sec_companyfacts,"Latest valid filing through 2026-08-05; filing date, source priority, and accession provide deterministic selection."
byon,BYON,2024,2024-12-31,1394.964,-184.087,-258.795,401.954,239.222,162.732,227.507,224.861,159.169,11.546,,-174.304,14.315,-188.619,2026-08-05,2023,635.818,359.132,1561.122,Bed Bath & Beyond Inc,inventory_led_ecommerce,active,formal_included,"Inventory ownership, fulfillment intensity, and hybrid business exposure differ within this peer group.",2026-08-05,518.886,260.932,-0.1855209166688173,-0.1319654127274969,1.0117672695576378,0.9604199927955493,0.7078550749129463,0.5951477034685562,,-0.12495232851887218,-0.13521424208796787,0.01026191356909569,1.0821266293372498,-0.10643498714386201,True,2.688382419259722,1.9885870648291506,-0.9918101267763249,-0.4987511707773963,True,-0.9918101267763249,True,True,False,0.0,valid,2,0,2,No consecutive t+1 annual observation is available; resolved_latest_restated: Later valid filing supplies the current comparative value,latest_valid_restated_sec_companyfacts,"Latest valid filing through 2026-08-05; filing date, source priority, and accession provide deterministic selection."
cars,CARS,2018,2018-12-31,662.127,83.924,38.809,2600.549,973.626,1626.923,153.937,110.71,25.463,,,163.548,14.233,149.315,2026-08-05,2017,2511.039,1679.128,626.262,Cars.com Inc,marketplace_platform,active,formal_included,Marketplace revenue recognition and asset intensity differ; interpret margin and turnover together.,2026-08-05,2555.794,1653.0255,0.05861262265396216,0.1267490979827133,1.390452533646464,,0.22999729021768586,0.3743924840485605,,0.24700397355794282,0.22550809738917157,0.02149587616877125,0.912973561278646,0.05726836371997668,True,0.2590690016488027,1.5461310185475057,0.02347755675880378,0.01518471363497997,True,0.02347755675880378,True,True,False,0.0,valid,0,0,0,,latest_valid_restated_sec_companyfacts,"Latest valid filing through 2026-08-05; filing date, source priority, and accession provide deterministic selection."
cars,CARS,2019,2019-12-31,606.682,-446.06,-445.324,2027.991,886.923,1141.068,122.44,98.806,13.549,,,101.484,21.257,80.22699999999999,2026-08-05,2018,2600.549,1626.923,662.127,Cars.com Inc,marketplace_platform,active,formal_included,Marketplace revenue recognition and asset intensity differ; interpret margin and turnover together.,2026-08-05,2314.27,1383.9955,-0.7340319969934825,-0.7352451531444809,1.2391960002429003,,0.1371272999615408,0.43734069825753663,,0.16727709079880398,0.13223896538878685,0.035038125410017114,0.7905384099956643,-0.08373771194952018,True,0.2621483232293553,1.6721658415796872,-0.3217669421613004,-0.19242525720853662,True,-0.32176694216130036,True,True,False,-5.551115123125783e-17,valid,0,0,0,,latest_valid_restated_sec_companyfacts,"Latest valid filing through 2026-08-05; filing date, source priority, and accession provide deterministic selection."
cars,CARS,2020,2020-12-31,547.503,-887.327,-789.106,1075.712,735.536,368.19,178.081,90.368,67.719,,,138.616,16.712,121.90400000000001,2026-08-05,2019,2027.991,1141.068,606.682,Cars.com Inc,marketplace_platform,active,formal_included,Marketplace revenue recognition and asset intensity differ; interpret margin and turnover together.,2026-08-05,1551.8515,754.629,-1.4412816002834687,-1.6206797040381513,1.97062013101983,,0.7493692457507082,0.6837666587339362,,0.2531785213962298,0.22265448773796673,0.030524033658263058,0.8794367172620765,-0.09754533676621358,True,0.35280630910882904,2.0564429673389175,-1.0456873510029432,-0.5084932417824772,True,-1.0456873510029432,True,True,False,0.0,valid,2,0,2,resolved_latest_restated: Later valid filing supplies the current comparative value,latest_valid_restated_sec_companyfacts,"Latest valid filing through 2026-08-05; filing date, source priority, and accession provide deterministic selection."
cars,CARS,2021,2021-12-31,623.683,48.338,10.791,1007.205,609.185,398.02,147.437,94.29,39.069,,,138.003,1.451,136.552,2026-08-05,2020,1075.712,368.19,547.503,Cars.com Inc,marketplace_platform,active,formal_included,Marketplace revenue recognition and asset intensity differ; interpret margin and turnover together.,2026-08-05,1041.4585,383.105,0.01730205889851094,0.07750411667465684,1.563654682362923,,0.4143493477569201,0.604827219880759,,0.2212710623826527,0.21894455997678305,0.0023265024058696485,0.9894857358173373,0.13914079009612723,True,0.598855355254194,2.7184675219587318,0.028167212644053197,0.01036143062829676,True,0.028167212644053193,True,True,False,3.469446951953614e-18,valid,4,0,4,resolved_latest_restated: Later valid filing supplies the current comparative value,latest_valid_restated_sec_companyfacts,"Latest valid filing through 2026-08-05; filing date, source priority, and accession provide deterministic selection."
cars,CARS,2022,2022-12-31,653.876,66.036,17.206,1024.87,640.44,384.43,148.627,106.012,31.715,,,128.511,1.828,126.68299999999999,2026-08-05,2021,1007.205,398.02,623.683,Cars.com Inc,marketplace_platform,active,formal_included,Marketplace revenue recognition and asset intensity differ; interpret margin and turnover together.,2026-08-05,1016.0374999999999,391.225,0.026313857673320323,0.10099162532345583,1.401982794400634,,0.29916424555710674,0.62489876764858,,0.1965372639460693,0.19374162685279778,0.0027956370932715074,0.9857755367244827,0.04841081126149027,True,0.6435549868976294,2.597066905233561,0.04397980701642277,0.016934414330179743,True,0.04397980701642277,True,True,False,0.0,valid,1,0,1,resolved_latest_restated: Later valid filing supplies the current comparative value,latest_valid_restated_sec_companyfacts,"Latest valid filing through 2026-08-05; filing date, source priority, and accession provide deterministic selection."
cars,CARS,2023,2023-12-31,689.183,54.116,118.442,1172.449,680.341,492.108,178.438,145.748,39.198,,,136.72,1.28,135.44,2026-08-05,2022,1024.87,384.43,653.876,Cars.com Inc,marketplace_platform,active,formal_included,Marketplace revenue recognition and asset intensity differ; interpret margin and turnover together.,2026-08-05,1098.6595,438.269,0.17185856296513408,0.07852196005995504,1.224291242418421,,0.26894365617366967,0.5802734276714808,,0.19837982074427257,0.19652254916328465,0.0018572715809879235,0.9906377998829725,0.05399647639613625,True,0.627294443819946,2.5068154489594288,0.2702495499339447,0.10780592167090895,True,0.2702495499339446,True,True,False,5.551115123125783e-17,valid,0,0,0,,latest_valid_restated_sec_companyfacts,"Latest valid filing through 2026-08-05; filing date, source priority, and accession provide deterministic selection."
cars,CARS,2024,2024-12-31,719.152,53.498,48.188,1111.865,600.38,511.485,214.33,116.885,50.673,,,152.524,3.0,149.524,2026-08-05,2023,1172.449,492.108,689.183,Cars.com Inc,marketplace_platform,active,formal_included,Marketplace revenue recognition and asset intensity differ; interpret margin and turnover together.,2026-08-05,1142.1570000000002,501.79650000000004,0.06700669677620308,0.07439039312968607,1.8336826795568293,,0.4335286820379005,0.5399756265373944,,0.21208868222573252,0.20791710236500766,0.004171579860724853,0.9803309643072565,0.04348482188330238,True,0.6296437354934566,2.2761358439128214,0.09603096075799651,0.04219034686124587,True,0.09603096075799651,True,True,False,0.0,valid,1,0,1,No consecutive t+1 annual observation is available,latest_valid_restated_sec_companyfacts,"Latest valid filing through 2026-08-05; filing date, source priority, and accession provide deterministic selection."
chwy,CHWY,2018,2019-02-03,3532.837,-267.766,-267.89,541.622,877.564,-335.942,448.585,814.03,88.331,220.855,,-13.415,44.16,-57.574999999999996,2026-08-05,2017,,-83.703,2104.287,Chewy Inc,inventory_led_ecommerce,active,formal_included,"Inventory ownership, fulfillment intensity, and hybrid business exposure differ within this peer group.",2026-08-05,,-209.8225,-0.07582857629717986,-0.07579347702710315,0.5510669139957987,0.2797562743387836,0.10851074284731521,1.6202517622991681,,-0.0037972315167668362,-0.016297100602150623,0.012499869085383785,4.291837495341036,0.6788760278422099,False,,,,,False,,False,False,False,,missing_prior_balance,1,0,1,Consecutive prior-year assets/equity are unavailable,latest_valid_restated_sec_companyfacts,"Latest valid filing through 2026-08-05; filing date, source priority, and accession provide deterministic selection."
chwy,CHWY,2019,2020-02-02,4846.743,-252.726,-252.37,932.321,1336.295,-403.974,629.789,1100.538,212.088,317.808,,46.581,48.636,-2.0549999999999997,2026-08-05,2018,541.622,-335.942,3532.837,Chewy Inc,inventory_led_ecommerce,active,formal_included,"Inventory ownership, fulfillment intensity, and hybrid business exposure differ within this peer group.",2026-08-05,736.9715,-369.95799999999997,-0.05207001897975609,-0.05214347036762625,0.5722555695487116,0.283480443201416,0.19271301854184045,1.4332992606623685,,0.009610783984213729,-0.0004239960732392866,0.010034780057453015,-0.044116699942036444,0.3719124318500968,True,6.5765677505846565,,,-0.3424420075945949,False,,False,False,False,,nonpositive_average_equity,1,0,1,Average equity is nonpositive; ROE is invalid,latest_valid_restated_sec_companyfacts,"Latest valid filing through 2026-08-05; filing date, source priority, and accession provide deterministic selection."
chwy,CHWY,2020,2021-01-31,7146.264,-90.464,-92.486,1740.91,1742.914,-54.97,1226.778,1380.862,563.345,513.304,,132.755,130.743,2.0120000000000005,2026-08-05,2019,932.321,-403.974,4846.743,Chewy Inc,inventory_led_ecommerce,active,formal_included,"Inventory ownership, fulfillment intensity, and hybrid business exposure differ within this peer group.",2026-08-05,1336.6155,-229.47199999999998,-0.012941867246997873,-0.012658922200467266,0.8884146279642715,0.5166874025065502,0.40796618344193697,1.0011511221142966,,0.01857683959058887,0.00028154571395627145,0.0182952938766326,0.015155738013634143,0.4744466541758041,True,5.346536831272718,,,-0.06919416990151618,False,,False,False,False,,nonpositive_average_equity,2,0,2,Average equity is nonpositive; ROE is invalid; resolved_latest_restated: Later valid filing supplies the current comparative value,latest_valid_restated_sec_companyfacts,"Latest valid filing through 2026-08-05; filing date, source priority, and accession provide deterministic selection."
chwy,CHWY,2021,2022-01-30,8967.407,-73.566,-75.207,2086.281,2071.545,-39.62,1323.532,1644.879,603.079,560.43,,191.743,183.186,8.556999999999988,2026-08-05,2020,1740.91,-54.97,7146.264,Chewy Inc,inventory_led_ecommerce,active,formal_included,"Inventory ownership, fulfillment intensity, and hybrid business exposure differ within this peer group.",2026-08-05,1913.5955,-47.295,-0.008386705320724263,-0.00820370927738643,0.804637909536203,0.46392591795505933,0.3666403425419134,0.9929367137025167,,0.021382212271618763,0.0009542334813173963,0.02042797879030137,0.04462744402663976,0.2548384722422792,True,4.686155982285702,,,-0.039301409310379336,False,,False,False,False,,nonpositive_average_equity,5,0,5,Average equity is nonpositive; ROE is invalid; resolved_latest_restated: Later valid filing supplies the current comparative value,latest_valid_restated_sec_companyfacts,"Latest valid filing through 2026-08-05; filing date, source priority, and accession provide deterministic selection."
chwy,CHWY,2022,2023-01-29,10119.0,56.421,49.899,2519.818,2359.55,160.3,1524.78,1827.718,331.641,678.005,,349.777,230.31,119.46699999999998,2026-08-05,2021,2086.281,-39.62,8967.407,Chewy Inc,inventory_led_ecommerce,active,formal_included,"Inventory ownership, fulfillment intensity, and hybrid business exposure differ within this peer group.",2026-08-05,2303.0495,60.34,0.004931218499851764,0.0055757485917580785,0.834253424215333,0.4632963071983752,0.18145085839281552,0.9363969937511359,,0.03456636031228382,0.011806206146852453,0.022760154165431368,0.3415519030696701,0.12841984310514754,True,4.393739691656649,38.167873715611535,0.8269638713954259,0.021666490451030255,True,0.8269638713954259,True,True,False,0.0,valid,5,0,5,resolved_latest_restated: Later valid filing supplies the current comparative value,latest_valid_restated_sec_companyfacts,"Latest valid filing through 2026-08-05; filing date, source priority, and accession provide deterministic selection."
chwy,CHWY,2023,2024-01-28,11147.7,-23.6,39.6,3186.851,2676.607,510.3,2104.348,2110.877,602.232,719.273,,486.2,143.3,342.9,2026-08-05,2022,2519.818,160.3,10119.0,Chewy Inc,inventory_led_ecommerce,active,formal_included,"Inventory ownership, fulfillment intensity, and hybrid business exposure differ within this peer group.",2026-08-05,2853.3345,335.3,0.0035523022686294032,-0.0021170286247387355,0.9969069727890351,0.6561609226875843,0.2852994276786378,0.8398908515019999,,0.04361437785372767,0.030759708280631876,0.012854669573095796,0.7052653229123818,0.10166024310702637,True,3.9069026081589806,8.509795705338503,0.1181031911720847,0.01387849899827728,True,0.1181031911720847,True,True,False,0.0,valid,0,0,0,,latest_valid_restated_sec_companyfacts,"Latest valid filing through 2026-08-05; filing date, source priority, and accession provide deterministic selection."
chwy,CHWY,2024,2025-02-02,11861.3,112.6,392.7,3014.5,2753.0,261.5,1662.4,2206.7,595.8,836.7,,596.3,143.8,452.49999999999994,2026-08-05,2023,3186.851,510.3,11147.7,Chewy Inc,inventory_led_ecommerce,active,formal_included,"Inventory ownership, fulfillment intensity, and hybrid business exposure differ within this peer group.",2026-08-05,3100.6755000000003,385.9,0.033107669479736625,0.009493057253420789,0.7533420945302942,0.37417863778492777,0.26999592151175966,0.913252612373528,,0.05027273570350636,0.038149275374537356,0.012123460328969002,0.7588462183464698,0.06401320451752368,True,3.8253922411422923,8.034919668307854,1.0176211453744495,0.12664982195008795,True,1.0176211453744495,True,True,False,0.0,valid,1,0,1,No consecutive t+1 annual observation is available,latest_valid_restated_sec_companyfacts,"Latest valid filing through 2026-08-05; filing date, source priority, and accession provide deterministic selection."
cvna,CVNA,2018,2018-12-31,1955.467,228.549,-55.476,991.013,763.585,227.0,662.854,329.511,78.861,412.243,425.349,-414.34,143.668,-558.008,2026-08-05,2017,641.137,279.544,858.87,Carvana Co,inventory_led_ecommerce,active,formal_included,"Inventory ownership, fulfillment intensity, and hybrid business exposure differ within this peer group.",2026-08-05,816.075,253.272,-0.02836969378670159,0.11687694039326667,2.011629353800025,0.7605542758815337,0.2393273669164307,0.7705095695011065,0.42920627680968865,-0.2118880042465559,-0.28535792217408934,0.07346991792753342,1.3467393927692235,1.2767904339422729,True,2.3961853996262596,3.2221287785463852,-0.21903724059509144,-0.06797904604356217,True,-0.21903724059509144,True,True,False,0.0,valid,3,0,3,resolved_latest_restated: Later valid filing supplies the current comparative value; resolved_tag_priority: Configured canonical tag priority selects the concept-aligned value,latest_valid_restated_sec_companyfacts,"Latest valid filing through 2026-08-05; filing date, source priority, and accession provide deterministic selection."
cvna,CVNA,2019,2019-12-31,3940.0,280.0,-115.0,2057.748,1865.809,192.0,1359.422,864.87,76.0,762.696,,-757.0,231.0,-988.0,2026-08-05,2018,991.013,227.0,1955.467,Carvana Co,inventory_led_ecommerce,active,formal_included,"Inventory ownership, fulfillment intensity, and hybrid business exposure differ within this peer group.",2026-08-05,1524.3805,209.5,-0.02918781725888325,0.07106598984771574,1.5718223548047683,0.6899603408604761,0.08787447824528542,0.9067237582055723,,-0.19213197969543147,-0.25076142131979695,0.05862944162436548,1.3051519154557463,1.014863968555849,True,2.584656521124483,7.276279236276849,-0.548926014319809,-0.07544048221556232,True,-0.548926014319809,True,True,False,0.0,valid,3,0,3,resolved_latest_restated: Later valid filing supplies the current comparative value; resolved_tag_priority: Configured canonical tag priority selects the concept-aligned value,latest_valid_restated_sec_companyfacts,"Latest valid filing through 2026-08-05; filing date, source priority, and accession provide deterministic selection."
cvna,CVNA,2020,2020-12-31,5587.0,332.0,-171.0,3035.0,2233.0,802.0,1923.0,467.0,301.0,1036.0,,-608.0,360.0,-968.0,2026-08-05,2019,2057.748,192.0,3940.0,Carvana Co,inventory_led_ecommerce,active,formal_included,"Inventory ownership, fulfillment intensity, and hybrid business exposure differ within this peer group.",2026-08-05,2546.374,497.0,-0.030606765706103455,0.05942366207266869,4.117773019271948,1.899357601713062,0.6445396145610278,0.7357495881383855,,-0.10882405584392339,-0.1732593520672991,0.0644352962233757,1.5921052631578947,0.418020304568528,True,2.194100316764152,5.123488933601609,-0.3440643863179074,-0.06715431433088777,True,-0.3440643863179074,True,True,False,0.0,valid,3,0,3,resolved_latest_restated: Later valid filing supplies the current comparative value; resolved_tag_priority: Configured canonical tag priority selects the concept-aligned value,latest_valid_restated_sec_companyfacts,"Latest valid filing through 2026-08-05; filing date, source priority, and accession provide deterministic selection."
cvna,CVNA,2021,2021-12-31,12814.0,104.0,-135.0,7015.0,6490.0,525.0,4892.0,2890.0,403.0,3149.0,,-2594.0,557.0,-3151.0,2026-08-05,2020,3035.0,802.0,5587.0,Carvana Co,inventory_led_ecommerce,active,formal_included,"Inventory ownership, fulfillment intensity, and hybrid business exposure differ within this peer group.",2026-08-05,5025.0,663.5,-0.010535351958795068,0.008116122990479164,1.6927335640138408,0.6031141868512111,0.13944636678200692,0.925160370634355,,-0.20243483689714376,-0.24590291868269082,0.04346808178554706,1.2147262914417887,1.293538571684267,True,2.550049751243781,7.573474001507159,-0.20346646571213264,-0.026865671641791045,True,-0.20346646571213262,True,True,False,-2.7755575615628914e-17,valid,3,0,3,resolved_latest_restated: Later valid filing supplies the current comparative value; resolved_tag_priority: Configured canonical tag priority selects the concept-aligned value,latest_valid_restated_sec_companyfacts,"Latest valid filing through 2026-08-05; filing date, source priority, and accession provide deterministic selection."
cvna,CVNA,2022,2022-12-31,13604.0,-2351.0,-1587.0,8698.0,9751.0,-1053.0,4594.0,2592.0,434.0,1876.0,,-1324.0,512.0,-1836.0,2026-08-05,2021,7015.0,525.0,12814.0,Carvana Co,inventory_led_ecommerce,active,formal_included,"Inventory ownership, fulfillment intensity, and hybrid business exposure differ within this peer group.",2026-08-05,7856.5,-264.0,-0.11665686562775654,-0.17281681858276976,1.7723765432098766,1.0486111111111112,0.16743827160493827,1.1210623131754427,,-0.09732431637753602,-0.134960305792414,0.037635989414877974,1.3867069486404835,0.06165131886998587,True,1.7315598548972189,,,-0.20199834531916247,False,,False,False,False,,nonpositive_average_equity,4,0,4,Average equity is nonpositive; ROE is invalid; resolved_latest_restated: Later valid filing supplies the current comparative value; resolved_tag_priority: Configured canonical tag priority selects the concept-aligned value,latest_valid_restated_sec_companyfacts,"Latest valid filing through 2026-08-05; filing date, source priority, and accession provide deterministic selection."
cvna,CVNA,2023,2023-12-31,10771.0,-80.0,450.0,7071.0,7455.0,-384.0,3321.0,1536.0,530.0,1150.0,,803.0,87.0,716.0,2026-08-05,2022,8698.0,-1053.0,13604.0,Carvana Co,inventory_led_ecommerce,active,formal_included,"Inventory ownership, fulfillment intensity, and hybrid business exposure differ within this peer group.",2026-08-05,7884.5,-718.5,0.04177885061739857,-0.007427351220870857,2.162109375,1.4134114583333333,0.3450520833333333,1.0543063215952482,,0.07455203787949123,0.06647479342679417,0.008077244452697058,0.8916562889165629,-0.20824757424286977,True,1.3660980404591287,,,0.057074005961062844,False,,False,False,False,,nonpositive_average_equity,4,0,4,Average equity is nonpositive; ROE is invalid; resolved_latest_restated: Later valid filing supplies the current comparative value; resolved_tag_priority: Configured canonical tag priority selects the concept-aligned value,latest_valid_restated_sec_companyfacts,"Latest valid filing through 2026-08-05; filing date, source priority, and accession provide deterministic selection."
cvna,CVNA,2024,2024-12-31,13673.0,990.0,210.0,8484.0,7109.0,1260.0,4869.0,1338.0,1716.0,1608.0,,918.0,91.0,827.0,2026-08-05,2023,7071.0,-384.0,10771.0,Carvana Co,inventory_led_ecommerce,active,formal_included,"Inventory ownership, fulfillment intensity, and hybrid business exposure differ within this peer group.",2026-08-05,7777.5,438.0,0.015358736195421633,0.07240547063555913,3.6390134529147984,2.437219730941704,1.2825112107623318,0.8379302215935879,,0.06713961822570029,0.06048416587435091,0.006655452351349375,0.900871459694989,0.26942716553709034,True,1.7580199292831886,17.756849315068493,0.4794520547945205,0.02700096432015429,True,0.4794520547945205,True,True,False,0.0,valid,5,0,5,No consecutive t+1 annual observation is available; resolved_latest_restated: Later valid filing supplies the current comparative value; resolved_tag_priority: Configured canonical tag priority selects the concept-aligned value,latest_valid_restated_sec_companyfacts,"Latest valid filing through 2026-08-05; filing date, source priority, and accession provide deterministic selection."
dash,DASH,2019,2019-12-31,885.0,-616.0,-667.0,1732.0,550.0,-1082.0,998.0,382.0,257.0,,,-467.0,92.0,-559.0,2026-08-05,2018,,-436.0,291.0,DoorDash Inc,marketplace_platform,active,formal_included,Marketplace revenue recognition and asset intensity differ; interpret margin and turnover together.,2026-08-05,,-759.0,-0.7536723163841808,-0.696045197740113,2.612565445026178,,0.6727748691099477,0.31755196304849886,,-0.5276836158192091,-0.631638418079096,0.103954802259887,1.197002141327623,2.0412371134020617,False,,,,,False,,False,False,False,,missing_prior_balance,3,0,3,Consecutive prior-year assets/equity are unavailable; resolved_latest_restated: Later valid filing supplies the current comparative value; resolved_tag_priority: Configured canonical tag priority selects the concept-aligned value,latest_valid_restated_sec_companyfacts,"Latest valid filing through 2026-08-05; filing date, source priority, and accession provide deterministic selection."
dash,DASH,2020,2020-12-31,2886.0,-436.0,-461.0,6353.0,1653.0,4700.0,5517.0,1402.0,4345.0,,,252.0,159.0,93.0,2026-08-05,2019,1732.0,-1082.0,885.0,DoorDash Inc,marketplace_platform,active,formal_included,Marketplace revenue recognition and asset intensity differ; interpret margin and turnover together.,2026-08-05,4042.5,1809.0,-0.15973665973665974,-0.15107415107415106,3.93509272467903,,3.0991440798858774,0.2601920352589328,,0.08731808731808732,0.032224532224532226,0.0550935550935551,0.36904761904761907,2.2610169491525425,True,0.7139146567717997,2.2346600331674957,-0.25483692647871753,-0.11403834260977118,True,-0.25483692647871753,True,True,False,0.0,valid,2,0,2,resolved_latest_restated: Later valid filing supplies the current comparative value; resolved_tag_priority: Configured canonical tag priority selects the concept-aligned value,latest_valid_restated_sec_companyfacts,"Latest valid filing through 2026-08-05; filing date, source priority, and accession provide deterministic selection."
dash,DASH,2021,2021-12-31,4888.0,-452.0,-468.0,6809.0,2142.0,4667.0,4565.0,1760.0,2504.0,,,692.0,237.0,455.0,2026-08-05,2020,6353.0,4700.0,2886.0,DoorDash Inc,marketplace_platform,active,formal_included,Marketplace revenue recognition and asset intensity differ; interpret margin and turnover together.,2026-08-05,6581.0,4683.5,-0.09574468085106383,-0.09247135842880523,2.59375,,1.4227272727272726,0.31458363930092526,,0.14157119476268412,0.09308510638297872,0.0484860883797054,0.6575144508670521,0.6936936936936937,True,0.7427442637896976,1.4051457243514465,-0.09992526956336073,-0.07111381249050296,True,-0.09992526956336072,True,True,False,-1.3877787807814457e-17,valid,2,0,2,resolved_latest_restated: Later valid filing supplies the current comparative value; resolved_tag_priority: Configured canonical tag priority selects the concept-aligned value,latest_valid_restated_sec_companyfacts,"Latest valid filing through 2026-08-05; filing date, source priority, and accession provide deterministic selection."
dash,DASH,2022,2022-12-31,6583.0,-1124.0,-1365.0,9789.0,3021.0,6754.0,4720.0,2544.0,1977.0,,,367.0,346.0,21.0,2026-08-05,2021,6809.0,4667.0,4888.0,DoorDash Inc,marketplace_platform,active,formal_included,Marketplace revenue recognition and asset intensity differ; interpret margin and turnover together.,2026-08-05,8299.0,5710.5,-0.20735227100106335,-0.1707428224213884,1.8553459119496856,,0.777122641509434,0.3086117070180815,,0.055749658210542306,0.0031900349384778974,0.052559623272064405,0.05722070844686648,0.3467675941080197,True,0.7932280997710568,1.4532878031696,-0.2390333596007355,-0.16447764790938668,True,-0.23903335960073552,True,True,False,2.7755575615628914e-17,valid,2,0,2,resolved_latest_restated: Later valid filing supplies the current comparative value; resolved_tag_priority: Configured canonical tag priority selects the concept-aligned value,latest_valid_restated_sec_companyfacts,"Latest valid filing through 2026-08-05; filing date, source priority, and accession provide deterministic selection."
dash,DASH,2023,2023-12-31,8635.0,-579.0,-558.0,10839.0,4026.0,6806.0,5597.0,3410.0,2656.0,,,1673.0,324.0,1349.0,2026-08-05,2022,9789.0,6754.0,6583.0,DoorDash Inc,marketplace_platform,active,formal_included,Marketplace revenue recognition and asset intensity differ; interpret margin and turnover together.,2026-08-05,10314.0,6780.0,-0.06462072958888246,-0.06705269253039954,1.6413489736070381,,0.7788856304985338,0.3714364793800166,,0.1937463810075275,0.15622466705269253,0.03752171395483497,0.8063359234907352,0.3117119854169832,True,0.837211557106845,1.5212389380530973,-0.08230088495575222,-0.05410122164048865,True,-0.0823008849557522,True,True,False,-1.3877787807814457e-17,valid,4,0,4,resolved_latest_restated: Later valid filing supplies the current comparative value; resolved_tag_priority: Configured canonical tag priority selects the concept-aligned value,latest_valid_restated_sec_companyfacts,"Latest valid filing through 2026-08-05; filing date, source priority, and accession provide deterministic selection."
dash,DASH,2024,2024-12-31,10722.0,-38.0,123.0,12845.0,5035.0,7803.0,7386.0,4438.0,4019.0,,,2132.0,330.0,1802.0,2026-08-05,2023,10839.0,6806.0,8635.0,DoorDash Inc,marketplace_platform,active,formal_included,Marketplace revenue recognition and asset intensity differ; interpret margin and turnover together.,2026-08-05,11842.0,7304.5,0.011471740346950195,-0.003544114903935833,1.6642631816133393,,0.905588102748986,0.39198131568703776,,0.19884349934713672,0.1680656593919045,0.03077783995523223,0.8452157598499062,0.24169079328315002,True,0.9054213815233914,1.6211924156341981,0.016838934903141898,0.010386758993413275,True,0.016838934903141898,True,True,False,0.0,valid,5,0,5,No consecutive t+1 annual observation is available; resolved_latest_restated: Later valid filing supplies the current comparative value; resolved_tag_priority: Configured canonical tag priority selects the concept-aligned value,latest_valid_restated_sec_companyfacts,"Latest valid filing through 2026-08-05; filing date, source priority, and accession provide deterministic selection."
ebay,EBAY,2018,2018-12-31,8650.0,1752.0,2530.0,22819.0,16538.0,6281.0,7126.0,4454.0,2202.0,,9231.0,2658.0,623.0,2035.0,2026-08-05,2017,25986.0,8049.0,9927.0,eBay Inc,marketplace_platform,active,formal_included,Marketplace revenue recognition and asset intensity differ; interpret margin and turnover together.,2026-08-05,24402.5,7165.0,0.292485549132948,0.20254335260115608,1.5999101930848676,,0.4943870678042209,0.7247469214251282,0.40453131162627637,0.30728323699421967,0.2352601156069364,0.07202312138728324,0.7656132430398797,-0.12863906517578316,True,0.35447187788136464,3.405792044661549,0.3531053733426378,0.1036779018543182,True,0.35310537334263786,True,True,False,-5.551115123125783e-17,valid,3,0,3,resolved_latest_restated: Later valid filing supplies the current comparative value,latest_valid_restated_sec_companyfacts,"Latest valid filing through 2026-08-05; filing date, source priority, and accession provide deterministic selection."
ebay,EBAY,2019,2019-12-31,7429.0,1770.0,1786.0,18174.0,15304.0,2870.0,4706.0,4066.0,901.0,,7758.0,3114.0,508.0,2606.0,2026-08-05,2018,22819.0,6281.0,8650.0,eBay Inc,marketplace_platform,active,formal_included,Marketplace revenue recognition and asset intensity differ; interpret margin and turnover together.,2026-08-05,20496.5,4575.5,0.24040920716112532,0.23825548526046575,1.1574028529267093,,0.22159370388588293,0.8420820953009794,0.42687355562892043,0.41916812491587024,0.35078745456992866,0.06838067034594159,0.8368657675016057,-0.1411560693641618,True,0.362452125972727,4.479619713692492,0.39033985356791606,0.08713682823896762,True,0.390339853567916,True,True,False,5.551115123125783e-17,valid,4,0,4,resolved_latest_restated: Later valid filing supplies the current comparative value,latest_valid_restated_sec_companyfacts,"Latest valid filing through 2026-08-05; filing date, source priority, and accession provide deterministic selection."
ebay,EBAY,2020,2020-12-31,8894.0,2636.0,5667.0,19310.0,15749.0,3561.0,7190.0,4002.0,1101.0,,7746.0,2419.0,463.0,1956.0,2026-08-05,2019,18174.0,2870.0,7429.0,eBay Inc,marketplace_platform,active,formal_included,Marketplace revenue recognition and asset intensity differ; interpret margin and turnover together.,2026-08-05,18742.0,3215.5,0.6371711266022038,0.2963795817404992,1.7966016991504248,,0.27511244377811095,0.8155877783531849,0.40113930605903675,0.27198111086125476,0.21992354396222172,0.052057566899033056,0.8085985944605208,0.19720016152914255,True,0.4745491409668125,5.828642512828487,1.762400870782149,0.30236901077793193,True,1.762400870782149,True,True,False,0.0,valid,4,0,4,resolved_latest_restated: Later valid filing supplies the current comparative value,latest_valid_restated_sec_companyfacts,"Latest valid filing through 2026-08-05; filing date, source priority, and accession provide deterministic selection."
ebay,EBAY,2021,2021-12-31,10420.0,2923.0,13608.0,26626.0,16848.0,9778.0,9111.0,4622.0,1379.0,,9082.0,2657.0,444.0,2213.0,2026-08-05,2020,19310.0,3561.0,8894.0,eBay Inc,marketplace_platform,active,formal_included,Marketplace revenue recognition and asset intensity differ; interpret margin and turnover together.,2026-08-05,22968.0,6669.5,1.3059500959692898,0.28051823416506716,1.9712245781047166,,0.29835569017741237,0.6327649665740254,0.34109517013445506,0.2549904030710173,0.21238003838771594,0.042610364683301344,0.8328942416258939,0.17157634360242868,True,0.45367467781260884,3.4437364120248892,2.0403328585351224,0.5924764890282131,True,2.0403328585351224,True,True,False,0.0,valid,0,0,0,,latest_valid_restated_sec_companyfacts,"Latest valid filing through 2026-08-05; filing date, source priority, and accession provide deterministic selection."
ebay,EBAY,2022,2022-12-31,9795.0,2350.0,-1269.0,20850.0,15697.0,5153.0,9290.0,4271.0,2154.0,,8871.0,2254.0,449.0,1805.0,2026-08-05,2021,26626.0,9778.0,10420.0,eBay Inc,marketplace_platform,active,formal_included,Marketplace revenue recognition and asset intensity differ; interpret margin and turnover together.,2026-08-05,23738.0,7465.5,-0.12955589586523736,0.23991832567636548,2.175134628892531,,0.504331538281433,0.7528537170263789,0.42546762589928055,0.2301174068402246,0.18427769270035732,0.04583971413986728,0.8007985803016859,-0.059980806142034604,True,0.4126295391355632,3.179693255642623,-0.16998191681735986,-0.05345858960316792,True,-0.16998191681735986,True,True,False,0.0,valid,1,0,1,resolved_tag_priority: Configured canonical tag priority selects the concept-aligned value,latest_valid_restated_sec_companyfacts,"Latest valid filing through 2026-08-05; filing date, source priority, and accession provide deterministic selection."
ebay,EBAY,2023,2023-12-31,10112.0,1941.0,2767.0,21620.0,15224.0,6396.0,11016.0,4520.0,1985.0,,7723.0,2426.0,456.0,1970.0,2026-08-05,2022,20850.0,5153.0,9795.0,eBay Inc,marketplace_platform,active,formal_included,Marketplace revenue recognition and asset intensity differ; interpret margin and turnover together.,2026-08-05,21235.0,5774.5,0.27363528481012656,0.1919501582278481,2.4371681415929203,,0.4391592920353982,0.7041628122109158,0.3572155411655874,0.2399129746835443,0.19481803797468356,0.04509493670886076,0.8120362737015664,0.03236345074017355,True,0.47619496114904636,3.6773746644731147,0.47917568620659795,0.13030374381916648,True,0.47917568620659795,True,True,False,0.0,valid,2,0,2,resolved_latest_restated: Later valid filing supplies the current comparative value; resolved_tag_priority: Configured canonical tag priority selects the concept-aligned value,latest_valid_restated_sec_companyfacts,"Latest valid filing through 2026-08-05; filing date, source priority, and accession provide deterministic selection."
ebay,EBAY,2024,2024-12-31,10283.0,2318.0,1975.0,19365.0,14207.0,5158.0,7567.0,6098.0,2433.0,,7425.0,2414.0,458.0,1956.0,2026-08-05,2023,21620.0,6396.0,10112.0,eBay Inc,marketplace_platform,active,formal_included,Marketplace revenue recognition and asset intensity differ; interpret margin and turnover together.,2026-08-05,20492.5,5777.0,0.19206457259554605,0.22542059710201304,1.2408986552968186,,0.3989832732043293,0.7336431706687323,0.38342370255615804,0.23475639404842943,0.19021686278323446,0.044539531265194984,0.8102734051367025,0.01691060126582289,True,0.501793339026473,3.54725636143327,0.34187294443482774,0.0963767231914115,True,0.34187294443482774,True,True,False,0.0,valid,3,0,3,No consecutive t+1 annual observation is available; resolved_latest_restated: Later valid filing supplies the current comparative value; resolved_tag_priority: Configured canonical tag priority selects the concept-aligned value,latest_valid_restated_sec_companyfacts,"Latest valid filing through 2026-08-05; filing date, source priority, and accession provide deterministic selection."
etsy,ETSY,2018,2018-12-31,603.693,74.786,77.491,901.851,500.953,400.898,680.289,112.062,366.985,,,198.925,20.556,178.369,2026-08-05,2017,605.583,396.894,441.231,Etsy Inc,marketplace_platform,active,formal_included,Marketplace revenue recognition and asset intensity differ; interpret margin and turnover together.,2026-08-05,753.717,398.896,0.12836160101243513,0.1238808467217609,6.07064839106923,,3.2748389284503223,0.5554720236491394,,0.3295135110064222,0.29546309133947224,0.034050419666949924,0.8966645720749026,0.3682016902710825,True,0.8009544696484224,1.8895075408126427,0.19426366772291523,0.10281179806213739,True,0.19426366772291526,True,True,False,-2.7755575615628914e-17,valid,2,0,2,resolved_latest_restated: Later valid filing supplies the current comparative value; resolved_tag_priority: Configured canonical tag priority selects the concept-aligned value,latest_valid_restated_sec_companyfacts,"Latest valid filing through 2026-08-05; filing date, source priority, and accession provide deterministic selection."
etsy,ETSY,2019,2019-12-31,818.379,88.761,95.894,1542.352,1135.718,406.634,921.038,188.528,443.293,,,206.92,15.278,191.642,2026-08-05,2018,901.851,400.898,603.693,Etsy Inc,marketplace_platform,active,formal_included,Marketplace revenue recognition and asset intensity differ; interpret margin and turnover together.,2026-08-05,1222.1015,403.766,0.11717553847300578,0.10845952792043784,4.885417550708648,,2.351337732326233,0.7363546064711557,,0.25284128747194146,0.23417267549631648,0.018668611975624985,0.9261647013338489,0.35562115181060583,True,0.6696489612360348,3.026756834404085,0.23749894741013358,0.07846647762072136,True,0.23749894741013355,True,True,False,2.7755575615628914e-17,valid,2,0,2,resolved_latest_restated: Later valid filing supplies the current comparative value; resolved_tag_priority: Configured canonical tag priority selects the concept-aligned value,latest_valid_restated_sec_companyfacts,"Latest valid filing through 2026-08-05; filing date, source priority, and accession provide deterministic selection."
etsy,ETSY,2020,2020-12-31,1725.625,424.009,349.246,2404.489,1662.065,742.424,1894.781,454.664,1244.099,,,678.956,7.11,671.846,2026-08-05,2019,1542.352,406.634,818.379,Etsy Inc,marketplace_platform,active,formal_included,Marketplace revenue recognition and asset intensity differ; interpret margin and turnover together.,2026-08-05,1973.4205000000002,574.529,0.20238812024628758,0.24571329228540384,4.167431333908117,,2.736304171871976,0.6912341873886718,,0.39345512495472657,0.3893348786671496,0.004120246287576965,0.9895280401086374,1.1085890522606272,True,0.8744335026417329,3.4348492417267016,0.6078822827046154,0.17697495288003745,True,0.6078822827046155,True,True,False,-1.1102230246251565e-16,valid,2,0,2,resolved_latest_restated: Later valid filing supplies the current comparative value; resolved_tag_priority: Configured canonical tag priority selects the concept-aligned value,latest_valid_restated_sec_companyfacts,"Latest valid filing through 2026-08-05; filing date, source priority, and accession provide deterministic selection."
etsy,ETSY,2021,2021-12-31,2329.114,465.732,493.507,3831.809,3203.19,628.619,1341.501,615.588,780.196,,,651.551,28.17,623.3810000000001,2026-08-05,2020,2404.489,742.424,1725.625,Etsy Inc,marketplace_platform,active,formal_included,Marketplace revenue recognition and asset intensity differ; interpret margin and turnover together.,2026-08-05,3118.1490000000003,685.5215000000001,0.21188615069936464,0.19996101521866255,2.179218893155812,,1.267399624424128,0.8359471988295867,,0.27974199631276103,0.2676472684462848,0.012094727866476265,0.9567647045281183,0.34972198478812033,True,0.7469540422859844,4.548579439156905,0.71990010524834,0.15826921676930766,True,0.7199001052483401,True,True,False,-1.1102230246251565e-16,valid,2,0,2,resolved_latest_restated: Later valid filing supplies the current comparative value; resolved_tag_priority: Configured canonical tag priority selects the concept-aligned value,latest_valid_restated_sec_companyfacts,"Latest valid filing through 2026-08-05; filing date, source priority, and accession provide deterministic selection."
etsy,ETSY,2022,2022-12-31,2566.111,-658.56,-694.288,2634.961,3182.235,-547.274,1513.743,631.755,921.278,,,683.612,30.743,652.8689999999999,2026-08-05,2021,3831.809,628.619,2329.114,Etsy Inc,marketplace_platform,active,formal_included,Marketplace revenue recognition and asset intensity differ; interpret margin and turnover together.,2026-08-05,3233.385,40.672500000000014,-0.2705603927499629,-0.2566373785077886,2.396091839399767,,1.4582836700936281,1.2076971917231414,,0.2664000115349648,0.25441962565142345,0.011980385883541281,0.9550285834654745,0.10175414342106048,True,0.7936298956047608,79.49806380232341,-17.07020714241809,-0.21472481625293616,True,-17.07020714241809,True,True,True,0.0,valid,2,0,3,resolved_latest_restated: Later valid filing supplies the current comparative value; resolved_tag_priority: Configured canonical tag priority selects the concept-aligned value; Near-zero average equity; ROE is mechanically unstable,latest_valid_restated_sec_companyfacts,"Latest valid filing through 2026-08-05; filing date, source priority, and accession provide deterministic selection."
etsy,ETSY,2023,2023-12-31,2748.377,279.841,307.568,2685.4,3229.115,-543.715,1570.446,710.781,914.323,,,705.513,39.908,665.605,2026-08-05,2022,2634.961,-547.274,2566.111,Etsy Inc,marketplace_platform,active,formal_included,Marketplace revenue recognition and asset intensity differ; interpret margin and turnover together.,2026-08-05,2660.1805,-545.4945,0.11190895572186785,0.10182045621834268,2.2094653627488636,,1.2863638729791596,1.2024707678558129,,0.2567016824838805,0.2421811127076089,0.014520569776271596,0.9434340685430318,0.07102810439610763,True,1.0331543291893164,,,0.11561922207910327,False,,False,False,False,,nonpositive_average_equity,3,0,3,Average equity is nonpositive; ROE is invalid; resolved_latest_restated: Later valid filing supplies the current comparative value; resolved_tag_priority: Configured canonical tag priority selects the concept-aligned value,latest_valid_restated_sec_companyfacts,"Latest valid filing through 2026-08-05; filing date, source priority, and accession provide deterministic selection."
etsy,ETSY,2024,2024-12-31,2808.332,380.208,303.281,2417.782,3176.648,-758.866,1327.691,665.113,811.178,,,752.469,43.498,708.971,2026-08-05,2023,2685.4,-543.715,2748.377,Etsy Inc,marketplace_platform,active,formal_included,Marketplace revenue recognition and asset intensity differ; interpret margin and turnover together.,2026-08-05,2551.5910000000003,-651.2905000000001,0.10799328569414159,0.13538570226027408,1.9961886175732544,,1.2196092994724204,1.313868661442595,,0.2679416108921595,0.2524527014612233,0.015488909430936228,0.9421929674179268,0.02181469281688786,True,1.1006199661309353,,,0.11885956644305454,False,,False,False,False,,nonpositive_average_equity,4,0,4,Average equity is nonpositive; ROE is invalid; No consecutive t+1 annual observation is available; resolved_latest_restated: Later valid filing supplies the current comparative value; resolved_tag_priority: Configured canonical tag priority selects the concept-aligned value,latest_valid_restated_sec_companyfacts,"Latest valid filing through 2026-08-05; filing date, source priority, and accession provide deterministic selection."
expe,EXPE,2018,2018-12-31,11223.0,714.0,406.0,18033.0,13929.0,5651.0,5197.0,8060.0,2443.0,,,1975.0,878.0,1097.0,2026-08-05,2017,18516.0,6129.0,10060.0,Expedia Group Inc,marketplace_platform,active,formal_included,Marketplace revenue recognition and asset intensity differ; interpret margin and turnover together.,2026-08-05,18274.5,5890.0,0.03617571059431524,0.0636193531141406,0.644789081885856,,0.3031017369727047,0.7724172350690401,,0.17597790252160742,0.09774570079301434,0.07823220172859306,0.5554430379746835,0.11560636182902595,True,0.6141344496429451,3.1026315789473684,0.06893039049235994,0.02221675011628225,True,0.06893039049235992,True,True,False,1.3877787807814457e-17,valid,3,0,3,resolved_latest_restated: Later valid filing supplies the current comparative value; resolved_tag_priority: Configured canonical tag priority selects the concept-aligned value,latest_valid_restated_sec_companyfacts,"Latest valid filing through 2026-08-05; filing date, source priority, and accession provide deterministic selection."
expe,EXPE,2019,2019-12-31,12067.0,903.0,565.0,21416.0,17449.0,5536.0,7735.0,10714.0,3315.0,,,2767.0,1160.0,1607.0,2026-08-05,2018,18033.0,5651.0,11223.0,Expedia Group Inc,marketplace_platform,active,formal_included,Marketplace revenue recognition and asset intensity differ; interpret margin and turnover together.,2026-08-05,19724.5,5593.5,0.04682191099693379,0.07483218695616144,0.7219525854022774,,0.30940825088669033,0.8147646619350019,,0.22930305792657663,0.13317311676473026,0.09612994116184635,0.5807734007950849,0.07520270872315771,True,0.6117772313620117,3.5263251988915707,0.10101010101010101,0.02864457907678268,True,0.10101010101010101,True,True,False,0.0,valid,3,0,3,resolved_latest_restated: Later valid filing supplies the current comparative value; resolved_tag_priority: Configured canonical tag priority selects the concept-aligned value,latest_valid_restated_sec_companyfacts,"Latest valid filing through 2026-08-05; filing date, source priority, and accession provide deterministic selection."
expe,EXPE,2020,2020-12-31,5199.0,-2719.0,-2612.0,18690.0,17180.0,3004.0,5634.0,5406.0,3363.0,,,-3834.0,797.0,-4631.0,2026-08-05,2019,21416.0,5536.0,12067.0,Expedia Group Inc,marketplace_platform,active,formal_included,Marketplace revenue recognition and asset intensity differ; interpret margin and turnover together.,2026-08-05,20053.0,4270.0,-0.5024043085208694,-0.5229851894595114,1.042175360710322,,0.6220865704772475,0.9192081326912788,,-0.7374495095210617,-0.8907482208116946,0.15329871129063283,1.2078768909754825,-0.5691555481892765,True,0.25926295317408865,4.696252927400469,-0.6117096018735363,-0.13025482471450656,True,-0.6117096018735363,True,True,False,0.0,valid,3,0,3,resolved_latest_restated: Later valid filing supplies the current comparative value; resolved_tag_priority: Configured canonical tag priority selects the concept-aligned value,latest_valid_restated_sec_companyfacts,"Latest valid filing through 2026-08-05; filing date, source priority, and accession provide deterministic selection."
expe,EXPE,2021,2021-12-31,8598.0,186.0,12.0,21548.0,19491.0,3552.0,8181.0,9450.0,4111.0,,,3748.0,673.0,3075.0,2026-08-05,2020,18690.0,3004.0,5199.0,Expedia Group Inc,marketplace_platform,active,formal_included,Marketplace revenue recognition and asset intensity differ; interpret margin and turnover together.,2026-08-05,20119.0,3278.0,0.0013956734124214933,0.021632937892533146,0.8657142857142858,,0.43502645502645504,0.904538704288101,,0.4359153291463131,0.3576413119330077,0.07827401721330542,0.8204375667022412,0.6537795729948066,True,0.4273572245141409,6.1375838926174495,0.0036607687614399025,0.0005964511158606293,True,0.0036607687614399025,True,True,False,0.0,valid,3,0,3,resolved_latest_restated: Later valid filing supplies the current comparative value; resolved_tag_priority: Configured canonical tag priority selects the concept-aligned value,latest_valid_restated_sec_companyfacts,"Latest valid filing through 2026-08-05; filing date, source priority, and accession provide deterministic selection."
expe,EXPE,2022,2022-12-31,11667.0,1085.0,352.0,21561.0,19278.0,3728.0,8791.0,10778.0,4096.0,,,3440.0,662.0,2778.0,2026-08-05,2021,21548.0,3552.0,8598.0,Expedia Group Inc,marketplace_platform,active,formal_included,Marketplace revenue recognition and asset intensity differ; interpret margin and turnover together.,2026-08-05,21554.5,3640.0,0.03017056655524128,0.09299734293305906,0.8156429764334756,,0.38003340137316755,0.894114373173786,,0.2948487186080398,0.23810748264335305,0.05674123596468672,0.8075581395348838,0.35694347522679704,True,0.5412790832540769,5.921565934065934,0.0967032967032967,0.01633069660627711,True,0.09670329670329672,True,True,False,-1.3877787807814457e-17,valid,3,0,3,resolved_latest_restated: Later valid filing supplies the current comparative value; resolved_tag_priority: Configured canonical tag priority selects the concept-aligned value,latest_valid_restated_sec_companyfacts,"Latest valid filing through 2026-08-05; filing date, source priority, and accession provide deterministic selection."
expe,EXPE,2023,2023-12-31,12839.0,1033.0,797.0,21642.0,20108.0,2786.0,9230.0,11783.0,4225.0,,,2690.0,846.0,1844.0,2026-08-05,2022,21561.0,3728.0,11667.0,Expedia Group Inc,marketplace_platform,active,formal_included,Marketplace revenue recognition and asset intensity differ; interpret margin and turnover together.,2026-08-05,21601.5,3257.0,0.062076485707609624,0.08045797959342628,0.7833319188661632,,0.35856742765000427,0.9291193050549856,,0.2095178752239271,0.1436248929044318,0.0658929823194953,0.6855018587360595,0.1004542727350648,True,0.5943568733652755,6.632330365366902,0.2447037150752226,0.036895585954679073,True,0.2447037150752226,True,True,False,0.0,valid,3,0,3,resolved_latest_restated: Later valid filing supplies the current comparative value; resolved_tag_priority: Configured canonical tag priority selects the concept-aligned value,latest_valid_restated_sec_companyfacts,"Latest valid filing through 2026-08-05; filing date, source priority, and accession provide deterministic selection."
expe,EXPE,2024,2024-12-31,13691.0,1319.0,1234.0,22388.0,20831.0,1557.0,9815.0,13611.0,4183.0,,,3085.0,756.0,2329.0,2026-08-05,2023,21642.0,2786.0,12839.0,Expedia Group Inc,marketplace_platform,active,formal_included,Marketplace revenue recognition and asset intensity differ; interpret margin and turnover together.,2026-08-05,22015.0,2171.5,0.09013220363742605,0.09634066174859397,0.7211079274116523,,0.30732495775475716,0.9304538145435054,,0.2253305090935651,0.17011175224600103,0.055218756847564096,0.7549432739059968,0.06636030843523644,True,0.6218941630706336,10.138153350218742,0.5682707805664288,0.05605269134680899,True,0.5682707805664287,True,True,False,1.1102230246251565e-16,valid,5,0,5,No consecutive t+1 annual observation is available; resolved_latest_restated: Later valid filing supplies the current comparative value; resolved_tag_priority: Configured canonical tag priority selects the concept-aligned value,latest_valid_restated_sec_companyfacts,"Latest valid filing through 2026-08-05; filing date, source priority, and accession provide deterministic selection."
figs,FIGS,2020,2020-12-31,263.112,57.94,49.758,133.855,36.178,97.677,120.313,32.519,58.133,49.735,,21.748,2.262,19.486,2026-08-05,2019,,38.814,110.494,FIGS Inc,dtc_brand,active,formal_included,"Channel mix, fiscal calendars, and inventory intensity differ within this peer group.",2026-08-05,,68.2455,0.18911338137371156,0.2202104046945787,3.6997755158522714,2.170361942249147,1.7876625972508382,0.27027753912816105,,0.0826568153485968,0.07405971601447292,0.008597099334123871,0.8959904359021519,1.3812333701377453,False,,,0.7291030177813922,,True,,False,False,False,,missing_prior_balance,1,0,1,Consecutive prior-year assets/equity are unavailable,latest_valid_restated_sec_companyfacts,"Latest valid filing through 2026-08-05; filing date, source priority, and accession provide deterministic selection."
figs,FIGS,2021,2021-12-31,419.591,10.983,-9.556,311.751,66.178,245.573,293.339,62.393,195.374,86.068,,66.437,2.712,63.724999999999994,2026-08-05,2020,133.855,97.677,263.112,FIGS Inc,dtc_brand,active,formal_included,"Channel mix, fiscal calendars, and inventory intensity differ within this peer group.",2026-08-05,222.803,171.625,-0.02277455903486967,0.026175489941395312,4.701472921641851,3.3220233038962705,3.131344862404436,0.21227838884237743,,0.1583375239221051,0.15187408690844179,0.0064634370136633056,0.9591793729397775,0.5947239198516221,True,1.8832376583798245,1.2981966496722506,-0.05567953386744355,-0.04288990722746103,True,-0.05567953386744356,True,True,False,6.938893903907228e-18,valid,0,0,0,,latest_valid_restated_sec_companyfacts,"Latest valid filing through 2026-08-05; filing date, source priority, and accession provide deterministic selection."
figs,FIGS,2022,2022-12-31,505.835,37.666,21.186,395.064,87.325,307.739,356.5,71.393,159.775,177.976,,-35.329,5.348,-40.677,2026-08-05,2021,311.751,245.573,419.591,FIGS Inc,dtc_brand,active,formal_included,"Channel mix, fiscal calendars, and inventory intensity differ within this peer group.",2026-08-05,353.4075,276.656,0.04188322279004023,0.07446301659632093,4.99348675640469,2.500581289482162,2.2379645063241496,0.2210401352692222,,-0.06984293297221426,-0.08041555052536895,0.010572617553154685,1.1513770556766396,0.20554301689025745,True,1.4313080509044092,1.277425756173732,0.07657885605228153,0.05994779397720761,True,0.07657885605228154,True,True,False,-1.3877787807814457e-17,valid,0,0,0,,latest_valid_restated_sec_companyfacts,"Latest valid filing through 2026-08-05; filing date, source priority, and accession provide deterministic selection."
figs,FIGS,2023,2023-12-31,545.646,34.045,22.637,473.209,96.359,376.85,385.659,57.292,144.173,119.04,,100.915,16.348,84.56700000000001,2026-08-05,2022,395.064,307.739,505.835,FIGS Inc,dtc_brand,active,formal_included,"Channel mix, fiscal calendars, and inventory intensity differ within this peer group.",2026-08-05,434.1365,342.29449999999997,0.041486604868357875,0.06239393306282829,6.731463380576694,4.653686378551979,2.5164595405990364,0.20362884053346406,,0.18494591731635532,0.15498510022981937,0.02996081708653596,0.8380022791458158,0.07870352980715056,True,1.256853547213837,1.2683128125050214,0.06613311052324826,0.05214258649065444,True,0.06613311052324826,True,True,False,0.0,valid,0,0,0,,latest_valid_restated_sec_companyfacts,"Latest valid filing through 2026-08-05; filing date, source priority, and accession provide deterministic selection."
figs,FIGS,2024,2024-12-31,555.558,2.265,2.72,509.787,132.655,377.132,382.766,90.142,85.645,115.759,,81.162,17.021,64.141,2026-08-05,2023,473.209,376.85,545.646,FIGS Inc,dtc_brand,active,formal_included,"Channel mix, fiscal calendars, and inventory intensity differ within this peer group.",2026-08-05,491.498,376.991,0.004895978457694786,0.0040769820612789305,4.246255907346187,2.9620709547158928,0.9501120454394179,0.2602165218022429,,0.14609095719978835,0.11545329200551518,0.030637665194273148,0.7902836302703236,0.01816562386602305,True,1.1303362373804167,1.3037393465626501,0.007215026353414273,0.005534101868166301,True,0.007215026353414273,True,True,False,0.0,valid,1,0,1,No consecutive t+1 annual observation is available,latest_valid_restated_sec_companyfacts,"Latest valid filing through 2026-08-05; filing date, source priority, and accession provide deterministic selection."
love,LOVE,2018,2018-02-04,101.810413,-5.037833,-5.501798,41.440935,17.802482,23.638453,29.685565,16.73901,9.175951,0.577326,,-2.740337,6.636489,-9.376826,2026-08-05,,,,,Lovesac Company,dtc_brand,active,formal_included,"Channel mix, fiscal calendars, and inventory intensity differ within this peer group.",2026-08-05,,,-0.05403963934416021,-0.04948249252264599,1.7734361231637952,1.7389462698212141,0.548177640135229,0.42958688070141277,,-0.02691607782791334,-0.09210085416311983,0.0651847763352065,3.421778416304272,,False,,,,,,,False,False,False,,missing_prior_balance,2,0,2,Consecutive prior-year assets/equity are unavailable; resolved_tag_priority: Configured canonical tag priority selects the concept-aligned value,latest_valid_restated_sec_companyfacts,"Latest valid filing through 2026-08-05; filing date, source priority, and accession provide deterministic selection."
love,LOVE,2019,2019-02-03,165.881297,-7.043313,-6.704356,105.014305,26.244171,78.77,85.114262,24.618619,49.070952,,,-7.007669,10.747712,-17.755381,2026-08-05,2018,41.440935,23.638453,101.810413,Lovesac Company,dtc_brand,active,formal_included,"Channel mix, fiscal calendars, and inventory intensity differ within this peer group.",2026-08-05,73.22762,51.2042265,-0.04041658777239968,-0.04245995858110514,3.457312613676665,,1.9932455187677263,0.24991043839217908,,-0.04224508203598143,-0.10703666610467846,0.06479158406869703,2.533707142845931,0.6293156280585954,True,2.2652831950567283,1.430108899311271,-0.1309336447060674,-0.09155501708235225,True,-0.1309336447060674,True,True,False,0.0,valid,2,0,2,resolved_latest_restated: Later valid filing supplies the current comparative value; resolved_tag_priority: Configured canonical tag priority selects the concept-aligned value,latest_valid_restated_sec_companyfacts,"Latest valid filing through 2026-08-05; filing date, source priority, and accession provide deterministic selection."
love,LOVE,2020,2020-02-02,233.377,-15.809,-15.205,125.663767,35.50924,90.155,100.177736,32.400995,48.538827,1.097488,,-11.194,10.277,-21.471,2026-08-05,2019,105.014305,78.77,165.881297,Lovesac Company,dtc_brand,active,formal_included,"Channel mix, fiscal calendars, and inventory intensity differ within this peer group.",2026-08-05,115.339036,84.4625,-0.06515209296545932,-0.06774018005201883,3.091810482980538,3.057938436767142,1.4980659390244033,0.2825734167271939,,-0.047965309349250355,-0.09200135403231681,0.04403604468306645,1.9180811148829728,0.40689157982650714,True,2.023399952813894,1.3655650258990675,-0.18002071925410684,-0.13182874183203683,True,-0.18002071925410684,True,True,False,0.0,valid,0,0,0,,latest_valid_restated_sec_companyfacts,"Latest valid filing through 2026-08-05; filing date, source priority, and accession provide deterministic selection."
love,LOVE,2021,2021-01-31,320.738,14.88,14.727,171.019,63.073,107.946,143.399,56.324,78.341,3.169825,,40.521,8.374,32.147,2026-08-05,2020,125.663767,90.155,233.377,Lovesac Company,dtc_brand,active,formal_included,"Channel mix, fiscal calendars, and inventory intensity differ within this peer group.",2026-08-05,148.3413835,99.0505,0.045915981268200214,0.046393006129613584,2.5459661955827,2.4896877885093387,1.390899083871884,0.3688069746636339,,0.12633676084530052,0.100228223659186,0.026108537186114524,0.7933417240443227,0.37433423173663205,True,2.1621613094905507,1.497633868582188,0.14868173305536064,0.09927775818539537,True,0.14868173305536064,True,True,False,0.0,valid,0,0,0,,latest_valid_restated_sec_companyfacts,"Latest valid filing through 2026-08-05; filing date, source priority, and accession provide deterministic selection."
love,LOVE,2022,2022-01-30,498.239,40.578,47.488,369.084,211.27,157.814,221.731,114.696,92.392,,,32.648,14.615,18.033,2026-08-05,2021,171.019,107.946,320.738,Lovesac Company,dtc_brand,active,formal_included,"Channel mix, fiscal calendars, and inventory intensity differ within this peer group.",2026-08-05,270.05150000000003,132.88,0.09531168776430589,0.08144284168842665,1.9332060403152682,,0.8055381181558205,0.5724171191381908,,0.0655267853379603,0.03619347341336186,0.029333311924598437,0.5523462386669934,0.5534143132400899,True,1.8449777172131978,2.0322960565924144,0.35737507525587,0.17584794011512617,True,0.3573750752558699,True,True,False,5.551115123125783e-17,valid,9,0,9,resolved_latest_restated: Later valid filing supplies the current comparative value,latest_valid_restated_sec_companyfacts,"Latest valid filing through 2026-08-05; filing date, source priority, and accession provide deterministic selection."
love,LOVE,2023,2023-01-29,651.179,36.966,26.488,408.626,215.532,193.094,187.715,82.041,43.533,,,-21.375,25.242,-46.617000000000004,2026-08-05,2022,369.084,157.814,498.239,Lovesac Company,dtc_brand,active,formal_included,"Channel mix, fiscal calendars, and inventory intensity differ within this peer group.",2026-08-05,388.855,175.454,0.040676987433562815,0.05676780117294938,2.2880632854304555,,0.5306249314367207,0.5274554237860538,,-0.03282507574722158,-0.07158861081208087,0.03876353506485928,2.1809122807017545,0.3069611170542652,True,1.6746062156845094,2.2162789107116394,0.1509683449793108,0.06811793599156497,True,0.1509683449793108,True,True,False,0.0,valid,6,0,6,resolved_latest_restated: Later valid filing supplies the current comparative value,latest_valid_restated_sec_companyfacts,"Latest valid filing through 2026-08-05; filing date, source priority, and accession provide deterministic selection."
love,LOVE,2024,2024-02-04,700.265,30.076,23.861,482.18,264.684,217.496,214.448,106.356,87.036,,,76.441,28.736,47.705,2026-08-05,2023,408.626,193.094,651.179,Lovesac Company,dtc_brand,active,formal_included,"Channel mix, fiscal calendars, and inventory intensity differ within this peer group.",2026-08-05,445.403,205.29500000000002,0.03407424332217089,0.042949454849235645,2.016322539395991,,0.8183459325284893,0.5489319341324816,,0.10916010367503731,0.0681242101204544,0.04103589355458291,0.6240760848235893,0.07538019500014581,True,1.5722053960121507,2.169575488930563,0.11622786721547042,0.053571709216148074,True,0.1162278672154704,True,True,False,1.3877787807814457e-17,valid,1,0,1,No consecutive t+1 annual observation is available,latest_valid_restated_sec_companyfacts,"Latest valid filing through 2026-08-05; filing date, source priority, and accession provide deterministic selection."
pton,PTON,2019,2019-06-30,915.0,-202.3,-195.6,864.5,462.0,-538.6,581.7,290.8,162.1,136.6,,-108.6,83.0,-191.6,2026-08-05,2018,,-315.6,435.0,Peloton Interactive Inc,dtc_brand,active,formal_included,"Channel mix, fiscal calendars, and inventory intensity differ within this peer group.",2026-08-05,,-427.1,-0.21377049180327867,-0.2210928961748634,2.000343878954608,1.53060522696011,0.5574277854195323,0.5344129554655871,,-0.11868852459016392,-0.20939890710382514,0.0907103825136612,1.7642725598526703,1.103448275862069,False,,,,,False,,False,False,False,,missing_prior_balance,3,0,3,Consecutive prior-year assets/equity are unavailable; resolved_latest_restated: Later valid filing supplies the current comparative value; resolved_tag_priority: Configured canonical tag priority selects the concept-aligned value,latest_valid_restated_sec_companyfacts,"Latest valid filing through 2026-08-05; filing date, source priority, and accession provide deterministic selection."
pton,PTON,2020,2020-06-30,1825.9,-80.7,-71.6,2981.8,1303.8,1678.0,2158.6,772.2,1035.5,244.5,,376.4,156.5,219.89999999999998,2026-08-05,2019,864.5,-538.6,915.0,Peloton Interactive Inc,dtc_brand,active,formal_included,"Channel mix, fiscal calendars, and inventory intensity differ within this peer group.",2026-08-05,1923.15,569.7,-0.03921353852894462,-0.04419738211293061,2.795389795389795,2.4787619787619786,1.340973840973841,0.4372526661747937,,0.20614491483651895,0.1204337586943425,0.08571115614217646,0.5842189160467588,0.9955191256830602,True,0.9494319215869796,3.375724065297525,-0.12568018255222044,-0.03723058523776096,True,-0.12568018255222044,True,True,False,0.0,valid,1,0,1,resolved_latest_restated: Later valid filing supplies the current comparative value,latest_valid_restated_sec_companyfacts,"Latest valid filing through 2026-08-05; filing date, source priority, and accession provide deterministic selection."
pton,PTON,2021,2021-06-30,4021.8,-187.8,-189.0,4485.6,2731.5,1754.1,2818.1,1243.0,1134.8,937.1,,-239.7,252.3,-492.0,2026-08-05,2020,2981.8,1678.0,1825.9,Peloton Interactive Inc,dtc_brand,active,formal_included,"Channel mix, fiscal calendars, and inventory intensity differ within this peer group.",2026-08-05,3733.7000000000003,1716.05,-0.04699388333581978,-0.04669550947337013,2.267176186645213,1.5132743362831858,0.9129525341914722,0.6089486356340288,,-0.05960017902431746,-0.12233328360435625,0.06273310458003879,2.0525657071339176,1.2026397940741553,True,1.0771620644400997,2.175752454765304,-0.11013665102998164,-0.05062002839006883,True,-0.11013665102998166,True,True,False,1.3877787807814457e-17,valid,1,0,1,resolved_latest_restated: Later valid filing supplies the current comparative value,latest_valid_restated_sec_companyfacts,"Latest valid filing through 2026-08-05; filing date, source priority, and accession provide deterministic selection."
pton,PTON,2022,2022-06-30,3582.1,-2734.0,-2827.7,4028.5,3435.6,592.9,2634.6,1105.5,1253.9,1104.5,,-2020.0,337.3,-2357.3,2026-08-05,2021,4485.6,1754.1,4021.8,Peloton Interactive Inc,dtc_brand,active,formal_included,"Channel mix, fiscal calendars, and inventory intensity differ within this peer group.",2026-08-05,4257.05,1173.5,-0.7893972809245973,-0.7632394405516317,2.3831750339213027,1.3840796019900496,1.1342379014020807,0.8528236316246742,,-0.5639150219145195,-0.6580776639401469,0.09416264202562744,1.166980198019802,-0.10932915609925908,True,0.8414512397082486,3.6276523221133363,-2.409629314017895,-0.664239320656323,True,-2.409629314017895,True,True,False,0.0,valid,0,0,0,,latest_valid_restated_sec_companyfacts,"Latest valid filing through 2026-08-05; filing date, source priority, and accession provide deterministic selection."
pton,PTON,2023,2023-06-30,2800.2,-1197.1,-1261.7,2769.1,3064.2,-295.1,1639.1,761.4,813.9,522.6,,-387.6,82.4,-470.0,2026-08-05,2022,4028.5,592.9,3582.1,Peloton Interactive Inc,dtc_brand,active,formal_included,"Channel mix, fiscal calendars, and inventory intensity differ within this peer group.",2026-08-05,3398.8,148.89999999999998,-0.45057495893150495,-0.42750517820155703,2.1527449435250854,1.4663777252429735,1.0689519306540582,1.106568921310173,,-0.13841868437968718,-0.16784515391757732,0.029426469537890156,1.2125902992776056,-0.2182797800173083,True,0.8238790161233376,22.82605775688382,-8.473472128945602,-0.3712192538543015,True,-8.473472128945604,True,True,False,1.7763568394002505e-15,valid,0,0,0,,latest_valid_restated_sec_companyfacts,"Latest valid filing through 2026-08-05; filing date, source priority, and accession provide deterministic selection."
pton,PTON,2024,2024-06-30,2700.5,-529.0,-551.9,2185.2,2704.3,-519.1,1266.0,685.2,697.6,329.7,,-66.1,19.7,-85.8,2026-08-05,2023,2769.1,-295.1,2800.2,Peloton Interactive Inc,dtc_brand,active,formal_included,"Channel mix, fiscal calendars, and inventory intensity differ within this peer group.",2026-08-05,2477.1499999999996,-407.1,-0.20436956119237176,-0.1958896500648028,1.8476357267950962,1.3664623467600698,1.0180969060128429,1.2375526267618526,,-0.024476948713201257,-0.03177189409368635,0.007294945380485095,1.29803328290469,-0.03560459967145202,True,1.090164099872838,,,-0.22279635871868883,False,,False,False,False,,nonpositive_average_equity,2,0,2,Average equity is nonpositive; ROE is invalid; No consecutive t+1 annual observation is available,latest_valid_restated_sec_companyfacts,"Latest valid filing through 2026-08-05; filing date, source priority, and accession provide deterministic selection."
qvcga,QVCGA,2018,2018-12-31,14070.0,1324.0,916.0,17841.0,12097.0,5744.0,4186.0,3951.0,653.0,1474.0,,1273.0,275.0,998.0,2026-08-05,2017,24122.0,10083.0,10404.0,QVC Group Inc,inventory_led_ecommerce,bankrupt,formal_included,"Inventory ownership, fulfillment intensity, and hybrid business exposure differ within this peer group.",2026-08-05,20981.5,7913.5,0.06510305614783227,0.09410092395167022,1.0594786130093647,0.686408504176158,0.16527461402176663,0.678044952637184,,0.09047619047619047,0.07093105899076048,0.01954513148542999,0.783974862529458,0.35236447520184555,True,0.6705907585253675,2.651355278953687,0.1157515637834081,0.043657507804494435,True,0.1157515637834081,True,True,False,0.0,valid,3,0,3,resolved_latest_restated: Later valid filing supplies the current comparative value; resolved_tag_priority: Configured canonical tag priority selects the concept-aligned value,latest_valid_restated_sec_companyfacts,"Latest valid filing through 2026-08-05; filing date, source priority, and accession provide deterministic selection."
qvcga,QVCGA,2019,2019-12-31,13458.0,184.0,-456.0,17305.0,12333.0,4936.0,4576.0,4001.0,673.0,1413.0,,1284.0,325.0,959.0,2026-08-05,2018,17841.0,5744.0,14070.0,QVC Group Inc,inventory_led_ecommerce,bankrupt,formal_included,"Inventory ownership, fulfillment intensity, and hybrid business exposure differ within this peer group.",2026-08-05,17573.0,5340.0,-0.03388319215336603,0.013672165254866994,1.1437140714821294,0.7905523619095226,0.16820794801299674,0.7126841953192719,,0.0954079358002675,0.07125873086639917,0.02414920493386833,0.7468847352024922,-0.04349680170575698,True,0.7658339498093666,3.290823970037453,-0.0853932584269663,-0.025948898878962044,True,-0.08539325842696628,True,True,False,-1.3877787807814457e-17,valid,3,0,3,resolved_latest_restated: Later valid filing supplies the current comparative value; resolved_tag_priority: Configured canonical tag priority selects the concept-aligned value,latest_valid_restated_sec_companyfacts,"Latest valid filing through 2026-08-05; filing date, source priority, and accession provide deterministic selection."
qvcga,QVCGA,2020,2020-12-31,14177.0,1572.0,1196.0,16999.0,13266.0,3689.0,4565.0,4704.0,806.0,1301.0,,2455.0,257.0,2198.0,2026-08-05,2019,17305.0,4936.0,13458.0,QVC Group Inc,inventory_led_ecommerce,bankrupt,formal_included,"Inventory ownership, fulfillment intensity, and hybrid business exposure differ within this peer group.",2026-08-05,17152.0,4312.5,0.08436199478027792,0.11088382591521478,0.9704506802721088,0.6938775510204082,0.171343537414966,0.7803988469909995,,0.17316780701135642,0.15503985328348735,0.018127953727869083,0.8953156822810591,0.05342547183831181,True,0.8265508395522388,3.9772753623188404,0.2773333333333333,0.0697294776119403,True,0.2773333333333333,True,True,False,0.0,valid,3,0,3,resolved_latest_restated: Later valid filing supplies the current comparative value; resolved_tag_priority: Configured canonical tag priority selects the concept-aligned value,latest_valid_restated_sec_companyfacts,"Latest valid filing through 2026-08-05; filing date, source priority, and accession provide deterministic selection."
qvcga,QVCGA,2021,2021-12-31,14044.0,1087.0,340.0,16202.0,13216.0,2986.0,4448.0,4224.0,587.0,1623.0,,1225.0,244.0,981.0,2026-08-05,2020,16999.0,3689.0,14177.0,QVC Group Inc,inventory_led_ecommerce,bankrupt,formal_included,"Inventory ownership, fulfillment intensity, and hybrid business exposure differ within this peer group.",2026-08-05,16600.5,3337.5,0.0242096268869268,0.07739960125320422,1.053030303030303,0.6687973484848485,0.13896780303030304,0.815701765214171,,0.08722586157789804,0.06985189404727998,0.017373967530618057,0.8008163265306123,-0.009381392396134558,True,0.8459986144995633,4.973932584269663,0.10187265917602996,0.02048131080389145,True,0.10187265917602997,True,True,False,-1.3877787807814457e-17,valid,3,0,3,resolved_latest_restated: Later valid filing supplies the current comparative value; resolved_tag_priority: Configured canonical tag priority selects the concept-aligned value,latest_valid_restated_sec_companyfacts,"Latest valid filing through 2026-08-05; filing date, source priority, and accession provide deterministic selection."
qvcga,QVCGA,2022,2022-12-31,12106.0,-2041.0,-2594.0,12571.0,12046.0,525.0,4275.0,3099.0,1275.0,1346.0,,194.0,268.0,-74.0,2026-08-05,2021,16202.0,2986.0,14044.0,QVC Group Inc,inventory_led_ecommerce,bankrupt,formal_included,"Inventory ownership, fulfillment intensity, and hybrid business exposure differ within this peer group.",2026-08-05,14386.5,1755.5,-0.21427391376177102,-0.16859408557739963,1.3794772507260407,0.9451435947079703,0.41142303969022265,0.9582372126322488,,0.016025111514951264,-0.006112671402610276,0.02213778291756154,-0.38144329896907214,-0.13799487325548276,True,0.8414833350710735,8.195101110794646,-1.4776416975220734,-0.18030792757098668,True,-1.4776416975220734,True,True,False,0.0,valid,3,0,3,resolved_latest_restated: Later valid filing supplies the current comparative value; resolved_tag_priority: Configured canonical tag priority selects the concept-aligned value,latest_valid_restated_sec_companyfacts,"Latest valid filing through 2026-08-05; filing date, source priority, and accession provide deterministic selection."
qvcga,QVCGA,2023,2023-12-31,10915.0,590.0,-145.0,11368.0,10879.0,489.0,3682.0,2617.0,1121.0,1044.0,,919.0,230.0,689.0,2026-08-05,2022,12571.0,525.0,12106.0,QVC Group Inc,inventory_led_ecommerce,bankrupt,formal_included,"Inventory ownership, fulfillment intensity, and hybrid business exposure differ within this peer group.",2026-08-05,11969.5,507.0,-0.013284470911589555,0.05405405405405406,1.4069545280855942,1.008024455483378,0.42835307604126865,0.9569845179451091,,0.08419606046724691,0.06312414109024278,0.021071919377004124,0.749727965179543,-0.09838096811498431,True,0.9119010819165378,23.608481262327416,-0.2859960552268245,-0.012114123396967292,True,-0.2859960552268245,True,True,False,0.0,valid,3,0,3,resolved_latest_restated: Later valid filing supplies the current comparative value; resolved_tag_priority: Configured canonical tag priority selects the concept-aligned value,latest_valid_restated_sec_companyfacts,"Latest valid filing through 2026-08-05; filing date, source priority, and accession provide deterministic selection."
qvcga,QVCGA,2024,2024-12-31,10037.0,-809.0,-1290.0,9243.0,10128.0,-971.0,3299.0,2724.0,905.0,1061.0,4101.0,525.0,199.0,326.0,2026-08-05,2023,11368.0,489.0,10915.0,QVC Group Inc,inventory_led_ecommerce,bankrupt,formal_included,"Inventory ownership, fulfillment intensity, and hybrid business exposure differ within this peer group.",2026-08-05,10305.5,-241.0,-0.12852445949985056,-0.08060177343827837,1.211086637298091,0.8215859030837004,0.3322320117474302,1.0957481337228172,0.44368711457319054,0.05230646607552057,0.03247982464879944,0.019826641426721133,0.6209523809523809,-0.08043976179569401,True,0.9739459511911115,,,-0.12517587695890545,False,,False,False,False,,nonpositive_average_equity,6,0,6,Average equity is nonpositive; ROE is invalid; No consecutive t+1 annual observation is available; resolved_latest_restated: Later valid filing supplies the current comparative value; resolved_tag_priority: Configured canonical tag priority selects the concept-aligned value,latest_valid_restated_sec_companyfacts,"Latest valid filing through 2026-08-05; filing date, source priority, and accession provide deterministic selection."
rvlv,RVLV,2018,2018-12-31,498.739,41.798,30.685,162.074,82.25600000000001,79.818,139.153,82.256,16.369,102.22,,26.655,3.045,23.61,2026-08-05,2017,,47.988,399.597,Revolve Group Inc,dtc_brand,active,formal_included,"Channel mix, fiscal calendars, and inventory intensity differ within this peer group.",2026-08-05,,63.903,0.06152516646983693,0.08380736216738616,1.691706380081696,0.44900068080140043,0.19900068080140051,0.5075212557226946,,0.0534447877547174,0.047339389941432296,0.006105397813285105,0.8857625211029825,0.24810496575299612,False,,,0.4801808991753126,,True,,False,False,False,,missing_prior_balance,1,0,1,Consecutive prior-year assets/equity are unavailable,latest_valid_restated_sec_companyfacts,"Latest valid filing through 2026-08-05; filing date, source priority, and accession provide deterministic selection."
rvlv,RVLV,2019,2019-12-31,600.993,48.098,35.667,232.29,101.52599999999998,130.764,199.342,101.526,65.418,104.257,,46.057,12.455,33.602000000000004,2026-08-05,2018,162.074,79.818,498.739,Revolve Group Inc,dtc_brand,active,formal_included,"Channel mix, fiscal calendars, and inventory intensity differ within this peer group.",2026-08-05,197.18200000000002,105.291,0.059346781077317036,0.08003088222325384,1.963457636467506,0.9365581230423735,0.6443472608001892,0.43706573679452404,,0.07663483601306505,0.05591080095774826,0.02072403505531678,0.7295742232451093,0.2050250732346981,True,3.047910052641722,1.8727336619464154,0.3387469014445679,0.18088365063748213,True,0.338746901444568,True,True,False,-5.551115123125783e-17,valid,2,0,2,resolved_latest_restated: Later valid filing supplies the current comparative value; resolved_tag_priority: Configured canonical tag priority selects the concept-aligned value,latest_valid_restated_sec_companyfacts,"Latest valid filing through 2026-08-05; filing date, source priority, and accession provide deterministic selection."
rvlv,RVLV,2020,2020-12-31,580.649,61.066,56.79,305.752,105.688,200.064,276.925,105.688,146.013,95.272,,73.773,2.324,71.449,2026-08-05,2019,232.29,130.764,600.993,Revolve Group Inc,dtc_brand,active,formal_included,"Channel mix, fiscal calendars, and inventory intensity differ within this peer group.",2026-08-05,269.021,165.414,0.09780435340455249,0.10516852694140523,2.6202123230641132,1.718766558171221,1.3815475739913707,0.34566576833512125,,0.1270526600407475,0.12305024205673307,0.004002417984014439,0.9684979599582504,-0.033850643851093154,True,2.1583779704930097,1.626349643923731,0.34332039609706555,0.2110987618066991,True,0.3433203960970656,True,True,False,-5.551115123125783e-17,valid,0,0,0,,latest_valid_restated_sec_companyfacts,"Latest valid filing through 2026-08-05; filing date, source priority, and accession provide deterministic selection."
rvlv,RVLV,2021,2021-12-31,891.39,105.291,99.84,480.413,163.399,317.014,439.842,160.222,218.455,171.259,,62.313,2.195,60.118,2026-08-05,2020,305.752,200.064,580.649,Revolve Group Inc,dtc_brand,active,formal_included,"Channel mix, fiscal calendars, and inventory intensity differ within this peer group.",2026-08-05,393.0825,258.539,0.11200484636354459,0.11812001480833305,2.7452035301019833,1.676317858970678,1.3634519604049382,0.3401219367502545,,0.06990542860027597,0.06744298230852938,0.002462446291746598,0.964774605620015,0.5351615175433007,True,2.267691896739234,1.5203992434410283,0.38616997822378835,0.2539924824941329,True,0.3861699782237883,True,True,False,5.551115123125783e-17,valid,0,0,0,,latest_valid_restated_sec_companyfacts,"Latest valid filing through 2026-08-05; filing date, source priority, and accession provide deterministic selection."
rvlv,RVLV,2022,2022-12-31,1101.416,73.14,58.697,579.318,199.745,379.573,518.217,181.086,234.724,215.224,,23.436,5.167,18.269,2026-08-05,2021,480.413,317.014,891.39,Revolve Group Inc,dtc_brand,active,formal_included,"Channel mix, fiscal calendars, and inventory intensity differ within this peer group.",2026-08-05,529.8655,348.2935,0.0532923073570749,0.06640542719553738,2.8617176369238924,1.6731994742829372,1.2962018046673955,0.3447933604686891,,0.021278063874140198,0.016586830044233968,0.00469123382990623,0.7795272230756101,0.23561628467898443,True,2.0786709079945758,1.521318945085108,0.1685274057655397,0.11077716892305689,True,0.1685274057655397,True,True,False,0.0,valid,0,0,0,,latest_valid_restated_sec_companyfacts,"Latest valid filing through 2026-08-05; filing date, source priority, and accession provide deterministic selection."
rvlv,RVLV,2023,2023-12-31,1068.719,22.134,28.147,608.886,223.746,385.14,528.589,189.62,245.449,203.587,,43.342,4.198,39.144,2026-08-05,2022,579.318,379.573,1101.416,Revolve Group Inc,dtc_brand,active,formal_included,"Channel mix, fiscal calendars, and inventory intensity differ within this peer group.",2026-08-05,594.102,382.3565,0.026337138200031997,0.020710776172221133,2.7876226136483497,1.7139647716485606,1.2944256934922478,0.36746780185453437,,0.040555094463558705,0.03662702731026584,0.0039280671532928675,0.9031424484333902,-0.02968633105021168,True,1.7988813368748129,1.5537907685628465,0.07361454558769107,0.04737738637473026,True,0.07361454558769107,True,True,False,0.0,valid,0,0,0,,latest_valid_restated_sec_companyfacts,"Latest valid filing through 2026-08-05; filing date, source priority, and accession provide deterministic selection."
rvlv,RVLV,2024,2024-12-31,1129.911,51.417,49.557,665.547,227.762,437.785,561.088,196.097,256.6,229.244,,26.692,5.649,21.043,2026-08-05,2023,608.886,385.14,1068.719,Revolve Group Inc,dtc_brand,active,formal_included,"Channel mix, fiscal calendars, and inventory intensity differ within this peer group.",2026-08-05,637.2165,411.4625,0.04385920661007814,0.0455053539615067,2.8612778369888368,1.6922441444795173,1.3085360816330693,0.34221775471905064,,0.023623099518457646,0.018623590707586703,0.004999508810870945,0.788363554623108,0.05725733331212424,True,1.773197963329575,1.5486623932922199,0.12044110945711943,0.07777105583424158,True,0.12044110945711943,True,True,False,0.0,valid,3,0,3,No consecutive t+1 annual observation is available; resolved_latest_restated: Later valid filing supplies the current comparative value; resolved_tag_priority: Configured canonical tag priority selects the concept-aligned value,latest_valid_restated_sec_companyfacts,"Latest valid filing through 2026-08-05; filing date, source priority, and accession provide deterministic selection."
sfix,SFIX,2018,2018-07-28,1226.505,43.024,44.9,481.585,166.513,315.072,417.006,142.232,297.516,85.092,,72.178,16.565,55.613,2026-08-05,2017,257.205,61.861,977.139,Stitch Fix Inc,dtc_brand,active,formal_included,"Channel mix, fiscal calendars, and inventory intensity differ within this peer group.",2026-08-05,369.395,188.4665,0.03660808557649581,0.03507853616577185,2.9318718713088474,2.3336098768209683,2.0917655661173296,0.3457603538316185,,0.05884851672027427,0.0453426606495693,0.01350585607070497,0.7704979356590651,0.25520013017595256,True,3.320307529879939,1.9600035019486222,0.23823862596270423,0.12155010219412823,True,0.2382386259627042,True,True,False,2.7755575615628914e-17,valid,2,0,2,resolved_latest_restated: Later valid filing supplies the current comparative value; resolved_tag_priority: Configured canonical tag priority selects the concept-aligned value,latest_valid_restated_sec_companyfacts,"Latest valid filing through 2026-08-05; filing date, source priority, and accession provide deterministic selection."
sfix,SFIX,2019,2019-08-03,1577.558,23.495,36.881,616.066,220.066,396.0,482.404,182.631,170.932,118.216,,78.594,30.825,47.76899999999999,2026-08-05,2018,481.585,315.072,1226.505,Stitch Fix Inc,dtc_brand,active,formal_included,"Channel mix, fiscal calendars, and inventory intensity differ within this peer group.",2026-08-05,548.8255,355.536,0.023378538221732578,0.014893271752924457,2.6414135606769933,1.9941192897153275,0.9359418718618415,0.3572117273149305,,0.049820038312379,0.030280344684632827,0.019539693627746175,0.6077944881288647,0.28622223309322004,True,2.8744254776791527,1.5436566198640926,0.1037335178434814,0.067199865895444,True,0.1037335178434814,True,True,False,0.0,valid,0,0,0,,latest_valid_restated_sec_companyfacts,"Latest valid filing through 2026-08-05; filing date, source priority, and accession provide deterministic selection."
sfix,SFIX,2020,2020-08-01,1711.733,-51.664,-67.117,769.429,368.392,401.037,466.31,212.155,143.455,124.816,,42.877,30.207,12.670000000000002,2026-08-05,2019,616.066,396.0,1577.558,Stitch Fix Inc,dtc_brand,active,formal_included,"Channel mix, fiscal calendars, and inventory intensity differ within this peer group.",2026-08-05,692.7475,398.5185,-0.03920997024652794,-0.030182277259362296,2.197968466451415,1.6096438924371335,0.6761801513044708,0.47878621679193273,,0.02504888320783674,0.007401855312715244,0.017647027895121493,0.2954964199920704,0.08505234038938658,True,2.4709334930836993,1.7383070045681692,-0.16841627176655538,-0.09688522874496121,True,-0.16841627176655538,True,True,False,0.0,valid,0,0,0,,latest_valid_restated_sec_companyfacts,"Latest valid filing through 2026-08-05; filing date, source priority, and accession provide deterministic selection."
sfix,SFIX,2021,2021-07-31,2101.258,-63.361,-8.876,819.149,358.3,460.849,521.804,228.313,129.785,212.294,,-15.675,35.256,-50.931,2026-08-05,2020,769.429,401.037,1711.733,Stitch Fix Inc,dtc_brand,active,formal_included,"Channel mix, fiscal calendars, and inventory intensity differ within this peer group.",2026-08-05,794.289,430.943,-0.004224136207928774,-0.030153841175143654,2.2854765168869053,1.3556389693096758,0.5684520811342324,0.4374051607216758,,-0.0074598169287160366,-0.02423833722465304,0.016778520295937006,3.249186602870813,0.22756177511329145,True,2.6454577615955905,1.8431416683876987,-0.020596691441791607,-0.01117477391730214,True,-0.020596691441791604,True,True,False,-3.469446951953614e-18,valid,0,0,0,,latest_valid_restated_sec_companyfacts,"Latest valid filing through 2026-08-05; filing date, source priority, and accession provide deterministic selection."
sfix,SFIX,2022,2022-07-30,2017.804,-184.47,-207.121,764.535,441.884,322.651,477.252,295.57,130.935,197.251,,75.217,44.957,30.259999999999998,2026-08-05,2021,819.149,460.849,2101.258,Stitch Fix Inc,dtc_brand,active,formal_included,"Channel mix, fiscal calendars, and inventory intensity differ within this peer group.",2026-08-05,791.842,391.75,-0.10264673873180943,-0.09142116875573643,1.6146834929120006,0.9473255066481713,0.4429915079338228,0.5779774634254808,,0.037276663144686,0.014996501146791262,0.02228016199789474,0.40230267093875055,-0.0397162081000999,True,2.5482406843789547,2.021294192724952,-0.5287070835992342,-0.2615685957552138,True,-0.5287070835992344,True,True,False,1.1102230246251565e-16,valid,4,0,4,resolved_latest_restated: Later valid filing supplies the current comparative value,latest_valid_restated_sec_companyfacts,"Latest valid filing through 2026-08-05; filing date, source priority, and accession provide deterministic selection."
sfix,SFIX,2023,2023-07-29,1592.521,-155.281,-171.973,614.478,367.168,247.31,425.461,238.111,239.437,130.548,,73.23,18.863,54.367000000000004,2026-08-05,2022,764.535,322.651,2017.804,Stitch Fix Inc,dtc_brand,active,formal_included,"Channel mix, fiscal calendars, and inventory intensity differ within this peer group.",2026-08-05,689.5065,284.9805,-0.10798790094447736,-0.09750640650892517,1.7868179126541823,1.2385526078173625,1.005568831343365,0.5975283085806165,,0.04598369503447679,0.03413895326969001,0.011844741764786774,0.7424143110746961,-0.21076526758793224,True,2.3096533535216857,2.419486596451336,-0.6034553241362128,-0.24941461755617972,True,-0.6034553241362128,True,True,False,0.0,valid,5,0,5,resolved_latest_restated: Later valid filing supplies the current comparative value,latest_valid_restated_sec_companyfacts,"Latest valid filing through 2026-08-05; filing date, source priority, and accession provide deterministic selection."
sfix,SFIX,2024,2024-08-03,1337.468,-133.427,-128.84,486.864,299.842,187.022,366.71,203.551,162.862,97.903,,28.207,13.965,14.242,2026-08-05,2023,614.478,247.31,1592.521,Stitch Fix Inc,dtc_brand,active,formal_included,"Channel mix, fiscal calendars, and inventory intensity differ within this peer group.",2026-08-05,550.6709999999999,217.166,-0.09633127671091944,-0.09976089147553435,1.8015632445922642,1.3205879607567634,0.8001041508025016,0.6158639784416182,,0.021089850373990256,0.010648479066415048,0.010441371307575208,0.5049101286914596,-0.1601567577444818,True,2.4287968678212586,2.5357146146265985,-0.593278874225247,-0.23396910314870406,True,-0.593278874225247,True,True,False,0.0,valid,1,0,1,No consecutive t+1 annual observation is available,latest_valid_restated_sec_companyfacts,"Latest valid filing through 2026-08-05; filing date, source priority, and accession provide deterministic selection."
snbr,SNBR,2018,2018-12-29,1531.575,92.428,69.539,470.138,579.688,-109.55,150.857,488.668,1.612,84.882,,131.54,45.515,86.02499999999999,2026-08-05,2017,471.834,89.156,1444.497,Sleep Number Corp,dtc_brand,bankrupt,formal_included,"Channel mix, fiscal calendars, and inventory intensity differ within this peer group.",2026-08-05,470.986,-10.196999999999996,0.04540358780993422,0.06034833423110197,0.30871061743351313,0.13500986354743916,0.003298763168449745,1.23301668871693,,0.08588544472193656,0.05616767053523333,0.029717774186703228,0.6539835791394253,0.06028257587243169,True,3.2518482502664625,,,0.14764557757555427,False,,False,False,False,,nonpositive_average_equity,1,0,1,Average equity is nonpositive; ROE is invalid,latest_valid_restated_sec_companyfacts,"Latest valid filing through 2026-08-05; filing date, source priority, and accession provide deterministic selection."
snbr,SNBR,2019,2019-12-28,1698.352,112.095,81.845,806.043,965.474,-159.431,160.368,594.774,1.593,87.065,,189.16,59.239,129.921,2026-08-05,2018,470.138,-109.55,1531.575,Sleep Number Corp,dtc_brand,bankrupt,formal_included,"Channel mix, fiscal calendars, and inventory intensity differ within this peer group.",2026-08-05,638.0905,-134.4905,0.04819083440888579,0.06600221862134587,0.26962846392074974,0.123245131764334,0.0026783282389613535,1.1977946585976182,,0.11137855992161813,0.07649827597576944,0.034880283945848675,0.6868312539648974,0.10889247996343632,True,2.661616181403735,,,0.12826550465803832,False,,False,False,False,,nonpositive_average_equity,1,0,1,Average equity is nonpositive; ROE is invalid,latest_valid_restated_sec_companyfacts,"Latest valid filing through 2026-08-05; filing date, source priority, and accession provide deterministic selection."
snbr,SNBR,2020,2021-01-02,1856.555,184.896,139.189,800.136,1024.114,-223.978,181.804,655.944,4.243,81.362,,279.661,37.1,242.561,2026-08-05,2019,806.043,-159.431,1698.352,Sleep Number Corp,dtc_brand,bankrupt,formal_included,"Channel mix, fiscal calendars, and inventory intensity differ within this peer group.",2026-08-05,803.0895,-191.7045,0.07497165448909404,0.09959090896849271,0.27716390423572745,0.15312587659922192,0.006468539997316845,1.27992491276483,,0.1506343738806553,0.13065112533698167,0.019983248543673632,0.8673393858993568,0.09315088980376274,True,2.311765998683833,,,0.17331692171295973,False,,False,False,False,,nonpositive_average_equity,1,0,1,Average equity is nonpositive; ROE is invalid,latest_valid_restated_sec_companyfacts,"Latest valid filing through 2026-08-05; filing date, source priority, and accession provide deterministic selection."
snbr,SNBR,2021,2022-01-01,2184.949,193.536,153.746,919.54,1344.493,-424.953,207.621,906.778,2.389,105.644,,300.01,66.9,233.10999999999999,2026-08-05,2020,800.136,-223.978,1856.555,Sleep Number Corp,dtc_brand,bankrupt,formal_included,"Channel mix, fiscal calendars, and inventory intensity differ within this peer group.",2026-08-05,859.838,-324.4655,0.07036594446826906,0.08857689584516618,0.2289656343669564,0.11246082282543246,0.002634602956842799,1.4621365030341258,,0.1373075527163334,0.10668898907937896,0.030618563636954456,0.7770074330855637,0.17688352890164838,True,2.5411170476299025,,,0.17880810106089753,False,,False,False,False,,nonpositive_average_equity,1,0,1,Average equity is nonpositive; ROE is invalid,latest_valid_restated_sec_companyfacts,"Latest valid filing through 2026-08-05; filing date, source priority, and accession provide deterministic selection."
snbr,SNBR,2022,2022-12-31,2114.297,67.88,36.61,953.936,1392.113,-438.177,197.758,929.813,1.792,114.034,,36.138,69.454,-33.315999999999995,2026-08-05,2021,919.54,-424.953,2184.949,Sleep Number Corp,dtc_brand,bankrupt,formal_included,"Channel mix, fiscal calendars, and inventory intensity differ within this peer group.",2026-08-05,936.738,-431.565,0.017315448113486422,0.03210523403287239,0.2126857766023921,0.09004391205543481,0.0019272692466119532,1.4593358464299493,,0.017092206061873047,-0.01575748345667614,0.03284968951854919,-0.9219104543693618,-0.032335766189508286,True,2.2570846917708045,,,0.039082432868101855,False,,False,False,False,,nonpositive_average_equity,1,0,1,Average equity is nonpositive; ROE is invalid,latest_valid_restated_sec_companyfacts,"Latest valid filing through 2026-08-05; filing date, source priority, and accession provide deterministic selection."
snbr,SNBR,2023,2023-12-30,1887.482,22.942,-15.287,950.88,1392.808,-441.928,206.128,936.071,2.539,115.433,,-9.028,57.056,-66.084,2026-08-05,2022,953.936,-438.177,2114.297,Sleep Number Corp,dtc_brand,bankrupt,formal_included,"Channel mix, fiscal calendars, and inventory intensity differ within this peer group.",2026-08-05,952.408,-440.0525,-0.008099150084610079,0.012154817900250175,0.22020551859848236,0.09688901803388843,0.002712401089233616,1.4647568568063267,,-0.004783091971208203,-0.03501172461512216,0.030228632643913955,7.319893664155959,-0.1072767922387442,True,1.9817998168852005,,,-0.016050894154606008,False,,False,False,False,,nonpositive_average_equity,1,0,1,Average equity is nonpositive; ROE is invalid,latest_valid_restated_sec_companyfacts,"Latest valid filing through 2026-08-05; filing date, source priority, and accession provide deterministic selection."
snbr,SNBR,2024,2024-12-28,1682.296,22.872,-20.334,860.81,1312.396,-451.586,181.284,908.012,1.95,103.152,,27.143,23.505,3.6380000000000017,2026-08-05,2023,950.88,-441.928,1887.482,Sleep Number Corp,dtc_brand,bankrupt,formal_included,"Channel mix, fiscal calendars, and inventory intensity differ within this peer group.",2026-08-05,905.845,-446.757,-0.012087052456880357,0.013595704917565041,0.1996493438412708,0.08604732096051594,0.0021475487108099894,1.5246058944482523,,0.016134497139623467,0.0021625207454573996,0.013971976394166067,0.13403087352171836,-0.10870885126321728,True,1.8571565775601786,,,-0.022447548973610273,False,,False,False,False,,nonpositive_average_equity,2,0,2,Average equity is nonpositive; ROE is invalid; No consecutive t+1 annual observation is available,latest_valid_restated_sec_companyfacts,"Latest valid filing through 2026-08-05; filing date, source priority, and accession provide deterministic selection."
vrm,VRM,2019,2019-12-31,1191.821,-133.148,-142.978,563.387,262.907,-573.852,465.33,259.834,217.734,205.746,,-215.636,3.528,-219.164,2026-08-05,2018,,-296.866,855.429,Vroom Inc,inventory_led_ecommerce,active,formal_included,"Inventory ownership, fulfillment intensity, and hybrid business exposure differ within this peer group.",2026-08-05,,-435.359,-0.11996600160594588,-0.11171811874434165,1.7908741735107798,0.9990378472409305,0.837973475372738,0.46665436014675526,,-0.18092985439927642,-0.1838900304659844,0.0029601760667080043,1.0163609044871913,0.3932436239594401,False,,,,,False,,False,False,False,,missing_prior_balance,3,0,3,Consecutive prior-year assets/equity are unavailable; resolved_latest_restated: Later valid filing supplies the current comparative value; resolved_tag_priority: Configured canonical tag priority selects the concept-aligned value,latest_valid_restated_sec_companyfacts,"Latest valid filing through 2026-08-05; filing date, source priority, and accession provide deterministic selection."
vrm,VRM,2020,2020-12-31,1357.7,-178.599,-202.799,1724.056,496.954,1227.102,1597.879,482.71,1056.213,423.647,,-355.254,11.329,-366.583,2026-08-05,2019,563.387,-573.852,1191.821,Vroom Inc,inventory_led_ecommerce,active,formal_included,"Inventory ownership, fulfillment intensity, and hybrid business exposure differ within this peer group.",2026-08-05,1143.7215,326.62500000000006,-0.14936952198571113,-0.13154526036679678,3.3102256012927014,2.4325827101158044,2.188090157651592,0.28824701749827153,,-0.26165868748618987,-0.27000294615894527,0.008344258672755395,1.031889859086738,0.1391811354221819,True,1.1870896892294147,3.5016349024110216,-0.6208924607730577,-0.17731501943436404,True,-0.6208924607730578,True,True,False,1.1102230246251565e-16,valid,0,0,0,,latest_valid_restated_sec_companyfacts,"Latest valid filing through 2026-08-05; filing date, source priority, and accession provide deterministic selection."
vrm,VRM,2021,2021-12-31,3184.255,-358.615,-370.911,2366.75,1451.556,915.194,2102.292,827.256,1132.325,726.384,610.618,-568.688,28.413,-597.101,2026-08-05,2020,1724.056,1227.102,1357.7,Vroom Inc,inventory_led_ecommerce,active,formal_included,"Inventory ownership, fulfillment intensity, and hybrid business exposure differ within this peer group.",2026-08-05,2045.403,1071.1480000000001,-0.11648281937219224,-0.11262131958652809,2.54128347210537,1.6632191244306478,1.3687721817671918,0.6133119256364212,0.25799852117883176,-0.17859373699656592,-0.18751670327910294,0.008922966282537045,1.0499623695242382,1.3453303380717392,True,1.5567861198991104,1.9095428456198393,-0.3462742776908513,-0.18133883640534407,True,-0.3462742776908513,True,True,False,0.0,valid,0,0,0,,latest_valid_restated_sec_companyfacts,"Latest valid filing through 2026-08-05; filing date, source priority, and accession provide deterministic selection."
vrm,VRM,2022,2022-12-31,1948.901,-571.763,-451.91,1619.027,1143.786,479.832,1220.109,703.32,398.915,320.648,402.154,-109.065,24.234,-133.299,2026-08-05,2021,2366.75,915.194,3184.255,Vroom Inc,inventory_led_ecommerce,active,formal_included,"Inventory ownership, fulfillment intensity, and hybrid business exposure differ within this peer group.",2026-08-05,1992.8885,697.5129999999999,-0.23187940280188682,-0.2933771392184621,1.7347850196212249,1.2788787465165214,0.5671884775066826,0.7064650558637997,0.24839239864437096,-0.055962309014157205,-0.06839700939144677,0.01243470037728956,1.2221977719708432,-0.38795699465024003,True,0.9779277666562881,2.85713456236658,-0.6478875662532456,-0.226761306515643,True,-0.6478875662532456,True,True,False,0.0,valid,1,0,1,resolved_latest_restated: Later valid filing supplies the current comparative value,latest_valid_restated_sec_companyfacts,"Latest valid filing through 2026-08-05; filing date, source priority, and accession provide deterministic selection."
vrm,VRM,2023,2023-12-31,893.203,-270.227,-364.611,1475.422,1347.751,127.671,952.639,856.806,135.585,163.25,454.173,-533.684,2.624,-536.308,2026-08-05,2022,1619.027,479.832,1948.901,Vroom Inc,inventory_led_ecommerce,active,formal_included,"Inventory ownership, fulfillment intensity, and hybrid business exposure differ within this peer group.",2026-08-05,1547.2245,303.7515,-0.40820619724743423,-0.30253704924860303,1.111849123372152,0.9213159104861544,0.15824469016323414,0.9134681467403902,0.30782582881372245,-0.5974946344783885,-0.6004323765146333,0.0029377420362448406,1.0049167672255492,-0.5416888800405972,True,0.5772937282210823,5.093718055713305,-1.200359504397509,-0.23565487749192182,True,-1.200359504397509,True,True,False,0.0,valid,3,0,3,resolved_latest_restated: Later valid filing supplies the current comparative value; resolved_tag_priority: Configured canonical tag priority selects the concept-aligned value,latest_valid_restated_sec_companyfacts,"Latest valid filing through 2026-08-05; filing date, source priority, and accession provide deterministic selection."
w,W,2018,2018-12-31,6779.174,-473.279,-504.08,1890.85,2221.571,-331.0,1255.936,1139.223,849.461,46.164,,84.861,159.205,-74.34400000000001,2026-08-05,2017,1213.403,-48.329,4720.895,Wayfair Inc,inventory_led_ecommerce,active,formal_included,"Inventory ownership, fulfillment intensity, and hybrid business exposure differ within this peer group.",2026-08-05,1552.1264999999999,-189.6645,-0.07435714144525572,-0.06981366756480951,1.1024496520874314,1.0619272960605606,0.7456494470353917,1.174905994658487,,0.012517896723111105,-0.010966527780523115,0.02348442450363422,-0.8760679228385242,0.43599338684719724,True,4.367668485783859,,,-0.32476734338341623,False,,False,False,False,,nonpositive_average_equity,1,0,1,Average equity is nonpositive; ROE is invalid,latest_valid_restated_sec_companyfacts,"Latest valid filing through 2026-08-05; filing date, source priority, and accession provide deterministic selection."
w,W,2019,2019-12-31,9127.0,-930.0,-985.0,2953.048,3897.256,-944.0,1377.138,1611.519,,61.692,,-197.0,272.0,-469.0,2026-08-05,2018,1890.85,-331.0,6779.174,Wayfair Inc,inventory_led_ecommerce,active,formal_included,"Inventory ownership, fulfillment intensity, and hybrid business exposure differ within this peer group.",2026-08-05,2421.9489999999996,-637.5,-0.1079215514407801,-0.10189547496439137,0.8545589595902995,0.8162770653029843,,1.3197401464520726,,-0.021584310288156022,-0.05138599758956941,0.029801687301413388,2.3807106598984773,0.3463292135590561,True,3.7684525974741834,,,-0.4066972508504515,False,,False,False,False,,nonpositive_average_equity,1,0,1,Average equity is nonpositive; ROE is invalid,latest_valid_restated_sec_companyfacts,"Latest valid filing through 2026-08-05; filing date, source priority, and accession provide deterministic selection."
w,W,2020,2020-12-31,14145.0,360.0,185.0,4570.0,5762.0,-1192.0,3046.0,2166.0,,52.0,,1417.0,186.0,1231.0,2026-08-05,2019,2953.048,-944.0,9127.0,Wayfair Inc,inventory_led_ecommerce,active,formal_included,"Inventory ownership, fulfillment intensity, and hybrid business exposure differ within this peer group.",2026-08-05,3761.524,-1068.0,0.013078826440438318,0.02545068928950159,1.4062788550323175,1.3822714681440442,,1.2608315098468272,,0.10017674089784376,0.08702721809826794,0.013149522799575823,0.8687367678193366,0.5497973047003397,True,3.760443905183112,,,0.04918219317489401,False,,False,False,False,,nonpositive_average_equity,1,0,1,Average equity is nonpositive; ROE is invalid,latest_valid_restated_sec_companyfacts,"Latest valid filing through 2026-08-05; filing date, source priority, and accession provide deterministic selection."
w,W,2021,2021-12-31,13708.0,-94.0,-131.0,4570.0,6189.0,-1619.0,3012.0,2217.0,1706.0,69.0,,410.0,101.0,309.0,2026-08-05,2020,4570.0,-1192.0,14145.0,Wayfair Inc,inventory_led_ecommerce,active,formal_included,"Inventory ownership, fulfillment intensity, and hybrid business exposure differ within this peer group.",2026-08-05,4570.0,-1405.5,-0.009556463379048731,-0.00685730960023344,1.3585926928281462,1.327469553450609,0.7695083446098331,1.3542669584245077,,0.029909541873358623,0.02254158155821418,0.007367960315144442,0.7536585365853659,-0.03089430894308942,True,2.999562363238512,,,-0.028665207877461706,False,,False,False,False,,nonpositive_average_equity,1,0,1,Average equity is nonpositive; ROE is invalid,latest_valid_restated_sec_companyfacts,"Latest valid filing through 2026-08-05; filing date, source priority, and accession provide deterministic selection."
w,W,2022,2022-12-31,12218.0,-1384.0,-1331.0,3580.0,6130.0,-2550.0,1933.0,2072.0,1050.0,90.0,,-674.0,186.0,-860.0,2026-08-05,2021,4570.0,-1619.0,13708.0,Wayfair Inc,inventory_led_ecommerce,active,formal_included,"Inventory ownership, fulfillment intensity, and hybrid business exposure differ within this peer group.",2026-08-05,4075.0,-2084.5,-0.10893763300049109,-0.11327549517105909,0.9329150579150579,0.8894787644787645,0.5067567567567568,1.7122905027932962,,-0.05516451137665739,-0.07038795220166967,0.015223440825012277,1.2759643916913948,-0.10869565217391308,True,2.998282208588957,,,-0.3266257668711656,False,,False,False,False,,nonpositive_average_equity,1,0,1,Average equity is nonpositive; ROE is invalid,latest_valid_restated_sec_companyfacts,"Latest valid filing through 2026-08-05; filing date, source priority, and accession provide deterministic selection."
w,W,2023,2023-12-31,12003.0,-813.0,-738.0,3474.0,6181.0,-2707.0,1855.0,2183.0,1322.0,75.0,,349.0,148.0,201.0,2026-08-05,2022,3580.0,-2550.0,12218.0,Wayfair Inc,inventory_led_ecommerce,active,formal_included,"Inventory ownership, fulfillment intensity, and hybrid business exposure differ within this peer group.",2026-08-05,3527.0,-2628.5,-0.0614846288427893,-0.06773306673331667,0.8497480531378836,0.81539166284929,0.6055886394869445,1.779217040875072,,0.02907606431725402,0.016745813546613347,0.012330250770640674,0.5759312320916905,-0.017596988050417428,True,3.4031755032605613,,,-0.2092429827048483,False,,False,False,False,,nonpositive_average_equity,1,0,1,Average equity is nonpositive; ROE is invalid,latest_valid_restated_sec_companyfacts,"Latest valid filing through 2026-08-05; filing date, source priority, and accession provide deterministic selection."
w,W,2024,2024-12-31,11851.0,-461.0,-492.0,3459.0,6214.0,-2755.0,1877.0,2370.0,1316.0,76.0,,317.0,73.0,244.0,2026-08-05,2023,3474.0,-2707.0,12003.0,Wayfair Inc,inventory_led_ecommerce,active,formal_included,"Inventory ownership, fulfillment intensity, and hybrid business exposure differ within this peer group.",2026-08-05,3466.5,-2731.0,-0.04151548392540714,-0.03889967091384693,0.7919831223628692,0.759915611814346,0.5552742616033756,1.796472969066204,,0.02674879756982533,0.020588979832925493,0.0061598177368998395,0.7697160883280757,-0.012663500791468829,True,3.4187220539449013,,,-0.14192990047598442,False,,False,False,False,,nonpositive_average_equity,2,0,2,Average equity is nonpositive; ROE is invalid; No consecutive t+1 annual observation is available,latest_valid_restated_sec_companyfacts,"Latest valid filing through 2026-08-05; filing date, source priority, and accession provide deterministic selection."
