company_id,ticker,accession_number,form,filing_date,period_start,period_end,fiscal_year,fiscal_period,duration_days,canonical_field,taxonomy,source_tag,value_raw,value_standardized,unit,flow_or_stock,source_priority,source_url,loaded_at,cik,source_unit,reported_fiscal_year,frame,is_latest_restated,source_selection_method,source_selection_note
abnb,ABNB,0001559720-22-000006,10-K,2022-02-25,2019-01-01,2019-12-31,2019,FY,364.0,capital_expenditure,us-gaap,PaymentsToAcquirePropertyPlantAndEquipment,125452000.0,125.452,USD_millions,flow,1,https://www.sec.gov/Archives/edgar/data/1559720/000155972022000006/,2026-08-05T17:49:37+00:00,0001559720,USD,2021,CY2019,True,latest_valid_restated_sec_companyfacts,Latest valid filing available as of 2026-08-05; configured source-tag priority breaks valid same-filing ties.
abnb,ABNB,0001559720-22-000006,10-K,2022-02-25,,2019-12-31,2019,FY,,cash_and_equivalents,us-gaap,CashAndCashEquivalentsAtCarryingValue,2013547000.0,2013.547,USD_millions,stock,1,https://www.sec.gov/Archives/edgar/data/1559720/000155972022000006/,2026-08-05T17:49:37+00:00,0001559720,USD,2021,CY2019Q4I,True,latest_valid_restated_sec_companyfacts,Latest valid filing available as of 2026-08-05; configured source-tag priority breaks valid same-filing ties.
abnb,ABNB,0001559720-22-000006,10-K,2022-02-25,2019-01-01,2019-12-31,2019,FY,364.0,free_cash_flow,project,derived:OperatingCashFlow-CapitalExpenditure,,97.275,USD,flow,0,https://www.sec.gov/Archives/edgar/data/1559720/000155972022000006/,2026-08-05T17:49:37+00:00,0001559720,USD,2021,CY2019,True,derived_from_latest_valid_components,Operating cash flow minus positive CapEx outflow.
abnb,ABNB,0001559720-22-000006,10-K,2022-02-25,2019-01-01,2019-12-31,2019,FY,364.0,net_income,us-gaap,NetIncomeLoss,-674339000.0,-674.339,USD_millions,flow,1,https://www.sec.gov/Archives/edgar/data/1559720/000155972022000006/,2026-08-05T17:49:37+00:00,0001559720,USD,2021,CY2019,True,latest_valid_restated_sec_companyfacts,Latest valid filing available as of 2026-08-05; configured source-tag priority breaks valid same-filing ties.
abnb,ABNB,0001559720-22-000006,10-K,2022-02-25,2019-01-01,2019-12-31,2019,FY,364.0,operating_cash_flow,us-gaap,NetCashProvidedByUsedInOperatingActivities,222727000.0,222.727,USD_millions,flow,1,https://www.sec.gov/Archives/edgar/data/1559720/000155972022000006/,2026-08-05T17:49:37+00:00,0001559720,USD,2021,CY2019,True,latest_valid_restated_sec_companyfacts,Latest valid filing available as of 2026-08-05; configured source-tag priority breaks valid same-filing ties.
abnb,ABNB,0001559720-22-000006,10-K,2022-02-25,2019-01-01,2019-12-31,2019,FY,364.0,operating_income,us-gaap,OperatingIncomeLoss,-501543000.0,-501.543,USD_millions,flow,1,https://www.sec.gov/Archives/edgar/data/1559720/000155972022000006/,2026-08-05T17:49:37+00:00,0001559720,USD,2021,CY2019,True,latest_valid_restated_sec_companyfacts,Latest valid filing available as of 2026-08-05; configured source-tag priority breaks valid same-filing ties.
abnb,ABNB,0001559720-22-000006,10-K,2022-02-25,2019-01-01,2019-12-31,2019,FY,364.0,revenue,us-gaap,RevenueFromContractWithCustomerExcludingAssessedTax,4805239000.0,4805.239,USD_millions,flow,1,https://www.sec.gov/Archives/edgar/data/1559720/000155972022000006/,2026-08-05T17:49:37+00:00,0001559720,USD,2021,CY2019,True,latest_valid_restated_sec_companyfacts,Latest valid filing available as of 2026-08-05; configured source-tag priority breaks valid same-filing ties.
abnb,ABNB,0001559720-23-000003,10-K,2023-02-17,,2019-12-31,2019,FY,,total_equity,us-gaap,StockholdersEquity,-808000000.0,-808.0,USD_millions,stock,1,https://www.sec.gov/Archives/edgar/data/1559720/000155972023000003/,2026-08-05T17:49:37+00:00,0001559720,USD,2022,CY2019Q4I,True,latest_valid_restated_sec_companyfacts,Latest valid filing available as of 2026-08-05; configured source-tag priority breaks valid same-filing ties.
abnb,ABNB,0001559720-23-000003,10-K,2023-02-17,2020-01-01,2020-12-31,2020,FY,365.0,capital_expenditure,us-gaap,PaymentsToAcquirePropertyPlantAndEquipment,37000000.0,37.0,USD_millions,flow,1,https://www.sec.gov/Archives/edgar/data/1559720/000155972023000003/,2026-08-05T17:49:37+00:00,0001559720,USD,2022,CY2020,True,latest_valid_restated_sec_companyfacts,Latest valid filing available as of 2026-08-05; configured source-tag priority breaks valid same-filing ties.
abnb,ABNB,0001559720-22-000006,10-K,2022-02-25,,2020-12-31,2020,FY,,cash_and_equivalents,us-gaap,CashAndCashEquivalentsAtCarryingValue,5480557000.0,5480.557,USD_millions,stock,1,https://www.sec.gov/Archives/edgar/data/1559720/000155972022000006/,2026-08-05T17:49:37+00:00,0001559720,USD,2021,CY2020Q4I,True,latest_valid_restated_sec_companyfacts,Latest valid filing available as of 2026-08-05; configured source-tag priority breaks valid same-filing ties.
abnb,ABNB,0001559720-22-000006,10-K,2022-02-25,,2020-12-31,2020,FY,,current_assets,us-gaap,AssetsCurrent,8916386000.0,8916.386,USD_millions,stock,1,https://www.sec.gov/Archives/edgar/data/1559720/000155972022000006/,2026-08-05T17:49:37+00:00,0001559720,USD,2021,CY2020Q4I,True,latest_valid_restated_sec_companyfacts,Latest valid filing available as of 2026-08-05; configured source-tag priority breaks valid same-filing ties.
abnb,ABNB,0001559720-22-000006,10-K,2022-02-25,,2020-12-31,2020,FY,,current_liabilities,us-gaap,LiabilitiesCurrent,5139779000.0,5139.779,USD_millions,stock,1,https://www.sec.gov/Archives/edgar/data/1559720/000155972022000006/,2026-08-05T17:49:37+00:00,0001559720,USD,2021,CY2020Q4I,True,latest_valid_restated_sec_companyfacts,Latest valid filing available as of 2026-08-05; configured source-tag priority breaks valid same-filing ties.
abnb,ABNB,0001559720-23-000003,10-K,2023-02-17,2020-01-01,2020-12-31,2020,FY,365.0,free_cash_flow,project,derived:OperatingCashFlow-CapitalExpenditure,,-777.0,USD,flow,0,https://www.sec.gov/Archives/edgar/data/1559720/000155972023000003/,2026-08-05T17:49:37+00:00,0001559720,USD,2022,CY2020,True,derived_from_latest_valid_components,Operating cash flow minus positive CapEx outflow.
abnb,ABNB,0001559720-23-000003,10-K,2023-02-17,2020-01-01,2020-12-31,2020,FY,365.0,net_income,us-gaap,NetIncomeLoss,-4585000000.0,-4585.0,USD_millions,flow,1,https://www.sec.gov/Archives/edgar/data/1559720/000155972023000003/,2026-08-05T17:49:37+00:00,0001559720,USD,2022,CY2020,True,latest_valid_restated_sec_companyfacts,Latest valid filing available as of 2026-08-05; configured source-tag priority breaks valid same-filing ties.
abnb,ABNB,0001559720-23-000003,10-K,2023-02-17,2020-01-01,2020-12-31,2020,FY,365.0,operating_cash_flow,us-gaap,NetCashProvidedByUsedInOperatingActivities,-740000000.0,-740.0,USD_millions,flow,1,https://www.sec.gov/Archives/edgar/data/1559720/000155972023000003/,2026-08-05T17:49:37+00:00,0001559720,USD,2022,CY2020,True,latest_valid_restated_sec_companyfacts,Latest valid filing available as of 2026-08-05; configured source-tag priority breaks valid same-filing ties.
abnb,ABNB,0001559720-23-000003,10-K,2023-02-17,2020-01-01,2020-12-31,2020,FY,365.0,operating_income,us-gaap,OperatingIncomeLoss,-3590000000.0,-3590.0,USD_millions,flow,1,https://www.sec.gov/Archives/edgar/data/1559720/000155972023000003/,2026-08-05T17:49:37+00:00,0001559720,USD,2022,CY2020,True,latest_valid_restated_sec_companyfacts,Latest valid filing available as of 2026-08-05; configured source-tag priority breaks valid same-filing ties.
abnb,ABNB,0001559720-23-000003,10-K,2023-02-17,2020-01-01,2020-12-31,2020,FY,365.0,revenue,us-gaap,RevenueFromContractWithCustomerExcludingAssessedTax,3378000000.0,3378.0,USD_millions,flow,1,https://www.sec.gov/Archives/edgar/data/1559720/000155972023000003/,2026-08-05T17:49:37+00:00,0001559720,USD,2022,CY2020,True,latest_valid_restated_sec_companyfacts,Latest valid filing available as of 2026-08-05; configured source-tag priority breaks valid same-filing ties.
abnb,ABNB,0001559720-22-000006,10-K,2022-02-25,,2020-12-31,2020,FY,,total_assets,us-gaap,Assets,10491499000.0,10491.499,USD_millions,stock,1,https://www.sec.gov/Archives/edgar/data/1559720/000155972022000006/,2026-08-05T17:49:37+00:00,0001559720,USD,2021,CY2020Q4I,True,latest_valid_restated_sec_companyfacts,Latest valid filing available as of 2026-08-05; configured source-tag priority breaks valid same-filing ties.
abnb,ABNB,0001559720-24-000006,10-K,2024-02-16,,2020-12-31,2020,FY,,total_equity,us-gaap,StockholdersEquity,2901000000.0,2901.0,USD_millions,stock,1,https://www.sec.gov/Archives/edgar/data/1559720/000155972024000006/,2026-08-05T17:49:37+00:00,0001559720,USD,2023,CY2020Q4I,True,latest_valid_restated_sec_companyfacts,Latest valid filing available as of 2026-08-05; configured source-tag priority breaks valid same-filing ties.
abnb,ABNB,0001559720-22-000006,10-K,2022-02-25,,2020-12-31,2020,FY,,total_liabilities,us-gaap,Liabilities,7589716000.0,7589.716,USD_millions,stock,1,https://www.sec.gov/Archives/edgar/data/1559720/000155972022000006/,2026-08-05T17:49:37+00:00,0001559720,USD,2021,CY2020Q4I,True,latest_valid_restated_sec_companyfacts,Latest valid filing available as of 2026-08-05; configured source-tag priority breaks valid same-filing ties.
abnb,ABNB,0001559720-23-000003,10-K,2023-02-17,2021-01-01,2021-12-31,2021,FY,364.0,capital_expenditure,us-gaap,PaymentsToAcquirePropertyPlantAndEquipment,25000000.0,25.0,USD_millions,flow,1,https://www.sec.gov/Archives/edgar/data/1559720/000155972023000003/,2026-08-05T17:49:37+00:00,0001559720,USD,2022,CY2021,True,latest_valid_restated_sec_companyfacts,Latest valid filing available as of 2026-08-05; configured source-tag priority breaks valid same-filing ties.
abnb,ABNB,0001559720-23-000003,10-K,2023-02-17,,2021-12-31,2021,FY,,cash_and_equivalents,us-gaap,CashAndCashEquivalentsAtCarryingValue,6067000000.0,6067.0,USD_millions,stock,1,https://www.sec.gov/Archives/edgar/data/1559720/000155972023000003/,2026-08-05T17:49:37+00:00,0001559720,USD,2022,CY2021Q4I,True,latest_valid_restated_sec_companyfacts,Latest valid filing available as of 2026-08-05; configured source-tag priority breaks valid same-filing ties.
abnb,ABNB,0001559720-23-000003,10-K,2023-02-17,,2021-12-31,2021,FY,,current_assets,us-gaap,AssetsCurrent,12386000000.0,12386.0,USD_millions,stock,1,https://www.sec.gov/Archives/edgar/data/1559720/000155972023000003/,2026-08-05T17:49:37+00:00,0001559720,USD,2022,CY2021Q4I,True,latest_valid_restated_sec_companyfacts,Latest valid filing available as of 2026-08-05; configured source-tag priority breaks valid same-filing ties.
abnb,ABNB,0001559720-23-000003,10-K,2023-02-17,,2021-12-31,2021,FY,,current_liabilities,us-gaap,LiabilitiesCurrent,6359000000.0,6359.0,USD_millions,stock,1,https://www.sec.gov/Archives/edgar/data/1559720/000155972023000003/,2026-08-05T17:49:37+00:00,0001559720,USD,2022,CY2021Q4I,True,latest_valid_restated_sec_companyfacts,Latest valid filing available as of 2026-08-05; configured source-tag priority breaks valid same-filing ties.
abnb,ABNB,0001559720-24-000006,10-K,2024-02-16,2021-01-01,2021-12-31,2021,FY,364.0,free_cash_flow,project,derived:OperatingCashFlow-CapitalExpenditure,,2288.0,USD,flow,0,https://www.sec.gov/Archives/edgar/data/1559720/000155972024000006/,2026-08-05T17:49:37+00:00,0001559720,USD,2023,CY2021,True,derived_from_latest_valid_components,Operating cash flow minus positive CapEx outflow.
abnb,ABNB,0001559720-24-000006,10-K,2024-02-16,2021-01-01,2021-12-31,2021,FY,364.0,net_income,us-gaap,NetIncomeLoss,-352000000.0,-352.0,USD_millions,flow,1,https://www.sec.gov/Archives/edgar/data/1559720/000155972024000006/,2026-08-05T17:49:37+00:00,0001559720,USD,2023,,True,latest_valid_restated_sec_companyfacts,Latest valid filing available as of 2026-08-05; configured source-tag priority breaks valid same-filing ties.
abnb,ABNB,0001559720-24-000006,10-K,2024-02-16,2021-01-01,2021-12-31,2021,FY,364.0,operating_cash_flow,us-gaap,NetCashProvidedByUsedInOperatingActivities,2313000000.0,2313.0,USD_millions,flow,1,https://www.sec.gov/Archives/edgar/data/1559720/000155972024000006/,2026-08-05T17:49:37+00:00,0001559720,USD,2023,CY2021,True,latest_valid_restated_sec_companyfacts,Latest valid filing available as of 2026-08-05; configured source-tag priority breaks valid same-filing ties.
abnb,ABNB,0001559720-24-000006,10-K,2024-02-16,2021-01-01,2021-12-31,2021,FY,364.0,operating_income,us-gaap,OperatingIncomeLoss,429000000.0,429.0,USD_millions,flow,1,https://www.sec.gov/Archives/edgar/data/1559720/000155972024000006/,2026-08-05T17:49:37+00:00,0001559720,USD,2023,CY2021,True,latest_valid_restated_sec_companyfacts,Latest valid filing available as of 2026-08-05; configured source-tag priority breaks valid same-filing ties.
abnb,ABNB,0001559720-24-000006,10-K,2024-02-16,2021-01-01,2021-12-31,2021,FY,364.0,revenue,us-gaap,RevenueFromContractWithCustomerExcludingAssessedTax,5992000000.0,5992.0,USD_millions,flow,1,https://www.sec.gov/Archives/edgar/data/1559720/000155972024000006/,2026-08-05T17:49:37+00:00,0001559720,USD,2023,CY2021,True,latest_valid_restated_sec_companyfacts,Latest valid filing available as of 2026-08-05; configured source-tag priority breaks valid same-filing ties.
abnb,ABNB,0001559720-23-000003,10-K,2023-02-17,,2021-12-31,2021,FY,,total_assets,us-gaap,Assets,13708000000.0,13708.0,USD_millions,stock,1,https://www.sec.gov/Archives/edgar/data/1559720/000155972023000003/,2026-08-05T17:49:37+00:00,0001559720,USD,2022,CY2021Q4I,True,latest_valid_restated_sec_companyfacts,Latest valid filing available as of 2026-08-05; configured source-tag priority breaks valid same-filing ties.
abnb,ABNB,0001559720-25-000010,10-K,2025-02-13,,2021-12-31,2021,FY,,total_equity,us-gaap,StockholdersEquity,4775000000.0,4775.0,USD_millions,stock,1,https://www.sec.gov/Archives/edgar/data/1559720/000155972025000010/,2026-08-05T17:49:37+00:00,0001559720,USD,2024,CY2021Q4I,True,latest_valid_restated_sec_companyfacts,Latest valid filing available as of 2026-08-05; configured source-tag priority breaks valid same-filing ties.
abnb,ABNB,0001559720-23-000003,10-K,2023-02-17,,2021-12-31,2021,FY,,total_liabilities,us-gaap,Liabilities,8933000000.0,8933.0,USD_millions,stock,1,https://www.sec.gov/Archives/edgar/data/1559720/000155972023000003/,2026-08-05T17:49:37+00:00,0001559720,USD,2022,CY2021Q4I,True,latest_valid_restated_sec_companyfacts,Latest valid filing available as of 2026-08-05; configured source-tag priority breaks valid same-filing ties.
abnb,ABNB,0001559720-23-000003,10-K,2023-02-17,2022-01-01,2022-12-31,2022,FY,364.0,capital_expenditure,us-gaap,PaymentsToAcquirePropertyPlantAndEquipment,25000000.0,25.0,USD_millions,flow,1,https://www.sec.gov/Archives/edgar/data/1559720/000155972023000003/,2026-08-05T17:49:37+00:00,0001559720,USD,2022,CY2022,True,latest_valid_restated_sec_companyfacts,Latest valid filing available as of 2026-08-05; configured source-tag priority breaks valid same-filing ties.
abnb,ABNB,0001559720-24-000006,10-K,2024-02-16,,2022-12-31,2022,FY,,cash_and_equivalents,us-gaap,CashAndCashEquivalentsAtCarryingValue,7378000000.0,7378.0,USD_millions,stock,1,https://www.sec.gov/Archives/edgar/data/1559720/000155972024000006/,2026-08-05T17:49:37+00:00,0001559720,USD,2023,CY2022Q4I,True,latest_valid_restated_sec_companyfacts,Latest valid filing available as of 2026-08-05; configured source-tag priority breaks valid same-filing ties.
abnb,ABNB,0001559720-24-000006,10-K,2024-02-16,,2022-12-31,2022,FY,,current_assets,us-gaap,AssetsCurrent,14861000000.0,14861.0,USD_millions,stock,1,https://www.sec.gov/Archives/edgar/data/1559720/000155972024000006/,2026-08-05T17:49:37+00:00,0001559720,USD,2023,CY2022Q4I,True,latest_valid_restated_sec_companyfacts,Latest valid filing available as of 2026-08-05; configured source-tag priority breaks valid same-filing ties.
abnb,ABNB,0001559720-24-000006,10-K,2024-02-16,,2022-12-31,2022,FY,,current_liabilities,us-gaap,LiabilitiesCurrent,7978000000.0,7978.0,USD_millions,stock,1,https://www.sec.gov/Archives/edgar/data/1559720/000155972024000006/,2026-08-05T17:49:37+00:00,0001559720,USD,2023,CY2022Q4I,True,latest_valid_restated_sec_companyfacts,Latest valid filing available as of 2026-08-05; configured source-tag priority breaks valid same-filing ties.
abnb,ABNB,0001559720-25-000010,10-K,2025-02-13,2022-01-01,2022-12-31,2022,FY,364.0,free_cash_flow,project,derived:OperatingCashFlow-CapitalExpenditure,,3405.0,USD,flow,0,https://www.sec.gov/Archives/edgar/data/1559720/000155972025000010/,2026-08-05T17:49:37+00:00,0001559720,USD,2024,CY2022,True,derived_from_latest_valid_components,Operating cash flow minus positive CapEx outflow.
abnb,ABNB,0001559720-25-000010,10-K,2025-02-13,2022-01-01,2022-12-31,2022,FY,364.0,net_income,us-gaap,NetIncomeLoss,1893000000.0,1893.0,USD_millions,flow,1,https://www.sec.gov/Archives/edgar/data/1559720/000155972025000010/,2026-08-05T17:49:37+00:00,0001559720,USD,2024,,True,latest_valid_restated_sec_companyfacts,Latest valid filing available as of 2026-08-05; configured source-tag priority breaks valid same-filing ties.
abnb,ABNB,0001559720-25-000010,10-K,2025-02-13,2022-01-01,2022-12-31,2022,FY,364.0,operating_cash_flow,us-gaap,NetCashProvidedByUsedInOperatingActivities,3430000000.0,3430.0,USD_millions,flow,1,https://www.sec.gov/Archives/edgar/data/1559720/000155972025000010/,2026-08-05T17:49:37+00:00,0001559720,USD,2024,CY2022,True,latest_valid_restated_sec_companyfacts,Latest valid filing available as of 2026-08-05; configured source-tag priority breaks valid same-filing ties.
abnb,ABNB,0001559720-25-000010,10-K,2025-02-13,2022-01-01,2022-12-31,2022,FY,364.0,operating_income,us-gaap,OperatingIncomeLoss,1802000000.0,1802.0,USD_millions,flow,1,https://www.sec.gov/Archives/edgar/data/1559720/000155972025000010/,2026-08-05T17:49:37+00:00,0001559720,USD,2024,CY2022,True,latest_valid_restated_sec_companyfacts,Latest valid filing available as of 2026-08-05; configured source-tag priority breaks valid same-filing ties.
abnb,ABNB,0001559720-25-000010,10-K,2025-02-13,2022-01-01,2022-12-31,2022,FY,364.0,revenue,us-gaap,RevenueFromContractWithCustomerExcludingAssessedTax,8399000000.0,8399.0,USD_millions,flow,1,https://www.sec.gov/Archives/edgar/data/1559720/000155972025000010/,2026-08-05T17:49:37+00:00,0001559720,USD,2024,CY2022,True,latest_valid_restated_sec_companyfacts,Latest valid filing available as of 2026-08-05; configured source-tag priority breaks valid same-filing ties.
abnb,ABNB,0001559720-24-000006,10-K,2024-02-16,,2022-12-31,2022,FY,,total_assets,us-gaap,Assets,16038000000.0,16038.0,USD_millions,stock,1,https://www.sec.gov/Archives/edgar/data/1559720/000155972024000006/,2026-08-05T17:49:37+00:00,0001559720,USD,2023,CY2022Q4I,True,latest_valid_restated_sec_companyfacts,Latest valid filing available as of 2026-08-05; configured source-tag priority breaks valid same-filing ties.
abnb,ABNB,0001559720-26-000004,10-K,2026-02-12,,2022-12-31,2022,FY,,total_equity,us-gaap,StockholdersEquity,5560000000.0,5560.0,USD_millions,stock,1,https://www.sec.gov/Archives/edgar/data/1559720/000155972026000004/,2026-08-05T17:49:37+00:00,0001559720,USD,2025,CY2022Q4I,True,latest_valid_restated_sec_companyfacts,Latest valid filing available as of 2026-08-05; configured source-tag priority breaks valid same-filing ties.
abnb,ABNB,0001559720-24-000006,10-K,2024-02-16,,2022-12-31,2022,FY,,total_liabilities,us-gaap,Liabilities,10478000000.0,10478.0,USD_millions,stock,1,https://www.sec.gov/Archives/edgar/data/1559720/000155972024000006/,2026-08-05T17:49:37+00:00,0001559720,USD,2023,CY2022Q4I,True,latest_valid_restated_sec_companyfacts,Latest valid filing available as of 2026-08-05; configured source-tag priority breaks valid same-filing ties.
abnb,ABNB,0001559720-25-000010,10-K,2025-02-13,,2023-12-31,2023,FY,,capital_expenditure,us-gaap,override:filing_table:OperatingCashFlow-FreeCashFlow,47000000.0,47.0,USD_millions,flow,0,https://www.sec.gov/Archives/edgar/data/1559720/000155972025000010/abnb-20241231.htm,2026-08-05T17:49:37+00:00,0001559720,USD,2024,CY2023Q4I,True,latest_valid_restated_sec_companyfacts,Latest valid filing available as of 2026-08-05; configured source-tag priority breaks valid same-filing ties.
abnb,ABNB,0001559720-25-000010,10-K,2025-02-13,,2023-12-31,2023,FY,,cash_and_equivalents,us-gaap,CashAndCashEquivalentsAtCarryingValue,6874000000.0,6874.0,USD_millions,stock,1,https://www.sec.gov/Archives/edgar/data/1559720/000155972025000010/,2026-08-05T17:49:37+00:00,0001559720,USD,2024,CY2023Q4I,True,latest_valid_restated_sec_companyfacts,Latest valid filing available as of 2026-08-05; configured source-tag priority breaks valid same-filing ties.
abnb,ABNB,0001559720-25-000010,10-K,2025-02-13,,2023-12-31,2023,FY,,current_assets,us-gaap,AssetsCurrent,16509000000.0,16509.0,USD_millions,stock,1,https://www.sec.gov/Archives/edgar/data/1559720/000155972025000010/,2026-08-05T17:49:37+00:00,0001559720,USD,2024,CY2023Q4I,True,latest_valid_restated_sec_companyfacts,Latest valid filing available as of 2026-08-05; configured source-tag priority breaks valid same-filing ties.
abnb,ABNB,0001559720-25-000010,10-K,2025-02-13,,2023-12-31,2023,FY,,current_liabilities,us-gaap,LiabilitiesCurrent,9950000000.0,9950.0,USD_millions,stock,1,https://www.sec.gov/Archives/edgar/data/1559720/000155972025000010/,2026-08-05T17:49:37+00:00,0001559720,USD,2024,CY2023Q4I,True,latest_valid_restated_sec_companyfacts,Latest valid filing available as of 2026-08-05; configured source-tag priority breaks valid same-filing ties.
abnb,ABNB,0001559720-26-000004,10-K,2026-02-12,2023-01-01,2023-12-31,2023,FY,364.0,free_cash_flow,project,derived:OperatingCashFlow-CapitalExpenditure,,3837.0,USD,flow,0,https://www.sec.gov/Archives/edgar/data/1559720/000155972026000004/,2026-08-05T17:49:37+00:00,0001559720,USD,2025,CY2023,True,derived_from_latest_valid_components,Operating cash flow minus positive CapEx outflow.
abnb,ABNB,0001559720-26-000004,10-K,2026-02-12,2023-01-01,2023-12-31,2023,FY,364.0,net_income,us-gaap,NetIncomeLoss,4792000000.0,4792.0,USD_millions,flow,1,https://www.sec.gov/Archives/edgar/data/1559720/000155972026000004/,2026-08-05T17:49:37+00:00,0001559720,USD,2025,,True,latest_valid_restated_sec_companyfacts,Latest valid filing available as of 2026-08-05; configured source-tag priority breaks valid same-filing ties.
abnb,ABNB,0001559720-26-000004,10-K,2026-02-12,2023-01-01,2023-12-31,2023,FY,364.0,operating_cash_flow,us-gaap,NetCashProvidedByUsedInOperatingActivities,3884000000.0,3884.0,USD_millions,flow,1,https://www.sec.gov/Archives/edgar/data/1559720/000155972026000004/,2026-08-05T17:49:37+00:00,0001559720,USD,2025,CY2023,True,latest_valid_restated_sec_companyfacts,Latest valid filing available as of 2026-08-05; configured source-tag priority breaks valid same-filing ties.
abnb,ABNB,0001559720-26-000004,10-K,2026-02-12,2023-01-01,2023-12-31,2023,FY,364.0,operating_income,us-gaap,OperatingIncomeLoss,1518000000.0,1518.0,USD_millions,flow,1,https://www.sec.gov/Archives/edgar/data/1559720/000155972026000004/,2026-08-05T17:49:37+00:00,0001559720,USD,2025,CY2023,True,latest_valid_restated_sec_companyfacts,Latest valid filing available as of 2026-08-05; configured source-tag priority breaks valid same-filing ties.
abnb,ABNB,0001559720-26-000004,10-K,2026-02-12,2023-01-01,2023-12-31,2023,FY,364.0,revenue,us-gaap,RevenueFromContractWithCustomerExcludingAssessedTax,9917000000.0,9917.0,USD_millions,flow,1,https://www.sec.gov/Archives/edgar/data/1559720/000155972026000004/,2026-08-05T17:49:37+00:00,0001559720,USD,2025,CY2023,True,latest_valid_restated_sec_companyfacts,Latest valid filing available as of 2026-08-05; configured source-tag priority breaks valid same-filing ties.
abnb,ABNB,0001559720-25-000010,10-K,2025-02-13,,2023-12-31,2023,FY,,total_assets,us-gaap,Assets,20645000000.0,20645.0,USD_millions,stock,1,https://www.sec.gov/Archives/edgar/data/1559720/000155972025000010/,2026-08-05T17:49:37+00:00,0001559720,USD,2024,CY2023Q4I,True,latest_valid_restated_sec_companyfacts,Latest valid filing available as of 2026-08-05; configured source-tag priority breaks valid same-filing ties.
abnb,ABNB,0001559720-26-000004,10-K,2026-02-12,,2023-12-31,2023,FY,,total_equity,us-gaap,StockholdersEquity,8165000000.0,8165.0,USD_millions,stock,1,https://www.sec.gov/Archives/edgar/data/1559720/000155972026000004/,2026-08-05T17:49:37+00:00,0001559720,USD,2025,CY2023Q4I,True,latest_valid_restated_sec_companyfacts,Latest valid filing available as of 2026-08-05; configured source-tag priority breaks valid same-filing ties.
abnb,ABNB,0001559720-25-000010,10-K,2025-02-13,,2023-12-31,2023,FY,,total_liabilities,us-gaap,Liabilities,12480000000.0,12480.0,USD_millions,stock,1,https://www.sec.gov/Archives/edgar/data/1559720/000155972025000010/,2026-08-05T17:49:37+00:00,0001559720,USD,2024,CY2023Q4I,True,latest_valid_restated_sec_companyfacts,Latest valid filing available as of 2026-08-05; configured source-tag priority breaks valid same-filing ties.
abnb,ABNB,0001559720-26-000004,10-K,2026-02-12,,2024-12-31,2024,FY,,capital_expenditure,us-gaap,override:filing_table:OperatingCashFlow-FreeCashFlow,34000000.0,34.0,USD_millions,flow,0,https://www.sec.gov/Archives/edgar/data/1559720/000155972026000004/abnb-20251231.htm,2026-08-05T17:49:37+00:00,0001559720,USD,2025,CY2024Q4I,True,latest_valid_restated_sec_companyfacts,Latest valid filing available as of 2026-08-05; configured source-tag priority breaks valid same-filing ties.
abnb,ABNB,0001559720-26-000004,10-K,2026-02-12,,2024-12-31,2024,FY,,cash_and_equivalents,us-gaap,CashAndCashEquivalentsAtCarryingValue,6864000000.0,6864.0,USD_millions,stock,1,https://www.sec.gov/Archives/edgar/data/1559720/000155972026000004/,2026-08-05T17:49:37+00:00,0001559720,USD,2025,CY2024Q4I,True,latest_valid_restated_sec_companyfacts,Latest valid filing available as of 2026-08-05; configured source-tag priority breaks valid same-filing ties.
abnb,ABNB,0001559720-26-000004,10-K,2026-02-12,,2024-12-31,2024,FY,,current_assets,us-gaap,AssetsCurrent,17180000000.0,17180.0,USD_millions,stock,1,https://www.sec.gov/Archives/edgar/data/1559720/000155972026000004/,2026-08-05T17:49:37+00:00,0001559720,USD,2025,CY2024Q4I,True,latest_valid_restated_sec_companyfacts,Latest valid filing available as of 2026-08-05; configured source-tag priority breaks valid same-filing ties.
abnb,ABNB,0001559720-26-000004,10-K,2026-02-12,,2024-12-31,2024,FY,,current_liabilities,us-gaap,LiabilitiesCurrent,10161000000.0,10161.0,USD_millions,stock,1,https://www.sec.gov/Archives/edgar/data/1559720/000155972026000004/,2026-08-05T17:49:37+00:00,0001559720,USD,2025,CY2024Q4I,True,latest_valid_restated_sec_companyfacts,Latest valid filing available as of 2026-08-05; configured source-tag priority breaks valid same-filing ties.
abnb,ABNB,0001559720-26-000004,10-K,2026-02-12,2024-01-01,2024-12-31,2024,FY,365.0,free_cash_flow,project,derived:OperatingCashFlow-CapitalExpenditure,,4484.0,USD,flow,0,https://www.sec.gov/Archives/edgar/data/1559720/000155972026000004/,2026-08-05T17:49:37+00:00,0001559720,USD,2025,CY2024,True,derived_from_latest_valid_components,Operating cash flow minus positive CapEx outflow.
abnb,ABNB,0001559720-26-000004,10-K,2026-02-12,2024-01-01,2024-12-31,2024,FY,365.0,net_income,us-gaap,NetIncomeLoss,2648000000.0,2648.0,USD_millions,flow,1,https://www.sec.gov/Archives/edgar/data/1559720/000155972026000004/,2026-08-05T17:49:37+00:00,0001559720,USD,2025,,True,latest_valid_restated_sec_companyfacts,Latest valid filing available as of 2026-08-05; configured source-tag priority breaks valid same-filing ties.
abnb,ABNB,0001559720-26-000004,10-K,2026-02-12,2024-01-01,2024-12-31,2024,FY,365.0,operating_cash_flow,us-gaap,NetCashProvidedByUsedInOperatingActivities,4518000000.0,4518.0,USD_millions,flow,1,https://www.sec.gov/Archives/edgar/data/1559720/000155972026000004/,2026-08-05T17:49:37+00:00,0001559720,USD,2025,CY2024,True,latest_valid_restated_sec_companyfacts,Latest valid filing available as of 2026-08-05; configured source-tag priority breaks valid same-filing ties.
abnb,ABNB,0001559720-26-000004,10-K,2026-02-12,2024-01-01,2024-12-31,2024,FY,365.0,operating_income,us-gaap,OperatingIncomeLoss,2553000000.0,2553.0,USD_millions,flow,1,https://www.sec.gov/Archives/edgar/data/1559720/000155972026000004/,2026-08-05T17:49:37+00:00,0001559720,USD,2025,CY2024,True,latest_valid_restated_sec_companyfacts,Latest valid filing available as of 2026-08-05; configured source-tag priority breaks valid same-filing ties.
abnb,ABNB,0001559720-26-000004,10-K,2026-02-12,2024-01-01,2024-12-31,2024,FY,365.0,revenue,us-gaap,RevenueFromContractWithCustomerExcludingAssessedTax,11102000000.0,11102.0,USD_millions,flow,1,https://www.sec.gov/Archives/edgar/data/1559720/000155972026000004/,2026-08-05T17:49:37+00:00,0001559720,USD,2025,CY2024,True,latest_valid_restated_sec_companyfacts,Latest valid filing available as of 2026-08-05; configured source-tag priority breaks valid same-filing ties.
abnb,ABNB,0001559720-26-000004,10-K,2026-02-12,,2024-12-31,2024,FY,,total_assets,us-gaap,Assets,20959000000.0,20959.0,USD_millions,stock,1,https://www.sec.gov/Archives/edgar/data/1559720/000155972026000004/,2026-08-05T17:49:37+00:00,0001559720,USD,2025,CY2024Q4I,True,latest_valid_restated_sec_companyfacts,Latest valid filing available as of 2026-08-05; configured source-tag priority breaks valid same-filing ties.
abnb,ABNB,0001559720-26-000004,10-K,2026-02-12,,2024-12-31,2024,FY,,total_equity,us-gaap,StockholdersEquity,8412000000.0,8412.0,USD_millions,stock,1,https://www.sec.gov/Archives/edgar/data/1559720/000155972026000004/,2026-08-05T17:49:37+00:00,0001559720,USD,2025,,True,latest_valid_restated_sec_companyfacts,Latest valid filing available as of 2026-08-05; configured source-tag priority breaks valid same-filing ties.
abnb,ABNB,0001559720-26-000004,10-K,2026-02-12,,2024-12-31,2024,FY,,total_liabilities,us-gaap,Liabilities,12547000000.0,12547.0,USD_millions,stock,1,https://www.sec.gov/Archives/edgar/data/1559720/000155972026000004/,2026-08-05T17:49:37+00:00,0001559720,USD,2025,CY2024Q4I,True,latest_valid_restated_sec_companyfacts,Latest valid filing available as of 2026-08-05; configured source-tag priority breaks valid same-filing ties.
amzn,AMZN,0001018724-20-000004,10-K,2020-01-31,2017-01-01,2017-12-31,2017,FY,364.0,capital_expenditure,us-gaap,PaymentsToAcquireProductiveAssets,11955000000.0,11955.0,USD_millions,flow,2,https://www.sec.gov/Archives/edgar/data/1018724/000101872420000004/,2026-08-05T12:11:50+00:00,0001018724,USD,2019,CY2017,True,latest_valid_restated_sec_companyfacts,Latest valid filing available as of 2026-08-05; configured source-tag priority breaks valid same-filing ties.
amzn,AMZN,0001018724-19-000004,10-K,2019-02-01,,2017-12-31,2017,FY,,cash_and_equivalents,us-gaap,CashAndCashEquivalentsAtCarryingValue,20522000000.0,20522.0,USD_millions,stock,1,https://www.sec.gov/Archives/edgar/data/1018724/000101872419000004/,2026-08-05T12:11:50+00:00,0001018724,USD,2018,CY2017Q4I,True,latest_valid_restated_sec_companyfacts,Latest valid filing available as of 2026-08-05; configured source-tag priority breaks valid same-filing ties.
amzn,AMZN,0001018724-19-000004,10-K,2019-02-01,,2017-12-31,2017,FY,,current_assets,us-gaap,AssetsCurrent,60197000000.0,60197.0,USD_millions,stock,1,https://www.sec.gov/Archives/edgar/data/1018724/000101872419000004/,2026-08-05T12:11:50+00:00,0001018724,USD,2018,CY2017Q4I,True,latest_valid_restated_sec_companyfacts,Latest valid filing available as of 2026-08-05; configured source-tag priority breaks valid same-filing ties.
amzn,AMZN,0001018724-19-000004,10-K,2019-02-01,,2017-12-31,2017,FY,,current_liabilities,us-gaap,LiabilitiesCurrent,57883000000.0,57883.0,USD_millions,stock,1,https://www.sec.gov/Archives/edgar/data/1018724/000101872419000004/,2026-08-05T12:11:50+00:00,0001018724,USD,2018,CY2017Q4I,True,latest_valid_restated_sec_companyfacts,Latest valid filing available as of 2026-08-05; configured source-tag priority breaks valid same-filing ties.
amzn,AMZN,0001018724-20-000004,10-K,2020-01-31,2017-01-01,2017-12-31,2017,FY,364.0,free_cash_flow,project,derived:OperatingCashFlow-CapitalExpenditure,,6410.0,USD,flow,0,https://www.sec.gov/Archives/edgar/data/1018724/000101872420000004/,2026-08-05T12:11:50+00:00,0001018724,USD,2019,CY2017,True,derived_from_latest_valid_components,Operating cash flow minus positive CapEx outflow.
amzn,AMZN,0001018724-19-000004,10-K,2019-02-01,,2017-12-31,2017,FY,,inventory,us-gaap,InventoryNet,16047000000.0,16047.0,USD_millions,stock,1,https://www.sec.gov/Archives/edgar/data/1018724/000101872419000004/,2026-08-05T12:11:50+00:00,0001018724,USD,2018,CY2017Q4I,True,latest_valid_restated_sec_companyfacts,Latest valid filing available as of 2026-08-05; configured source-tag priority breaks valid same-filing ties.
amzn,AMZN,0001018724-20-000004,10-K,2020-01-31,2017-01-01,2017-12-31,2017,FY,364.0,net_income,us-gaap,NetIncomeLoss,3033000000.0,3033.0,USD_millions,flow,1,https://www.sec.gov/Archives/edgar/data/1018724/000101872420000004/,2026-08-05T12:11:50+00:00,0001018724,USD,2019,CY2017,True,latest_valid_restated_sec_companyfacts,Latest valid filing available as of 2026-08-05; configured source-tag priority breaks valid same-filing ties.
amzn,AMZN,0001018724-20-000004,10-K,2020-01-31,2017-01-01,2017-12-31,2017,FY,364.0,operating_cash_flow,us-gaap,NetCashProvidedByUsedInOperatingActivities,18365000000.0,18365.0,USD_millions,flow,1,https://www.sec.gov/Archives/edgar/data/1018724/000101872420000004/,2026-08-05T12:11:50+00:00,0001018724,USD,2019,CY2017,True,latest_valid_restated_sec_companyfacts,Latest valid filing available as of 2026-08-05; configured source-tag priority breaks valid same-filing ties.
amzn,AMZN,0001018724-20-000004,10-K,2020-01-31,2017-01-01,2017-12-31,2017,FY,364.0,operating_income,us-gaap,OperatingIncomeLoss,4106000000.0,4106.0,USD_millions,flow,1,https://www.sec.gov/Archives/edgar/data/1018724/000101872420000004/,2026-08-05T12:11:50+00:00,0001018724,USD,2019,CY2017,True,latest_valid_restated_sec_companyfacts,Latest valid filing available as of 2026-08-05; configured source-tag priority breaks valid same-filing ties.
amzn,AMZN,0001018724-20-000004,10-K,2020-01-31,2017-01-01,2017-12-31,2017,FY,364.0,revenue,us-gaap,RevenueFromContractWithCustomerExcludingAssessedTax,177866000000.0,177866.0,USD_millions,flow,1,https://www.sec.gov/Archives/edgar/data/1018724/000101872420000004/,2026-08-05T12:11:50+00:00,0001018724,USD,2019,CY2017,True,latest_valid_restated_sec_companyfacts,Latest valid filing available as of 2026-08-05; configured source-tag priority breaks valid same-filing ties.
amzn,AMZN,0001018724-20-000004,10-K,2020-01-31,,2017-12-31,2017,FY,,total_assets,us-gaap,Assets,131310000000.0,131310.0,USD_millions,stock,1,https://www.sec.gov/Archives/edgar/data/1018724/000101872420000004/,2026-08-05T12:11:50+00:00,0001018724,USD,2019,CY2017Q4I,True,latest_valid_restated_sec_companyfacts,Latest valid filing available as of 2026-08-05; configured source-tag priority breaks valid same-filing ties.
amzn,AMZN,0001018724-21-000004,10-K,2021-02-03,,2017-12-31,2017,FY,,total_equity,us-gaap,StockholdersEquity,27709000000.0,27709.0,USD_millions,stock,1,https://www.sec.gov/Archives/edgar/data/1018724/000101872421000004/,2026-08-05T12:11:50+00:00,0001018724,USD,2020,CY2017Q4I,True,latest_valid_restated_sec_companyfacts,Latest valid filing available as of 2026-08-05; configured source-tag priority breaks valid same-filing ties.
amzn,AMZN,0001018724-20-000004,10-K,2020-01-31,,2017-12-31,2017,FY,,total_liabilities,project,derived:Assets-StockholdersEquity,103601000000.0,103601.0,USD_millions,stock,99,https://www.sec.gov/Archives/edgar/data/1018724/000101872420000004/,2026-08-05T12:11:50+00:00,0001018724,USD,2019,CY2017Q4I,True,latest_valid_restated_sec_companyfacts,Latest valid filing available as of 2026-08-05; configured source-tag priority breaks valid same-filing ties.
amzn,AMZN,0001018724-21-000004,10-K,2021-02-03,2018-01-01,2018-12-31,2018,FY,364.0,capital_expenditure,us-gaap,PaymentsToAcquireProductiveAssets,13427000000.0,13427.0,USD_millions,flow,2,https://www.sec.gov/Archives/edgar/data/1018724/000101872421000004/,2026-08-05T12:11:50+00:00,0001018724,USD,2020,CY2018,True,latest_valid_restated_sec_companyfacts,Latest valid filing available as of 2026-08-05; configured source-tag priority breaks valid same-filing ties.
amzn,AMZN,0001018724-20-000004,10-K,2020-01-31,,2018-12-31,2018,FY,,cash_and_equivalents,us-gaap,CashAndCashEquivalentsAtCarryingValue,31750000000.0,31750.0,USD_millions,stock,1,https://www.sec.gov/Archives/edgar/data/1018724/000101872420000004/,2026-08-05T12:11:50+00:00,0001018724,USD,2019,CY2018Q4I,True,latest_valid_restated_sec_companyfacts,Latest valid filing available as of 2026-08-05; configured source-tag priority breaks valid same-filing ties.
amzn,AMZN,0001018724-20-000004,10-K,2020-01-31,,2018-12-31,2018,FY,,current_assets,us-gaap,AssetsCurrent,75101000000.0,75101.0,USD_millions,stock,1,https://www.sec.gov/Archives/edgar/data/1018724/000101872420000004/,2026-08-05T12:11:50+00:00,0001018724,USD,2019,CY2018Q4I,True,latest_valid_restated_sec_companyfacts,Latest valid filing available as of 2026-08-05; configured source-tag priority breaks valid same-filing ties.
amzn,AMZN,0001018724-20-000004,10-K,2020-01-31,,2018-12-31,2018,FY,,current_liabilities,us-gaap,LiabilitiesCurrent,68391000000.0,68391.0,USD_millions,stock,1,https://www.sec.gov/Archives/edgar/data/1018724/000101872420000004/,2026-08-05T12:11:50+00:00,0001018724,USD,2019,CY2018Q4I,True,latest_valid_restated_sec_companyfacts,Latest valid filing available as of 2026-08-05; configured source-tag priority breaks valid same-filing ties.
amzn,AMZN,0001018724-21-000004,10-K,2021-02-03,2018-01-01,2018-12-31,2018,FY,364.0,free_cash_flow,project,derived:OperatingCashFlow-CapitalExpenditure,,17296.0,USD,flow,0,https://www.sec.gov/Archives/edgar/data/1018724/000101872421000004/,2026-08-05T12:11:50+00:00,0001018724,USD,2020,CY2018,True,derived_from_latest_valid_components,Operating cash flow minus positive CapEx outflow.
amzn,AMZN,0001018724-20-000004,10-K,2020-01-31,,2018-12-31,2018,FY,,inventory,us-gaap,InventoryNet,17174000000.0,17174.0,USD_millions,stock,1,https://www.sec.gov/Archives/edgar/data/1018724/000101872420000004/,2026-08-05T12:11:50+00:00,0001018724,USD,2019,CY2018Q4I,True,latest_valid_restated_sec_companyfacts,Latest valid filing available as of 2026-08-05; configured source-tag priority breaks valid same-filing ties.
amzn,AMZN,0001018724-21-000004,10-K,2021-02-03,2018-01-01,2018-12-31,2018,FY,364.0,net_income,us-gaap,NetIncomeLoss,10073000000.0,10073.0,USD_millions,flow,1,https://www.sec.gov/Archives/edgar/data/1018724/000101872421000004/,2026-08-05T12:11:50+00:00,0001018724,USD,2020,CY2018,True,latest_valid_restated_sec_companyfacts,Latest valid filing available as of 2026-08-05; configured source-tag priority breaks valid same-filing ties.
amzn,AMZN,0001018724-21-000004,10-K,2021-02-03,2018-01-01,2018-12-31,2018,FY,364.0,operating_cash_flow,us-gaap,NetCashProvidedByUsedInOperatingActivities,30723000000.0,30723.0,USD_millions,flow,1,https://www.sec.gov/Archives/edgar/data/1018724/000101872421000004/,2026-08-05T12:11:50+00:00,0001018724,USD,2020,CY2018,True,latest_valid_restated_sec_companyfacts,Latest valid filing available as of 2026-08-05; configured source-tag priority breaks valid same-filing ties.
amzn,AMZN,0001018724-21-000004,10-K,2021-02-03,2018-01-01,2018-12-31,2018,FY,364.0,operating_income,us-gaap,OperatingIncomeLoss,12421000000.0,12421.0,USD_millions,flow,1,https://www.sec.gov/Archives/edgar/data/1018724/000101872421000004/,2026-08-05T12:11:50+00:00,0001018724,USD,2020,CY2018,True,latest_valid_restated_sec_companyfacts,Latest valid filing available as of 2026-08-05; configured source-tag priority breaks valid same-filing ties.
amzn,AMZN,0001018724-21-000004,10-K,2021-02-03,2018-01-01,2018-12-31,2018,FY,364.0,revenue,us-gaap,RevenueFromContractWithCustomerExcludingAssessedTax,232887000000.0,232887.0,USD_millions,flow,1,https://www.sec.gov/Archives/edgar/data/1018724/000101872421000004/,2026-08-05T12:11:50+00:00,0001018724,USD,2020,CY2018,True,latest_valid_restated_sec_companyfacts,Latest valid filing available as of 2026-08-05; configured source-tag priority breaks valid same-filing ties.
amzn,AMZN,0001018724-21-000004,10-K,2021-02-03,,2018-12-31,2018,FY,,total_assets,us-gaap,Assets,162648000000.0,162648.0,USD_millions,stock,1,https://www.sec.gov/Archives/edgar/data/1018724/000101872421000004/,2026-08-05T12:11:50+00:00,0001018724,USD,2020,CY2018Q4I,True,latest_valid_restated_sec_companyfacts,Latest valid filing available as of 2026-08-05; configured source-tag priority breaks valid same-filing ties.
amzn,AMZN,0001018724-22-000005,10-K,2022-02-04,,2018-12-31,2018,FY,,total_equity,us-gaap,StockholdersEquity,43549000000.0,43549.0,USD_millions,stock,1,https://www.sec.gov/Archives/edgar/data/1018724/000101872422000005/,2026-08-05T12:11:50+00:00,0001018724,USD,2021,CY2018Q4I,True,latest_valid_restated_sec_companyfacts,Latest valid filing available as of 2026-08-05; configured source-tag priority breaks valid same-filing ties.
amzn,AMZN,0001018724-21-000004,10-K,2021-02-03,,2018-12-31,2018,FY,,total_liabilities,project,derived:Assets-StockholdersEquity,119099000000.0,119099.0,USD_millions,stock,99,https://www.sec.gov/Archives/edgar/data/1018724/000101872421000004/,2026-08-05T12:11:50+00:00,0001018724,USD,2020,CY2018Q4I,True,latest_valid_restated_sec_companyfacts,Latest valid filing available as of 2026-08-05; configured source-tag priority breaks valid same-filing ties.
amzn,AMZN,0001018724-22-000005,10-K,2022-02-04,2019-01-01,2019-12-31,2019,FY,364.0,capital_expenditure,us-gaap,PaymentsToAcquireProductiveAssets,16861000000.0,16861.0,USD_millions,flow,2,https://www.sec.gov/Archives/edgar/data/1018724/000101872422000005/,2026-08-05T12:11:50+00:00,0001018724,USD,2021,CY2019,True,latest_valid_restated_sec_companyfacts,Latest valid filing available as of 2026-08-05; configured source-tag priority breaks valid same-filing ties.
amzn,AMZN,0001018724-21-000004,10-K,2021-02-03,,2019-12-31,2019,FY,,cash_and_equivalents,us-gaap,CashAndCashEquivalentsAtCarryingValue,36092000000.0,36092.0,USD_millions,stock,1,https://www.sec.gov/Archives/edgar/data/1018724/000101872421000004/,2026-08-05T12:11:50+00:00,0001018724,USD,2020,CY2019Q4I,True,latest_valid_restated_sec_companyfacts,Latest valid filing available as of 2026-08-05; configured source-tag priority breaks valid same-filing ties.
amzn,AMZN,0001018724-21-000004,10-K,2021-02-03,,2019-12-31,2019,FY,,current_assets,us-gaap,AssetsCurrent,96334000000.0,96334.0,USD_millions,stock,1,https://www.sec.gov/Archives/edgar/data/1018724/000101872421000004/,2026-08-05T12:11:50+00:00,0001018724,USD,2020,CY2019Q4I,True,latest_valid_restated_sec_companyfacts,Latest valid filing available as of 2026-08-05; configured source-tag priority breaks valid same-filing ties.
amzn,AMZN,0001018724-21-000004,10-K,2021-02-03,,2019-12-31,2019,FY,,current_liabilities,us-gaap,LiabilitiesCurrent,87812000000.0,87812.0,USD_millions,stock,1,https://www.sec.gov/Archives/edgar/data/1018724/000101872421000004/,2026-08-05T12:11:50+00:00,0001018724,USD,2020,CY2019Q4I,True,latest_valid_restated_sec_companyfacts,Latest valid filing available as of 2026-08-05; configured source-tag priority breaks valid same-filing ties.
amzn,AMZN,0001018724-22-000005,10-K,2022-02-04,2019-01-01,2019-12-31,2019,FY,364.0,free_cash_flow,project,derived:OperatingCashFlow-CapitalExpenditure,,21653.0,USD,flow,0,https://www.sec.gov/Archives/edgar/data/1018724/000101872422000005/,2026-08-05T12:11:50+00:00,0001018724,USD,2021,CY2019,True,derived_from_latest_valid_components,Operating cash flow minus positive CapEx outflow.
amzn,AMZN,0001018724-21-000004,10-K,2021-02-03,,2019-12-31,2019,FY,,inventory,us-gaap,InventoryNet,20497000000.0,20497.0,USD_millions,stock,1,https://www.sec.gov/Archives/edgar/data/1018724/000101872421000004/,2026-08-05T12:11:50+00:00,0001018724,USD,2020,CY2019Q4I,True,latest_valid_restated_sec_companyfacts,Latest valid filing available as of 2026-08-05; configured source-tag priority breaks valid same-filing ties.
amzn,AMZN,0001018724-22-000005,10-K,2022-02-04,2019-01-01,2019-12-31,2019,FY,364.0,net_income,us-gaap,NetIncomeLoss,11588000000.0,11588.0,USD_millions,flow,1,https://www.sec.gov/Archives/edgar/data/1018724/000101872422000005/,2026-08-05T12:11:50+00:00,0001018724,USD,2021,CY2019,True,latest_valid_restated_sec_companyfacts,Latest valid filing available as of 2026-08-05; configured source-tag priority breaks valid same-filing ties.
amzn,AMZN,0001018724-22-000005,10-K,2022-02-04,2019-01-01,2019-12-31,2019,FY,364.0,operating_cash_flow,us-gaap,NetCashProvidedByUsedInOperatingActivities,38514000000.0,38514.0,USD_millions,flow,1,https://www.sec.gov/Archives/edgar/data/1018724/000101872422000005/,2026-08-05T12:11:50+00:00,0001018724,USD,2021,CY2019,True,latest_valid_restated_sec_companyfacts,Latest valid filing available as of 2026-08-05; configured source-tag priority breaks valid same-filing ties.
amzn,AMZN,0001018724-22-000005,10-K,2022-02-04,2019-01-01,2019-12-31,2019,FY,364.0,operating_income,us-gaap,OperatingIncomeLoss,14541000000.0,14541.0,USD_millions,flow,1,https://www.sec.gov/Archives/edgar/data/1018724/000101872422000005/,2026-08-05T12:11:50+00:00,0001018724,USD,2021,CY2019,True,latest_valid_restated_sec_companyfacts,Latest valid filing available as of 2026-08-05; configured source-tag priority breaks valid same-filing ties.
amzn,AMZN,0001018724-22-000005,10-K,2022-02-04,2019-01-01,2019-12-31,2019,FY,364.0,revenue,us-gaap,RevenueFromContractWithCustomerExcludingAssessedTax,280522000000.0,280522.0,USD_millions,flow,1,https://www.sec.gov/Archives/edgar/data/1018724/000101872422000005/,2026-08-05T12:11:50+00:00,0001018724,USD,2021,CY2019,True,latest_valid_restated_sec_companyfacts,Latest valid filing available as of 2026-08-05; configured source-tag priority breaks valid same-filing ties.
amzn,AMZN,0001018724-22-000005,10-K,2022-02-04,,2019-12-31,2019,FY,,total_assets,us-gaap,Assets,225248000000.0,225248.0,USD_millions,stock,1,https://www.sec.gov/Archives/edgar/data/1018724/000101872422000005/,2026-08-05T12:11:50+00:00,0001018724,USD,2021,CY2019Q4I,True,latest_valid_restated_sec_companyfacts,Latest valid filing available as of 2026-08-05; configured source-tag priority breaks valid same-filing ties.
amzn,AMZN,0001018724-23-000004,10-K,2023-02-03,,2019-12-31,2019,FY,,total_equity,us-gaap,StockholdersEquity,62060000000.0,62060.0,USD_millions,stock,1,https://www.sec.gov/Archives/edgar/data/1018724/000101872423000004/,2026-08-05T12:11:50+00:00,0001018724,USD,2022,CY2019Q4I,True,latest_valid_restated_sec_companyfacts,Latest valid filing available as of 2026-08-05; configured source-tag priority breaks valid same-filing ties.
amzn,AMZN,0001018724-22-000005,10-K,2022-02-04,,2019-12-31,2019,FY,,total_liabilities,project,derived:Assets-StockholdersEquity,163188000000.0,163188.0,USD_millions,stock,99,https://www.sec.gov/Archives/edgar/data/1018724/000101872422000005/,2026-08-05T12:11:50+00:00,0001018724,USD,2021,CY2019Q4I,True,latest_valid_restated_sec_companyfacts,Latest valid filing available as of 2026-08-05; configured source-tag priority breaks valid same-filing ties.
amzn,AMZN,0001018724-23-000004,10-K,2023-02-03,2020-01-01,2020-12-31,2020,FY,365.0,capital_expenditure,us-gaap,PaymentsToAcquireProductiveAssets,40140000000.0,40140.0,USD_millions,flow,2,https://www.sec.gov/Archives/edgar/data/1018724/000101872423000004/,2026-08-05T12:11:50+00:00,0001018724,USD,2022,CY2020,True,latest_valid_restated_sec_companyfacts,Latest valid filing available as of 2026-08-05; configured source-tag priority breaks valid same-filing ties.
amzn,AMZN,0001018724-22-000005,10-K,2022-02-04,,2020-12-31,2020,FY,,cash_and_equivalents,us-gaap,CashAndCashEquivalentsAtCarryingValue,42122000000.0,42122.0,USD_millions,stock,1,https://www.sec.gov/Archives/edgar/data/1018724/000101872422000005/,2026-08-05T12:11:50+00:00,0001018724,USD,2021,CY2020Q4I,True,latest_valid_restated_sec_companyfacts,Latest valid filing available as of 2026-08-05; configured source-tag priority breaks valid same-filing ties.
amzn,AMZN,0001018724-22-000005,10-K,2022-02-04,,2020-12-31,2020,FY,,current_assets,us-gaap,AssetsCurrent,132733000000.0,132733.0,USD_millions,stock,1,https://www.sec.gov/Archives/edgar/data/1018724/000101872422000005/,2026-08-05T12:11:50+00:00,0001018724,USD,2021,CY2020Q4I,True,latest_valid_restated_sec_companyfacts,Latest valid filing available as of 2026-08-05; configured source-tag priority breaks valid same-filing ties.
amzn,AMZN,0001018724-22-000005,10-K,2022-02-04,,2020-12-31,2020,FY,,current_liabilities,us-gaap,LiabilitiesCurrent,126385000000.0,126385.0,USD_millions,stock,1,https://www.sec.gov/Archives/edgar/data/1018724/000101872422000005/,2026-08-05T12:11:50+00:00,0001018724,USD,2021,CY2020Q4I,True,latest_valid_restated_sec_companyfacts,Latest valid filing available as of 2026-08-05; configured source-tag priority breaks valid same-filing ties.
amzn,AMZN,0001018724-23-000004,10-K,2023-02-03,2020-01-01,2020-12-31,2020,FY,365.0,free_cash_flow,project,derived:OperatingCashFlow-CapitalExpenditure,,25924.0,USD,flow,0,https://www.sec.gov/Archives/edgar/data/1018724/000101872423000004/,2026-08-05T12:11:50+00:00,0001018724,USD,2022,CY2020,True,derived_from_latest_valid_components,Operating cash flow minus positive CapEx outflow.
amzn,AMZN,0001018724-22-000005,10-K,2022-02-04,,2020-12-31,2020,FY,,inventory,us-gaap,InventoryNet,23795000000.0,23795.0,USD_millions,stock,1,https://www.sec.gov/Archives/edgar/data/1018724/000101872422000005/,2026-08-05T12:11:50+00:00,0001018724,USD,2021,CY2020Q4I,True,latest_valid_restated_sec_companyfacts,Latest valid filing available as of 2026-08-05; configured source-tag priority breaks valid same-filing ties.
amzn,AMZN,0001018724-23-000004,10-K,2023-02-03,2020-01-01,2020-12-31,2020,FY,365.0,net_income,us-gaap,NetIncomeLoss,21331000000.0,21331.0,USD_millions,flow,1,https://www.sec.gov/Archives/edgar/data/1018724/000101872423000004/,2026-08-05T12:11:50+00:00,0001018724,USD,2022,CY2020,True,latest_valid_restated_sec_companyfacts,Latest valid filing available as of 2026-08-05; configured source-tag priority breaks valid same-filing ties.
amzn,AMZN,0001018724-23-000004,10-K,2023-02-03,2020-01-01,2020-12-31,2020,FY,365.0,operating_cash_flow,us-gaap,NetCashProvidedByUsedInOperatingActivities,66064000000.0,66064.0,USD_millions,flow,1,https://www.sec.gov/Archives/edgar/data/1018724/000101872423000004/,2026-08-05T12:11:50+00:00,0001018724,USD,2022,CY2020,True,latest_valid_restated_sec_companyfacts,Latest valid filing available as of 2026-08-05; configured source-tag priority breaks valid same-filing ties.
amzn,AMZN,0001018724-23-000004,10-K,2023-02-03,2020-01-01,2020-12-31,2020,FY,365.0,operating_income,us-gaap,OperatingIncomeLoss,22899000000.0,22899.0,USD_millions,flow,1,https://www.sec.gov/Archives/edgar/data/1018724/000101872423000004/,2026-08-05T12:11:50+00:00,0001018724,USD,2022,CY2020,True,latest_valid_restated_sec_companyfacts,Latest valid filing available as of 2026-08-05; configured source-tag priority breaks valid same-filing ties.
amzn,AMZN,0001018724-23-000004,10-K,2023-02-03,2020-01-01,2020-12-31,2020,FY,365.0,revenue,us-gaap,RevenueFromContractWithCustomerExcludingAssessedTax,386064000000.0,386064.0,USD_millions,flow,1,https://www.sec.gov/Archives/edgar/data/1018724/000101872423000004/,2026-08-05T12:11:50+00:00,0001018724,USD,2022,CY2020,True,latest_valid_restated_sec_companyfacts,Latest valid filing available as of 2026-08-05; configured source-tag priority breaks valid same-filing ties.
amzn,AMZN,0001018724-23-000004,10-K,2023-02-03,,2020-12-31,2020,FY,,total_assets,us-gaap,Assets,321195000000.0,321195.0,USD_millions,stock,1,https://www.sec.gov/Archives/edgar/data/1018724/000101872423000004/,2026-08-05T12:11:50+00:00,0001018724,USD,2022,CY2020Q4I,True,latest_valid_restated_sec_companyfacts,Latest valid filing available as of 2026-08-05; configured source-tag priority breaks valid same-filing ties.
amzn,AMZN,0001018724-24-000008,10-K,2024-02-02,,2020-12-31,2020,FY,,total_equity,us-gaap,StockholdersEquity,93404000000.0,93404.0,USD_millions,stock,1,https://www.sec.gov/Archives/edgar/data/1018724/000101872424000008/,2026-08-05T12:11:50+00:00,0001018724,USD,2023,CY2020Q4I,True,latest_valid_restated_sec_companyfacts,Latest valid filing available as of 2026-08-05; configured source-tag priority breaks valid same-filing ties.
amzn,AMZN,0001018724-23-000004,10-K,2023-02-03,,2020-12-31,2020,FY,,total_liabilities,project,derived:Assets-StockholdersEquity,227791000000.0,227791.0,USD_millions,stock,99,https://www.sec.gov/Archives/edgar/data/1018724/000101872423000004/,2026-08-05T12:11:50+00:00,0001018724,USD,2022,CY2020Q4I,True,latest_valid_restated_sec_companyfacts,Latest valid filing available as of 2026-08-05; configured source-tag priority breaks valid same-filing ties.
amzn,AMZN,0001018724-24-000008,10-K,2024-02-02,2021-01-01,2021-12-31,2021,FY,364.0,capital_expenditure,us-gaap,PaymentsToAcquireProductiveAssets,61053000000.0,61053.0,USD_millions,flow,2,https://www.sec.gov/Archives/edgar/data/1018724/000101872424000008/,2026-08-05T12:11:50+00:00,0001018724,USD,2023,CY2021,True,latest_valid_restated_sec_companyfacts,Latest valid filing available as of 2026-08-05; configured source-tag priority breaks valid same-filing ties.
amzn,AMZN,0001018724-23-000004,10-K,2023-02-03,,2021-12-31,2021,FY,,cash_and_equivalents,us-gaap,CashAndCashEquivalentsAtCarryingValue,36220000000.0,36220.0,USD_millions,stock,1,https://www.sec.gov/Archives/edgar/data/1018724/000101872423000004/,2026-08-05T12:11:50+00:00,0001018724,USD,2022,CY2021Q4I,True,latest_valid_restated_sec_companyfacts,Latest valid filing available as of 2026-08-05; configured source-tag priority breaks valid same-filing ties.
amzn,AMZN,0001018724-23-000004,10-K,2023-02-03,,2021-12-31,2021,FY,,current_assets,us-gaap,AssetsCurrent,161580000000.0,161580.0,USD_millions,stock,1,https://www.sec.gov/Archives/edgar/data/1018724/000101872423000004/,2026-08-05T12:11:50+00:00,0001018724,USD,2022,CY2021Q4I,True,latest_valid_restated_sec_companyfacts,Latest valid filing available as of 2026-08-05; configured source-tag priority breaks valid same-filing ties.
amzn,AMZN,0001018724-23-000004,10-K,2023-02-03,,2021-12-31,2021,FY,,current_liabilities,us-gaap,LiabilitiesCurrent,142266000000.0,142266.0,USD_millions,stock,1,https://www.sec.gov/Archives/edgar/data/1018724/000101872423000004/,2026-08-05T12:11:50+00:00,0001018724,USD,2022,CY2021Q4I,True,latest_valid_restated_sec_companyfacts,Latest valid filing available as of 2026-08-05; configured source-tag priority breaks valid same-filing ties.
amzn,AMZN,0001018724-24-000008,10-K,2024-02-02,2021-01-01,2021-12-31,2021,FY,364.0,free_cash_flow,project,derived:OperatingCashFlow-CapitalExpenditure,,-14726.0,USD,flow,0,https://www.sec.gov/Archives/edgar/data/1018724/000101872424000008/,2026-08-05T12:11:50+00:00,0001018724,USD,2023,CY2021,True,derived_from_latest_valid_components,Operating cash flow minus positive CapEx outflow.
amzn,AMZN,0001018724-23-000004,10-K,2023-02-03,,2021-12-31,2021,FY,,inventory,us-gaap,InventoryNet,32640000000.0,32640.0,USD_millions,stock,1,https://www.sec.gov/Archives/edgar/data/1018724/000101872423000004/,2026-08-05T12:11:50+00:00,0001018724,USD,2022,CY2021Q4I,True,latest_valid_restated_sec_companyfacts,Latest valid filing available as of 2026-08-05; configured source-tag priority breaks valid same-filing ties.
amzn,AMZN,0001018724-24-000008,10-K,2024-02-02,2021-01-01,2021-12-31,2021,FY,364.0,net_income,us-gaap,NetIncomeLoss,33364000000.0,33364.0,USD_millions,flow,1,https://www.sec.gov/Archives/edgar/data/1018724/000101872424000008/,2026-08-05T12:11:50+00:00,0001018724,USD,2023,,True,latest_valid_restated_sec_companyfacts,Latest valid filing available as of 2026-08-05; configured source-tag priority breaks valid same-filing ties.
amzn,AMZN,0001018724-24-000008,10-K,2024-02-02,2021-01-01,2021-12-31,2021,FY,364.0,operating_cash_flow,us-gaap,NetCashProvidedByUsedInOperatingActivities,46327000000.0,46327.0,USD_millions,flow,1,https://www.sec.gov/Archives/edgar/data/1018724/000101872424000008/,2026-08-05T12:11:50+00:00,0001018724,USD,2023,CY2021,True,latest_valid_restated_sec_companyfacts,Latest valid filing available as of 2026-08-05; configured source-tag priority breaks valid same-filing ties.
amzn,AMZN,0001018724-24-000008,10-K,2024-02-02,2021-01-01,2021-12-31,2021,FY,364.0,operating_income,us-gaap,OperatingIncomeLoss,24879000000.0,24879.0,USD_millions,flow,1,https://www.sec.gov/Archives/edgar/data/1018724/000101872424000008/,2026-08-05T12:11:50+00:00,0001018724,USD,2023,CY2021,True,latest_valid_restated_sec_companyfacts,Latest valid filing available as of 2026-08-05; configured source-tag priority breaks valid same-filing ties.
amzn,AMZN,0001018724-24-000008,10-K,2024-02-02,2021-01-01,2021-12-31,2021,FY,364.0,revenue,us-gaap,RevenueFromContractWithCustomerExcludingAssessedTax,469822000000.0,469822.0,USD_millions,flow,1,https://www.sec.gov/Archives/edgar/data/1018724/000101872424000008/,2026-08-05T12:11:50+00:00,0001018724,USD,2023,CY2021,True,latest_valid_restated_sec_companyfacts,Latest valid filing available as of 2026-08-05; configured source-tag priority breaks valid same-filing ties.
amzn,AMZN,0001018724-24-000008,10-K,2024-02-02,,2021-12-31,2021,FY,,total_assets,us-gaap,Assets,420549000000.0,420549.0,USD_millions,stock,1,https://www.sec.gov/Archives/edgar/data/1018724/000101872424000008/,2026-08-05T12:11:50+00:00,0001018724,USD,2023,CY2021Q4I,True,latest_valid_restated_sec_companyfacts,Latest valid filing available as of 2026-08-05; configured source-tag priority breaks valid same-filing ties.
amzn,AMZN,0001018724-25-000004,10-K,2025-02-07,,2021-12-31,2021,FY,,total_equity,us-gaap,StockholdersEquity,138245000000.0,138245.0,USD_millions,stock,1,https://www.sec.gov/Archives/edgar/data/1018724/000101872425000004/,2026-08-05T12:11:50+00:00,0001018724,USD,2024,CY2021Q4I,True,latest_valid_restated_sec_companyfacts,Latest valid filing available as of 2026-08-05; configured source-tag priority breaks valid same-filing ties.
amzn,AMZN,0001018724-24-000008,10-K,2024-02-02,,2021-12-31,2021,FY,,total_liabilities,project,derived:Assets-StockholdersEquity,282304000000.0,282304.0,USD_millions,stock,99,https://www.sec.gov/Archives/edgar/data/1018724/000101872424000008/,2026-08-05T12:11:50+00:00,0001018724,USD,2023,CY2021Q4I,True,latest_valid_restated_sec_companyfacts,Latest valid filing available as of 2026-08-05; configured source-tag priority breaks valid same-filing ties.
amzn,AMZN,0001018724-25-000004,10-K,2025-02-07,2022-01-01,2022-12-31,2022,FY,364.0,capital_expenditure,us-gaap,PaymentsToAcquireProductiveAssets,63645000000.0,63645.0,USD_millions,flow,2,https://www.sec.gov/Archives/edgar/data/1018724/000101872425000004/,2026-08-05T12:11:50+00:00,0001018724,USD,2024,CY2022,True,latest_valid_restated_sec_companyfacts,Latest valid filing available as of 2026-08-05; configured source-tag priority breaks valid same-filing ties.
amzn,AMZN,0001018724-24-000008,10-K,2024-02-02,,2022-12-31,2022,FY,,cash_and_equivalents,us-gaap,CashAndCashEquivalentsAtCarryingValue,53888000000.0,53888.0,USD_millions,stock,1,https://www.sec.gov/Archives/edgar/data/1018724/000101872424000008/,2026-08-05T12:11:50+00:00,0001018724,USD,2023,CY2022Q4I,True,latest_valid_restated_sec_companyfacts,Latest valid filing available as of 2026-08-05; configured source-tag priority breaks valid same-filing ties.
amzn,AMZN,0001018724-24-000008,10-K,2024-02-02,,2022-12-31,2022,FY,,current_assets,us-gaap,AssetsCurrent,146791000000.0,146791.0,USD_millions,stock,1,https://www.sec.gov/Archives/edgar/data/1018724/000101872424000008/,2026-08-05T12:11:50+00:00,0001018724,USD,2023,CY2022Q4I,True,latest_valid_restated_sec_companyfacts,Latest valid filing available as of 2026-08-05; configured source-tag priority breaks valid same-filing ties.
amzn,AMZN,0001018724-24-000008,10-K,2024-02-02,,2022-12-31,2022,FY,,current_liabilities,us-gaap,LiabilitiesCurrent,155393000000.0,155393.0,USD_millions,stock,1,https://www.sec.gov/Archives/edgar/data/1018724/000101872424000008/,2026-08-05T12:11:50+00:00,0001018724,USD,2023,CY2022Q4I,True,latest_valid_restated_sec_companyfacts,Latest valid filing available as of 2026-08-05; configured source-tag priority breaks valid same-filing ties.
amzn,AMZN,0001018724-25-000004,10-K,2025-02-07,2022-01-01,2022-12-31,2022,FY,364.0,free_cash_flow,project,derived:OperatingCashFlow-CapitalExpenditure,,-16893.0,USD,flow,0,https://www.sec.gov/Archives/edgar/data/1018724/000101872425000004/,2026-08-05T12:11:50+00:00,0001018724,USD,2024,CY2022,True,derived_from_latest_valid_components,Operating cash flow minus positive CapEx outflow.
amzn,AMZN,0001018724-24-000008,10-K,2024-02-02,,2022-12-31,2022,FY,,inventory,us-gaap,InventoryNet,34405000000.0,34405.0,USD_millions,stock,1,https://www.sec.gov/Archives/edgar/data/1018724/000101872424000008/,2026-08-05T12:11:50+00:00,0001018724,USD,2023,CY2022Q4I,True,latest_valid_restated_sec_companyfacts,Latest valid filing available as of 2026-08-05; configured source-tag priority breaks valid same-filing ties.
amzn,AMZN,0001018724-25-000004,10-K,2025-02-07,2022-01-01,2022-12-31,2022,FY,364.0,net_income,us-gaap,NetIncomeLoss,-2722000000.0,-2722.0,USD_millions,flow,1,https://www.sec.gov/Archives/edgar/data/1018724/000101872425000004/,2026-08-05T12:11:50+00:00,0001018724,USD,2024,,True,latest_valid_restated_sec_companyfacts,Latest valid filing available as of 2026-08-05; configured source-tag priority breaks valid same-filing ties.
amzn,AMZN,0001018724-25-000004,10-K,2025-02-07,2022-01-01,2022-12-31,2022,FY,364.0,operating_cash_flow,us-gaap,NetCashProvidedByUsedInOperatingActivities,46752000000.0,46752.0,USD_millions,flow,1,https://www.sec.gov/Archives/edgar/data/1018724/000101872425000004/,2026-08-05T12:11:50+00:00,0001018724,USD,2024,CY2022,True,latest_valid_restated_sec_companyfacts,Latest valid filing available as of 2026-08-05; configured source-tag priority breaks valid same-filing ties.
amzn,AMZN,0001018724-25-000004,10-K,2025-02-07,2022-01-01,2022-12-31,2022,FY,364.0,operating_income,us-gaap,OperatingIncomeLoss,12248000000.0,12248.0,USD_millions,flow,1,https://www.sec.gov/Archives/edgar/data/1018724/000101872425000004/,2026-08-05T12:11:50+00:00,0001018724,USD,2024,CY2022,True,latest_valid_restated_sec_companyfacts,Latest valid filing available as of 2026-08-05; configured source-tag priority breaks valid same-filing ties.
amzn,AMZN,0001018724-25-000004,10-K,2025-02-07,2022-01-01,2022-12-31,2022,FY,364.0,revenue,us-gaap,RevenueFromContractWithCustomerExcludingAssessedTax,513983000000.0,513983.0,USD_millions,flow,1,https://www.sec.gov/Archives/edgar/data/1018724/000101872425000004/,2026-08-05T12:11:50+00:00,0001018724,USD,2024,CY2022,True,latest_valid_restated_sec_companyfacts,Latest valid filing available as of 2026-08-05; configured source-tag priority breaks valid same-filing ties.
amzn,AMZN,0001018724-25-000004,10-K,2025-02-07,,2022-12-31,2022,FY,,total_assets,us-gaap,Assets,462675000000.0,462675.0,USD_millions,stock,1,https://www.sec.gov/Archives/edgar/data/1018724/000101872425000004/,2026-08-05T12:11:50+00:00,0001018724,USD,2024,CY2022Q4I,True,latest_valid_restated_sec_companyfacts,Latest valid filing available as of 2026-08-05; configured source-tag priority breaks valid same-filing ties.
amzn,AMZN,0001018724-26-000004,10-K,2026-02-06,,2022-12-31,2022,FY,,total_equity,us-gaap,StockholdersEquity,146043000000.0,146043.0,USD_millions,stock,1,https://www.sec.gov/Archives/edgar/data/1018724/000101872426000004/,2026-08-05T12:11:50+00:00,0001018724,USD,2025,CY2022Q4I,True,latest_valid_restated_sec_companyfacts,Latest valid filing available as of 2026-08-05; configured source-tag priority breaks valid same-filing ties.
amzn,AMZN,0001018724-25-000004,10-K,2025-02-07,,2022-12-31,2022,FY,,total_liabilities,project,derived:Assets-StockholdersEquity,316632000000.0,316632.0,USD_millions,stock,99,https://www.sec.gov/Archives/edgar/data/1018724/000101872425000004/,2026-08-05T12:11:50+00:00,0001018724,USD,2024,CY2022Q4I,True,latest_valid_restated_sec_companyfacts,Latest valid filing available as of 2026-08-05; configured source-tag priority breaks valid same-filing ties.
amzn,AMZN,0001018724-26-000004,10-K,2026-02-06,2023-01-01,2023-12-31,2023,FY,364.0,capital_expenditure,us-gaap,PaymentsToAcquireProductiveAssets,52729000000.0,52729.0,USD_millions,flow,2,https://www.sec.gov/Archives/edgar/data/1018724/000101872426000004/,2026-08-05T12:11:50+00:00,0001018724,USD,2025,CY2023,True,latest_valid_restated_sec_companyfacts,Latest valid filing available as of 2026-08-05; configured source-tag priority breaks valid same-filing ties.
amzn,AMZN,0001018724-25-000004,10-K,2025-02-07,,2023-12-31,2023,FY,,cash_and_equivalents,us-gaap,CashAndCashEquivalentsAtCarryingValue,73387000000.0,73387.0,USD_millions,stock,1,https://www.sec.gov/Archives/edgar/data/1018724/000101872425000004/,2026-08-05T12:11:50+00:00,0001018724,USD,2024,CY2023Q4I,True,latest_valid_restated_sec_companyfacts,Latest valid filing available as of 2026-08-05; configured source-tag priority breaks valid same-filing ties.
amzn,AMZN,0001018724-25-000004,10-K,2025-02-07,,2023-12-31,2023,FY,,current_assets,us-gaap,AssetsCurrent,172351000000.0,172351.0,USD_millions,stock,1,https://www.sec.gov/Archives/edgar/data/1018724/000101872425000004/,2026-08-05T12:11:50+00:00,0001018724,USD,2024,CY2023Q4I,True,latest_valid_restated_sec_companyfacts,Latest valid filing available as of 2026-08-05; configured source-tag priority breaks valid same-filing ties.
amzn,AMZN,0001018724-25-000004,10-K,2025-02-07,,2023-12-31,2023,FY,,current_liabilities,us-gaap,LiabilitiesCurrent,164917000000.0,164917.0,USD_millions,stock,1,https://www.sec.gov/Archives/edgar/data/1018724/000101872425000004/,2026-08-05T12:11:50+00:00,0001018724,USD,2024,CY2023Q4I,True,latest_valid_restated_sec_companyfacts,Latest valid filing available as of 2026-08-05; configured source-tag priority breaks valid same-filing ties.
amzn,AMZN,0001018724-26-000004,10-K,2026-02-06,2023-01-01,2023-12-31,2023,FY,364.0,free_cash_flow,project,derived:OperatingCashFlow-CapitalExpenditure,,32217.0,USD,flow,0,https://www.sec.gov/Archives/edgar/data/1018724/000101872426000004/,2026-08-05T12:11:50+00:00,0001018724,USD,2025,CY2023,True,derived_from_latest_valid_components,Operating cash flow minus positive CapEx outflow.
amzn,AMZN,0001018724-25-000004,10-K,2025-02-07,,2023-12-31,2023,FY,,inventory,us-gaap,InventoryNet,33318000000.0,33318.0,USD_millions,stock,1,https://www.sec.gov/Archives/edgar/data/1018724/000101872425000004/,2026-08-05T12:11:50+00:00,0001018724,USD,2024,CY2023Q4I,True,latest_valid_restated_sec_companyfacts,Latest valid filing available as of 2026-08-05; configured source-tag priority breaks valid same-filing ties.
amzn,AMZN,0001018724-26-000004,10-K,2026-02-06,2023-01-01,2023-12-31,2023,FY,364.0,net_income,us-gaap,NetIncomeLoss,30425000000.0,30425.0,USD_millions,flow,1,https://www.sec.gov/Archives/edgar/data/1018724/000101872426000004/,2026-08-05T12:11:50+00:00,0001018724,USD,2025,,True,latest_valid_restated_sec_companyfacts,Latest valid filing available as of 2026-08-05; configured source-tag priority breaks valid same-filing ties.
amzn,AMZN,0001018724-26-000004,10-K,2026-02-06,2023-01-01,2023-12-31,2023,FY,364.0,operating_cash_flow,us-gaap,NetCashProvidedByUsedInOperatingActivities,84946000000.0,84946.0,USD_millions,flow,1,https://www.sec.gov/Archives/edgar/data/1018724/000101872426000004/,2026-08-05T12:11:50+00:00,0001018724,USD,2025,CY2023,True,latest_valid_restated_sec_companyfacts,Latest valid filing available as of 2026-08-05; configured source-tag priority breaks valid same-filing ties.
amzn,AMZN,0001018724-26-000004,10-K,2026-02-06,2023-01-01,2023-12-31,2023,FY,364.0,operating_income,us-gaap,OperatingIncomeLoss,36852000000.0,36852.0,USD_millions,flow,1,https://www.sec.gov/Archives/edgar/data/1018724/000101872426000004/,2026-08-05T12:11:50+00:00,0001018724,USD,2025,CY2023,True,latest_valid_restated_sec_companyfacts,Latest valid filing available as of 2026-08-05; configured source-tag priority breaks valid same-filing ties.
amzn,AMZN,0001018724-26-000004,10-K,2026-02-06,2023-01-01,2023-12-31,2023,FY,364.0,revenue,us-gaap,RevenueFromContractWithCustomerExcludingAssessedTax,574785000000.0,574785.0,USD_millions,flow,1,https://www.sec.gov/Archives/edgar/data/1018724/000101872426000004/,2026-08-05T12:11:50+00:00,0001018724,USD,2025,CY2023,True,latest_valid_restated_sec_companyfacts,Latest valid filing available as of 2026-08-05; configured source-tag priority breaks valid same-filing ties.
amzn,AMZN,0001018724-26-000004,10-K,2026-02-06,,2023-12-31,2023,FY,,total_assets,us-gaap,Assets,527854000000.0,527854.0,USD_millions,stock,1,https://www.sec.gov/Archives/edgar/data/1018724/000101872426000004/,2026-08-05T12:11:50+00:00,0001018724,USD,2025,CY2023Q4I,True,latest_valid_restated_sec_companyfacts,Latest valid filing available as of 2026-08-05; configured source-tag priority breaks valid same-filing ties.
amzn,AMZN,0001018724-26-000004,10-K,2026-02-06,,2023-12-31,2023,FY,,total_equity,us-gaap,StockholdersEquity,201875000000.0,201875.0,USD_millions,stock,1,https://www.sec.gov/Archives/edgar/data/1018724/000101872426000004/,2026-08-05T12:11:50+00:00,0001018724,USD,2025,CY2023Q4I,True,latest_valid_restated_sec_companyfacts,Latest valid filing available as of 2026-08-05; configured source-tag priority breaks valid same-filing ties.
amzn,AMZN,0001018724-26-000004,10-K,2026-02-06,,2023-12-31,2023,FY,,total_liabilities,project,derived:Assets-StockholdersEquity,325979000000.0,325979.0,USD_millions,stock,99,https://www.sec.gov/Archives/edgar/data/1018724/000101872426000004/,2026-08-05T12:11:50+00:00,0001018724,USD,2025,CY2023Q4I,True,latest_valid_restated_sec_companyfacts,Latest valid filing available as of 2026-08-05; configured source-tag priority breaks valid same-filing ties.
amzn,AMZN,0001018724-26-000004,10-K,2026-02-06,2024-01-01,2024-12-31,2024,FY,365.0,capital_expenditure,us-gaap,PaymentsToAcquireProductiveAssets,82999000000.0,82999.0,USD_millions,flow,2,https://www.sec.gov/Archives/edgar/data/1018724/000101872426000004/,2026-08-05T12:11:50+00:00,0001018724,USD,2025,CY2024,True,latest_valid_restated_sec_companyfacts,Latest valid filing available as of 2026-08-05; configured source-tag priority breaks valid same-filing ties.
amzn,AMZN,0001018724-26-000004,10-K,2026-02-06,,2024-12-31,2024,FY,,cash_and_equivalents,us-gaap,CashAndCashEquivalentsAtCarryingValue,78779000000.0,78779.0,USD_millions,stock,1,https://www.sec.gov/Archives/edgar/data/1018724/000101872426000004/,2026-08-05T12:11:50+00:00,0001018724,USD,2025,CY2024Q4I,True,latest_valid_restated_sec_companyfacts,Latest valid filing available as of 2026-08-05; configured source-tag priority breaks valid same-filing ties.
amzn,AMZN,0001018724-26-000004,10-K,2026-02-06,,2024-12-31,2024,FY,,current_assets,us-gaap,AssetsCurrent,190867000000.0,190867.0,USD_millions,stock,1,https://www.sec.gov/Archives/edgar/data/1018724/000101872426000004/,2026-08-05T12:11:50+00:00,0001018724,USD,2025,CY2024Q4I,True,latest_valid_restated_sec_companyfacts,Latest valid filing available as of 2026-08-05; configured source-tag priority breaks valid same-filing ties.
amzn,AMZN,0001018724-26-000004,10-K,2026-02-06,,2024-12-31,2024,FY,,current_liabilities,us-gaap,LiabilitiesCurrent,179431000000.0,179431.0,USD_millions,stock,1,https://www.sec.gov/Archives/edgar/data/1018724/000101872426000004/,2026-08-05T12:11:50+00:00,0001018724,USD,2025,CY2024Q4I,True,latest_valid_restated_sec_companyfacts,Latest valid filing available as of 2026-08-05; configured source-tag priority breaks valid same-filing ties.
amzn,AMZN,0001018724-26-000004,10-K,2026-02-06,2024-01-01,2024-12-31,2024,FY,365.0,free_cash_flow,project,derived:OperatingCashFlow-CapitalExpenditure,,32878.0,USD,flow,0,https://www.sec.gov/Archives/edgar/data/1018724/000101872426000004/,2026-08-05T12:11:50+00:00,0001018724,USD,2025,CY2024,True,derived_from_latest_valid_components,Operating cash flow minus positive CapEx outflow.
amzn,AMZN,0001018724-26-000004,10-K,2026-02-06,,2024-12-31,2024,FY,,inventory,us-gaap,InventoryNet,34214000000.0,34214.0,USD_millions,stock,1,https://www.sec.gov/Archives/edgar/data/1018724/000101872426000004/,2026-08-05T12:11:50+00:00,0001018724,USD,2025,CY2024Q4I,True,latest_valid_restated_sec_companyfacts,Latest valid filing available as of 2026-08-05; configured source-tag priority breaks valid same-filing ties.
amzn,AMZN,0001018724-26-000004,10-K,2026-02-06,2024-01-01,2024-12-31,2024,FY,365.0,net_income,us-gaap,NetIncomeLoss,59248000000.0,59248.0,USD_millions,flow,1,https://www.sec.gov/Archives/edgar/data/1018724/000101872426000004/,2026-08-05T12:11:50+00:00,0001018724,USD,2025,,True,latest_valid_restated_sec_companyfacts,Latest valid filing available as of 2026-08-05; configured source-tag priority breaks valid same-filing ties.
amzn,AMZN,0001018724-26-000004,10-K,2026-02-06,2024-01-01,2024-12-31,2024,FY,365.0,operating_cash_flow,us-gaap,NetCashProvidedByUsedInOperatingActivities,115877000000.0,115877.0,USD_millions,flow,1,https://www.sec.gov/Archives/edgar/data/1018724/000101872426000004/,2026-08-05T12:11:50+00:00,0001018724,USD,2025,CY2024,True,latest_valid_restated_sec_companyfacts,Latest valid filing available as of 2026-08-05; configured source-tag priority breaks valid same-filing ties.
amzn,AMZN,0001018724-26-000004,10-K,2026-02-06,2024-01-01,2024-12-31,2024,FY,365.0,operating_income,us-gaap,OperatingIncomeLoss,68593000000.0,68593.0,USD_millions,flow,1,https://www.sec.gov/Archives/edgar/data/1018724/000101872426000004/,2026-08-05T12:11:50+00:00,0001018724,USD,2025,CY2024,True,latest_valid_restated_sec_companyfacts,Latest valid filing available as of 2026-08-05; configured source-tag priority breaks valid same-filing ties.
amzn,AMZN,0001018724-26-000004,10-K,2026-02-06,2024-01-01,2024-12-31,2024,FY,365.0,revenue,us-gaap,RevenueFromContractWithCustomerExcludingAssessedTax,637959000000.0,637959.0,USD_millions,flow,1,https://www.sec.gov/Archives/edgar/data/1018724/000101872426000004/,2026-08-05T12:11:50+00:00,0001018724,USD,2025,CY2024,True,latest_valid_restated_sec_companyfacts,Latest valid filing available as of 2026-08-05; configured source-tag priority breaks valid same-filing ties.
amzn,AMZN,0001018724-26-000004,10-K,2026-02-06,,2024-12-31,2024,FY,,total_assets,us-gaap,Assets,624894000000.0,624894.0,USD_millions,stock,1,https://www.sec.gov/Archives/edgar/data/1018724/000101872426000004/,2026-08-05T12:11:50+00:00,0001018724,USD,2025,CY2024Q4I,True,latest_valid_restated_sec_companyfacts,Latest valid filing available as of 2026-08-05; configured source-tag priority breaks valid same-filing ties.
amzn,AMZN,0001018724-26-000004,10-K,2026-02-06,,2024-12-31,2024,FY,,total_equity,us-gaap,StockholdersEquity,285970000000.0,285970.0,USD_millions,stock,1,https://www.sec.gov/Archives/edgar/data/1018724/000101872426000004/,2026-08-05T12:11:50+00:00,0001018724,USD,2025,,True,latest_valid_restated_sec_companyfacts,Latest valid filing available as of 2026-08-05; configured source-tag priority breaks valid same-filing ties.
amzn,AMZN,0001018724-26-000004,10-K,2026-02-06,,2024-12-31,2024,FY,,total_liabilities,project,derived:Assets-StockholdersEquity,338924000000.0,338924.0,USD_millions,stock,99,https://www.sec.gov/Archives/edgar/data/1018724/000101872426000004/,2026-08-05T12:11:50+00:00,0001018724,USD,2025,CY2024Q4I,True,latest_valid_restated_sec_companyfacts,Latest valid filing available as of 2026-08-05; configured source-tag priority breaks valid same-filing ties.
bird,BIRD,0001653909-22-000016,10-K,2022-03-16,2019-01-01,2019-12-31,2019,FY,364.0,capital_expenditure,us-gaap,PaymentsToAcquirePropertyPlantAndEquipment,13122000.0,13.122,USD_millions,flow,1,https://www.sec.gov/Archives/edgar/data/1653909/000165390922000016/,2026-08-05T17:49:37+00:00,0001653909,USD,2021,CY2019,True,latest_valid_restated_sec_companyfacts,Latest valid filing available as of 2026-08-05; configured source-tag priority breaks valid same-filing ties.
bird,BIRD,0001653909-22-000016,10-K,2022-03-16,2019-01-01,2019-12-31,2019,FY,364.0,free_cash_flow,project,derived:OperatingCashFlow-CapitalExpenditure,,-13.08,USD,flow,0,https://www.sec.gov/Archives/edgar/data/1653909/000165390922000016/,2026-08-05T17:49:37+00:00,0001653909,USD,2021,CY2019,True,derived_from_latest_valid_components,Operating cash flow minus positive CapEx outflow.
bird,BIRD,0001653909-22-000016,10-K,2022-03-16,2019-01-01,2019-12-31,2019,FY,364.0,net_income,us-gaap,NetIncomeLoss,-14527000.0,-14.527,USD_millions,flow,1,https://www.sec.gov/Archives/edgar/data/1653909/000165390922000016/,2026-08-05T17:49:37+00:00,0001653909,USD,2021,CY2019,True,latest_valid_restated_sec_companyfacts,Latest valid filing available as of 2026-08-05; configured source-tag priority breaks valid same-filing ties.
bird,BIRD,0001653909-22-000016,10-K,2022-03-16,2019-01-01,2019-12-31,2019,FY,364.0,operating_cash_flow,us-gaap,NetCashProvidedByUsedInOperatingActivities,42000.0,0.042,USD_millions,flow,1,https://www.sec.gov/Archives/edgar/data/1653909/000165390922000016/,2026-08-05T17:49:37+00:00,0001653909,USD,2021,CY2019,True,latest_valid_restated_sec_companyfacts,Latest valid filing available as of 2026-08-05; configured source-tag priority breaks valid same-filing ties.
bird,BIRD,0001653909-22-000016,10-K,2022-03-16,2019-01-01,2019-12-31,2019,FY,364.0,operating_income,us-gaap,OperatingIncomeLoss,-9013000.0,-9.013,USD_millions,flow,1,https://www.sec.gov/Archives/edgar/data/1653909/000165390922000016/,2026-08-05T17:49:37+00:00,0001653909,USD,2021,CY2019,True,latest_valid_restated_sec_companyfacts,Latest valid filing available as of 2026-08-05; configured source-tag priority breaks valid same-filing ties.
bird,BIRD,0001653909-22-000016,10-K,2022-03-16,2019-01-01,2019-12-31,2019,FY,364.0,revenue,us-gaap,RevenueFromContractWithCustomerIncludingAssessedTax,193673000.0,193.673,USD_millions,flow,2,https://www.sec.gov/Archives/edgar/data/1653909/000165390922000016/,2026-08-05T17:49:37+00:00,0001653909,USD,2021,CY2019,True,latest_valid_restated_sec_companyfacts,Latest valid filing available as of 2026-08-05; configured source-tag priority breaks valid same-filing ties.
bird,BIRD,0001653909-23-000030,10-K,2023-03-10,,2019-12-31,2019,FY,,total_equity,us-gaap,StockholdersEquity,-9118000.0,-9.118,USD_millions,stock,1,https://www.sec.gov/Archives/edgar/data/1653909/000165390923000030/,2026-08-05T17:49:37+00:00,0001653909,USD,2022,CY2019Q4I,True,latest_valid_restated_sec_companyfacts,Latest valid filing available as of 2026-08-05; configured source-tag priority breaks valid same-filing ties.
bird,BIRD,0001653909-23-000030,10-K,2023-03-10,2020-01-01,2020-12-31,2020,FY,365.0,capital_expenditure,us-gaap,PaymentsToAcquirePropertyPlantAndEquipment,14350000.0,14.35,USD_millions,flow,1,https://www.sec.gov/Archives/edgar/data/1653909/000165390923000030/,2026-08-05T17:49:37+00:00,0001653909,USD,2022,CY2020,True,latest_valid_restated_sec_companyfacts,Latest valid filing available as of 2026-08-05; configured source-tag priority breaks valid same-filing ties.
bird,BIRD,0001653909-23-000030,10-K,2023-03-10,,2020-12-31,2020,FY,,cash_and_equivalents,us-gaap,CashAndCashEquivalentsAtCarryingValue,126551000.0,126.551,USD_millions,stock,1,https://www.sec.gov/Archives/edgar/data/1653909/000165390923000030/,2026-08-05T17:49:37+00:00,0001653909,USD,2022,CY2020Q4I,True,latest_valid_restated_sec_companyfacts,Latest valid filing available as of 2026-08-05; configured source-tag priority breaks valid same-filing ties.
bird,BIRD,0001653909-22-000016,10-K,2022-03-16,,2020-12-31,2020,FY,,current_assets,us-gaap,AssetsCurrent,214840000.0,214.84,USD_millions,stock,1,https://www.sec.gov/Archives/edgar/data/1653909/000165390922000016/,2026-08-05T17:49:37+00:00,0001653909,USD,2021,CY2020Q4I,True,latest_valid_restated_sec_companyfacts,Latest valid filing available as of 2026-08-05; configured source-tag priority breaks valid same-filing ties.
bird,BIRD,0001653909-22-000016,10-K,2022-03-16,,2020-12-31,2020,FY,,current_liabilities,us-gaap,LiabilitiesCurrent,54652000.0,54.652,USD_millions,stock,1,https://www.sec.gov/Archives/edgar/data/1653909/000165390922000016/,2026-08-05T17:49:37+00:00,0001653909,USD,2021,CY2020Q4I,True,latest_valid_restated_sec_companyfacts,Latest valid filing available as of 2026-08-05; configured source-tag priority breaks valid same-filing ties.
bird,BIRD,0001653909-23-000030,10-K,2023-03-10,2020-01-01,2020-12-31,2020,FY,365.0,free_cash_flow,project,derived:OperatingCashFlow-CapitalExpenditure,,-48.928000000000004,USD,flow,0,https://www.sec.gov/Archives/edgar/data/1653909/000165390923000030/,2026-08-05T17:49:37+00:00,0001653909,USD,2022,CY2020,True,derived_from_latest_valid_components,Operating cash flow minus positive CapEx outflow.
bird,BIRD,0001653909-22-000016,10-K,2022-03-16,,2020-12-31,2020,FY,,inventory,us-gaap,InventoryNet,59222000.0,59.222,USD_millions,stock,1,https://www.sec.gov/Archives/edgar/data/1653909/000165390922000016/,2026-08-05T17:49:37+00:00,0001653909,USD,2021,CY2020Q4I,True,latest_valid_restated_sec_companyfacts,Latest valid filing available as of 2026-08-05; configured source-tag priority breaks valid same-filing ties.
bird,BIRD,0001653909-23-000030,10-K,2023-03-10,2020-01-01,2020-12-31,2020,FY,365.0,net_income,us-gaap,NetIncomeLoss,-25860000.0,-25.86,USD_millions,flow,1,https://www.sec.gov/Archives/edgar/data/1653909/000165390923000030/,2026-08-05T17:49:37+00:00,0001653909,USD,2022,CY2020,True,latest_valid_restated_sec_companyfacts,Latest valid filing available as of 2026-08-05; configured source-tag priority breaks valid same-filing ties.
bird,BIRD,0001653909-23-000030,10-K,2023-03-10,2020-01-01,2020-12-31,2020,FY,365.0,operating_cash_flow,us-gaap,NetCashProvidedByUsedInOperatingActivities,-34578000.0,-34.578,USD_millions,flow,1,https://www.sec.gov/Archives/edgar/data/1653909/000165390923000030/,2026-08-05T17:49:37+00:00,0001653909,USD,2022,CY2020,True,latest_valid_restated_sec_companyfacts,Latest valid filing available as of 2026-08-05; configured source-tag priority breaks valid same-filing ties.
bird,BIRD,0001653909-23-000030,10-K,2023-03-10,2020-01-01,2020-12-31,2020,FY,365.0,operating_income,us-gaap,OperatingIncomeLoss,-29224000.0,-29.224,USD_millions,flow,1,https://www.sec.gov/Archives/edgar/data/1653909/000165390923000030/,2026-08-05T17:49:37+00:00,0001653909,USD,2022,CY2020,True,latest_valid_restated_sec_companyfacts,Latest valid filing available as of 2026-08-05; configured source-tag priority breaks valid same-filing ties.
bird,BIRD,0001653909-23-000030,10-K,2023-03-10,2020-01-01,2020-12-31,2020,FY,365.0,revenue,us-gaap,RevenueFromContractWithCustomerIncludingAssessedTax,219296000.0,219.296,USD_millions,flow,2,https://www.sec.gov/Archives/edgar/data/1653909/000165390923000030/,2026-08-05T17:49:37+00:00,0001653909,USD,2022,CY2020,True,latest_valid_restated_sec_companyfacts,Latest valid filing available as of 2026-08-05; configured source-tag priority breaks valid same-filing ties.
bird,BIRD,0001653909-22-000016,10-K,2022-03-16,,2020-12-31,2020,FY,,total_assets,us-gaap,Assets,244043000.0,244.043,USD_millions,stock,1,https://www.sec.gov/Archives/edgar/data/1653909/000165390922000016/,2026-08-05T17:49:37+00:00,0001653909,USD,2021,CY2020Q4I,True,latest_valid_restated_sec_companyfacts,Latest valid filing available as of 2026-08-05; configured source-tag priority breaks valid same-filing ties.
bird,BIRD,0001653909-23-000030,10-K,2023-03-10,,2020-12-31,2020,FY,,total_equity,us-gaap,StockholdersEquity,-25507000.0,-25.507,USD_millions,stock,1,https://www.sec.gov/Archives/edgar/data/1653909/000165390923000030/,2026-08-05T17:49:37+00:00,0001653909,USD,2022,CY2020Q4I,True,latest_valid_restated_sec_companyfacts,Latest valid filing available as of 2026-08-05; configured source-tag priority breaks valid same-filing ties.
bird,BIRD,0001653909-22-000016,10-K,2022-03-16,,2020-12-31,2020,FY,,total_liabilities,us-gaap,Liabilities,65501000.0,65.501,USD_millions,stock,1,https://www.sec.gov/Archives/edgar/data/1653909/000165390922000016/,2026-08-05T17:49:37+00:00,0001653909,USD,2021,CY2020Q4I,True,latest_valid_restated_sec_companyfacts,Latest valid filing available as of 2026-08-05; configured source-tag priority breaks valid same-filing ties.
bird,BIRD,0001653909-23-000030,10-K,2023-03-10,2021-01-01,2021-12-31,2021,FY,364.0,capital_expenditure,us-gaap,PaymentsToAcquirePropertyPlantAndEquipment,24181000.0,24.181,USD_millions,flow,1,https://www.sec.gov/Archives/edgar/data/1653909/000165390923000030/,2026-08-05T17:49:37+00:00,0001653909,USD,2022,CY2021,True,latest_valid_restated_sec_companyfacts,Latest valid filing available as of 2026-08-05; configured source-tag priority breaks valid same-filing ties.
bird,BIRD,0001653909-23-000030,10-K,2023-03-10,,2021-12-31,2021,FY,,cash_and_equivalents,us-gaap,CashAndCashEquivalentsAtCarryingValue,288576000.0,288.576,USD_millions,stock,1,https://www.sec.gov/Archives/edgar/data/1653909/000165390923000030/,2026-08-05T17:49:37+00:00,0001653909,USD,2022,CY2021Q4I,True,latest_valid_restated_sec_companyfacts,Latest valid filing available as of 2026-08-05; configured source-tag priority breaks valid same-filing ties.
bird,BIRD,0001653909-23-000030,10-K,2023-03-10,,2021-12-31,2021,FY,,current_assets,us-gaap,AssetsCurrent,444368000.0,444.368,USD_millions,stock,1,https://www.sec.gov/Archives/edgar/data/1653909/000165390923000030/,2026-08-05T17:49:37+00:00,0001653909,USD,2022,CY2021Q4I,True,latest_valid_restated_sec_companyfacts,Latest valid filing available as of 2026-08-05; configured source-tag priority breaks valid same-filing ties.
bird,BIRD,0001653909-23-000030,10-K,2023-03-10,,2021-12-31,2021,FY,,current_liabilities,us-gaap,LiabilitiesCurrent,81156000.0,81.156,USD_millions,stock,1,https://www.sec.gov/Archives/edgar/data/1653909/000165390923000030/,2026-08-05T17:49:37+00:00,0001653909,USD,2022,CY2021Q4I,True,latest_valid_restated_sec_companyfacts,Latest valid filing available as of 2026-08-05; configured source-tag priority breaks valid same-filing ties.
bird,BIRD,0001653909-23-000030,10-K,2023-03-10,2021-01-01,2021-12-31,2021,FY,364.0,free_cash_flow,project,derived:OperatingCashFlow-CapitalExpenditure,,-75.031,USD,flow,0,https://www.sec.gov/Archives/edgar/data/1653909/000165390923000030/,2026-08-05T17:49:37+00:00,0001653909,USD,2022,CY2021,True,derived_from_latest_valid_components,Operating cash flow minus positive CapEx outflow.
bird,BIRD,0001653909-23-000030,10-K,2023-03-10,,2021-12-31,2021,FY,,inventory,us-gaap,InventoryNet,106876000.0,106.876,USD_millions,stock,1,https://www.sec.gov/Archives/edgar/data/1653909/000165390923000030/,2026-08-05T17:49:37+00:00,0001653909,USD,2022,CY2021Q4I,True,latest_valid_restated_sec_companyfacts,Latest valid filing available as of 2026-08-05; configured source-tag priority breaks valid same-filing ties.
bird,BIRD,0001653909-23-000030,10-K,2023-03-10,2021-01-01,2021-12-31,2021,FY,364.0,net_income,us-gaap,NetIncomeLoss,-45370000.0,-45.37,USD_millions,flow,1,https://www.sec.gov/Archives/edgar/data/1653909/000165390923000030/,2026-08-05T17:49:37+00:00,0001653909,USD,2022,CY2021,True,latest_valid_restated_sec_companyfacts,Latest valid filing available as of 2026-08-05; configured source-tag priority breaks valid same-filing ties.
bird,BIRD,0001653909-23-000030,10-K,2023-03-10,2021-01-01,2021-12-31,2021,FY,364.0,operating_cash_flow,us-gaap,NetCashProvidedByUsedInOperatingActivities,-50850000.0,-50.85,USD_millions,flow,1,https://www.sec.gov/Archives/edgar/data/1653909/000165390923000030/,2026-08-05T17:49:37+00:00,0001653909,USD,2022,CY2021,True,latest_valid_restated_sec_companyfacts,Latest valid filing available as of 2026-08-05; configured source-tag priority breaks valid same-filing ties.
bird,BIRD,0001653909-23-000030,10-K,2023-03-10,2021-01-01,2021-12-31,2021,FY,364.0,operating_income,us-gaap,OperatingIncomeLoss,-32876000.0,-32.876,USD_millions,flow,1,https://www.sec.gov/Archives/edgar/data/1653909/000165390923000030/,2026-08-05T17:49:37+00:00,0001653909,USD,2022,CY2021,True,latest_valid_restated_sec_companyfacts,Latest valid filing available as of 2026-08-05; configured source-tag priority breaks valid same-filing ties.
bird,BIRD,0001653909-23-000030,10-K,2023-03-10,2021-01-01,2021-12-31,2021,FY,364.0,revenue,us-gaap,RevenueFromContractWithCustomerIncludingAssessedTax,277472000.0,277.472,USD_millions,flow,2,https://www.sec.gov/Archives/edgar/data/1653909/000165390923000030/,2026-08-05T17:49:37+00:00,0001653909,USD,2022,CY2021,True,latest_valid_restated_sec_companyfacts,Latest valid filing available as of 2026-08-05; configured source-tag priority breaks valid same-filing ties.
bird,BIRD,0001653909-23-000030,10-K,2023-03-10,,2021-12-31,2021,FY,,total_assets,us-gaap,Assets,488429000.0,488.429,USD_millions,stock,1,https://www.sec.gov/Archives/edgar/data/1653909/000165390923000030/,2026-08-05T17:49:37+00:00,0001653909,USD,2022,CY2021Q4I,True,latest_valid_restated_sec_companyfacts,Latest valid filing available as of 2026-08-05; configured source-tag priority breaks valid same-filing ties.
bird,BIRD,0001653909-24-000015,10-K,2024-03-13,,2021-12-31,2021,FY,,total_equity,us-gaap,StockholdersEquity,397004000.0,397.004,USD_millions,stock,1,https://www.sec.gov/Archives/edgar/data/1653909/000165390924000015/,2026-08-05T17:49:37+00:00,0001653909,USD,2023,CY2021Q4I,True,latest_valid_restated_sec_companyfacts,Latest valid filing available as of 2026-08-05; configured source-tag priority breaks valid same-filing ties.
bird,BIRD,0001653909-23-000030,10-K,2023-03-10,,2021-12-31,2021,FY,,total_liabilities,us-gaap,Liabilities,91425000.0,91.425,USD_millions,stock,1,https://www.sec.gov/Archives/edgar/data/1653909/000165390923000030/,2026-08-05T17:49:37+00:00,0001653909,USD,2022,CY2021Q4I,True,latest_valid_restated_sec_companyfacts,Latest valid filing available as of 2026-08-05; configured source-tag priority breaks valid same-filing ties.
bird,BIRD,0001653909-24-000015,10-K,2024-03-13,2022-01-01,2022-12-31,2022,FY,364.0,capital_expenditure,us-gaap,PaymentsToAcquirePropertyPlantAndEquipment,31363000.0,31.363,USD_millions,flow,1,https://www.sec.gov/Archives/edgar/data/1653909/000165390924000015/,2026-08-05T17:49:37+00:00,0001653909,USD,2023,CY2022,True,latest_valid_restated_sec_companyfacts,Latest valid filing available as of 2026-08-05; configured source-tag priority breaks valid same-filing ties.
bird,BIRD,0001653909-24-000015,10-K,2024-03-13,,2022-12-31,2022,FY,,cash_and_equivalents,us-gaap,CashAndCashEquivalentsAtCarryingValue,167136000.0,167.136,USD_millions,stock,1,https://www.sec.gov/Archives/edgar/data/1653909/000165390924000015/,2026-08-05T17:49:37+00:00,0001653909,USD,2023,CY2022Q4I,True,latest_valid_restated_sec_companyfacts,Latest valid filing available as of 2026-08-05; configured source-tag priority breaks valid same-filing ties.
bird,BIRD,0001653909-24-000015,10-K,2024-03-13,,2022-12-31,2022,FY,,current_assets,us-gaap,AssetsCurrent,308934000.0,308.934,USD_millions,stock,1,https://www.sec.gov/Archives/edgar/data/1653909/000165390924000015/,2026-08-05T17:49:37+00:00,0001653909,USD,2023,CY2022Q4I,True,latest_valid_restated_sec_companyfacts,Latest valid filing available as of 2026-08-05; configured source-tag priority breaks valid same-filing ties.
bird,BIRD,0001653909-24-000015,10-K,2024-03-13,,2022-12-31,2022,FY,,current_liabilities,us-gaap,LiabilitiesCurrent,50012000.0,50.012,USD_millions,stock,1,https://www.sec.gov/Archives/edgar/data/1653909/000165390924000015/,2026-08-05T17:49:37+00:00,0001653909,USD,2023,CY2022Q4I,True,latest_valid_restated_sec_companyfacts,Latest valid filing available as of 2026-08-05; configured source-tag priority breaks valid same-filing ties.
bird,BIRD,0001653909-24-000015,10-K,2024-03-13,2022-01-01,2022-12-31,2022,FY,364.0,free_cash_flow,project,derived:OperatingCashFlow-CapitalExpenditure,,-121.946,USD,flow,0,https://www.sec.gov/Archives/edgar/data/1653909/000165390924000015/,2026-08-05T17:49:37+00:00,0001653909,USD,2023,CY2022,True,derived_from_latest_valid_components,Operating cash flow minus positive CapEx outflow.
bird,BIRD,0001653909-24-000015,10-K,2024-03-13,,2022-12-31,2022,FY,,inventory,us-gaap,InventoryNet,116796000.0,116.796,USD_millions,stock,1,https://www.sec.gov/Archives/edgar/data/1653909/000165390924000015/,2026-08-05T17:49:37+00:00,0001653909,USD,2023,CY2022Q4I,True,latest_valid_restated_sec_companyfacts,Latest valid filing available as of 2026-08-05; configured source-tag priority breaks valid same-filing ties.
bird,BIRD,0001653909-24-000015,10-K,2024-03-13,2022-01-01,2022-12-31,2022,FY,364.0,net_income,us-gaap,NetIncomeLoss,-101354000.0,-101.354,USD_millions,flow,1,https://www.sec.gov/Archives/edgar/data/1653909/000165390924000015/,2026-08-05T17:49:37+00:00,0001653909,USD,2023,CY2022,True,latest_valid_restated_sec_companyfacts,Latest valid filing available as of 2026-08-05; configured source-tag priority breaks valid same-filing ties.
bird,BIRD,0001653909-24-000015,10-K,2024-03-13,2022-01-01,2022-12-31,2022,FY,364.0,operating_cash_flow,us-gaap,NetCashProvidedByUsedInOperatingActivities,-90583000.0,-90.583,USD_millions,flow,1,https://www.sec.gov/Archives/edgar/data/1653909/000165390924000015/,2026-08-05T17:49:37+00:00,0001653909,USD,2023,CY2022,True,latest_valid_restated_sec_companyfacts,Latest valid filing available as of 2026-08-05; configured source-tag priority breaks valid same-filing ties.
bird,BIRD,0001653909-24-000015,10-K,2024-03-13,2022-01-01,2022-12-31,2022,FY,364.0,operating_income,us-gaap,OperatingIncomeLoss,-100285000.0,-100.285,USD_millions,flow,1,https://www.sec.gov/Archives/edgar/data/1653909/000165390924000015/,2026-08-05T17:49:37+00:00,0001653909,USD,2023,CY2022,True,latest_valid_restated_sec_companyfacts,Latest valid filing available as of 2026-08-05; configured source-tag priority breaks valid same-filing ties.
bird,BIRD,0001653909-24-000015,10-K,2024-03-13,2022-01-01,2022-12-31,2022,FY,364.0,revenue,us-gaap,RevenueFromContractWithCustomerIncludingAssessedTax,297766000.0,297.766,USD_millions,flow,2,https://www.sec.gov/Archives/edgar/data/1653909/000165390924000015/,2026-08-05T17:49:37+00:00,0001653909,USD,2023,CY2022,True,latest_valid_restated_sec_companyfacts,Latest valid filing available as of 2026-08-05; configured source-tag priority breaks valid same-filing ties.
bird,BIRD,0001653909-24-000015,10-K,2024-03-13,,2022-12-31,2022,FY,,total_assets,us-gaap,Assets,462364000.0,462.364,USD_millions,stock,1,https://www.sec.gov/Archives/edgar/data/1653909/000165390924000015/,2026-08-05T17:49:37+00:00,0001653909,USD,2023,CY2022Q4I,True,latest_valid_restated_sec_companyfacts,Latest valid filing available as of 2026-08-05; configured source-tag priority breaks valid same-filing ties.
bird,BIRD,0001628280-25-012130,10-K,2025-03-12,,2022-12-31,2022,FY,,total_equity,us-gaap,StockholdersEquity,316769000.0,316.769,USD_millions,stock,1,https://www.sec.gov/Archives/edgar/data/1653909/000162828025012130/,2026-08-05T17:49:37+00:00,0001653909,USD,2024,CY2022Q4I,True,latest_valid_restated_sec_companyfacts,Latest valid filing available as of 2026-08-05; configured source-tag priority breaks valid same-filing ties.
bird,BIRD,0001653909-24-000015,10-K,2024-03-13,,2022-12-31,2022,FY,,total_liabilities,us-gaap,Liabilities,145595000.0,145.595,USD_millions,stock,1,https://www.sec.gov/Archives/edgar/data/1653909/000165390924000015/,2026-08-05T17:49:37+00:00,0001653909,USD,2023,CY2022Q4I,True,latest_valid_restated_sec_companyfacts,Latest valid filing available as of 2026-08-05; configured source-tag priority breaks valid same-filing ties.
bird,BIRD,0001628280-25-012130,10-K,2025-03-12,2023-01-01,2023-12-31,2023,FY,364.0,capital_expenditure,us-gaap,PaymentsToAcquirePropertyPlantAndEquipment,10870000.0,10.87,USD_millions,flow,1,https://www.sec.gov/Archives/edgar/data/1653909/000162828025012130/,2026-08-05T17:49:37+00:00,0001653909,USD,2024,CY2023,True,latest_valid_restated_sec_companyfacts,Latest valid filing available as of 2026-08-05; configured source-tag priority breaks valid same-filing ties.
bird,BIRD,0001628280-25-012130,10-K,2025-03-12,,2023-12-31,2023,FY,,cash_and_equivalents,us-gaap,CashAndCashEquivalentsAtCarryingValue,130032000.0,130.032,USD_millions,stock,1,https://www.sec.gov/Archives/edgar/data/1653909/000162828025012130/,2026-08-05T17:49:37+00:00,0001653909,USD,2024,CY2023Q4I,True,latest_valid_restated_sec_companyfacts,Latest valid filing available as of 2026-08-05; configured source-tag priority breaks valid same-filing ties.
bird,BIRD,0001628280-25-012130,10-K,2025-03-12,,2023-12-31,2023,FY,,current_assets,us-gaap,AssetsCurrent,212406000.0,212.406,USD_millions,stock,1,https://www.sec.gov/Archives/edgar/data/1653909/000162828025012130/,2026-08-05T17:49:37+00:00,0001653909,USD,2024,CY2023Q4I,True,latest_valid_restated_sec_companyfacts,Latest valid filing available as of 2026-08-05; configured source-tag priority breaks valid same-filing ties.
bird,BIRD,0001628280-25-012130,10-K,2025-03-12,,2023-12-31,2023,FY,,current_liabilities,us-gaap,LiabilitiesCurrent,48607000.0,48.607,USD_millions,stock,1,https://www.sec.gov/Archives/edgar/data/1653909/000162828025012130/,2026-08-05T17:49:37+00:00,0001653909,USD,2024,CY2023Q4I,True,latest_valid_restated_sec_companyfacts,Latest valid filing available as of 2026-08-05; configured source-tag priority breaks valid same-filing ties.
bird,BIRD,0001628280-25-012130,10-K,2025-03-12,2023-01-01,2023-12-31,2023,FY,364.0,free_cash_flow,project,derived:OperatingCashFlow-CapitalExpenditure,,-41.092,USD,flow,0,https://www.sec.gov/Archives/edgar/data/1653909/000162828025012130/,2026-08-05T17:49:37+00:00,0001653909,USD,2024,CY2023,True,derived_from_latest_valid_components,Operating cash flow minus positive CapEx outflow.
bird,BIRD,0001628280-25-012130,10-K,2025-03-12,,2023-12-31,2023,FY,,inventory,us-gaap,InventoryNet,57763000.0,57.763,USD_millions,stock,1,https://www.sec.gov/Archives/edgar/data/1653909/000162828025012130/,2026-08-05T17:49:37+00:00,0001653909,USD,2024,CY2023Q4I,True,latest_valid_restated_sec_companyfacts,Latest valid filing available as of 2026-08-05; configured source-tag priority breaks valid same-filing ties.
bird,BIRD,0001628280-25-012130,10-K,2025-03-12,2023-01-01,2023-12-31,2023,FY,364.0,net_income,us-gaap,NetIncomeLoss,-152458000.0,-152.458,USD_millions,flow,1,https://www.sec.gov/Archives/edgar/data/1653909/000162828025012130/,2026-08-05T17:49:37+00:00,0001653909,USD,2024,CY2023,True,latest_valid_restated_sec_companyfacts,Latest valid filing available as of 2026-08-05; configured source-tag priority breaks valid same-filing ties.
bird,BIRD,0001628280-25-012130,10-K,2025-03-12,2023-01-01,2023-12-31,2023,FY,364.0,operating_cash_flow,us-gaap,NetCashProvidedByUsedInOperatingActivities,-30222000.0,-30.222,USD_millions,flow,1,https://www.sec.gov/Archives/edgar/data/1653909/000162828025012130/,2026-08-05T17:49:37+00:00,0001653909,USD,2024,CY2023,True,latest_valid_restated_sec_companyfacts,Latest valid filing available as of 2026-08-05; configured source-tag priority breaks valid same-filing ties.
bird,BIRD,0001628280-25-012130,10-K,2025-03-12,2023-01-01,2023-12-31,2023,FY,364.0,operating_income,us-gaap,OperatingIncomeLoss,-153003000.0,-153.003,USD_millions,flow,1,https://www.sec.gov/Archives/edgar/data/1653909/000162828025012130/,2026-08-05T17:49:37+00:00,0001653909,USD,2024,CY2023,True,latest_valid_restated_sec_companyfacts,Latest valid filing available as of 2026-08-05; configured source-tag priority breaks valid same-filing ties.
bird,BIRD,0001628280-25-012130,10-K,2025-03-12,2023-01-01,2023-12-31,2023,FY,364.0,revenue,us-gaap,RevenueFromContractWithCustomerIncludingAssessedTax,254065000.0,254.065,USD_millions,flow,2,https://www.sec.gov/Archives/edgar/data/1653909/000162828025012130/,2026-08-05T17:49:37+00:00,0001653909,USD,2024,CY2023,True,latest_valid_restated_sec_companyfacts,Latest valid filing available as of 2026-08-05; configured source-tag priority breaks valid same-filing ties.
bird,BIRD,0001628280-25-012130,10-K,2025-03-12,,2023-12-31,2023,FY,,total_assets,us-gaap,Assets,312705000.0,312.705,USD_millions,stock,1,https://www.sec.gov/Archives/edgar/data/1653909/000162828025012130/,2026-08-05T17:49:37+00:00,0001653909,USD,2024,CY2023Q4I,True,latest_valid_restated_sec_companyfacts,Latest valid filing available as of 2026-08-05; configured source-tag priority breaks valid same-filing ties.
bird,BIRD,0001628280-26-022192,10-K,2026-03-31,,2023-12-31,2023,FY,,total_equity,us-gaap,StockholdersEquity,185329000.0,185.329,USD_millions,stock,1,https://www.sec.gov/Archives/edgar/data/1653909/000162828026022192/,2026-08-05T17:49:37+00:00,0001653909,USD,2025,CY2023Q4I,True,latest_valid_restated_sec_companyfacts,Latest valid filing available as of 2026-08-05; configured source-tag priority breaks valid same-filing ties.
bird,BIRD,0001628280-25-012130,10-K,2025-03-12,,2023-12-31,2023,FY,,total_liabilities,us-gaap,Liabilities,127376000.0,127.376,USD_millions,stock,1,https://www.sec.gov/Archives/edgar/data/1653909/000162828025012130/,2026-08-05T17:49:37+00:00,0001653909,USD,2024,CY2023Q4I,True,latest_valid_restated_sec_companyfacts,Latest valid filing available as of 2026-08-05; configured source-tag priority breaks valid same-filing ties.
bird,BIRD,0001628280-26-022192,10-K,2026-03-31,2024-01-01,2024-12-31,2024,FY,365.0,capital_expenditure,us-gaap,PaymentsToAcquirePropertyPlantAndEquipment,4095000.0,4.095,USD_millions,flow,1,https://www.sec.gov/Archives/edgar/data/1653909/000162828026022192/,2026-08-05T17:49:37+00:00,0001653909,USD,2025,CY2024,True,latest_valid_restated_sec_companyfacts,Latest valid filing available as of 2026-08-05; configured source-tag priority breaks valid same-filing ties.
bird,BIRD,0001628280-26-022192,10-K,2026-03-31,,2024-12-31,2024,FY,,cash_and_equivalents,us-gaap,CashAndCashEquivalentsAtCarryingValue,66732000.0,66.732,USD_millions,stock,1,https://www.sec.gov/Archives/edgar/data/1653909/000162828026022192/,2026-08-05T17:49:37+00:00,0001653909,USD,2025,CY2024Q4I,True,latest_valid_restated_sec_companyfacts,Latest valid filing available as of 2026-08-05; configured source-tag priority breaks valid same-filing ties.
bird,BIRD,0001628280-26-022192,10-K,2026-03-31,,2024-12-31,2024,FY,,current_assets,us-gaap,AssetsCurrent,130558000.0,130.558,USD_millions,stock,1,https://www.sec.gov/Archives/edgar/data/1653909/000162828026022192/,2026-08-05T17:49:37+00:00,0001653909,USD,2025,CY2024Q4I,True,latest_valid_restated_sec_companyfacts,Latest valid filing available as of 2026-08-05; configured source-tag priority breaks valid same-filing ties.
bird,BIRD,0001628280-26-022192,10-K,2026-03-31,,2024-12-31,2024,FY,,current_liabilities,us-gaap,LiabilitiesCurrent,44369000.0,44.369,USD_millions,stock,1,https://www.sec.gov/Archives/edgar/data/1653909/000162828026022192/,2026-08-05T17:49:37+00:00,0001653909,USD,2025,CY2024Q4I,True,latest_valid_restated_sec_companyfacts,Latest valid filing available as of 2026-08-05; configured source-tag priority breaks valid same-filing ties.
bird,BIRD,0001628280-26-022192,10-K,2026-03-31,2024-01-01,2024-12-31,2024,FY,365.0,free_cash_flow,project,derived:OperatingCashFlow-CapitalExpenditure,,-67.955,USD,flow,0,https://www.sec.gov/Archives/edgar/data/1653909/000162828026022192/,2026-08-05T17:49:37+00:00,0001653909,USD,2025,CY2024,True,derived_from_latest_valid_components,Operating cash flow minus positive CapEx outflow.
bird,BIRD,0001628280-26-022192,10-K,2026-03-31,,2024-12-31,2024,FY,,inventory,us-gaap,InventoryNet,44121000.0,44.121,USD_millions,stock,1,https://www.sec.gov/Archives/edgar/data/1653909/000162828026022192/,2026-08-05T17:49:37+00:00,0001653909,USD,2025,CY2024Q4I,True,latest_valid_restated_sec_companyfacts,Latest valid filing available as of 2026-08-05; configured source-tag priority breaks valid same-filing ties.
bird,BIRD,0001628280-26-022192,10-K,2026-03-31,2024-01-01,2024-12-31,2024,FY,365.0,net_income,us-gaap,NetIncomeLoss,-93318000.0,-93.318,USD_millions,flow,1,https://www.sec.gov/Archives/edgar/data/1653909/000162828026022192/,2026-08-05T17:49:37+00:00,0001653909,USD,2025,CY2024,True,latest_valid_restated_sec_companyfacts,Latest valid filing available as of 2026-08-05; configured source-tag priority breaks valid same-filing ties.
bird,BIRD,0001628280-26-022192,10-K,2026-03-31,2024-01-01,2024-12-31,2024,FY,365.0,operating_cash_flow,us-gaap,NetCashProvidedByUsedInOperatingActivities,-63860000.0,-63.86,USD_millions,flow,1,https://www.sec.gov/Archives/edgar/data/1653909/000162828026022192/,2026-08-05T17:49:37+00:00,0001653909,USD,2025,CY2024,True,latest_valid_restated_sec_companyfacts,Latest valid filing available as of 2026-08-05; configured source-tag priority breaks valid same-filing ties.
bird,BIRD,0001628280-26-022192,10-K,2026-03-31,2024-01-01,2024-12-31,2024,FY,365.0,operating_income,us-gaap,OperatingIncomeLoss,-97553000.0,-97.553,USD_millions,flow,1,https://www.sec.gov/Archives/edgar/data/1653909/000162828026022192/,2026-08-05T17:49:37+00:00,0001653909,USD,2025,CY2024,True,latest_valid_restated_sec_companyfacts,Latest valid filing available as of 2026-08-05; configured source-tag priority breaks valid same-filing ties.
bird,BIRD,0001628280-26-022192,10-K,2026-03-31,2024-01-01,2024-12-31,2024,FY,365.0,revenue,us-gaap,RevenueFromContractWithCustomerIncludingAssessedTax,189757000.0,189.757,USD_millions,flow,2,https://www.sec.gov/Archives/edgar/data/1653909/000162828026022192/,2026-08-05T17:49:37+00:00,0001653909,USD,2025,CY2024,True,latest_valid_restated_sec_companyfacts,Latest valid filing available as of 2026-08-05; configured source-tag priority breaks valid same-filing ties.
bird,BIRD,0001628280-26-022192,10-K,2026-03-31,,2024-12-31,2024,FY,,total_assets,us-gaap,Assets,188879000.0,188.879,USD_millions,stock,1,https://www.sec.gov/Archives/edgar/data/1653909/000162828026022192/,2026-08-05T17:49:37+00:00,0001653909,USD,2025,CY2024Q4I,True,latest_valid_restated_sec_companyfacts,Latest valid filing available as of 2026-08-05; configured source-tag priority breaks valid same-filing ties.
bird,BIRD,0001628280-26-022192,10-K,2026-03-31,,2024-12-31,2024,FY,,total_equity,us-gaap,StockholdersEquity,101685000.0,101.685,USD_millions,stock,1,https://www.sec.gov/Archives/edgar/data/1653909/000162828026022192/,2026-08-05T17:49:37+00:00,0001653909,USD,2025,,True,latest_valid_restated_sec_companyfacts,Latest valid filing available as of 2026-08-05; configured source-tag priority breaks valid same-filing ties.
bird,BIRD,0001628280-26-022192,10-K,2026-03-31,,2024-12-31,2024,FY,,total_liabilities,us-gaap,Liabilities,87194000.0,87.194,USD_millions,stock,1,https://www.sec.gov/Archives/edgar/data/1653909/000162828026022192/,2026-08-05T17:49:37+00:00,0001653909,USD,2025,CY2024Q4I,True,latest_valid_restated_sec_companyfacts,Latest valid filing available as of 2026-08-05; configured source-tag priority breaks valid same-filing ties.
bkng,BKNG,0001075531-20-000011,10-K,2020-02-26,2017-01-01,2017-12-31,2017,FY,364.0,capital_expenditure,us-gaap,PaymentsToAcquirePropertyPlantAndEquipment,288000000.0,288.0,USD_millions,flow,1,https://www.sec.gov/Archives/edgar/data/1075531/000107553120000011/,2026-08-05T12:11:50+00:00,0001075531,USD,2019,CY2017,True,latest_valid_restated_sec_companyfacts,Latest valid filing available as of 2026-08-05; configured source-tag priority breaks valid same-filing ties.
bkng,BKNG,0001075531-20-000011,10-K,2020-02-26,,2017-12-31,2017,FY,,cash_and_equivalents,us-gaap,CashAndCashEquivalentsAtCarryingValue,2542000000.0,2542.0,USD_millions,stock,1,https://www.sec.gov/Archives/edgar/data/1075531/000107553120000011/,2026-08-05T12:11:50+00:00,0001075531,USD,2019,CY2017Q4I,True,latest_valid_restated_sec_companyfacts,Latest valid filing available as of 2026-08-05; configured source-tag priority breaks valid same-filing ties.
bkng,BKNG,0001075531-19-000009,10-K,2019-02-27,,2017-12-31,2017,FY,,current_assets,us-gaap,AssetsCurrent,9035000000.0,9035.0,USD_millions,stock,1,https://www.sec.gov/Archives/edgar/data/1075531/000107553119000009/,2026-08-05T12:11:50+00:00,0001075531,USD,2018,CY2017Q4I,True,latest_valid_restated_sec_companyfacts,Latest valid filing available as of 2026-08-05; configured source-tag priority breaks valid same-filing ties.
bkng,BKNG,0001075531-19-000009,10-K,2019-02-27,,2017-12-31,2017,FY,,current_liabilities,us-gaap,LiabilitiesCurrent,3498000000.0,3498.0,USD_millions,stock,1,https://www.sec.gov/Archives/edgar/data/1075531/000107553119000009/,2026-08-05T12:11:50+00:00,0001075531,USD,2018,CY2017Q4I,True,latest_valid_restated_sec_companyfacts,Latest valid filing available as of 2026-08-05; configured source-tag priority breaks valid same-filing ties.
bkng,BKNG,0001075531-20-000011,10-K,2020-02-26,2017-01-01,2017-12-31,2017,FY,364.0,free_cash_flow,project,derived:OperatingCashFlow-CapitalExpenditure,,4374.0,USD,flow,0,https://www.sec.gov/Archives/edgar/data/1075531/000107553120000011/,2026-08-05T12:11:50+00:00,0001075531,USD,2019,CY2017,True,derived_from_latest_valid_components,Operating cash flow minus positive CapEx outflow.
bkng,BKNG,0001075531-20-000011,10-K,2020-02-26,2017-01-01,2017-12-31,2017,FY,364.0,net_income,us-gaap,NetIncomeLossAvailableToCommonStockholdersBasic,2341000000.0,2341.0,USD_millions,flow,3,https://www.sec.gov/Archives/edgar/data/1075531/000107553120000011/,2026-08-05T12:11:50+00:00,0001075531,USD,2019,CY2017,True,latest_valid_restated_sec_companyfacts,Latest valid filing available as of 2026-08-05; configured source-tag priority breaks valid same-filing ties.
bkng,BKNG,0001075531-20-000011,10-K,2020-02-26,2017-01-01,2017-12-31,2017,FY,364.0,operating_cash_flow,us-gaap,NetCashProvidedByUsedInOperatingActivities,4662000000.0,4662.0,USD_millions,flow,1,https://www.sec.gov/Archives/edgar/data/1075531/000107553120000011/,2026-08-05T12:11:50+00:00,0001075531,USD,2019,CY2017,True,latest_valid_restated_sec_companyfacts,Latest valid filing available as of 2026-08-05; configured source-tag priority breaks valid same-filing ties.
bkng,BKNG,0001075531-20-000011,10-K,2020-02-26,2017-01-01,2017-12-31,2017,FY,364.0,operating_income,us-gaap,OperatingIncomeLoss,4538000000.0,4538.0,USD_millions,flow,1,https://www.sec.gov/Archives/edgar/data/1075531/000107553120000011/,2026-08-05T12:11:50+00:00,0001075531,USD,2019,CY2017,True,latest_valid_restated_sec_companyfacts,Latest valid filing available as of 2026-08-05; configured source-tag priority breaks valid same-filing ties.
bkng,BKNG,0001075531-20-000011,10-K,2020-02-26,2017-01-01,2017-12-31,2017,FY,364.0,revenue,us-gaap,Revenues,12681000000.0,12681.0,USD_millions,flow,4,https://www.sec.gov/Archives/edgar/data/1075531/000107553120000011/,2026-08-05T12:11:50+00:00,0001075531,USD,2019,CY2017,True,latest_valid_restated_sec_companyfacts,Latest valid filing available as of 2026-08-05; configured source-tag priority breaks valid same-filing ties.
bkng,BKNG,0001075531-19-000009,10-K,2019-02-27,,2017-12-31,2017,FY,,total_assets,us-gaap,Assets,25451000000.0,25451.0,USD_millions,stock,1,https://www.sec.gov/Archives/edgar/data/1075531/000107553119000009/,2026-08-05T12:11:50+00:00,0001075531,USD,2018,CY2017Q4I,True,latest_valid_restated_sec_companyfacts,Latest valid filing available as of 2026-08-05; configured source-tag priority breaks valid same-filing ties.
bkng,BKNG,0001075531-21-000019,10-K,2021-02-24,,2017-12-31,2017,FY,,total_equity,us-gaap,StockholdersEquity,11261000000.0,11261.0,USD_millions,stock,1,https://www.sec.gov/Archives/edgar/data/1075531/000107553121000019/,2026-08-05T12:11:50+00:00,0001075531,USD,2020,CY2017Q4I,True,latest_valid_restated_sec_companyfacts,Latest valid filing available as of 2026-08-05; configured source-tag priority breaks valid same-filing ties.
bkng,BKNG,0001075531-19-000009,10-K,2019-02-27,,2017-12-31,2017,FY,,total_liabilities,us-gaap,Liabilities,14187000000.0,14187.0,USD_millions,stock,1,https://www.sec.gov/Archives/edgar/data/1075531/000107553119000009/,2026-08-05T12:11:50+00:00,0001075531,USD,2018,CY2017Q4I,True,latest_valid_restated_sec_companyfacts,Latest valid filing available as of 2026-08-05; configured source-tag priority breaks valid same-filing ties.
bkng,BKNG,0001075531-21-000019,10-K,2021-02-24,2018-01-01,2018-12-31,2018,FY,364.0,capital_expenditure,us-gaap,PaymentsToAcquirePropertyPlantAndEquipment,442000000.0,442.0,USD_millions,flow,1,https://www.sec.gov/Archives/edgar/data/1075531/000107553121000019/,2026-08-05T12:11:50+00:00,0001075531,USD,2020,CY2018,True,latest_valid_restated_sec_companyfacts,Latest valid filing available as of 2026-08-05; configured source-tag priority breaks valid same-filing ties.
bkng,BKNG,0001075531-21-000019,10-K,2021-02-24,,2018-12-31,2018,FY,,cash_and_equivalents,us-gaap,CashAndCashEquivalentsAtCarryingValue,2624000000.0,2624.0,USD_millions,stock,1,https://www.sec.gov/Archives/edgar/data/1075531/000107553121000019/,2026-08-05T12:11:50+00:00,0001075531,USD,2020,CY2018Q4I,True,latest_valid_restated_sec_companyfacts,Latest valid filing available as of 2026-08-05; configured source-tag priority breaks valid same-filing ties.
bkng,BKNG,0001075531-20-000011,10-K,2020-02-26,,2018-12-31,2018,FY,,current_assets,us-gaap,AssetsCurrent,8407000000.0,8407.0,USD_millions,stock,1,https://www.sec.gov/Archives/edgar/data/1075531/000107553120000011/,2026-08-05T12:11:50+00:00,0001075531,USD,2019,CY2018Q4I,True,latest_valid_restated_sec_companyfacts,Latest valid filing available as of 2026-08-05; configured source-tag priority breaks valid same-filing ties.
bkng,BKNG,0001075531-20-000011,10-K,2020-02-26,,2018-12-31,2018,FY,,current_liabilities,us-gaap,LiabilitiesCurrent,3555000000.0,3555.0,USD_millions,stock,1,https://www.sec.gov/Archives/edgar/data/1075531/000107553120000011/,2026-08-05T12:11:50+00:00,0001075531,USD,2019,CY2018Q4I,True,latest_valid_restated_sec_companyfacts,Latest valid filing available as of 2026-08-05; configured source-tag priority breaks valid same-filing ties.
bkng,BKNG,0001075531-21-000019,10-K,2021-02-24,2018-01-01,2018-12-31,2018,FY,364.0,free_cash_flow,project,derived:OperatingCashFlow-CapitalExpenditure,,4896.0,USD,flow,0,https://www.sec.gov/Archives/edgar/data/1075531/000107553121000019/,2026-08-05T12:11:50+00:00,0001075531,USD,2020,CY2018,True,derived_from_latest_valid_components,Operating cash flow minus positive CapEx outflow.
bkng,BKNG,0001075531-21-000019,10-K,2021-02-24,2018-01-01,2018-12-31,2018,FY,364.0,net_income,us-gaap,NetIncomeLossAvailableToCommonStockholdersBasic,3998000000.0,3998.0,USD_millions,flow,3,https://www.sec.gov/Archives/edgar/data/1075531/000107553121000019/,2026-08-05T12:11:50+00:00,0001075531,USD,2020,CY2018,True,latest_valid_restated_sec_companyfacts,Latest valid filing available as of 2026-08-05; configured source-tag priority breaks valid same-filing ties.
bkng,BKNG,0001075531-21-000019,10-K,2021-02-24,2018-01-01,2018-12-31,2018,FY,364.0,operating_cash_flow,us-gaap,NetCashProvidedByUsedInOperatingActivities,5338000000.0,5338.0,USD_millions,flow,1,https://www.sec.gov/Archives/edgar/data/1075531/000107553121000019/,2026-08-05T12:11:50+00:00,0001075531,USD,2020,CY2018,True,latest_valid_restated_sec_companyfacts,Latest valid filing available as of 2026-08-05; configured source-tag priority breaks valid same-filing ties.
bkng,BKNG,0001075531-21-000019,10-K,2021-02-24,2018-01-01,2018-12-31,2018,FY,364.0,operating_income,us-gaap,OperatingIncomeLoss,5341000000.0,5341.0,USD_millions,flow,1,https://www.sec.gov/Archives/edgar/data/1075531/000107553121000019/,2026-08-05T12:11:50+00:00,0001075531,USD,2020,CY2018,True,latest_valid_restated_sec_companyfacts,Latest valid filing available as of 2026-08-05; configured source-tag priority breaks valid same-filing ties.
bkng,BKNG,0001075531-21-000019,10-K,2021-02-24,2018-01-01,2018-12-31,2018,FY,364.0,revenue,us-gaap,Revenues,14527000000.0,14527.0,USD_millions,flow,4,https://www.sec.gov/Archives/edgar/data/1075531/000107553121000019/,2026-08-05T12:11:50+00:00,0001075531,USD,2020,CY2018,True,latest_valid_restated_sec_companyfacts,Latest valid filing available as of 2026-08-05; configured source-tag priority breaks valid same-filing ties.
bkng,BKNG,0001075531-20-000011,10-K,2020-02-26,,2018-12-31,2018,FY,,total_assets,us-gaap,Assets,22687000000.0,22687.0,USD_millions,stock,1,https://www.sec.gov/Archives/edgar/data/1075531/000107553120000011/,2026-08-05T12:11:50+00:00,0001075531,USD,2019,CY2018Q4I,True,latest_valid_restated_sec_companyfacts,Latest valid filing available as of 2026-08-05; configured source-tag priority breaks valid same-filing ties.
bkng,BKNG,0001075531-22-000008,10-K,2022-02-23,,2018-12-31,2018,FY,,total_equity,us-gaap,StockholdersEquity,8785000000.0,8785.0,USD_millions,stock,1,https://www.sec.gov/Archives/edgar/data/1075531/000107553122000008/,2026-08-05T12:11:50+00:00,0001075531,USD,2021,CY2018Q4I,True,latest_valid_restated_sec_companyfacts,Latest valid filing available as of 2026-08-05; configured source-tag priority breaks valid same-filing ties.
bkng,BKNG,0001075531-20-000011,10-K,2020-02-26,,2018-12-31,2018,FY,,total_liabilities,us-gaap,Liabilities,13902000000.0,13902.0,USD_millions,stock,1,https://www.sec.gov/Archives/edgar/data/1075531/000107553120000011/,2026-08-05T12:11:50+00:00,0001075531,USD,2019,CY2018Q4I,True,latest_valid_restated_sec_companyfacts,Latest valid filing available as of 2026-08-05; configured source-tag priority breaks valid same-filing ties.
bkng,BKNG,0001075531-22-000008,10-K,2022-02-23,2019-01-01,2019-12-31,2019,FY,364.0,capital_expenditure,us-gaap,PaymentsToAcquirePropertyPlantAndEquipment,368000000.0,368.0,USD_millions,flow,1,https://www.sec.gov/Archives/edgar/data/1075531/000107553122000008/,2026-08-05T12:11:50+00:00,0001075531,USD,2021,CY2019,True,latest_valid_restated_sec_companyfacts,Latest valid filing available as of 2026-08-05; configured source-tag priority breaks valid same-filing ties.
bkng,BKNG,0001075531-22-000008,10-K,2022-02-23,,2019-12-31,2019,FY,,cash_and_equivalents,us-gaap,CashAndCashEquivalentsAtCarryingValue,6312000000.0,6312.0,USD_millions,stock,1,https://www.sec.gov/Archives/edgar/data/1075531/000107553122000008/,2026-08-05T12:11:50+00:00,0001075531,USD,2021,CY2019Q4I,True,latest_valid_restated_sec_companyfacts,Latest valid filing available as of 2026-08-05; configured source-tag priority breaks valid same-filing ties.
bkng,BKNG,0001075531-21-000019,10-K,2021-02-24,,2019-12-31,2019,FY,,current_assets,us-gaap,AssetsCurrent,9833000000.0,9833.0,USD_millions,stock,1,https://www.sec.gov/Archives/edgar/data/1075531/000107553121000019/,2026-08-05T12:11:50+00:00,0001075531,USD,2020,CY2019Q4I,True,latest_valid_restated_sec_companyfacts,Latest valid filing available as of 2026-08-05; configured source-tag priority breaks valid same-filing ties.
bkng,BKNG,0001075531-21-000019,10-K,2021-02-24,,2019-12-31,2019,FY,,current_liabilities,us-gaap,LiabilitiesCurrent,5366000000.0,5366.0,USD_millions,stock,1,https://www.sec.gov/Archives/edgar/data/1075531/000107553121000019/,2026-08-05T12:11:50+00:00,0001075531,USD,2020,CY2019Q4I,True,latest_valid_restated_sec_companyfacts,Latest valid filing available as of 2026-08-05; configured source-tag priority breaks valid same-filing ties.
bkng,BKNG,0001075531-22-000008,10-K,2022-02-23,2019-01-01,2019-12-31,2019,FY,364.0,free_cash_flow,project,derived:OperatingCashFlow-CapitalExpenditure,,4497.0,USD,flow,0,https://www.sec.gov/Archives/edgar/data/1075531/000107553122000008/,2026-08-05T12:11:50+00:00,0001075531,USD,2021,CY2019,True,derived_from_latest_valid_components,Operating cash flow minus positive CapEx outflow.
bkng,BKNG,0001075531-22-000008,10-K,2022-02-23,2019-01-01,2019-12-31,2019,FY,364.0,net_income,us-gaap,NetIncomeLossAvailableToCommonStockholdersBasic,4865000000.0,4865.0,USD_millions,flow,3,https://www.sec.gov/Archives/edgar/data/1075531/000107553122000008/,2026-08-05T12:11:50+00:00,0001075531,USD,2021,CY2019,True,latest_valid_restated_sec_companyfacts,Latest valid filing available as of 2026-08-05; configured source-tag priority breaks valid same-filing ties.
bkng,BKNG,0001075531-22-000008,10-K,2022-02-23,2019-01-01,2019-12-31,2019,FY,364.0,operating_cash_flow,us-gaap,NetCashProvidedByUsedInOperatingActivities,4865000000.0,4865.0,USD_millions,flow,1,https://www.sec.gov/Archives/edgar/data/1075531/000107553122000008/,2026-08-05T12:11:50+00:00,0001075531,USD,2021,CY2019,True,latest_valid_restated_sec_companyfacts,Latest valid filing available as of 2026-08-05; configured source-tag priority breaks valid same-filing ties.
bkng,BKNG,0001075531-22-000008,10-K,2022-02-23,2019-01-01,2019-12-31,2019,FY,364.0,operating_income,us-gaap,OperatingIncomeLoss,5345000000.0,5345.0,USD_millions,flow,1,https://www.sec.gov/Archives/edgar/data/1075531/000107553122000008/,2026-08-05T12:11:50+00:00,0001075531,USD,2021,CY2019,True,latest_valid_restated_sec_companyfacts,Latest valid filing available as of 2026-08-05; configured source-tag priority breaks valid same-filing ties.
bkng,BKNG,0001075531-22-000008,10-K,2022-02-23,2019-01-01,2019-12-31,2019,FY,364.0,revenue,us-gaap,Revenues,15066000000.0,15066.0,USD_millions,flow,4,https://www.sec.gov/Archives/edgar/data/1075531/000107553122000008/,2026-08-05T12:11:50+00:00,0001075531,USD,2021,CY2019,True,latest_valid_restated_sec_companyfacts,Latest valid filing available as of 2026-08-05; configured source-tag priority breaks valid same-filing ties.
bkng,BKNG,0001075531-21-000019,10-K,2021-02-24,,2019-12-31,2019,FY,,total_assets,us-gaap,Assets,21402000000.0,21402.0,USD_millions,stock,1,https://www.sec.gov/Archives/edgar/data/1075531/000107553121000019/,2026-08-05T12:11:50+00:00,0001075531,USD,2020,CY2019Q4I,True,latest_valid_restated_sec_companyfacts,Latest valid filing available as of 2026-08-05; configured source-tag priority breaks valid same-filing ties.
bkng,BKNG,0001075531-23-000016,10-K,2023-02-23,,2019-12-31,2019,FY,,total_equity,us-gaap,StockholdersEquity,5933000000.0,5933.0,USD_millions,stock,1,https://www.sec.gov/Archives/edgar/data/1075531/000107553123000016/,2026-08-05T12:11:50+00:00,0001075531,USD,2022,CY2019Q4I,True,latest_valid_restated_sec_companyfacts,Latest valid filing available as of 2026-08-05; configured source-tag priority breaks valid same-filing ties.
bkng,BKNG,0001075531-21-000019,10-K,2021-02-24,,2019-12-31,2019,FY,,total_liabilities,us-gaap,Liabilities,15469000000.0,15469.0,USD_millions,stock,1,https://www.sec.gov/Archives/edgar/data/1075531/000107553121000019/,2026-08-05T12:11:50+00:00,0001075531,USD,2020,CY2019Q4I,True,latest_valid_restated_sec_companyfacts,Latest valid filing available as of 2026-08-05; configured source-tag priority breaks valid same-filing ties.
bkng,BKNG,0001075531-23-000016,10-K,2023-02-23,2020-01-01,2020-12-31,2020,FY,365.0,capital_expenditure,us-gaap,PaymentsToAcquirePropertyPlantAndEquipment,286000000.0,286.0,USD_millions,flow,1,https://www.sec.gov/Archives/edgar/data/1075531/000107553123000016/,2026-08-05T12:11:50+00:00,0001075531,USD,2022,CY2020,True,latest_valid_restated_sec_companyfacts,Latest valid filing available as of 2026-08-05; configured source-tag priority breaks valid same-filing ties.
bkng,BKNG,0001075531-22-000008,10-K,2022-02-23,,2020-12-31,2020,FY,,cash_and_equivalents,us-gaap,CashAndCashEquivalentsAtCarryingValue,10562000000.0,10562.0,USD_millions,stock,1,https://www.sec.gov/Archives/edgar/data/1075531/000107553122000008/,2026-08-05T12:11:50+00:00,0001075531,USD,2021,CY2020Q4I,True,latest_valid_restated_sec_companyfacts,Latest valid filing available as of 2026-08-05; configured source-tag priority breaks valid same-filing ties.
bkng,BKNG,0001075531-22-000008,10-K,2022-02-23,,2020-12-31,2020,FY,,current_assets,us-gaap,AssetsCurrent,12206000000.0,12206.0,USD_millions,stock,1,https://www.sec.gov/Archives/edgar/data/1075531/000107553122000008/,2026-08-05T12:11:50+00:00,0001075531,USD,2021,CY2020Q4I,True,latest_valid_restated_sec_companyfacts,Latest valid filing available as of 2026-08-05; configured source-tag priority breaks valid same-filing ties.
bkng,BKNG,0001075531-22-000008,10-K,2022-02-23,,2020-12-31,2020,FY,,current_liabilities,us-gaap,LiabilitiesCurrent,3425000000.0,3425.0,USD_millions,stock,1,https://www.sec.gov/Archives/edgar/data/1075531/000107553122000008/,2026-08-05T12:11:50+00:00,0001075531,USD,2021,CY2020Q4I,True,latest_valid_restated_sec_companyfacts,Latest valid filing available as of 2026-08-05; configured source-tag priority breaks valid same-filing ties.
bkng,BKNG,0001075531-23-000016,10-K,2023-02-23,2020-01-01,2020-12-31,2020,FY,365.0,free_cash_flow,project,derived:OperatingCashFlow-CapitalExpenditure,,-201.0,USD,flow,0,https://www.sec.gov/Archives/edgar/data/1075531/000107553123000016/,2026-08-05T12:11:50+00:00,0001075531,USD,2022,CY2020,True,derived_from_latest_valid_components,Operating cash flow minus positive CapEx outflow.
bkng,BKNG,0001075531-23-000016,10-K,2023-02-23,2020-01-01,2020-12-31,2020,FY,365.0,net_income,us-gaap,NetIncomeLossAvailableToCommonStockholdersBasic,59000000.0,59.0,USD_millions,flow,3,https://www.sec.gov/Archives/edgar/data/1075531/000107553123000016/,2026-08-05T12:11:50+00:00,0001075531,USD,2022,CY2020,True,latest_valid_restated_sec_companyfacts,Latest valid filing available as of 2026-08-05; configured source-tag priority breaks valid same-filing ties.
bkng,BKNG,0001075531-23-000016,10-K,2023-02-23,2020-01-01,2020-12-31,2020,FY,365.0,operating_cash_flow,us-gaap,NetCashProvidedByUsedInOperatingActivities,85000000.0,85.0,USD_millions,flow,1,https://www.sec.gov/Archives/edgar/data/1075531/000107553123000016/,2026-08-05T12:11:50+00:00,0001075531,USD,2022,CY2020,True,latest_valid_restated_sec_companyfacts,Latest valid filing available as of 2026-08-05; configured source-tag priority breaks valid same-filing ties.
bkng,BKNG,0001075531-23-000016,10-K,2023-02-23,2020-01-01,2020-12-31,2020,FY,365.0,operating_income,us-gaap,OperatingIncomeLoss,-631000000.0,-631.0,USD_millions,flow,1,https://www.sec.gov/Archives/edgar/data/1075531/000107553123000016/,2026-08-05T12:11:50+00:00,0001075531,USD,2022,CY2020,True,latest_valid_restated_sec_companyfacts,Latest valid filing available as of 2026-08-05; configured source-tag priority breaks valid same-filing ties.
bkng,BKNG,0001075531-23-000016,10-K,2023-02-23,2020-01-01,2020-12-31,2020,FY,365.0,revenue,us-gaap,Revenues,6796000000.0,6796.0,USD_millions,flow,4,https://www.sec.gov/Archives/edgar/data/1075531/000107553123000016/,2026-08-05T12:11:50+00:00,0001075531,USD,2022,CY2020,True,latest_valid_restated_sec_companyfacts,Latest valid filing available as of 2026-08-05; configured source-tag priority breaks valid same-filing ties.
bkng,BKNG,0001075531-22-000008,10-K,2022-02-23,,2020-12-31,2020,FY,,total_assets,us-gaap,Assets,21874000000.0,21874.0,USD_millions,stock,1,https://www.sec.gov/Archives/edgar/data/1075531/000107553122000008/,2026-08-05T12:11:50+00:00,0001075531,USD,2021,CY2020Q4I,True,latest_valid_restated_sec_companyfacts,Latest valid filing available as of 2026-08-05; configured source-tag priority breaks valid same-filing ties.
bkng,BKNG,0001075531-24-000014,10-K,2024-02-22,,2020-12-31,2020,FY,,total_equity,us-gaap,StockholdersEquity,4893000000.0,4893.0,USD_millions,stock,1,https://www.sec.gov/Archives/edgar/data/1075531/000107553124000014/,2026-08-05T12:11:50+00:00,0001075531,USD,2023,CY2020Q4I,True,latest_valid_restated_sec_companyfacts,Latest valid filing available as of 2026-08-05; configured source-tag priority breaks valid same-filing ties.
bkng,BKNG,0001075531-22-000008,10-K,2022-02-23,,2020-12-31,2020,FY,,total_liabilities,us-gaap,Liabilities,16981000000.0,16981.0,USD_millions,stock,1,https://www.sec.gov/Archives/edgar/data/1075531/000107553122000008/,2026-08-05T12:11:50+00:00,0001075531,USD,2021,CY2020Q4I,True,latest_valid_restated_sec_companyfacts,Latest valid filing available as of 2026-08-05; configured source-tag priority breaks valid same-filing ties.
bkng,BKNG,0001075531-24-000014,10-K,2024-02-22,2021-01-01,2021-12-31,2021,FY,364.0,capital_expenditure,us-gaap,PaymentsToAcquirePropertyPlantAndEquipment,304000000.0,304.0,USD_millions,flow,1,https://www.sec.gov/Archives/edgar/data/1075531/000107553124000014/,2026-08-05T12:11:50+00:00,0001075531,USD,2023,CY2021,True,latest_valid_restated_sec_companyfacts,Latest valid filing available as of 2026-08-05; configured source-tag priority breaks valid same-filing ties.
bkng,BKNG,0001075531-23-000016,10-K,2023-02-23,,2021-12-31,2021,FY,,cash_and_equivalents,us-gaap,CashAndCashEquivalentsAtCarryingValue,11127000000.0,11127.0,USD_millions,stock,1,https://www.sec.gov/Archives/edgar/data/1075531/000107553123000016/,2026-08-05T12:11:50+00:00,0001075531,USD,2022,CY2021Q4I,True,latest_valid_restated_sec_companyfacts,Latest valid filing available as of 2026-08-05; configured source-tag priority breaks valid same-filing ties.
bkng,BKNG,0001075531-23-000016,10-K,2023-02-23,,2021-12-31,2021,FY,,current_assets,us-gaap,AssetsCurrent,13145000000.0,13145.0,USD_millions,stock,1,https://www.sec.gov/Archives/edgar/data/1075531/000107553123000016/,2026-08-05T12:11:50+00:00,0001075531,USD,2022,CY2021Q4I,True,latest_valid_restated_sec_companyfacts,Latest valid filing available as of 2026-08-05; configured source-tag priority breaks valid same-filing ties.
bkng,BKNG,0001075531-23-000016,10-K,2023-02-23,,2021-12-31,2021,FY,,current_liabilities,us-gaap,LiabilitiesCurrent,6246000000.0,6246.0,USD_millions,stock,1,https://www.sec.gov/Archives/edgar/data/1075531/000107553123000016/,2026-08-05T12:11:50+00:00,0001075531,USD,2022,CY2021Q4I,True,latest_valid_restated_sec_companyfacts,Latest valid filing available as of 2026-08-05; configured source-tag priority breaks valid same-filing ties.
bkng,BKNG,0001075531-24-000014,10-K,2024-02-22,2021-01-01,2021-12-31,2021,FY,364.0,free_cash_flow,project,derived:OperatingCashFlow-CapitalExpenditure,,2516.0,USD,flow,0,https://www.sec.gov/Archives/edgar/data/1075531/000107553124000014/,2026-08-05T12:11:50+00:00,0001075531,USD,2023,CY2021,True,derived_from_latest_valid_components,Operating cash flow minus positive CapEx outflow.
bkng,BKNG,0001075531-24-000014,10-K,2024-02-22,2021-01-01,2021-12-31,2021,FY,364.0,net_income,us-gaap,NetIncomeLossAvailableToCommonStockholdersBasic,1165000000.0,1165.0,USD_millions,flow,3,https://www.sec.gov/Archives/edgar/data/1075531/000107553124000014/,2026-08-05T12:11:50+00:00,0001075531,USD,2023,CY2021,True,latest_valid_restated_sec_companyfacts,Latest valid filing available as of 2026-08-05; configured source-tag priority breaks valid same-filing ties.
bkng,BKNG,0001075531-24-000014,10-K,2024-02-22,2021-01-01,2021-12-31,2021,FY,364.0,operating_cash_flow,us-gaap,NetCashProvidedByUsedInOperatingActivities,2820000000.0,2820.0,USD_millions,flow,1,https://www.sec.gov/Archives/edgar/data/1075531/000107553124000014/,2026-08-05T12:11:50+00:00,0001075531,USD,2023,CY2021,True,latest_valid_restated_sec_companyfacts,Latest valid filing available as of 2026-08-05; configured source-tag priority breaks valid same-filing ties.
bkng,BKNG,0001075531-24-000014,10-K,2024-02-22,2021-01-01,2021-12-31,2021,FY,364.0,operating_income,us-gaap,OperatingIncomeLoss,2496000000.0,2496.0,USD_millions,flow,1,https://www.sec.gov/Archives/edgar/data/1075531/000107553124000014/,2026-08-05T12:11:50+00:00,0001075531,USD,2023,CY2021,True,latest_valid_restated_sec_companyfacts,Latest valid filing available as of 2026-08-05; configured source-tag priority breaks valid same-filing ties.
bkng,BKNG,0001075531-24-000014,10-K,2024-02-22,2021-01-01,2021-12-31,2021,FY,364.0,revenue,us-gaap,Revenues,10958000000.0,10958.0,USD_millions,flow,4,https://www.sec.gov/Archives/edgar/data/1075531/000107553124000014/,2026-08-05T12:11:50+00:00,0001075531,USD,2023,CY2021,True,latest_valid_restated_sec_companyfacts,Latest valid filing available as of 2026-08-05; configured source-tag priority breaks valid same-filing ties.
bkng,BKNG,0001075531-23-000016,10-K,2023-02-23,,2021-12-31,2021,FY,,total_assets,us-gaap,Assets,23641000000.0,23641.0,USD_millions,stock,1,https://www.sec.gov/Archives/edgar/data/1075531/000107553123000016/,2026-08-05T12:11:50+00:00,0001075531,USD,2022,CY2021Q4I,True,latest_valid_restated_sec_companyfacts,Latest valid filing available as of 2026-08-05; configured source-tag priority breaks valid same-filing ties.
bkng,BKNG,0001075531-25-000010,10-K,2025-02-20,,2021-12-31,2021,FY,,total_equity,us-gaap,StockholdersEquity,6178000000.0,6178.0,USD_millions,stock,1,https://www.sec.gov/Archives/edgar/data/1075531/000107553125000010/,2026-08-05T12:11:50+00:00,0001075531,USD,2024,CY2021Q4I,True,latest_valid_restated_sec_companyfacts,Latest valid filing available as of 2026-08-05; configured source-tag priority breaks valid same-filing ties.
bkng,BKNG,0001075531-23-000016,10-K,2023-02-23,,2021-12-31,2021,FY,,total_liabilities,us-gaap,Liabilities,17463000000.0,17463.0,USD_millions,stock,1,https://www.sec.gov/Archives/edgar/data/1075531/000107553123000016/,2026-08-05T12:11:50+00:00,0001075531,USD,2022,CY2021Q4I,True,latest_valid_restated_sec_companyfacts,Latest valid filing available as of 2026-08-05; configured source-tag priority breaks valid same-filing ties.
bkng,BKNG,0001075531-25-000010,10-K,2025-02-20,2022-01-01,2022-12-31,2022,FY,364.0,capital_expenditure,us-gaap,PaymentsToAcquirePropertyPlantAndEquipment,368000000.0,368.0,USD_millions,flow,1,https://www.sec.gov/Archives/edgar/data/1075531/000107553125000010/,2026-08-05T12:11:50+00:00,0001075531,USD,2024,CY2022,True,latest_valid_restated_sec_companyfacts,Latest valid filing available as of 2026-08-05; configured source-tag priority breaks valid same-filing ties.
bkng,BKNG,0001075531-24-000014,10-K,2024-02-22,,2022-12-31,2022,FY,,cash_and_equivalents,us-gaap,CashAndCashEquivalentsAtCarryingValue,12221000000.0,12221.0,USD_millions,stock,1,https://www.sec.gov/Archives/edgar/data/1075531/000107553124000014/,2026-08-05T12:11:50+00:00,0001075531,USD,2023,CY2022Q4I,True,latest_valid_restated_sec_companyfacts,Latest valid filing available as of 2026-08-05; configured source-tag priority breaks valid same-filing ties.
bkng,BKNG,0001075531-24-000014,10-K,2024-02-22,,2022-12-31,2022,FY,,current_assets,us-gaap,AssetsCurrent,15798000000.0,15798.0,USD_millions,stock,1,https://www.sec.gov/Archives/edgar/data/1075531/000107553124000014/,2026-08-05T12:11:50+00:00,0001075531,USD,2023,CY2022Q4I,True,latest_valid_restated_sec_companyfacts,Latest valid filing available as of 2026-08-05; configured source-tag priority breaks valid same-filing ties.
bkng,BKNG,0001075531-24-000014,10-K,2024-02-22,,2022-12-31,2022,FY,,current_liabilities,us-gaap,LiabilitiesCurrent,8474000000.0,8474.0,USD_millions,stock,1,https://www.sec.gov/Archives/edgar/data/1075531/000107553124000014/,2026-08-05T12:11:50+00:00,0001075531,USD,2023,CY2022Q4I,True,latest_valid_restated_sec_companyfacts,Latest valid filing available as of 2026-08-05; configured source-tag priority breaks valid same-filing ties.
bkng,BKNG,0001075531-25-000010,10-K,2025-02-20,2022-01-01,2022-12-31,2022,FY,364.0,free_cash_flow,project,derived:OperatingCashFlow-CapitalExpenditure,,6186.0,USD,flow,0,https://www.sec.gov/Archives/edgar/data/1075531/000107553125000010/,2026-08-05T12:11:50+00:00,0001075531,USD,2024,CY2022,True,derived_from_latest_valid_components,Operating cash flow minus positive CapEx outflow.
bkng,BKNG,0001075531-25-000010,10-K,2025-02-20,2022-01-01,2022-12-31,2022,FY,364.0,net_income,us-gaap,NetIncomeLossAvailableToCommonStockholdersBasic,3058000000.0,3058.0,USD_millions,flow,3,https://www.sec.gov/Archives/edgar/data/1075531/000107553125000010/,2026-08-05T12:11:50+00:00,0001075531,USD,2024,CY2022,True,latest_valid_restated_sec_companyfacts,Latest valid filing available as of 2026-08-05; configured source-tag priority breaks valid same-filing ties.
bkng,BKNG,0001075531-25-000010,10-K,2025-02-20,2022-01-01,2022-12-31,2022,FY,364.0,operating_cash_flow,us-gaap,NetCashProvidedByUsedInOperatingActivities,6554000000.0,6554.0,USD_millions,flow,1,https://www.sec.gov/Archives/edgar/data/1075531/000107553125000010/,2026-08-05T12:11:50+00:00,0001075531,USD,2024,CY2022,True,latest_valid_restated_sec_companyfacts,Latest valid filing available as of 2026-08-05; configured source-tag priority breaks valid same-filing ties.
bkng,BKNG,0001075531-25-000010,10-K,2025-02-20,2022-01-01,2022-12-31,2022,FY,364.0,operating_income,us-gaap,OperatingIncomeLoss,5102000000.0,5102.0,USD_millions,flow,1,https://www.sec.gov/Archives/edgar/data/1075531/000107553125000010/,2026-08-05T12:11:50+00:00,0001075531,USD,2024,CY2022,True,latest_valid_restated_sec_companyfacts,Latest valid filing available as of 2026-08-05; configured source-tag priority breaks valid same-filing ties.
bkng,BKNG,0001075531-25-000010,10-K,2025-02-20,2022-01-01,2022-12-31,2022,FY,364.0,revenue,us-gaap,Revenues,17090000000.0,17090.0,USD_millions,flow,4,https://www.sec.gov/Archives/edgar/data/1075531/000107553125000010/,2026-08-05T12:11:50+00:00,0001075531,USD,2024,CY2022,True,latest_valid_restated_sec_companyfacts,Latest valid filing available as of 2026-08-05; configured source-tag priority breaks valid same-filing ties.
bkng,BKNG,0001075531-24-000014,10-K,2024-02-22,,2022-12-31,2022,FY,,total_assets,us-gaap,Assets,25361000000.0,25361.0,USD_millions,stock,1,https://www.sec.gov/Archives/edgar/data/1075531/000107553124000014/,2026-08-05T12:11:50+00:00,0001075531,USD,2023,CY2022Q4I,True,latest_valid_restated_sec_companyfacts,Latest valid filing available as of 2026-08-05; configured source-tag priority breaks valid same-filing ties.
bkng,BKNG,0001075531-26-000009,10-K,2026-02-18,,2022-12-31,2022,FY,,total_equity,us-gaap,StockholdersEquity,2782000000.0,2782.0,USD_millions,stock,1,https://www.sec.gov/Archives/edgar/data/1075531/000107553126000009/,2026-08-05T12:11:50+00:00,0001075531,USD,2025,CY2022Q4I,True,latest_valid_restated_sec_companyfacts,Latest valid filing available as of 2026-08-05; configured source-tag priority breaks valid same-filing ties.
bkng,BKNG,0001075531-24-000014,10-K,2024-02-22,,2022-12-31,2022,FY,,total_liabilities,us-gaap,Liabilities,22579000000.0,22579.0,USD_millions,stock,1,https://www.sec.gov/Archives/edgar/data/1075531/000107553124000014/,2026-08-05T12:11:50+00:00,0001075531,USD,2023,CY2022Q4I,True,latest_valid_restated_sec_companyfacts,Latest valid filing available as of 2026-08-05; configured source-tag priority breaks valid same-filing ties.
bkng,BKNG,0001075531-26-000009,10-K,2026-02-18,2023-01-01,2023-12-31,2023,FY,364.0,capital_expenditure,us-gaap,PaymentsToAcquirePropertyPlantAndEquipment,345000000.0,345.0,USD_millions,flow,1,https://www.sec.gov/Archives/edgar/data/1075531/000107553126000009/,2026-08-05T12:11:50+00:00,0001075531,USD,2025,CY2023,True,latest_valid_restated_sec_companyfacts,Latest valid filing available as of 2026-08-05; configured source-tag priority breaks valid same-filing ties.
bkng,BKNG,0001075531-25-000010,10-K,2025-02-20,,2023-12-31,2023,FY,,cash_and_equivalents,us-gaap,CashAndCashEquivalentsAtCarryingValue,12107000000.0,12107.0,USD_millions,stock,1,https://www.sec.gov/Archives/edgar/data/1075531/000107553125000010/,2026-08-05T12:11:50+00:00,0001075531,USD,2024,CY2023Q4I,True,latest_valid_restated_sec_companyfacts,Latest valid filing available as of 2026-08-05; configured source-tag priority breaks valid same-filing ties.
bkng,BKNG,0001075531-25-000010,10-K,2025-02-20,,2023-12-31,2023,FY,,current_assets,us-gaap,AssetsCurrent,17034000000.0,17034.0,USD_millions,stock,1,https://www.sec.gov/Archives/edgar/data/1075531/000107553125000010/,2026-08-05T12:11:50+00:00,0001075531,USD,2024,CY2023Q4I,True,latest_valid_restated_sec_companyfacts,Latest valid filing available as of 2026-08-05; configured source-tag priority breaks valid same-filing ties.
bkng,BKNG,0001075531-25-000010,10-K,2025-02-20,,2023-12-31,2023,FY,,current_liabilities,us-gaap,LiabilitiesCurrent,13330000000.0,13330.0,USD_millions,stock,1,https://www.sec.gov/Archives/edgar/data/1075531/000107553125000010/,2026-08-05T12:11:50+00:00,0001075531,USD,2024,CY2023Q4I,True,latest_valid_restated_sec_companyfacts,Latest valid filing available as of 2026-08-05; configured source-tag priority breaks valid same-filing ties.
bkng,BKNG,0001075531-26-000009,10-K,2026-02-18,2023-01-01,2023-12-31,2023,FY,364.0,free_cash_flow,project,derived:OperatingCashFlow-CapitalExpenditure,,6999.0,USD,flow,0,https://www.sec.gov/Archives/edgar/data/1075531/000107553126000009/,2026-08-05T12:11:50+00:00,0001075531,USD,2025,CY2023,True,derived_from_latest_valid_components,Operating cash flow minus positive CapEx outflow.
bkng,BKNG,0001075531-26-000009,10-K,2026-02-18,2023-01-01,2023-12-31,2023,FY,364.0,net_income,us-gaap,NetIncomeLossAvailableToCommonStockholdersBasic,4289000000.0,4289.0,USD_millions,flow,3,https://www.sec.gov/Archives/edgar/data/1075531/000107553126000009/,2026-08-05T12:11:50+00:00,0001075531,USD,2025,CY2023,True,latest_valid_restated_sec_companyfacts,Latest valid filing available as of 2026-08-05; configured source-tag priority breaks valid same-filing ties.
bkng,BKNG,0001075531-26-000009,10-K,2026-02-18,2023-01-01,2023-12-31,2023,FY,364.0,operating_cash_flow,us-gaap,NetCashProvidedByUsedInOperatingActivities,7344000000.0,7344.0,USD_millions,flow,1,https://www.sec.gov/Archives/edgar/data/1075531/000107553126000009/,2026-08-05T12:11:50+00:00,0001075531,USD,2025,CY2023,True,latest_valid_restated_sec_companyfacts,Latest valid filing available as of 2026-08-05; configured source-tag priority breaks valid same-filing ties.
bkng,BKNG,0001075531-26-000009,10-K,2026-02-18,2023-01-01,2023-12-31,2023,FY,364.0,operating_income,us-gaap,OperatingIncomeLoss,5835000000.0,5835.0,USD_millions,flow,1,https://www.sec.gov/Archives/edgar/data/1075531/000107553126000009/,2026-08-05T12:11:50+00:00,0001075531,USD,2025,CY2023,True,latest_valid_restated_sec_companyfacts,Latest valid filing available as of 2026-08-05; configured source-tag priority breaks valid same-filing ties.
bkng,BKNG,0001075531-26-000009,10-K,2026-02-18,2023-01-01,2023-12-31,2023,FY,364.0,revenue,us-gaap,Revenues,21365000000.0,21365.0,USD_millions,flow,4,https://www.sec.gov/Archives/edgar/data/1075531/000107553126000009/,2026-08-05T12:11:50+00:00,0001075531,USD,2025,CY2023,True,latest_valid_restated_sec_companyfacts,Latest valid filing available as of 2026-08-05; configured source-tag priority breaks valid same-filing ties.
bkng,BKNG,0001075531-25-000010,10-K,2025-02-20,,2023-12-31,2023,FY,,total_assets,us-gaap,Assets,24342000000.0,24342.0,USD_millions,stock,1,https://www.sec.gov/Archives/edgar/data/1075531/000107553125000010/,2026-08-05T12:11:50+00:00,0001075531,USD,2024,CY2023Q4I,True,latest_valid_restated_sec_companyfacts,Latest valid filing available as of 2026-08-05; configured source-tag priority breaks valid same-filing ties.
bkng,BKNG,0001075531-26-000009,10-K,2026-02-18,,2023-12-31,2023,FY,,total_equity,us-gaap,StockholdersEquity,-2744000000.0,-2744.0,USD_millions,stock,1,https://www.sec.gov/Archives/edgar/data/1075531/000107553126000009/,2026-08-05T12:11:50+00:00,0001075531,USD,2025,CY2023Q4I,True,latest_valid_restated_sec_companyfacts,Latest valid filing available as of 2026-08-05; configured source-tag priority breaks valid same-filing ties.
bkng,BKNG,0001075531-25-000010,10-K,2025-02-20,,2023-12-31,2023,FY,,total_liabilities,us-gaap,Liabilities,27086000000.0,27086.0,USD_millions,stock,1,https://www.sec.gov/Archives/edgar/data/1075531/000107553125000010/,2026-08-05T12:11:50+00:00,0001075531,USD,2024,CY2023Q4I,True,latest_valid_restated_sec_companyfacts,Latest valid filing available as of 2026-08-05; configured source-tag priority breaks valid same-filing ties.
bkng,BKNG,0001075531-26-000009,10-K,2026-02-18,2024-01-01,2024-12-31,2024,FY,365.0,capital_expenditure,us-gaap,PaymentsToAcquirePropertyPlantAndEquipment,429000000.0,429.0,USD_millions,flow,1,https://www.sec.gov/Archives/edgar/data/1075531/000107553126000009/,2026-08-05T12:11:50+00:00,0001075531,USD,2025,CY2024,True,latest_valid_restated_sec_companyfacts,Latest valid filing available as of 2026-08-05; configured source-tag priority breaks valid same-filing ties.
bkng,BKNG,0001075531-26-000009,10-K,2026-02-18,,2024-12-31,2024,FY,,cash_and_equivalents,us-gaap,CashAndCashEquivalentsAtCarryingValue,16164000000.0,16164.0,USD_millions,stock,1,https://www.sec.gov/Archives/edgar/data/1075531/000107553126000009/,2026-08-05T12:11:50+00:00,0001075531,USD,2025,CY2024Q4I,True,latest_valid_restated_sec_companyfacts,Latest valid filing available as of 2026-08-05; configured source-tag priority breaks valid same-filing ties.
bkng,BKNG,0001075531-26-000009,10-K,2026-02-18,,2024-12-31,2024,FY,,current_assets,us-gaap,AssetsCurrent,20491000000.0,20491.0,USD_millions,stock,1,https://www.sec.gov/Archives/edgar/data/1075531/000107553126000009/,2026-08-05T12:11:50+00:00,0001075531,USD,2025,CY2024Q4I,True,latest_valid_restated_sec_companyfacts,Latest valid filing available as of 2026-08-05; configured source-tag priority breaks valid same-filing ties.
bkng,BKNG,0001075531-26-000009,10-K,2026-02-18,,2024-12-31,2024,FY,,current_liabilities,us-gaap,LiabilitiesCurrent,15647000000.0,15647.0,USD_millions,stock,1,https://www.sec.gov/Archives/edgar/data/1075531/000107553126000009/,2026-08-05T12:11:50+00:00,0001075531,USD,2025,CY2024Q4I,True,latest_valid_restated_sec_companyfacts,Latest valid filing available as of 2026-08-05; configured source-tag priority breaks valid same-filing ties.
bkng,BKNG,0001075531-26-000009,10-K,2026-02-18,2024-01-01,2024-12-31,2024,FY,365.0,free_cash_flow,project,derived:OperatingCashFlow-CapitalExpenditure,,7894.0,USD,flow,0,https://www.sec.gov/Archives/edgar/data/1075531/000107553126000009/,2026-08-05T12:11:50+00:00,0001075531,USD,2025,CY2024,True,derived_from_latest_valid_components,Operating cash flow minus positive CapEx outflow.
bkng,BKNG,0001075531-26-000009,10-K,2026-02-18,2024-01-01,2024-12-31,2024,FY,365.0,net_income,us-gaap,NetIncomeLossAvailableToCommonStockholdersBasic,5882000000.0,5882.0,USD_millions,flow,3,https://www.sec.gov/Archives/edgar/data/1075531/000107553126000009/,2026-08-05T12:11:50+00:00,0001075531,USD,2025,CY2024,True,latest_valid_restated_sec_companyfacts,Latest valid filing available as of 2026-08-05; configured source-tag priority breaks valid same-filing ties.
bkng,BKNG,0001075531-26-000009,10-K,2026-02-18,2024-01-01,2024-12-31,2024,FY,365.0,operating_cash_flow,us-gaap,NetCashProvidedByUsedInOperatingActivities,8323000000.0,8323.0,USD_millions,flow,1,https://www.sec.gov/Archives/edgar/data/1075531/000107553126000009/,2026-08-05T12:11:50+00:00,0001075531,USD,2025,CY2024,True,latest_valid_restated_sec_companyfacts,Latest valid filing available as of 2026-08-05; configured source-tag priority breaks valid same-filing ties.
bkng,BKNG,0001075531-26-000009,10-K,2026-02-18,2024-01-01,2024-12-31,2024,FY,365.0,operating_income,us-gaap,OperatingIncomeLoss,7555000000.0,7555.0,USD_millions,flow,1,https://www.sec.gov/Archives/edgar/data/1075531/000107553126000009/,2026-08-05T12:11:50+00:00,0001075531,USD,2025,CY2024,True,latest_valid_restated_sec_companyfacts,Latest valid filing available as of 2026-08-05; configured source-tag priority breaks valid same-filing ties.
bkng,BKNG,0001075531-26-000009,10-K,2026-02-18,2024-01-01,2024-12-31,2024,FY,365.0,revenue,us-gaap,Revenues,23739000000.0,23739.0,USD_millions,flow,4,https://www.sec.gov/Archives/edgar/data/1075531/000107553126000009/,2026-08-05T12:11:50+00:00,0001075531,USD,2025,CY2024,True,latest_valid_restated_sec_companyfacts,Latest valid filing available as of 2026-08-05; configured source-tag priority breaks valid same-filing ties.
bkng,BKNG,0001075531-26-000009,10-K,2026-02-18,,2024-12-31,2024,FY,,total_assets,us-gaap,Assets,27708000000.0,27708.0,USD_millions,stock,1,https://www.sec.gov/Archives/edgar/data/1075531/000107553126000009/,2026-08-05T12:11:50+00:00,0001075531,USD,2025,CY2024Q4I,True,latest_valid_restated_sec_companyfacts,Latest valid filing available as of 2026-08-05; configured source-tag priority breaks valid same-filing ties.
bkng,BKNG,0001075531-26-000009,10-K,2026-02-18,,2024-12-31,2024,FY,,total_equity,us-gaap,StockholdersEquity,-4020000000.0,-4020.0,USD_millions,stock,1,https://www.sec.gov/Archives/edgar/data/1075531/000107553126000009/,2026-08-05T12:11:50+00:00,0001075531,USD,2025,,True,latest_valid_restated_sec_companyfacts,Latest valid filing available as of 2026-08-05; configured source-tag priority breaks valid same-filing ties.
bkng,BKNG,0001075531-26-000009,10-K,2026-02-18,,2024-12-31,2024,FY,,total_liabilities,us-gaap,Liabilities,31728000000.0,31728.0,USD_millions,stock,1,https://www.sec.gov/Archives/edgar/data/1075531/000107553126000009/,2026-08-05T12:11:50+00:00,0001075531,USD,2025,CY2024Q4I,True,latest_valid_restated_sec_companyfacts,Latest valid filing available as of 2026-08-05; configured source-tag priority breaks valid same-filing ties.
byon,BYON,0001130713-20-000014,10-K,2020-03-13,2017-01-01,2017-12-31,2017,FY,364.0,capital_expenditure,us-gaap,PaymentsToAcquireProductiveAssets,23586000.0,23.586,USD_millions,flow,2,https://www.sec.gov/Archives/edgar/data/1130713/000113071320000014/,2026-08-05T17:49:37+00:00,0001130713,USD,2019,CY2017,True,latest_valid_restated_sec_companyfacts,Latest valid filing available as of 2026-08-05; configured source-tag priority breaks valid same-filing ties.
byon,BYON,0001130713-19-000016,10-K,2019-03-18,,2017-12-31,2017,FY,,cash_and_equivalents,us-gaap,CashAndCashEquivalentsAtCarryingValue,203215000.0,203.215,USD_millions,stock,1,https://www.sec.gov/Archives/edgar/data/1130713/000113071319000016/,2026-08-05T17:49:37+00:00,0001130713,USD,2018,CY2017Q4I,True,latest_valid_restated_sec_companyfacts,Latest valid filing available as of 2026-08-05; configured source-tag priority breaks valid same-filing ties.
byon,BYON,0001130713-19-000016,10-K,2019-03-18,,2017-12-31,2017,FY,,current_assets,us-gaap,AssetsCurrent,265197000.0,265.197,USD_millions,stock,1,https://www.sec.gov/Archives/edgar/data/1130713/000113071319000016/,2026-08-05T17:49:37+00:00,0001130713,USD,2018,CY2017Q4I,True,latest_valid_restated_sec_companyfacts,Latest valid filing available as of 2026-08-05; configured source-tag priority breaks valid same-filing ties.
byon,BYON,0001130713-19-000016,10-K,2019-03-18,,2017-12-31,2017,FY,,current_liabilities,us-gaap,LiabilitiesCurrent,214663000.0,214.663,USD_millions,stock,1,https://www.sec.gov/Archives/edgar/data/1130713/000113071319000016/,2026-08-05T17:49:37+00:00,0001130713,USD,2018,CY2017Q4I,True,latest_valid_restated_sec_companyfacts,Latest valid filing available as of 2026-08-05; configured source-tag priority breaks valid same-filing ties.
byon,BYON,0001130713-20-000014,10-K,2020-03-13,2017-01-01,2017-12-31,2017,FY,364.0,free_cash_flow,project,derived:OperatingCashFlow-CapitalExpenditure,,-58.806999999999995,USD,flow,0,https://www.sec.gov/Archives/edgar/data/1130713/000113071320000014/,2026-08-05T17:49:37+00:00,0001130713,USD,2019,CY2017,True,derived_from_latest_valid_components,Operating cash flow minus positive CapEx outflow.
byon,BYON,0001130713-19-000016,10-K,2019-03-18,,2017-12-31,2017,FY,,inventory,us-gaap,InventoryNet,13703000.0,13.703,USD_millions,stock,1,https://www.sec.gov/Archives/edgar/data/1130713/000113071319000016/,2026-08-05T17:49:37+00:00,0001130713,USD,2018,CY2017Q4I,True,latest_valid_restated_sec_companyfacts,Latest valid filing available as of 2026-08-05; configured source-tag priority breaks valid same-filing ties.
byon,BYON,0001130713-20-000014,10-K,2020-03-13,2017-01-01,2017-12-31,2017,FY,364.0,net_income,us-gaap,NetIncomeLoss,-109878000.0,-109.878,USD_millions,flow,1,https://www.sec.gov/Archives/edgar/data/1130713/000113071320000014/,2026-08-05T17:49:37+00:00,0001130713,USD,2019,CY2017,True,latest_valid_restated_sec_companyfacts,Latest valid filing available as of 2026-08-05; configured source-tag priority breaks valid same-filing ties.
byon,BYON,0001130713-20-000014,10-K,2020-03-13,2017-01-01,2017-12-31,2017,FY,364.0,operating_cash_flow,us-gaap,NetCashProvidedByUsedInOperatingActivities,-35221000.0,-35.221,USD_millions,flow,1,https://www.sec.gov/Archives/edgar/data/1130713/000113071320000014/,2026-08-05T17:49:37+00:00,0001130713,USD,2019,CY2017,True,latest_valid_restated_sec_companyfacts,Latest valid filing available as of 2026-08-05; configured source-tag priority breaks valid same-filing ties.
byon,BYON,0001130713-20-000014,10-K,2020-03-13,2017-01-01,2017-12-31,2017,FY,364.0,operating_income,us-gaap,OperatingIncomeLoss,-46634000.0,-46.634,USD_millions,flow,1,https://www.sec.gov/Archives/edgar/data/1130713/000113071320000014/,2026-08-05T17:49:37+00:00,0001130713,USD,2019,CY2017,True,latest_valid_restated_sec_companyfacts,Latest valid filing available as of 2026-08-05; configured source-tag priority breaks valid same-filing ties.
byon,BYON,0001130713-20-000014,10-K,2020-03-13,2017-01-01,2017-12-31,2017,FY,364.0,revenue,us-gaap,RevenueFromContractWithCustomerExcludingAssessedTax,1744756000.0,1744.756,USD_millions,flow,1,https://www.sec.gov/Archives/edgar/data/1130713/000113071320000014/,2026-08-05T17:49:37+00:00,0001130713,USD,2019,CY2017,True,latest_valid_restated_sec_companyfacts,Latest valid filing available as of 2026-08-05; configured source-tag priority breaks valid same-filing ties.
byon,BYON,0001130713-19-000016,10-K,2019-03-18,,2017-12-31,2017,FY,,total_assets,us-gaap,Assets,433815000.0,433.815,USD_millions,stock,1,https://www.sec.gov/Archives/edgar/data/1130713/000113071319000016/,2026-08-05T17:49:37+00:00,0001130713,USD,2018,CY2017Q4I,True,latest_valid_restated_sec_companyfacts,Latest valid filing available as of 2026-08-05; configured source-tag priority breaks valid same-filing ties.
byon,BYON,0001130713-20-000014,10-K,2020-03-13,,2017-12-31,2017,FY,,total_equity,us-gaap,StockholdersEquityIncludingPortionAttributableToNoncontrollingInterest,172123000.0,172.123,USD_millions,stock,2,https://www.sec.gov/Archives/edgar/data/1130713/000113071320000014/,2026-08-05T17:49:37+00:00,0001130713,USD,2019,CY2017Q4I,True,latest_valid_restated_sec_companyfacts,Latest valid filing available as of 2026-08-05; configured source-tag priority breaks valid same-filing ties.
byon,BYON,0001130713-19-000016,10-K,2019-03-18,,2017-12-31,2017,FY,,total_liabilities,us-gaap,Liabilities,261692000.0,261.692,USD_millions,stock,1,https://www.sec.gov/Archives/edgar/data/1130713/000113071319000016/,2026-08-05T17:49:37+00:00,0001130713,USD,2018,CY2017Q4I,True,latest_valid_restated_sec_companyfacts,Latest valid filing available as of 2026-08-05; configured source-tag priority breaks valid same-filing ties.
byon,BYON,0001130713-21-000019,10-K,2021-02-26,2018-01-01,2018-12-31,2018,FY,364.0,capital_expenditure,us-gaap,PaymentsToAcquirePropertyPlantAndEquipment,28680000.0,28.68,USD_millions,flow,1,https://www.sec.gov/Archives/edgar/data/1130713/000113071321000019/,2026-08-05T17:49:37+00:00,0001130713,USD,2020,CY2018,True,latest_valid_restated_sec_companyfacts,Latest valid filing available as of 2026-08-05; configured source-tag priority breaks valid same-filing ties.
byon,BYON,0001130713-20-000014,10-K,2020-03-13,,2018-12-31,2018,FY,,cash_and_equivalents,us-gaap,CashAndCashEquivalentsAtCarryingValue,141512000.0,141.512,USD_millions,stock,1,https://www.sec.gov/Archives/edgar/data/1130713/000113071320000014/,2026-08-05T17:49:37+00:00,0001130713,USD,2019,CY2018Q4I,True,latest_valid_restated_sec_companyfacts,Latest valid filing available as of 2026-08-05; configured source-tag priority breaks valid same-filing ties.
byon,BYON,0001130713-20-000014,10-K,2020-03-13,,2018-12-31,2018,FY,,current_assets,us-gaap,AssetsCurrent,215267000.0,215.267,USD_millions,stock,1,https://www.sec.gov/Archives/edgar/data/1130713/000113071320000014/,2026-08-05T17:49:37+00:00,0001130713,USD,2019,CY2018Q4I,True,latest_valid_restated_sec_companyfacts,Latest valid filing available as of 2026-08-05; configured source-tag priority breaks valid same-filing ties.
byon,BYON,0001130713-20-000014,10-K,2020-03-13,,2018-12-31,2018,FY,,current_liabilities,us-gaap,LiabilitiesCurrent,241486000.0,241.486,USD_millions,stock,1,https://www.sec.gov/Archives/edgar/data/1130713/000113071320000014/,2026-08-05T17:49:37+00:00,0001130713,USD,2019,CY2018Q4I,True,latest_valid_restated_sec_companyfacts,Latest valid filing available as of 2026-08-05; configured source-tag priority breaks valid same-filing ties.
byon,BYON,0001130713-21-000019,10-K,2021-02-26,2018-01-01,2018-12-31,2018,FY,364.0,free_cash_flow,project,derived:OperatingCashFlow-CapitalExpenditure,,-167.614,USD,flow,0,https://www.sec.gov/Archives/edgar/data/1130713/000113071321000019/,2026-08-05T17:49:37+00:00,0001130713,USD,2020,CY2018,True,derived_from_latest_valid_components,Operating cash flow minus positive CapEx outflow.
byon,BYON,0001130713-20-000014,10-K,2020-03-13,,2018-12-31,2018,FY,,inventory,us-gaap,InventoryNet,14108000.0,14.108,USD_millions,stock,1,https://www.sec.gov/Archives/edgar/data/1130713/000113071320000014/,2026-08-05T17:49:37+00:00,0001130713,USD,2019,CY2018Q4I,True,latest_valid_restated_sec_companyfacts,Latest valid filing available as of 2026-08-05; configured source-tag priority breaks valid same-filing ties.
byon,BYON,0001130713-21-000019,10-K,2021-02-26,2018-01-01,2018-12-31,2018,FY,364.0,net_income,us-gaap,NetIncomeLoss,-206070000.0,-206.07,USD_millions,flow,1,https://www.sec.gov/Archives/edgar/data/1130713/000113071321000019/,2026-08-05T17:49:37+00:00,0001130713,USD,2020,CY2018,True,latest_valid_restated_sec_companyfacts,Latest valid filing available as of 2026-08-05; configured source-tag priority breaks valid same-filing ties.
byon,BYON,0001130713-21-000019,10-K,2021-02-26,2018-01-01,2018-12-31,2018,FY,364.0,operating_cash_flow,us-gaap,NetCashProvidedByUsedInOperatingActivities,-138934000.0,-138.934,USD_millions,flow,1,https://www.sec.gov/Archives/edgar/data/1130713/000113071321000019/,2026-08-05T17:49:37+00:00,0001130713,USD,2020,CY2018,True,latest_valid_restated_sec_companyfacts,Latest valid filing available as of 2026-08-05; configured source-tag priority breaks valid same-filing ties.
byon,BYON,0001130713-21-000019,10-K,2021-02-26,2018-01-01,2018-12-31,2018,FY,364.0,operating_income,us-gaap,OperatingIncomeLoss,-217206000.0,-217.206,USD_millions,flow,1,https://www.sec.gov/Archives/edgar/data/1130713/000113071321000019/,2026-08-05T17:49:37+00:00,0001130713,USD,2020,CY2018,True,latest_valid_restated_sec_companyfacts,Latest valid filing available as of 2026-08-05; configured source-tag priority breaks valid same-filing ties.
byon,BYON,0001130713-21-000019,10-K,2021-02-26,2018-01-01,2018-12-31,2018,FY,364.0,revenue,us-gaap,RevenueFromContractWithCustomerExcludingAssessedTax,1821592000.0,1821.592,USD_millions,flow,1,https://www.sec.gov/Archives/edgar/data/1130713/000113071321000019/,2026-08-05T17:49:37+00:00,0001130713,USD,2020,CY2018,True,latest_valid_restated_sec_companyfacts,Latest valid filing available as of 2026-08-05; configured source-tag priority breaks valid same-filing ties.
byon,BYON,0001130713-20-000014,10-K,2020-03-13,,2018-12-31,2018,FY,,total_assets,us-gaap,Assets,461219000.0,461.219,USD_millions,stock,1,https://www.sec.gov/Archives/edgar/data/1130713/000113071320000014/,2026-08-05T17:49:37+00:00,0001130713,USD,2019,CY2018Q4I,True,latest_valid_restated_sec_companyfacts,Latest valid filing available as of 2026-08-05; configured source-tag priority breaks valid same-filing ties.
byon,BYON,0001130713-21-000019,10-K,2021-02-26,,2018-12-31,2018,FY,,total_equity,us-gaap,StockholdersEquityIncludingPortionAttributableToNoncontrollingInterest,210706000.0,210.706,USD_millions,stock,2,https://www.sec.gov/Archives/edgar/data/1130713/000113071321000019/,2026-08-05T17:49:37+00:00,0001130713,USD,2020,CY2018Q4I,True,latest_valid_restated_sec_companyfacts,Latest valid filing available as of 2026-08-05; configured source-tag priority breaks valid same-filing ties.
byon,BYON,0001130713-20-000014,10-K,2020-03-13,,2018-12-31,2018,FY,,total_liabilities,us-gaap,Liabilities,250513000.0,250.513,USD_millions,stock,1,https://www.sec.gov/Archives/edgar/data/1130713/000113071320000014/,2026-08-05T17:49:37+00:00,0001130713,USD,2019,CY2018Q4I,True,latest_valid_restated_sec_companyfacts,Latest valid filing available as of 2026-08-05; configured source-tag priority breaks valid same-filing ties.
byon,BYON,0001130713-22-000009,10-K,2022-02-25,2019-01-01,2019-12-31,2019,FY,364.0,capital_expenditure,us-gaap,PaymentsToAcquirePropertyPlantAndEquipment,12835000.0,12.835,USD_millions,flow,1,https://www.sec.gov/Archives/edgar/data/1130713/000113071322000009/,2026-08-05T17:49:37+00:00,0001130713,USD,2021,CY2019,True,latest_valid_restated_sec_companyfacts,Latest valid filing available as of 2026-08-05; configured source-tag priority breaks valid same-filing ties.
byon,BYON,0001130713-21-000019,10-K,2021-02-26,,2019-12-31,2019,FY,,cash_and_equivalents,us-gaap,CashAndCashEquivalentsAtCarryingValue,112266000.0,112.266,USD_millions,stock,1,https://www.sec.gov/Archives/edgar/data/1130713/000113071321000019/,2026-08-05T17:49:37+00:00,0001130713,USD,2020,CY2019Q4I,True,latest_valid_restated_sec_companyfacts,Latest valid filing available as of 2026-08-05; configured source-tag priority breaks valid same-filing ties.
byon,BYON,0001130713-21-000019,10-K,2021-02-26,,2019-12-31,2019,FY,,current_assets,us-gaap,AssetsCurrent,177363000.0,177.363,USD_millions,stock,1,https://www.sec.gov/Archives/edgar/data/1130713/000113071321000019/,2026-08-05T17:49:37+00:00,0001130713,USD,2020,CY2019Q4I,True,latest_valid_restated_sec_companyfacts,Latest valid filing available as of 2026-08-05; configured source-tag priority breaks valid same-filing ties.
byon,BYON,0001130713-21-000019,10-K,2021-02-26,,2019-12-31,2019,FY,,current_liabilities,us-gaap,LiabilitiesCurrent,215999000.0,215.999,USD_millions,stock,1,https://www.sec.gov/Archives/edgar/data/1130713/000113071321000019/,2026-08-05T17:49:37+00:00,0001130713,USD,2020,CY2019Q4I,True,latest_valid_restated_sec_companyfacts,Latest valid filing available as of 2026-08-05; configured source-tag priority breaks valid same-filing ties.
byon,BYON,0001130713-22-000009,10-K,2022-02-25,2019-01-01,2019-12-31,2019,FY,364.0,free_cash_flow,project,derived:OperatingCashFlow-CapitalExpenditure,,-94.447,USD,flow,0,https://www.sec.gov/Archives/edgar/data/1130713/000113071322000009/,2026-08-05T17:49:37+00:00,0001130713,USD,2021,CY2019,True,derived_from_latest_valid_components,Operating cash flow minus positive CapEx outflow.
byon,BYON,0001130713-21-000019,10-K,2021-02-26,,2019-12-31,2019,FY,,inventory,us-gaap,InventoryNet,5840000.0,5.84,USD_millions,stock,1,https://www.sec.gov/Archives/edgar/data/1130713/000113071321000019/,2026-08-05T17:49:37+00:00,0001130713,USD,2020,CY2019Q4I,True,latest_valid_restated_sec_companyfacts,Latest valid filing available as of 2026-08-05; configured source-tag priority breaks valid same-filing ties.
byon,BYON,0001130713-22-000009,10-K,2022-02-25,2019-01-01,2019-12-31,2019,FY,364.0,net_income,us-gaap,NetIncomeLoss,-121841000.0,-121.841,USD_millions,flow,1,https://www.sec.gov/Archives/edgar/data/1130713/000113071322000009/,2026-08-05T17:49:37+00:00,0001130713,USD,2021,CY2019,True,latest_valid_restated_sec_companyfacts,Latest valid filing available as of 2026-08-05; configured source-tag priority breaks valid same-filing ties.
byon,BYON,0001130713-22-000009,10-K,2022-02-25,2019-01-01,2019-12-31,2019,FY,364.0,operating_cash_flow,us-gaap,NetCashProvidedByUsedInOperatingActivities,-81612000.0,-81.612,USD_millions,flow,1,https://www.sec.gov/Archives/edgar/data/1130713/000113071322000009/,2026-08-05T17:49:37+00:00,0001130713,USD,2021,CY2019,True,latest_valid_restated_sec_companyfacts,Latest valid filing available as of 2026-08-05; configured source-tag priority breaks valid same-filing ties.
byon,BYON,0001130713-22-000009,10-K,2022-02-25,2019-01-01,2019-12-31,2019,FY,364.0,operating_income,us-gaap,OperatingIncomeLoss,-62407000.0,-62.407,USD_millions,flow,1,https://www.sec.gov/Archives/edgar/data/1130713/000113071322000009/,2026-08-05T17:49:37+00:00,0001130713,USD,2021,CY2019,True,latest_valid_restated_sec_companyfacts,Latest valid filing available as of 2026-08-05; configured source-tag priority breaks valid same-filing ties.
byon,BYON,0001130713-22-000009,10-K,2022-02-25,2019-01-01,2019-12-31,2019,FY,364.0,revenue,us-gaap,RevenueFromContractWithCustomerExcludingAssessedTax,1434974000.0,1434.974,USD_millions,flow,1,https://www.sec.gov/Archives/edgar/data/1130713/000113071322000009/,2026-08-05T17:49:37+00:00,0001130713,USD,2021,CY2019,True,latest_valid_restated_sec_companyfacts,Latest valid filing available as of 2026-08-05; configured source-tag priority breaks valid same-filing ties.
byon,BYON,0001130713-21-000019,10-K,2021-02-26,,2019-12-31,2019,FY,,total_assets,us-gaap,Assets,417727000.0,417.727,USD_millions,stock,1,https://www.sec.gov/Archives/edgar/data/1130713/000113071321000019/,2026-08-05T17:49:37+00:00,0001130713,USD,2020,CY2019Q4I,True,latest_valid_restated_sec_companyfacts,Latest valid filing available as of 2026-08-05; configured source-tag priority breaks valid same-filing ties.
byon,BYON,0001130713-22-000009,10-K,2022-02-25,,2019-12-31,2019,FY,,total_equity,us-gaap,StockholdersEquityIncludingPortionAttributableToNoncontrollingInterest,177855000.0,177.855,USD_millions,stock,2,https://www.sec.gov/Archives/edgar/data/1130713/000113071322000009/,2026-08-05T17:49:37+00:00,0001130713,USD,2021,CY2019Q4I,True,latest_valid_restated_sec_companyfacts,Latest valid filing available as of 2026-08-05; configured source-tag priority breaks valid same-filing ties.
byon,BYON,0001130713-21-000019,10-K,2021-02-26,,2019-12-31,2019,FY,,total_liabilities,us-gaap,Liabilities,239872000.0,239.872,USD_millions,stock,1,https://www.sec.gov/Archives/edgar/data/1130713/000113071321000019/,2026-08-05T17:49:37+00:00,0001130713,USD,2020,CY2019Q4I,True,latest_valid_restated_sec_companyfacts,Latest valid filing available as of 2026-08-05; configured source-tag priority breaks valid same-filing ties.
byon,BYON,0001130713-23-000014,10-K,2023-02-24,2020-01-01,2020-12-31,2020,FY,365.0,capital_expenditure,us-gaap,PaymentsToAcquirePropertyPlantAndEquipment,14874000.0,14.874,USD_millions,flow,1,https://www.sec.gov/Archives/edgar/data/1130713/000113071323000014/,2026-08-05T17:49:37+00:00,0001130713,USD,2022,CY2020,True,latest_valid_restated_sec_companyfacts,Latest valid filing available as of 2026-08-05; configured source-tag priority breaks valid same-filing ties.
byon,BYON,0001130713-22-000009,10-K,2022-02-25,,2020-12-31,2020,FY,,cash_and_equivalents,us-gaap,CashAndCashEquivalentsAtCarryingValue,495425000.0,495.425,USD_millions,stock,1,https://www.sec.gov/Archives/edgar/data/1130713/000113071322000009/,2026-08-05T17:49:37+00:00,0001130713,USD,2021,CY2020Q4I,True,latest_valid_restated_sec_companyfacts,Latest valid filing available as of 2026-08-05; configured source-tag priority breaks valid same-filing ties.
byon,BYON,0001130713-22-000009,10-K,2022-02-25,,2020-12-31,2020,FY,,current_assets,us-gaap,AssetsCurrent,582740000.0,582.74,USD_millions,stock,1,https://www.sec.gov/Archives/edgar/data/1130713/000113071322000009/,2026-08-05T17:49:37+00:00,0001130713,USD,2021,CY2020Q4I,True,latest_valid_restated_sec_companyfacts,Latest valid filing available as of 2026-08-05; configured source-tag priority breaks valid same-filing ties.
byon,BYON,0001130713-22-000009,10-K,2022-02-25,,2020-12-31,2020,FY,,current_liabilities,us-gaap,LiabilitiesCurrent,327581000.0,327.581,USD_millions,stock,1,https://www.sec.gov/Archives/edgar/data/1130713/000113071322000009/,2026-08-05T17:49:37+00:00,0001130713,USD,2021,CY2020Q4I,True,latest_valid_restated_sec_companyfacts,Latest valid filing available as of 2026-08-05; configured source-tag priority breaks valid same-filing ties.
byon,BYON,0001130713-23-000014,10-K,2023-02-24,2020-01-01,2020-12-31,2020,FY,365.0,free_cash_flow,project,derived:OperatingCashFlow-CapitalExpenditure,,181.6,USD,flow,0,https://www.sec.gov/Archives/edgar/data/1130713/000113071323000014/,2026-08-05T17:49:37+00:00,0001130713,USD,2022,CY2020,True,derived_from_latest_valid_components,Operating cash flow minus positive CapEx outflow.
byon,BYON,0001130713-22-000009,10-K,2022-02-25,,2020-12-31,2020,FY,,inventory,us-gaap,InventoryNet,6243000.0,6.243,USD_millions,stock,1,https://www.sec.gov/Archives/edgar/data/1130713/000113071322000009/,2026-08-05T17:49:37+00:00,0001130713,USD,2021,CY2020Q4I,True,latest_valid_restated_sec_companyfacts,Latest valid filing available as of 2026-08-05; configured source-tag priority breaks valid same-filing ties.
byon,BYON,0001130713-23-000014,10-K,2023-02-24,2020-01-01,2020-12-31,2020,FY,365.0,net_income,us-gaap,NetIncomeLoss,56001000.0,56.001,USD_millions,flow,1,https://www.sec.gov/Archives/edgar/data/1130713/000113071323000014/,2026-08-05T17:49:37+00:00,0001130713,USD,2022,CY2020,True,latest_valid_restated_sec_companyfacts,Latest valid filing available as of 2026-08-05; configured source-tag priority breaks valid same-filing ties.
byon,BYON,0001130713-23-000014,10-K,2023-02-24,2020-01-01,2020-12-31,2020,FY,365.0,operating_cash_flow,us-gaap,NetCashProvidedByUsedInOperatingActivities,196474000.0,196.474,USD_millions,flow,1,https://www.sec.gov/Archives/edgar/data/1130713/000113071323000014/,2026-08-05T17:49:37+00:00,0001130713,USD,2022,CY2020,True,latest_valid_restated_sec_companyfacts,Latest valid filing available as of 2026-08-05; configured source-tag priority breaks valid same-filing ties.
byon,BYON,0001130713-23-000014,10-K,2023-02-24,2020-01-01,2020-12-31,2020,FY,365.0,operating_income,us-gaap,OperatingIncomeLoss,96715000.0,96.715,USD_millions,flow,1,https://www.sec.gov/Archives/edgar/data/1130713/000113071323000014/,2026-08-05T17:49:37+00:00,0001130713,USD,2022,CY2020,True,latest_valid_restated_sec_companyfacts,Latest valid filing available as of 2026-08-05; configured source-tag priority breaks valid same-filing ties.
byon,BYON,0001130713-23-000014,10-K,2023-02-24,2020-01-01,2020-12-31,2020,FY,365.0,revenue,us-gaap,RevenueFromContractWithCustomerExcludingAssessedTax,2493915000.0,2493.915,USD_millions,flow,1,https://www.sec.gov/Archives/edgar/data/1130713/000113071323000014/,2026-08-05T17:49:37+00:00,0001130713,USD,2022,CY2020,True,latest_valid_restated_sec_companyfacts,Latest valid filing available as of 2026-08-05; configured source-tag priority breaks valid same-filing ties.
byon,BYON,0001130713-22-000009,10-K,2022-02-25,,2020-12-31,2020,FY,,total_assets,us-gaap,Assets,830214000.0,830.214,USD_millions,stock,1,https://www.sec.gov/Archives/edgar/data/1130713/000113071322000009/,2026-08-05T17:49:37+00:00,0001130713,USD,2021,CY2020Q4I,True,latest_valid_restated_sec_companyfacts,Latest valid filing available as of 2026-08-05; configured source-tag priority breaks valid same-filing ties.
byon,BYON,0001130713-23-000014,10-K,2023-02-24,,2020-12-31,2020,FY,,total_equity,us-gaap,StockholdersEquityIncludingPortionAttributableToNoncontrollingInterest,436326000.0,436.326,USD_millions,stock,2,https://www.sec.gov/Archives/edgar/data/1130713/000113071323000014/,2026-08-05T17:49:37+00:00,0001130713,USD,2022,CY2020Q4I,True,latest_valid_restated_sec_companyfacts,Latest valid filing available as of 2026-08-05; configured source-tag priority breaks valid same-filing ties.
byon,BYON,0001130713-22-000009,10-K,2022-02-25,,2020-12-31,2020,FY,,total_liabilities,us-gaap,Liabilities,393888000.0,393.888,USD_millions,stock,1,https://www.sec.gov/Archives/edgar/data/1130713/000113071322000009/,2026-08-05T17:49:37+00:00,0001130713,USD,2021,CY2020Q4I,True,latest_valid_restated_sec_companyfacts,Latest valid filing available as of 2026-08-05; configured source-tag priority breaks valid same-filing ties.
byon,BYON,0001130713-24-000013,10-K,2024-02-23,2021-01-01,2021-12-31,2021,FY,364.0,capital_expenditure,us-gaap,PaymentsToAcquirePropertyPlantAndEquipment,13617000.0,13.617,USD_millions,flow,1,https://www.sec.gov/Archives/edgar/data/1130713/000113071324000013/,2026-08-05T17:49:37+00:00,0001130713,USD,2023,CY2021,True,latest_valid_restated_sec_companyfacts,Latest valid filing available as of 2026-08-05; configured source-tag priority breaks valid same-filing ties.
byon,BYON,0001130713-23-000014,10-K,2023-02-24,,2021-12-31,2021,FY,,cash_and_equivalents,us-gaap,CashAndCashEquivalentsAtCarryingValue,503341000.0,503.341,USD_millions,stock,1,https://www.sec.gov/Archives/edgar/data/1130713/000113071323000014/,2026-08-05T17:49:37+00:00,0001130713,USD,2022,CY2021Q4I,True,latest_valid_restated_sec_companyfacts,Latest valid filing available as of 2026-08-05; configured source-tag priority breaks valid same-filing ties.
byon,BYON,0001130713-23-000014,10-K,2023-02-24,,2021-12-31,2021,FY,,current_assets,us-gaap,AssetsCurrent,551790000.0,551.79,USD_millions,stock,1,https://www.sec.gov/Archives/edgar/data/1130713/000113071323000014/,2026-08-05T17:49:37+00:00,0001130713,USD,2022,CY2021Q4I,True,latest_valid_restated_sec_companyfacts,Latest valid filing available as of 2026-08-05; configured source-tag priority breaks valid same-filing ties.
byon,BYON,0001130713-23-000014,10-K,2023-02-24,,2021-12-31,2021,FY,,current_liabilities,us-gaap,LiabilitiesCurrent,272333000.0,272.333,USD_millions,stock,1,https://www.sec.gov/Archives/edgar/data/1130713/000113071323000014/,2026-08-05T17:49:37+00:00,0001130713,USD,2022,CY2021Q4I,True,latest_valid_restated_sec_companyfacts,Latest valid filing available as of 2026-08-05; configured source-tag priority breaks valid same-filing ties.
byon,BYON,0001130713-24-000013,10-K,2024-02-23,2021-01-01,2021-12-31,2021,FY,364.0,free_cash_flow,project,derived:OperatingCashFlow-CapitalExpenditure,,67.30199999999999,USD,flow,0,https://www.sec.gov/Archives/edgar/data/1130713/000113071324000013/,2026-08-05T17:49:37+00:00,0001130713,USD,2023,CY2021,True,derived_from_latest_valid_components,Operating cash flow minus positive CapEx outflow.
byon,BYON,0001130713-23-000014,10-K,2023-02-24,,2021-12-31,2021,FY,,inventory,us-gaap,InventoryNet,5137000.0,5.137,USD_millions,stock,1,https://www.sec.gov/Archives/edgar/data/1130713/000113071323000014/,2026-08-05T17:49:37+00:00,0001130713,USD,2022,CY2021Q4I,True,latest_valid_restated_sec_companyfacts,Latest valid filing available as of 2026-08-05; configured source-tag priority breaks valid same-filing ties.
byon,BYON,0001130713-24-000013,10-K,2024-02-23,2021-01-01,2021-12-31,2021,FY,364.0,net_income,us-gaap,NetIncomeLoss,389372000.0,389.372,USD_millions,flow,1,https://www.sec.gov/Archives/edgar/data/1130713/000113071324000013/,2026-08-05T17:49:37+00:00,0001130713,USD,2023,CY2021,True,latest_valid_restated_sec_companyfacts,Latest valid filing available as of 2026-08-05; configured source-tag priority breaks valid same-filing ties.
byon,BYON,0001130713-24-000013,10-K,2024-02-23,2021-01-01,2021-12-31,2021,FY,364.0,operating_cash_flow,us-gaap,NetCashProvidedByUsedInOperatingActivities,80919000.0,80.919,USD_millions,flow,1,https://www.sec.gov/Archives/edgar/data/1130713/000113071324000013/,2026-08-05T17:49:37+00:00,0001130713,USD,2023,CY2021,True,latest_valid_restated_sec_companyfacts,Latest valid filing available as of 2026-08-05; configured source-tag priority breaks valid same-filing ties.
byon,BYON,0001130713-24-000013,10-K,2024-02-23,2021-01-01,2021-12-31,2021,FY,364.0,operating_income,us-gaap,OperatingIncomeLoss,111072000.0,111.072,USD_millions,flow,1,https://www.sec.gov/Archives/edgar/data/1130713/000113071324000013/,2026-08-05T17:49:37+00:00,0001130713,USD,2023,CY2021,True,latest_valid_restated_sec_companyfacts,Latest valid filing available as of 2026-08-05; configured source-tag priority breaks valid same-filing ties.
byon,BYON,0001130713-24-000013,10-K,2024-02-23,2021-01-01,2021-12-31,2021,FY,364.0,revenue,us-gaap,RevenueFromContractWithCustomerExcludingAssessedTax,2756446000.0,2756.446,USD_millions,flow,1,https://www.sec.gov/Archives/edgar/data/1130713/000113071324000013/,2026-08-05T17:49:37+00:00,0001130713,USD,2023,CY2021,True,latest_valid_restated_sec_companyfacts,Latest valid filing available as of 2026-08-05; configured source-tag priority breaks valid same-filing ties.
byon,BYON,0001130713-23-000014,10-K,2023-02-24,,2021-12-31,2021,FY,,total_assets,us-gaap,Assets,1065966000.0,1065.966,USD_millions,stock,1,https://www.sec.gov/Archives/edgar/data/1130713/000113071323000014/,2026-08-05T17:49:37+00:00,0001130713,USD,2022,CY2021Q4I,True,latest_valid_restated_sec_companyfacts,Latest valid filing available as of 2026-08-05; configured source-tag priority breaks valid same-filing ties.
byon,BYON,0001130713-24-000013,10-K,2024-02-23,,2021-12-31,2021,FY,,total_equity,us-gaap,StockholdersEquityIncludingPortionAttributableToNoncontrollingInterest,744386000.0,744.386,USD_millions,stock,2,https://www.sec.gov/Archives/edgar/data/1130713/000113071324000013/,2026-08-05T17:49:37+00:00,0001130713,USD,2023,CY2021Q4I,True,latest_valid_restated_sec_companyfacts,Latest valid filing available as of 2026-08-05; configured source-tag priority breaks valid same-filing ties.
byon,BYON,0001130713-23-000014,10-K,2023-02-24,,2021-12-31,2021,FY,,total_liabilities,us-gaap,Liabilities,321580000.0,321.58,USD_millions,stock,1,https://www.sec.gov/Archives/edgar/data/1130713/000113071323000014/,2026-08-05T17:49:37+00:00,0001130713,USD,2022,CY2021Q4I,True,latest_valid_restated_sec_companyfacts,Latest valid filing available as of 2026-08-05; configured source-tag priority breaks valid same-filing ties.
byon,BYON,0001130713-25-000024,10-K,2025-02-25,2022-01-01,2022-12-31,2022,FY,364.0,capital_expenditure,us-gaap,PaymentsToAcquirePropertyPlantAndEquipment,14899000.0,14.899,USD_millions,flow,1,https://www.sec.gov/Archives/edgar/data/1130713/000113071325000024/,2026-08-05T17:49:37+00:00,0001130713,USD,2024,CY2022,True,latest_valid_restated_sec_companyfacts,Latest valid filing available as of 2026-08-05; configured source-tag priority breaks valid same-filing ties.
byon,BYON,0001130713-24-000013,10-K,2024-02-23,,2022-12-31,2022,FY,,cash_and_equivalents,us-gaap,CashAndCashEquivalentsAtCarryingValue,371263000.0,371.263,USD_millions,stock,1,https://www.sec.gov/Archives/edgar/data/1130713/000113071324000013/,2026-08-05T17:49:37+00:00,0001130713,USD,2023,CY2022Q4I,True,latest_valid_restated_sec_companyfacts,Latest valid filing available as of 2026-08-05; configured source-tag priority breaks valid same-filing ties.
byon,BYON,0001130713-24-000013,10-K,2024-02-23,,2022-12-31,2022,FY,,current_assets,us-gaap,AssetsCurrent,414509000.0,414.509,USD_millions,stock,1,https://www.sec.gov/Archives/edgar/data/1130713/000113071324000013/,2026-08-05T17:49:37+00:00,0001130713,USD,2023,CY2022Q4I,True,latest_valid_restated_sec_companyfacts,Latest valid filing available as of 2026-08-05; configured source-tag priority breaks valid same-filing ties.
byon,BYON,0001130713-24-000013,10-K,2024-02-23,,2022-12-31,2022,FY,,current_liabilities,us-gaap,LiabilitiesCurrent,191142000.0,191.142,USD_millions,stock,1,https://www.sec.gov/Archives/edgar/data/1130713/000113071324000013/,2026-08-05T17:49:37+00:00,0001130713,USD,2023,CY2022Q4I,True,latest_valid_restated_sec_companyfacts,Latest valid filing available as of 2026-08-05; configured source-tag priority breaks valid same-filing ties.
byon,BYON,0001130713-25-000024,10-K,2025-02-25,2022-01-01,2022-12-31,2022,FY,364.0,free_cash_flow,project,derived:OperatingCashFlow-CapitalExpenditure,,-27.433999999999997,USD,flow,0,https://www.sec.gov/Archives/edgar/data/1130713/000113071325000024/,2026-08-05T17:49:37+00:00,0001130713,USD,2024,CY2022,True,derived_from_latest_valid_components,Operating cash flow minus positive CapEx outflow.
byon,BYON,0001130713-24-000013,10-K,2024-02-23,,2022-12-31,2022,FY,,inventory,us-gaap,InventoryNet,6526000.0,6.526,USD_millions,stock,1,https://www.sec.gov/Archives/edgar/data/1130713/000113071324000013/,2026-08-05T17:49:37+00:00,0001130713,USD,2023,CY2022Q4I,True,latest_valid_restated_sec_companyfacts,Latest valid filing available as of 2026-08-05; configured source-tag priority breaks valid same-filing ties.
byon,BYON,0001130713-25-000024,10-K,2025-02-25,2022-01-01,2022-12-31,2022,FY,364.0,net_income,us-gaap,NetIncomeLoss,-35236000.0,-35.236,USD_millions,flow,1,https://www.sec.gov/Archives/edgar/data/1130713/000113071325000024/,2026-08-05T17:49:37+00:00,0001130713,USD,2024,CY2022,True,latest_valid_restated_sec_companyfacts,Latest valid filing available as of 2026-08-05; configured source-tag priority breaks valid same-filing ties.
byon,BYON,0001130713-25-000024,10-K,2025-02-25,2022-01-01,2022-12-31,2022,FY,364.0,operating_cash_flow,us-gaap,NetCashProvidedByUsedInOperatingActivities,-12535000.0,-12.535,USD_millions,flow,1,https://www.sec.gov/Archives/edgar/data/1130713/000113071325000024/,2026-08-05T17:49:37+00:00,0001130713,USD,2024,CY2022,True,latest_valid_restated_sec_companyfacts,Latest valid filing available as of 2026-08-05; configured source-tag priority breaks valid same-filing ties.
byon,BYON,0001130713-25-000024,10-K,2025-02-25,2022-01-01,2022-12-31,2022,FY,364.0,operating_income,us-gaap,OperatingIncomeLoss,27008000.0,27.008,USD_millions,flow,1,https://www.sec.gov/Archives/edgar/data/1130713/000113071325000024/,2026-08-05T17:49:37+00:00,0001130713,USD,2024,CY2022,True,latest_valid_restated_sec_companyfacts,Latest valid filing available as of 2026-08-05; configured source-tag priority breaks valid same-filing ties.
byon,BYON,0001130713-25-000024,10-K,2025-02-25,2022-01-01,2022-12-31,2022,FY,364.0,revenue,us-gaap,RevenueFromContractWithCustomerExcludingAssessedTax,1929334000.0,1929.334,USD_millions,flow,1,https://www.sec.gov/Archives/edgar/data/1130713/000113071325000024/,2026-08-05T17:49:37+00:00,0001130713,USD,2024,CY2022,True,latest_valid_restated_sec_companyfacts,Latest valid filing available as of 2026-08-05; configured source-tag priority breaks valid same-filing ties.
byon,BYON,0001130713-24-000013,10-K,2024-02-23,,2022-12-31,2022,FY,,total_assets,us-gaap,Assets,878546000.0,878.546,USD_millions,stock,1,https://www.sec.gov/Archives/edgar/data/1130713/000113071324000013/,2026-08-05T17:49:37+00:00,0001130713,USD,2023,CY2022Q4I,True,latest_valid_restated_sec_companyfacts,Latest valid filing available as of 2026-08-05; configured source-tag priority breaks valid same-filing ties.
byon,BYON,0001130713-25-000024,10-K,2025-02-25,,2022-12-31,2022,FY,,total_equity,us-gaap,StockholdersEquityIncludingPortionAttributableToNoncontrollingInterest,645826000.0,645.826,USD_millions,stock,2,https://www.sec.gov/Archives/edgar/data/1130713/000113071325000024/,2026-08-05T17:49:37+00:00,0001130713,USD,2024,CY2022Q4I,True,latest_valid_restated_sec_companyfacts,Latest valid filing available as of 2026-08-05; configured source-tag priority breaks valid same-filing ties.
byon,BYON,0001130713-24-000013,10-K,2024-02-23,,2022-12-31,2022,FY,,total_liabilities,us-gaap,Liabilities,232720000.0,232.72,USD_millions,stock,1,https://www.sec.gov/Archives/edgar/data/1130713/000113071324000013/,2026-08-05T17:49:37+00:00,0001130713,USD,2023,CY2022Q4I,True,latest_valid_restated_sec_companyfacts,Latest valid filing available as of 2026-08-05; configured source-tag priority breaks valid same-filing ties.
byon,BYON,0001130713-26-000018,10-K,2026-02-24,2023-01-01,2023-12-31,2023,FY,364.0,capital_expenditure,us-gaap,PaymentsToAcquirePropertyPlantAndEquipment,19181000.0,19.181,USD_millions,flow,1,https://www.sec.gov/Archives/edgar/data/1130713/000113071326000018/,2026-08-05T17:49:37+00:00,0001130713,USD,2025,CY2023,True,latest_valid_restated_sec_companyfacts,Latest valid filing available as of 2026-08-05; configured source-tag priority breaks valid same-filing ties.
byon,BYON,0001130713-25-000024,10-K,2025-02-25,,2023-12-31,2023,FY,,cash_and_equivalents,us-gaap,CashAndCashEquivalentsAtCarryingValue,302605000.0,302.605,USD_millions,stock,1,https://www.sec.gov/Archives/edgar/data/1130713/000113071325000024/,2026-08-05T17:49:37+00:00,0001130713,USD,2024,CY2023Q4I,True,latest_valid_restated_sec_companyfacts,Latest valid filing available as of 2026-08-05; configured source-tag priority breaks valid same-filing ties.
byon,BYON,0001130713-25-000024,10-K,2025-02-25,,2023-12-31,2023,FY,,current_assets,us-gaap,AssetsCurrent,350073000.0,350.073,USD_millions,stock,1,https://www.sec.gov/Archives/edgar/data/1130713/000113071325000024/,2026-08-05T17:49:37+00:00,0001130713,USD,2024,CY2023Q4I,True,latest_valid_restated_sec_companyfacts,Latest valid filing available as of 2026-08-05; configured source-tag priority breaks valid same-filing ties.
byon,BYON,0001130713-25-000024,10-K,2025-02-25,,2023-12-31,2023,FY,,current_liabilities,us-gaap,LiabilitiesCurrent,232395000.0,232.395,USD_millions,stock,1,https://www.sec.gov/Archives/edgar/data/1130713/000113071325000024/,2026-08-05T17:49:37+00:00,0001130713,USD,2024,CY2023Q4I,True,latest_valid_restated_sec_companyfacts,Latest valid filing available as of 2026-08-05; configured source-tag priority breaks valid same-filing ties.
byon,BYON,0001130713-26-000018,10-K,2026-02-24,2023-01-01,2023-12-31,2023,FY,364.0,free_cash_flow,project,derived:OperatingCashFlow-CapitalExpenditure,,-37.766999999999996,USD,flow,0,https://www.sec.gov/Archives/edgar/data/1130713/000113071326000018/,2026-08-05T17:49:37+00:00,0001130713,USD,2025,CY2023,True,derived_from_latest_valid_components,Operating cash flow minus positive CapEx outflow.
byon,BYON,0001130713-25-000024,10-K,2025-02-25,,2023-12-31,2023,FY,,inventory,us-gaap,InventoryNet,13040000.0,13.04,USD_millions,stock,1,https://www.sec.gov/Archives/edgar/data/1130713/000113071325000024/,2026-08-05T17:49:37+00:00,0001130713,USD,2024,CY2023Q4I,True,latest_valid_restated_sec_companyfacts,Latest valid filing available as of 2026-08-05; configured source-tag priority breaks valid same-filing ties.
byon,BYON,0001130713-26-000018,10-K,2026-02-24,2023-01-01,2023-12-31,2023,FY,364.0,net_income,us-gaap,ProfitLoss,-307842000.0,-307.842,USD_millions,flow,2,https://www.sec.gov/Archives/edgar/data/1130713/000113071326000018/,2026-08-05T17:49:37+00:00,0001130713,USD,2025,CY2023,True,latest_valid_restated_sec_companyfacts,Latest valid filing available as of 2026-08-05; configured source-tag priority breaks valid same-filing ties.
byon,BYON,0001130713-26-000018,10-K,2026-02-24,2023-01-01,2023-12-31,2023,FY,364.0,operating_cash_flow,us-gaap,NetCashProvidedByUsedInOperatingActivities,-18586000.0,-18.586,USD_millions,flow,1,https://www.sec.gov/Archives/edgar/data/1130713/000113071326000018/,2026-08-05T17:49:37+00:00,0001130713,USD,2025,CY2023,True,latest_valid_restated_sec_companyfacts,Latest valid filing available as of 2026-08-05; configured source-tag priority breaks valid same-filing ties.
byon,BYON,0001130713-26-000018,10-K,2026-02-24,2023-01-01,2023-12-31,2023,FY,364.0,operating_income,us-gaap,OperatingIncomeLoss,-143980000.0,-143.98,USD_millions,flow,1,https://www.sec.gov/Archives/edgar/data/1130713/000113071326000018/,2026-08-05T17:49:37+00:00,0001130713,USD,2025,CY2023,True,latest_valid_restated_sec_companyfacts,Latest valid filing available as of 2026-08-05; configured source-tag priority breaks valid same-filing ties.
byon,BYON,0001130713-26-000018,10-K,2026-02-24,2023-01-01,2023-12-31,2023,FY,364.0,revenue,us-gaap,RevenueFromContractWithCustomerExcludingAssessedTax,1561122000.0,1561.122,USD_millions,flow,1,https://www.sec.gov/Archives/edgar/data/1130713/000113071326000018/,2026-08-05T17:49:37+00:00,0001130713,USD,2025,CY2023,True,latest_valid_restated_sec_companyfacts,Latest valid filing available as of 2026-08-05; configured source-tag priority breaks valid same-filing ties.
byon,BYON,0001130713-25-000024,10-K,2025-02-25,,2023-12-31,2023,FY,,total_assets,us-gaap,Assets,635818000.0,635.818,USD_millions,stock,1,https://www.sec.gov/Archives/edgar/data/1130713/000113071325000024/,2026-08-05T17:49:37+00:00,0001130713,USD,2024,CY2023Q4I,True,latest_valid_restated_sec_companyfacts,Latest valid filing available as of 2026-08-05; configured source-tag priority breaks valid same-filing ties.
byon,BYON,0001130713-26-000018,10-K,2026-02-24,,2023-12-31,2023,FY,,total_equity,us-gaap,StockholdersEquityIncludingPortionAttributableToNoncontrollingInterest,359132000.0,359.132,USD_millions,stock,2,https://www.sec.gov/Archives/edgar/data/1130713/000113071326000018/,2026-08-05T17:49:37+00:00,0001130713,USD,2025,CY2023Q4I,True,latest_valid_restated_sec_companyfacts,Latest valid filing available as of 2026-08-05; configured source-tag priority breaks valid same-filing ties.
byon,BYON,0001130713-25-000024,10-K,2025-02-25,,2023-12-31,2023,FY,,total_liabilities,us-gaap,Liabilities,276686000.0,276.686,USD_millions,stock,1,https://www.sec.gov/Archives/edgar/data/1130713/000113071325000024/,2026-08-05T17:49:37+00:00,0001130713,USD,2024,CY2023Q4I,True,latest_valid_restated_sec_companyfacts,Latest valid filing available as of 2026-08-05; configured source-tag priority breaks valid same-filing ties.
byon,BYON,0001130713-26-000018,10-K,2026-02-24,2024-01-01,2024-12-31,2024,FY,365.0,capital_expenditure,us-gaap,PaymentsToAcquirePropertyPlantAndEquipment,14315000.0,14.315,USD_millions,flow,1,https://www.sec.gov/Archives/edgar/data/1130713/000113071326000018/,2026-08-05T17:49:37+00:00,0001130713,USD,2025,CY2024,True,latest_valid_restated_sec_companyfacts,Latest valid filing available as of 2026-08-05; configured source-tag priority breaks valid same-filing ties.
byon,BYON,0001130713-26-000018,10-K,2026-02-24,,2024-12-31,2024,FY,,cash_and_equivalents,us-gaap,CashAndCashEquivalentsAtCarryingValue,159169000.0,159.169,USD_millions,stock,1,https://www.sec.gov/Archives/edgar/data/1130713/000113071326000018/,2026-08-05T17:49:37+00:00,0001130713,USD,2025,CY2024Q4I,True,latest_valid_restated_sec_companyfacts,Latest valid filing available as of 2026-08-05; configured source-tag priority breaks valid same-filing ties.
byon,BYON,0001130713-26-000018,10-K,2026-02-24,,2024-12-31,2024,FY,,current_assets,us-gaap,AssetsCurrent,227507000.0,227.507,USD_millions,stock,1,https://www.sec.gov/Archives/edgar/data/1130713/000113071326000018/,2026-08-05T17:49:37+00:00,0001130713,USD,2025,CY2024Q4I,True,latest_valid_restated_sec_companyfacts,Latest valid filing available as of 2026-08-05; configured source-tag priority breaks valid same-filing ties.
byon,BYON,0001130713-26-000018,10-K,2026-02-24,,2024-12-31,2024,FY,,current_liabilities,us-gaap,LiabilitiesCurrent,224861000.0,224.861,USD_millions,stock,1,https://www.sec.gov/Archives/edgar/data/1130713/000113071326000018/,2026-08-05T17:49:37+00:00,0001130713,USD,2025,CY2024Q4I,True,latest_valid_restated_sec_companyfacts,Latest valid filing available as of 2026-08-05; configured source-tag priority breaks valid same-filing ties.
byon,BYON,0001130713-26-000018,10-K,2026-02-24,2024-01-01,2024-12-31,2024,FY,365.0,free_cash_flow,project,derived:OperatingCashFlow-CapitalExpenditure,,-188.619,USD,flow,0,https://www.sec.gov/Archives/edgar/data/1130713/000113071326000018/,2026-08-05T17:49:37+00:00,0001130713,USD,2025,CY2024,True,derived_from_latest_valid_components,Operating cash flow minus positive CapEx outflow.
byon,BYON,0001130713-26-000018,10-K,2026-02-24,,2024-12-31,2024,FY,,inventory,us-gaap,InventoryNet,11546000.0,11.546,USD_millions,stock,1,https://www.sec.gov/Archives/edgar/data/1130713/000113071326000018/,2026-08-05T17:49:37+00:00,0001130713,USD,2025,CY2024Q4I,True,latest_valid_restated_sec_companyfacts,Latest valid filing available as of 2026-08-05; configured source-tag priority breaks valid same-filing ties.
byon,BYON,0001130713-26-000018,10-K,2026-02-24,2024-01-01,2024-12-31,2024,FY,365.0,net_income,us-gaap,ProfitLoss,-258795000.0,-258.795,USD_millions,flow,2,https://www.sec.gov/Archives/edgar/data/1130713/000113071326000018/,2026-08-05T17:49:37+00:00,0001130713,USD,2025,CY2024,True,latest_valid_restated_sec_companyfacts,Latest valid filing available as of 2026-08-05; configured source-tag priority breaks valid same-filing ties.
byon,BYON,0001130713-26-000018,10-K,2026-02-24,2024-01-01,2024-12-31,2024,FY,365.0,operating_cash_flow,us-gaap,NetCashProvidedByUsedInOperatingActivities,-174304000.0,-174.304,USD_millions,flow,1,https://www.sec.gov/Archives/edgar/data/1130713/000113071326000018/,2026-08-05T17:49:37+00:00,0001130713,USD,2025,CY2024,True,latest_valid_restated_sec_companyfacts,Latest valid filing available as of 2026-08-05; configured source-tag priority breaks valid same-filing ties.
byon,BYON,0001130713-26-000018,10-K,2026-02-24,2024-01-01,2024-12-31,2024,FY,365.0,operating_income,us-gaap,OperatingIncomeLoss,-184087000.0,-184.087,USD_millions,flow,1,https://www.sec.gov/Archives/edgar/data/1130713/000113071326000018/,2026-08-05T17:49:37+00:00,0001130713,USD,2025,CY2024,True,latest_valid_restated_sec_companyfacts,Latest valid filing available as of 2026-08-05; configured source-tag priority breaks valid same-filing ties.
byon,BYON,0001130713-26-000018,10-K,2026-02-24,2024-01-01,2024-12-31,2024,FY,365.0,revenue,us-gaap,RevenueFromContractWithCustomerExcludingAssessedTax,1394964000.0,1394.964,USD_millions,flow,1,https://www.sec.gov/Archives/edgar/data/1130713/000113071326000018/,2026-08-05T17:49:37+00:00,0001130713,USD,2025,CY2024,True,latest_valid_restated_sec_companyfacts,Latest valid filing available as of 2026-08-05; configured source-tag priority breaks valid same-filing ties.
byon,BYON,0001130713-26-000018,10-K,2026-02-24,,2024-12-31,2024,FY,,total_assets,us-gaap,Assets,401954000.0,401.954,USD_millions,stock,1,https://www.sec.gov/Archives/edgar/data/1130713/000113071326000018/,2026-08-05T17:49:37+00:00,0001130713,USD,2025,CY2024Q4I,True,latest_valid_restated_sec_companyfacts,Latest valid filing available as of 2026-08-05; configured source-tag priority breaks valid same-filing ties.
byon,BYON,0001130713-26-000018,10-K,2026-02-24,,2024-12-31,2024,FY,,total_equity,us-gaap,StockholdersEquity,162732000.0,162.732,USD_millions,stock,1,https://www.sec.gov/Archives/edgar/data/1130713/000113071326000018/,2026-08-05T17:49:37+00:00,0001130713,USD,2025,CY2024Q4I,True,latest_valid_restated_sec_companyfacts,Latest valid filing available as of 2026-08-05; configured source-tag priority breaks valid same-filing ties.
byon,BYON,0001130713-26-000018,10-K,2026-02-24,,2024-12-31,2024,FY,,total_liabilities,us-gaap,Liabilities,239222000.0,239.222,USD_millions,stock,1,https://www.sec.gov/Archives/edgar/data/1130713/000113071326000018/,2026-08-05T17:49:37+00:00,0001130713,USD,2025,CY2024Q4I,True,latest_valid_restated_sec_companyfacts,Latest valid filing available as of 2026-08-05; configured source-tag priority breaks valid same-filing ties.
cars,CARS,0001564590-20-006776,10-K,2020-02-26,2017-01-01,2017-12-31,2017,FY,364.0,capital_expenditure,us-gaap,PaymentsToAcquirePropertyPlantAndEquipment,32774000.0,32.774,USD_millions,flow,1,https://www.sec.gov/Archives/edgar/data/1683606/000156459020006776/,2026-08-05T17:49:37+00:00,0001683606,USD,2019,CY2017,True,latest_valid_restated_sec_companyfacts,Latest valid filing available as of 2026-08-05; configured source-tag priority breaks valid same-filing ties.
cars,CARS,0001564590-19-005502,10-K,2019-02-28,,2017-12-31,2017,FY,,cash_and_equivalents,us-gaap,CashAndCashEquivalentsAtCarryingValue,20563000.0,20.563,USD_millions,stock,1,https://www.sec.gov/Archives/edgar/data/1683606/000156459019005502/,2026-08-05T17:49:37+00:00,0001683606,USD,2018,,True,latest_valid_restated_sec_companyfacts,Latest valid filing available as of 2026-08-05; configured source-tag priority breaks valid same-filing ties.
cars,CARS,0001564590-19-005502,10-K,2019-02-28,,2017-12-31,2017,FY,,current_assets,us-gaap,AssetsCurrent,142639000.0,142.639,USD_millions,stock,1,https://www.sec.gov/Archives/edgar/data/1683606/000156459019005502/,2026-08-05T17:49:37+00:00,0001683606,USD,2018,CY2017Q4I,True,latest_valid_restated_sec_companyfacts,Latest valid filing available as of 2026-08-05; configured source-tag priority breaks valid same-filing ties.
cars,CARS,0001564590-19-005502,10-K,2019-02-28,,2017-12-31,2017,FY,,current_liabilities,us-gaap,LiabilitiesCurrent,90149000.0,90.149,USD_millions,stock,1,https://www.sec.gov/Archives/edgar/data/1683606/000156459019005502/,2026-08-05T17:49:37+00:00,0001683606,USD,2018,CY2017Q4I,True,latest_valid_restated_sec_companyfacts,Latest valid filing available as of 2026-08-05; configured source-tag priority breaks valid same-filing ties.
cars,CARS,0001564590-20-006776,10-K,2020-02-26,2017-01-01,2017-12-31,2017,FY,364.0,free_cash_flow,project,derived:OperatingCashFlow-CapitalExpenditure,,153.155,USD,flow,0,https://www.sec.gov/Archives/edgar/data/1683606/000156459020006776/,2026-08-05T17:49:37+00:00,0001683606,USD,2019,CY2017,True,derived_from_latest_valid_components,Operating cash flow minus positive CapEx outflow.
cars,CARS,0001564590-20-006776,10-K,2020-02-26,2017-01-01,2017-12-31,2017,FY,364.0,net_income,us-gaap,NetIncomeLoss,224443000.0,224.443,USD_millions,flow,1,https://www.sec.gov/Archives/edgar/data/1683606/000156459020006776/,2026-08-05T17:49:37+00:00,0001683606,USD,2019,CY2017,True,latest_valid_restated_sec_companyfacts,Latest valid filing available as of 2026-08-05; configured source-tag priority breaks valid same-filing ties.
cars,CARS,0001564590-20-006776,10-K,2020-02-26,2017-01-01,2017-12-31,2017,FY,364.0,operating_cash_flow,us-gaap,NetCashProvidedByUsedInOperatingActivities,185929000.0,185.929,USD_millions,flow,1,https://www.sec.gov/Archives/edgar/data/1683606/000156459020006776/,2026-08-05T17:49:37+00:00,0001683606,USD,2019,CY2017,True,latest_valid_restated_sec_companyfacts,Latest valid filing available as of 2026-08-05; configured source-tag priority breaks valid same-filing ties.
cars,CARS,0001564590-20-006776,10-K,2020-02-26,2017-01-01,2017-12-31,2017,FY,364.0,operating_income,us-gaap,OperatingIncomeLoss,134256000.0,134.256,USD_millions,flow,1,https://www.sec.gov/Archives/edgar/data/1683606/000156459020006776/,2026-08-05T17:49:37+00:00,0001683606,USD,2019,CY2017,True,latest_valid_restated_sec_companyfacts,Latest valid filing available as of 2026-08-05; configured source-tag priority breaks valid same-filing ties.
cars,CARS,0001564590-20-006776,10-K,2020-02-26,2017-01-01,2017-12-31,2017,FY,364.0,revenue,us-gaap,RevenueFromContractWithCustomerExcludingAssessedTax,626262000.0,626.262,USD_millions,flow,1,https://www.sec.gov/Archives/edgar/data/1683606/000156459020006776/,2026-08-05T17:49:37+00:00,0001683606,USD,2019,CY2017,True,latest_valid_restated_sec_companyfacts,Latest valid filing available as of 2026-08-05; configured source-tag priority breaks valid same-filing ties.
cars,CARS,0001564590-19-005502,10-K,2019-02-28,,2017-12-31,2017,FY,,total_assets,us-gaap,Assets,2511039000.0,2511.039,USD_millions,stock,1,https://www.sec.gov/Archives/edgar/data/1683606/000156459019005502/,2026-08-05T17:49:37+00:00,0001683606,USD,2018,CY2017Q4I,True,latest_valid_restated_sec_companyfacts,Latest valid filing available as of 2026-08-05; configured source-tag priority breaks valid same-filing ties.
cars,CARS,0001564590-21-008812,10-K,2021-02-25,,2017-12-31,2017,FY,,total_equity,us-gaap,StockholdersEquity,1679128000.0,1679.128,USD_millions,stock,1,https://www.sec.gov/Archives/edgar/data/1683606/000156459021008812/,2026-08-05T17:49:37+00:00,0001683606,USD,2020,CY2017Q4I,True,latest_valid_restated_sec_companyfacts,Latest valid filing available as of 2026-08-05; configured source-tag priority breaks valid same-filing ties.
cars,CARS,0001564590-19-005502,10-K,2019-02-28,,2017-12-31,2017,FY,,total_liabilities,us-gaap,Liabilities,831911000.0,831.911,USD_millions,stock,1,https://www.sec.gov/Archives/edgar/data/1683606/000156459019005502/,2026-08-05T17:49:37+00:00,0001683606,USD,2018,CY2017Q4I,True,latest_valid_restated_sec_companyfacts,Latest valid filing available as of 2026-08-05; configured source-tag priority breaks valid same-filing ties.
cars,CARS,0001564590-21-008812,10-K,2021-02-25,2018-01-01,2018-12-31,2018,FY,364.0,capital_expenditure,us-gaap,PaymentsToAcquirePropertyPlantAndEquipment,14233000.0,14.233,USD_millions,flow,1,https://www.sec.gov/Archives/edgar/data/1683606/000156459021008812/,2026-08-05T17:49:37+00:00,0001683606,USD,2020,CY2018,True,latest_valid_restated_sec_companyfacts,Latest valid filing available as of 2026-08-05; configured source-tag priority breaks valid same-filing ties.
cars,CARS,0001564590-20-006776,10-K,2020-02-26,,2018-12-31,2018,FY,,cash_and_equivalents,us-gaap,CashAndCashEquivalentsAtCarryingValue,25463000.0,25.463,USD_millions,stock,1,https://www.sec.gov/Archives/edgar/data/1683606/000156459020006776/,2026-08-05T17:49:37+00:00,0001683606,USD,2019,CY2018Q4I,True,latest_valid_restated_sec_companyfacts,Latest valid filing available as of 2026-08-05; configured source-tag priority breaks valid same-filing ties.
cars,CARS,0001564590-20-006776,10-K,2020-02-26,,2018-12-31,2018,FY,,current_assets,us-gaap,AssetsCurrent,153937000.0,153.937,USD_millions,stock,1,https://www.sec.gov/Archives/edgar/data/1683606/000156459020006776/,2026-08-05T17:49:37+00:00,0001683606,USD,2019,CY2018Q4I,True,latest_valid_restated_sec_companyfacts,Latest valid filing available as of 2026-08-05; configured source-tag priority breaks valid same-filing ties.
cars,CARS,0001564590-20-006776,10-K,2020-02-26,,2018-12-31,2018,FY,,current_liabilities,us-gaap,LiabilitiesCurrent,110710000.0,110.71,USD_millions,stock,1,https://www.sec.gov/Archives/edgar/data/1683606/000156459020006776/,2026-08-05T17:49:37+00:00,0001683606,USD,2019,CY2018Q4I,True,latest_valid_restated_sec_companyfacts,Latest valid filing available as of 2026-08-05; configured source-tag priority breaks valid same-filing ties.
cars,CARS,0001564590-21-008812,10-K,2021-02-25,2018-01-01,2018-12-31,2018,FY,364.0,free_cash_flow,project,derived:OperatingCashFlow-CapitalExpenditure,,149.315,USD,flow,0,https://www.sec.gov/Archives/edgar/data/1683606/000156459021008812/,2026-08-05T17:49:37+00:00,0001683606,USD,2020,CY2018,True,derived_from_latest_valid_components,Operating cash flow minus positive CapEx outflow.
cars,CARS,0001564590-21-008812,10-K,2021-02-25,2018-01-01,2018-12-31,2018,FY,364.0,net_income,us-gaap,NetIncomeLoss,38809000.0,38.809,USD_millions,flow,1,https://www.sec.gov/Archives/edgar/data/1683606/000156459021008812/,2026-08-05T17:49:37+00:00,0001683606,USD,2020,CY2018,True,latest_valid_restated_sec_companyfacts,Latest valid filing available as of 2026-08-05; configured source-tag priority breaks valid same-filing ties.
cars,CARS,0001564590-21-008812,10-K,2021-02-25,2018-01-01,2018-12-31,2018,FY,364.0,operating_cash_flow,us-gaap,NetCashProvidedByUsedInOperatingActivities,163548000.0,163.548,USD_millions,flow,1,https://www.sec.gov/Archives/edgar/data/1683606/000156459021008812/,2026-08-05T17:49:37+00:00,0001683606,USD,2020,CY2018,True,latest_valid_restated_sec_companyfacts,Latest valid filing available as of 2026-08-05; configured source-tag priority breaks valid same-filing ties.
cars,CARS,0001564590-21-008812,10-K,2021-02-25,2018-01-01,2018-12-31,2018,FY,364.0,operating_income,us-gaap,OperatingIncomeLoss,83924000.0,83.924,USD_millions,flow,1,https://www.sec.gov/Archives/edgar/data/1683606/000156459021008812/,2026-08-05T17:49:37+00:00,0001683606,USD,2020,CY2018,True,latest_valid_restated_sec_companyfacts,Latest valid filing available as of 2026-08-05; configured source-tag priority breaks valid same-filing ties.
cars,CARS,0001564590-21-008812,10-K,2021-02-25,2018-01-01,2018-12-31,2018,FY,364.0,revenue,us-gaap,RevenueFromContractWithCustomerExcludingAssessedTax,662127000.0,662.127,USD_millions,flow,1,https://www.sec.gov/Archives/edgar/data/1683606/000156459021008812/,2026-08-05T17:49:37+00:00,0001683606,USD,2020,CY2018,True,latest_valid_restated_sec_companyfacts,Latest valid filing available as of 2026-08-05; configured source-tag priority breaks valid same-filing ties.
cars,CARS,0001564590-20-006776,10-K,2020-02-26,,2018-12-31,2018,FY,,total_assets,us-gaap,Assets,2600549000.0,2600.549,USD_millions,stock,1,https://www.sec.gov/Archives/edgar/data/1683606/000156459020006776/,2026-08-05T17:49:37+00:00,0001683606,USD,2019,CY2018Q4I,True,latest_valid_restated_sec_companyfacts,Latest valid filing available as of 2026-08-05; configured source-tag priority breaks valid same-filing ties.
cars,CARS,0000950170-22-002101,10-K,2022-02-25,,2018-12-31,2018,FY,,total_equity,us-gaap,StockholdersEquity,1626923000.0,1626.923,USD_millions,stock,1,https://www.sec.gov/Archives/edgar/data/1683606/000095017022002101/,2026-08-05T17:49:37+00:00,0001683606,USD,2021,CY2018Q4I,True,latest_valid_restated_sec_companyfacts,Latest valid filing available as of 2026-08-05; configured source-tag priority breaks valid same-filing ties.
cars,CARS,0001564590-20-006776,10-K,2020-02-26,,2018-12-31,2018,FY,,total_liabilities,us-gaap,Liabilities,973626000.0,973.626,USD_millions,stock,1,https://www.sec.gov/Archives/edgar/data/1683606/000156459020006776/,2026-08-05T17:49:37+00:00,0001683606,USD,2019,CY2018Q4I,True,latest_valid_restated_sec_companyfacts,Latest valid filing available as of 2026-08-05; configured source-tag priority breaks valid same-filing ties.
cars,CARS,0000950170-22-002101,10-K,2022-02-25,2019-01-01,2019-12-31,2019,FY,364.0,capital_expenditure,us-gaap,PaymentsToAcquirePropertyPlantAndEquipment,21257000.0,21.257,USD_millions,flow,1,https://www.sec.gov/Archives/edgar/data/1683606/000095017022002101/,2026-08-05T17:49:37+00:00,0001683606,USD,2021,CY2019,True,latest_valid_restated_sec_companyfacts,Latest valid filing available as of 2026-08-05; configured source-tag priority breaks valid same-filing ties.
cars,CARS,0001564590-21-008812,10-K,2021-02-25,,2019-12-31,2019,FY,,cash_and_equivalents,us-gaap,CashAndCashEquivalentsAtCarryingValue,13549000.0,13.549,USD_millions,stock,1,https://www.sec.gov/Archives/edgar/data/1683606/000156459021008812/,2026-08-05T17:49:37+00:00,0001683606,USD,2020,CY2019Q4I,True,latest_valid_restated_sec_companyfacts,Latest valid filing available as of 2026-08-05; configured source-tag priority breaks valid same-filing ties.
cars,CARS,0001564590-21-008812,10-K,2021-02-25,,2019-12-31,2019,FY,,current_assets,us-gaap,AssetsCurrent,122440000.0,122.44,USD_millions,stock,1,https://www.sec.gov/Archives/edgar/data/1683606/000156459021008812/,2026-08-05T17:49:37+00:00,0001683606,USD,2020,CY2019Q4I,True,latest_valid_restated_sec_companyfacts,Latest valid filing available as of 2026-08-05; configured source-tag priority breaks valid same-filing ties.
cars,CARS,0001564590-21-008812,10-K,2021-02-25,,2019-12-31,2019,FY,,current_liabilities,us-gaap,LiabilitiesCurrent,98806000.0,98.806,USD_millions,stock,1,https://www.sec.gov/Archives/edgar/data/1683606/000156459021008812/,2026-08-05T17:49:37+00:00,0001683606,USD,2020,CY2019Q4I,True,latest_valid_restated_sec_companyfacts,Latest valid filing available as of 2026-08-05; configured source-tag priority breaks valid same-filing ties.
cars,CARS,0000950170-22-002101,10-K,2022-02-25,2019-01-01,2019-12-31,2019,FY,364.0,free_cash_flow,project,derived:OperatingCashFlow-CapitalExpenditure,,80.22699999999999,USD,flow,0,https://www.sec.gov/Archives/edgar/data/1683606/000095017022002101/,2026-08-05T17:49:37+00:00,0001683606,USD,2021,CY2019,True,derived_from_latest_valid_components,Operating cash flow minus positive CapEx outflow.
cars,CARS,0000950170-22-002101,10-K,2022-02-25,2019-01-01,2019-12-31,2019,FY,364.0,net_income,us-gaap,NetIncomeLoss,-445324000.0,-445.324,USD_millions,flow,1,https://www.sec.gov/Archives/edgar/data/1683606/000095017022002101/,2026-08-05T17:49:37+00:00,0001683606,USD,2021,CY2019,True,latest_valid_restated_sec_companyfacts,Latest valid filing available as of 2026-08-05; configured source-tag priority breaks valid same-filing ties.
cars,CARS,0000950170-22-002101,10-K,2022-02-25,2019-01-01,2019-12-31,2019,FY,364.0,operating_cash_flow,us-gaap,NetCashProvidedByUsedInOperatingActivities,101484000.0,101.484,USD_millions,flow,1,https://www.sec.gov/Archives/edgar/data/1683606/000095017022002101/,2026-08-05T17:49:37+00:00,0001683606,USD,2021,CY2019,True,latest_valid_restated_sec_companyfacts,Latest valid filing available as of 2026-08-05; configured source-tag priority breaks valid same-filing ties.
cars,CARS,0000950170-22-002101,10-K,2022-02-25,2019-01-01,2019-12-31,2019,FY,364.0,operating_income,us-gaap,OperatingIncomeLoss,-446060000.0,-446.06,USD_millions,flow,1,https://www.sec.gov/Archives/edgar/data/1683606/000095017022002101/,2026-08-05T17:49:37+00:00,0001683606,USD,2021,CY2019,True,latest_valid_restated_sec_companyfacts,Latest valid filing available as of 2026-08-05; configured source-tag priority breaks valid same-filing ties.
cars,CARS,0000950170-22-002101,10-K,2022-02-25,2019-01-01,2019-12-31,2019,FY,364.0,revenue,us-gaap,RevenueFromContractWithCustomerExcludingAssessedTax,606682000.0,606.682,USD_millions,flow,1,https://www.sec.gov/Archives/edgar/data/1683606/000095017022002101/,2026-08-05T17:49:37+00:00,0001683606,USD,2021,CY2019,True,latest_valid_restated_sec_companyfacts,Latest valid filing available as of 2026-08-05; configured source-tag priority breaks valid same-filing ties.
cars,CARS,0001564590-21-008812,10-K,2021-02-25,,2019-12-31,2019,FY,,total_assets,us-gaap,Assets,2027991000.0,2027.991,USD_millions,stock,1,https://www.sec.gov/Archives/edgar/data/1683606/000156459021008812/,2026-08-05T17:49:37+00:00,0001683606,USD,2020,CY2019Q4I,True,latest_valid_restated_sec_companyfacts,Latest valid filing available as of 2026-08-05; configured source-tag priority breaks valid same-filing ties.
cars,CARS,0000950170-23-004093,10-K,2023-02-23,,2019-12-31,2019,FY,,total_equity,us-gaap,StockholdersEquity,1141068000.0,1141.068,USD_millions,stock,1,https://www.sec.gov/Archives/edgar/data/1683606/000095017023004093/,2026-08-05T17:49:37+00:00,0001683606,USD,2022,CY2019Q4I,True,latest_valid_restated_sec_companyfacts,Latest valid filing available as of 2026-08-05; configured source-tag priority breaks valid same-filing ties.
cars,CARS,0001564590-21-008812,10-K,2021-02-25,,2019-12-31,2019,FY,,total_liabilities,us-gaap,Liabilities,886923000.0,886.923,USD_millions,stock,1,https://www.sec.gov/Archives/edgar/data/1683606/000156459021008812/,2026-08-05T17:49:37+00:00,0001683606,USD,2020,CY2019Q4I,True,latest_valid_restated_sec_companyfacts,Latest valid filing available as of 2026-08-05; configured source-tag priority breaks valid same-filing ties.
cars,CARS,0000950170-23-004093,10-K,2023-02-23,2020-01-01,2020-12-31,2020,FY,365.0,capital_expenditure,us-gaap,PaymentsToAcquirePropertyPlantAndEquipment,16712000.0,16.712,USD_millions,flow,1,https://www.sec.gov/Archives/edgar/data/1683606/000095017023004093/,2026-08-05T17:49:37+00:00,0001683606,USD,2022,CY2020,True,latest_valid_restated_sec_companyfacts,Latest valid filing available as of 2026-08-05; configured source-tag priority breaks valid same-filing ties.
cars,CARS,0000950170-22-002101,10-K,2022-02-25,,2020-12-31,2020,FY,,cash_and_equivalents,us-gaap,CashAndCashEquivalentsAtCarryingValue,67719000.0,67.719,USD_millions,stock,1,https://www.sec.gov/Archives/edgar/data/1683606/000095017022002101/,2026-08-05T17:49:37+00:00,0001683606,USD,2021,CY2020Q4I,True,latest_valid_restated_sec_companyfacts,Latest valid filing available as of 2026-08-05; configured source-tag priority breaks valid same-filing ties.
cars,CARS,0000950170-22-002101,10-K,2022-02-25,,2020-12-31,2020,FY,,current_assets,us-gaap,AssetsCurrent,178081000.0,178.081,USD_millions,stock,1,https://www.sec.gov/Archives/edgar/data/1683606/000095017022002101/,2026-08-05T17:49:37+00:00,0001683606,USD,2021,CY2020Q4I,True,latest_valid_restated_sec_companyfacts,Latest valid filing available as of 2026-08-05; configured source-tag priority breaks valid same-filing ties.
cars,CARS,0000950170-22-002101,10-K,2022-02-25,,2020-12-31,2020,FY,,current_liabilities,us-gaap,LiabilitiesCurrent,90368000.0,90.368,USD_millions,stock,1,https://www.sec.gov/Archives/edgar/data/1683606/000095017022002101/,2026-08-05T17:49:37+00:00,0001683606,USD,2021,CY2020Q4I,True,latest_valid_restated_sec_companyfacts,Latest valid filing available as of 2026-08-05; configured source-tag priority breaks valid same-filing ties.
cars,CARS,0000950170-23-004093,10-K,2023-02-23,2020-01-01,2020-12-31,2020,FY,365.0,free_cash_flow,project,derived:OperatingCashFlow-CapitalExpenditure,,121.90400000000001,USD,flow,0,https://www.sec.gov/Archives/edgar/data/1683606/000095017023004093/,2026-08-05T17:49:37+00:00,0001683606,USD,2022,CY2020,True,derived_from_latest_valid_components,Operating cash flow minus positive CapEx outflow.
cars,CARS,0000950170-23-004093,10-K,2023-02-23,2020-01-01,2020-12-31,2020,FY,365.0,net_income,us-gaap,NetIncomeLoss,-789106000.0,-789.106,USD_millions,flow,1,https://www.sec.gov/Archives/edgar/data/1683606/000095017023004093/,2026-08-05T17:49:37+00:00,0001683606,USD,2022,CY2020,True,latest_valid_restated_sec_companyfacts,Latest valid filing available as of 2026-08-05; configured source-tag priority breaks valid same-filing ties.
cars,CARS,0000950170-23-004093,10-K,2023-02-23,2020-01-01,2020-12-31,2020,FY,365.0,operating_cash_flow,us-gaap,NetCashProvidedByUsedInOperatingActivities,138616000.0,138.616,USD_millions,flow,1,https://www.sec.gov/Archives/edgar/data/1683606/000095017023004093/,2026-08-05T17:49:37+00:00,0001683606,USD,2022,CY2020,True,latest_valid_restated_sec_companyfacts,Latest valid filing available as of 2026-08-05; configured source-tag priority breaks valid same-filing ties.
cars,CARS,0000950170-23-004093,10-K,2023-02-23,2020-01-01,2020-12-31,2020,FY,365.0,operating_income,us-gaap,OperatingIncomeLoss,-887327000.0,-887.327,USD_millions,flow,1,https://www.sec.gov/Archives/edgar/data/1683606/000095017023004093/,2026-08-05T17:49:37+00:00,0001683606,USD,2022,CY2020,True,latest_valid_restated_sec_companyfacts,Latest valid filing available as of 2026-08-05; configured source-tag priority breaks valid same-filing ties.
cars,CARS,0000950170-23-004093,10-K,2023-02-23,2020-01-01,2020-12-31,2020,FY,365.0,revenue,us-gaap,RevenueFromContractWithCustomerExcludingAssessedTax,547503000.0,547.503,USD_millions,flow,1,https://www.sec.gov/Archives/edgar/data/1683606/000095017023004093/,2026-08-05T17:49:37+00:00,0001683606,USD,2022,CY2020,True,latest_valid_restated_sec_companyfacts,Latest valid filing available as of 2026-08-05; configured source-tag priority breaks valid same-filing ties.
cars,CARS,0000950170-22-002101,10-K,2022-02-25,,2020-12-31,2020,FY,,total_assets,us-gaap,Assets,1075712000.0,1075.712,USD_millions,stock,1,https://www.sec.gov/Archives/edgar/data/1683606/000095017022002101/,2026-08-05T17:49:37+00:00,0001683606,USD,2021,CY2020Q4I,True,latest_valid_restated_sec_companyfacts,Latest valid filing available as of 2026-08-05; configured source-tag priority breaks valid same-filing ties.
cars,CARS,0000950170-24-018824,10-K,2024-02-22,,2020-12-31,2020,FY,,total_equity,us-gaap,StockholdersEquity,368190000.0,368.19,USD_millions,stock,1,https://www.sec.gov/Archives/edgar/data/1683606/000095017024018824/,2026-08-05T17:49:37+00:00,0001683606,USD,2023,CY2020Q4I,True,latest_valid_restated_sec_companyfacts,Latest valid filing available as of 2026-08-05; configured source-tag priority breaks valid same-filing ties.
cars,CARS,0000950170-22-002101,10-K,2022-02-25,,2020-12-31,2020,FY,,total_liabilities,us-gaap,Liabilities,735536000.0,735.536,USD_millions,stock,1,https://www.sec.gov/Archives/edgar/data/1683606/000095017022002101/,2026-08-05T17:49:37+00:00,0001683606,USD,2021,CY2020Q4I,True,latest_valid_restated_sec_companyfacts,Latest valid filing available as of 2026-08-05; configured source-tag priority breaks valid same-filing ties.
cars,CARS,0000950170-24-018824,10-K,2024-02-22,2021-01-01,2021-12-31,2021,FY,364.0,capital_expenditure,us-gaap,PaymentsToAcquirePropertyPlantAndEquipment,1451000.0,1.451,USD_millions,flow,1,https://www.sec.gov/Archives/edgar/data/1683606/000095017024018824/,2026-08-05T17:49:37+00:00,0001683606,USD,2023,CY2021,True,latest_valid_restated_sec_companyfacts,Latest valid filing available as of 2026-08-05; configured source-tag priority breaks valid same-filing ties.
cars,CARS,0000950170-23-004093,10-K,2023-02-23,,2021-12-31,2021,FY,,cash_and_equivalents,us-gaap,CashAndCashEquivalentsAtCarryingValue,39069000.0,39.069,USD_millions,stock,1,https://www.sec.gov/Archives/edgar/data/1683606/000095017023004093/,2026-08-05T17:49:37+00:00,0001683606,USD,2022,CY2021Q4I,True,latest_valid_restated_sec_companyfacts,Latest valid filing available as of 2026-08-05; configured source-tag priority breaks valid same-filing ties.
cars,CARS,0000950170-23-004093,10-K,2023-02-23,,2021-12-31,2021,FY,,current_assets,us-gaap,AssetsCurrent,147437000.0,147.437,USD_millions,stock,1,https://www.sec.gov/Archives/edgar/data/1683606/000095017023004093/,2026-08-05T17:49:37+00:00,0001683606,USD,2022,CY2021Q4I,True,latest_valid_restated_sec_companyfacts,Latest valid filing available as of 2026-08-05; configured source-tag priority breaks valid same-filing ties.
cars,CARS,0000950170-23-004093,10-K,2023-02-23,,2021-12-31,2021,FY,,current_liabilities,us-gaap,LiabilitiesCurrent,94290000.0,94.29,USD_millions,stock,1,https://www.sec.gov/Archives/edgar/data/1683606/000095017023004093/,2026-08-05T17:49:37+00:00,0001683606,USD,2022,CY2021Q4I,True,latest_valid_restated_sec_companyfacts,Latest valid filing available as of 2026-08-05; configured source-tag priority breaks valid same-filing ties.
cars,CARS,0000950170-24-018824,10-K,2024-02-22,2021-01-01,2021-12-31,2021,FY,364.0,free_cash_flow,project,derived:OperatingCashFlow-CapitalExpenditure,,136.552,USD,flow,0,https://www.sec.gov/Archives/edgar/data/1683606/000095017024018824/,2026-08-05T17:49:37+00:00,0001683606,USD,2023,CY2021,True,derived_from_latest_valid_components,Operating cash flow minus positive CapEx outflow.
cars,CARS,0000950170-24-018824,10-K,2024-02-22,2021-01-01,2021-12-31,2021,FY,364.0,net_income,us-gaap,NetIncomeLoss,10791000.0,10.791,USD_millions,flow,1,https://www.sec.gov/Archives/edgar/data/1683606/000095017024018824/,2026-08-05T17:49:37+00:00,0001683606,USD,2023,,True,latest_valid_restated_sec_companyfacts,Latest valid filing available as of 2026-08-05; configured source-tag priority breaks valid same-filing ties.
cars,CARS,0000950170-24-018824,10-K,2024-02-22,2021-01-01,2021-12-31,2021,FY,364.0,operating_cash_flow,us-gaap,NetCashProvidedByUsedInOperatingActivities,138003000.0,138.003,USD_millions,flow,1,https://www.sec.gov/Archives/edgar/data/1683606/000095017024018824/,2026-08-05T17:49:37+00:00,0001683606,USD,2023,CY2021,True,latest_valid_restated_sec_companyfacts,Latest valid filing available as of 2026-08-05; configured source-tag priority breaks valid same-filing ties.
cars,CARS,0000950170-24-018824,10-K,2024-02-22,2021-01-01,2021-12-31,2021,FY,364.0,operating_income,us-gaap,OperatingIncomeLoss,48338000.0,48.338,USD_millions,flow,1,https://www.sec.gov/Archives/edgar/data/1683606/000095017024018824/,2026-08-05T17:49:37+00:00,0001683606,USD,2023,CY2021,True,latest_valid_restated_sec_companyfacts,Latest valid filing available as of 2026-08-05; configured source-tag priority breaks valid same-filing ties.
cars,CARS,0000950170-24-018824,10-K,2024-02-22,2021-01-01,2021-12-31,2021,FY,364.0,revenue,us-gaap,RevenueFromContractWithCustomerExcludingAssessedTax,623683000.0,623.683,USD_millions,flow,1,https://www.sec.gov/Archives/edgar/data/1683606/000095017024018824/,2026-08-05T17:49:37+00:00,0001683606,USD,2023,CY2021,True,latest_valid_restated_sec_companyfacts,Latest valid filing available as of 2026-08-05; configured source-tag priority breaks valid same-filing ties.
cars,CARS,0000950170-23-004093,10-K,2023-02-23,,2021-12-31,2021,FY,,total_assets,us-gaap,Assets,1007205000.0,1007.205,USD_millions,stock,1,https://www.sec.gov/Archives/edgar/data/1683606/000095017023004093/,2026-08-05T17:49:37+00:00,0001683606,USD,2022,CY2021Q4I,True,latest_valid_restated_sec_companyfacts,Latest valid filing available as of 2026-08-05; configured source-tag priority breaks valid same-filing ties.
cars,CARS,0000950170-25-029023,10-K,2025-02-27,,2021-12-31,2021,FY,,total_equity,us-gaap,StockholdersEquity,398020000.0,398.02,USD_millions,stock,1,https://www.sec.gov/Archives/edgar/data/1683606/000095017025029023/,2026-08-05T17:49:37+00:00,0001683606,USD,2024,CY2021Q4I,True,latest_valid_restated_sec_companyfacts,Latest valid filing available as of 2026-08-05; configured source-tag priority breaks valid same-filing ties.
cars,CARS,0000950170-23-004093,10-K,2023-02-23,,2021-12-31,2021,FY,,total_liabilities,us-gaap,Liabilities,609185000.0,609.185,USD_millions,stock,1,https://www.sec.gov/Archives/edgar/data/1683606/000095017023004093/,2026-08-05T17:49:37+00:00,0001683606,USD,2022,CY2021Q4I,True,latest_valid_restated_sec_companyfacts,Latest valid filing available as of 2026-08-05; configured source-tag priority breaks valid same-filing ties.
cars,CARS,0000950170-25-029023,10-K,2025-02-27,2022-01-01,2022-12-31,2022,FY,364.0,capital_expenditure,us-gaap,PaymentsToAcquirePropertyPlantAndEquipment,1828000.0,1.828,USD_millions,flow,1,https://www.sec.gov/Archives/edgar/data/1683606/000095017025029023/,2026-08-05T17:49:37+00:00,0001683606,USD,2024,CY2022,True,latest_valid_restated_sec_companyfacts,Latest valid filing available as of 2026-08-05; configured source-tag priority breaks valid same-filing ties.
cars,CARS,0000950170-24-018824,10-K,2024-02-22,,2022-12-31,2022,FY,,cash_and_equivalents,us-gaap,CashAndCashEquivalentsAtCarryingValue,31715000.0,31.715,USD_millions,stock,1,https://www.sec.gov/Archives/edgar/data/1683606/000095017024018824/,2026-08-05T17:49:37+00:00,0001683606,USD,2023,CY2022Q4I,True,latest_valid_restated_sec_companyfacts,Latest valid filing available as of 2026-08-05; configured source-tag priority breaks valid same-filing ties.
cars,CARS,0000950170-24-018824,10-K,2024-02-22,,2022-12-31,2022,FY,,current_assets,us-gaap,AssetsCurrent,148627000.0,148.627,USD_millions,stock,1,https://www.sec.gov/Archives/edgar/data/1683606/000095017024018824/,2026-08-05T17:49:37+00:00,0001683606,USD,2023,CY2022Q4I,True,latest_valid_restated_sec_companyfacts,Latest valid filing available as of 2026-08-05; configured source-tag priority breaks valid same-filing ties.
cars,CARS,0000950170-24-018824,10-K,2024-02-22,,2022-12-31,2022,FY,,current_liabilities,us-gaap,LiabilitiesCurrent,106012000.0,106.012,USD_millions,stock,1,https://www.sec.gov/Archives/edgar/data/1683606/000095017024018824/,2026-08-05T17:49:37+00:00,0001683606,USD,2023,CY2022Q4I,True,latest_valid_restated_sec_companyfacts,Latest valid filing available as of 2026-08-05; configured source-tag priority breaks valid same-filing ties.
cars,CARS,0000950170-25-029023,10-K,2025-02-27,2022-01-01,2022-12-31,2022,FY,364.0,free_cash_flow,project,derived:OperatingCashFlow-CapitalExpenditure,,126.68299999999999,USD,flow,0,https://www.sec.gov/Archives/edgar/data/1683606/000095017025029023/,2026-08-05T17:49:37+00:00,0001683606,USD,2024,CY2022,True,derived_from_latest_valid_components,Operating cash flow minus positive CapEx outflow.
cars,CARS,0000950170-25-029023,10-K,2025-02-27,2022-01-01,2022-12-31,2022,FY,364.0,net_income,us-gaap,NetIncomeLoss,17206000.0,17.206,USD_millions,flow,1,https://www.sec.gov/Archives/edgar/data/1683606/000095017025029023/,2026-08-05T17:49:37+00:00,0001683606,USD,2024,,True,latest_valid_restated_sec_companyfacts,Latest valid filing available as of 2026-08-05; configured source-tag priority breaks valid same-filing ties.
cars,CARS,0000950170-25-029023,10-K,2025-02-27,2022-01-01,2022-12-31,2022,FY,364.0,operating_cash_flow,us-gaap,NetCashProvidedByUsedInOperatingActivities,128511000.0,128.511,USD_millions,flow,1,https://www.sec.gov/Archives/edgar/data/1683606/000095017025029023/,2026-08-05T17:49:37+00:00,0001683606,USD,2024,CY2022,True,latest_valid_restated_sec_companyfacts,Latest valid filing available as of 2026-08-05; configured source-tag priority breaks valid same-filing ties.
cars,CARS,0000950170-25-029023,10-K,2025-02-27,2022-01-01,2022-12-31,2022,FY,364.0,operating_income,us-gaap,OperatingIncomeLoss,66036000.0,66.036,USD_millions,flow,1,https://www.sec.gov/Archives/edgar/data/1683606/000095017025029023/,2026-08-05T17:49:37+00:00,0001683606,USD,2024,CY2022,True,latest_valid_restated_sec_companyfacts,Latest valid filing available as of 2026-08-05; configured source-tag priority breaks valid same-filing ties.
cars,CARS,0000950170-25-029023,10-K,2025-02-27,2022-01-01,2022-12-31,2022,FY,364.0,revenue,us-gaap,RevenueFromContractWithCustomerExcludingAssessedTax,653876000.0,653.876,USD_millions,flow,1,https://www.sec.gov/Archives/edgar/data/1683606/000095017025029023/,2026-08-05T17:49:37+00:00,0001683606,USD,2024,CY2022,True,latest_valid_restated_sec_companyfacts,Latest valid filing available as of 2026-08-05; configured source-tag priority breaks valid same-filing ties.
cars,CARS,0000950170-24-018824,10-K,2024-02-22,,2022-12-31,2022,FY,,total_assets,us-gaap,Assets,1024870000.0,1024.87,USD_millions,stock,1,https://www.sec.gov/Archives/edgar/data/1683606/000095017024018824/,2026-08-05T17:49:37+00:00,0001683606,USD,2023,CY2022Q4I,True,latest_valid_restated_sec_companyfacts,Latest valid filing available as of 2026-08-05; configured source-tag priority breaks valid same-filing ties.
cars,CARS,0001193125-26-076546,10-K,2026-02-26,,2022-12-31,2022,FY,,total_equity,us-gaap,StockholdersEquity,384430000.0,384.43,USD_millions,stock,1,https://www.sec.gov/Archives/edgar/data/1683606/000119312526076546/,2026-08-05T17:49:37+00:00,0001683606,USD,2025,CY2022Q4I,True,latest_valid_restated_sec_companyfacts,Latest valid filing available as of 2026-08-05; configured source-tag priority breaks valid same-filing ties.
cars,CARS,0000950170-24-018824,10-K,2024-02-22,,2022-12-31,2022,FY,,total_liabilities,us-gaap,Liabilities,640440000.0,640.44,USD_millions,stock,1,https://www.sec.gov/Archives/edgar/data/1683606/000095017024018824/,2026-08-05T17:49:37+00:00,0001683606,USD,2023,CY2022Q4I,True,latest_valid_restated_sec_companyfacts,Latest valid filing available as of 2026-08-05; configured source-tag priority breaks valid same-filing ties.
cars,CARS,0001193125-26-076546,10-K,2026-02-26,2023-01-01,2023-12-31,2023,FY,364.0,capital_expenditure,us-gaap,PaymentsToAcquirePropertyPlantAndEquipment,1280000.0,1.28,USD_millions,flow,1,https://www.sec.gov/Archives/edgar/data/1683606/000119312526076546/,2026-08-05T17:49:37+00:00,0001683606,USD,2025,CY2023,True,latest_valid_restated_sec_companyfacts,Latest valid filing available as of 2026-08-05; configured source-tag priority breaks valid same-filing ties.
cars,CARS,0000950170-25-029023,10-K,2025-02-27,,2023-12-31,2023,FY,,cash_and_equivalents,us-gaap,CashAndCashEquivalentsAtCarryingValue,39198000.0,39.198,USD_millions,stock,1,https://www.sec.gov/Archives/edgar/data/1683606/000095017025029023/,2026-08-05T17:49:37+00:00,0001683606,USD,2024,CY2023Q4I,True,latest_valid_restated_sec_companyfacts,Latest valid filing available as of 2026-08-05; configured source-tag priority breaks valid same-filing ties.
cars,CARS,0000950170-25-029023,10-K,2025-02-27,,2023-12-31,2023,FY,,current_assets,us-gaap,AssetsCurrent,178438000.0,178.438,USD_millions,stock,1,https://www.sec.gov/Archives/edgar/data/1683606/000095017025029023/,2026-08-05T17:49:37+00:00,0001683606,USD,2024,CY2023Q4I,True,latest_valid_restated_sec_companyfacts,Latest valid filing available as of 2026-08-05; configured source-tag priority breaks valid same-filing ties.
cars,CARS,0000950170-25-029023,10-K,2025-02-27,,2023-12-31,2023,FY,,current_liabilities,us-gaap,LiabilitiesCurrent,145748000.0,145.748,USD_millions,stock,1,https://www.sec.gov/Archives/edgar/data/1683606/000095017025029023/,2026-08-05T17:49:37+00:00,0001683606,USD,2024,CY2023Q4I,True,latest_valid_restated_sec_companyfacts,Latest valid filing available as of 2026-08-05; configured source-tag priority breaks valid same-filing ties.
cars,CARS,0001193125-26-076546,10-K,2026-02-26,2023-01-01,2023-12-31,2023,FY,364.0,free_cash_flow,project,derived:OperatingCashFlow-CapitalExpenditure,,135.44,USD,flow,0,https://www.sec.gov/Archives/edgar/data/1683606/000119312526076546/,2026-08-05T17:49:37+00:00,0001683606,USD,2025,CY2023,True,derived_from_latest_valid_components,Operating cash flow minus positive CapEx outflow.
cars,CARS,0001193125-26-076546,10-K,2026-02-26,2023-01-01,2023-12-31,2023,FY,364.0,net_income,us-gaap,NetIncomeLoss,118442000.0,118.442,USD_millions,flow,1,https://www.sec.gov/Archives/edgar/data/1683606/000119312526076546/,2026-08-05T17:49:37+00:00,0001683606,USD,2025,,True,latest_valid_restated_sec_companyfacts,Latest valid filing available as of 2026-08-05; configured source-tag priority breaks valid same-filing ties.
cars,CARS,0001193125-26-076546,10-K,2026-02-26,2023-01-01,2023-12-31,2023,FY,364.0,operating_cash_flow,us-gaap,NetCashProvidedByUsedInOperatingActivities,136720000.0,136.72,USD_millions,flow,1,https://www.sec.gov/Archives/edgar/data/1683606/000119312526076546/,2026-08-05T17:49:37+00:00,0001683606,USD,2025,CY2023,True,latest_valid_restated_sec_companyfacts,Latest valid filing available as of 2026-08-05; configured source-tag priority breaks valid same-filing ties.
cars,CARS,0001193125-26-076546,10-K,2026-02-26,2023-01-01,2023-12-31,2023,FY,364.0,operating_income,us-gaap,OperatingIncomeLoss,54116000.0,54.116,USD_millions,flow,1,https://www.sec.gov/Archives/edgar/data/1683606/000119312526076546/,2026-08-05T17:49:37+00:00,0001683606,USD,2025,CY2023,True,latest_valid_restated_sec_companyfacts,Latest valid filing available as of 2026-08-05; configured source-tag priority breaks valid same-filing ties.
cars,CARS,0001193125-26-076546,10-K,2026-02-26,2023-01-01,2023-12-31,2023,FY,364.0,revenue,us-gaap,RevenueFromContractWithCustomerExcludingAssessedTax,689183000.0,689.183,USD_millions,flow,1,https://www.sec.gov/Archives/edgar/data/1683606/000119312526076546/,2026-08-05T17:49:37+00:00,0001683606,USD,2025,CY2023,True,latest_valid_restated_sec_companyfacts,Latest valid filing available as of 2026-08-05; configured source-tag priority breaks valid same-filing ties.
cars,CARS,0000950170-25-029023,10-K,2025-02-27,,2023-12-31,2023,FY,,total_assets,us-gaap,Assets,1172449000.0,1172.449,USD_millions,stock,1,https://www.sec.gov/Archives/edgar/data/1683606/000095017025029023/,2026-08-05T17:49:37+00:00,0001683606,USD,2024,CY2023Q4I,True,latest_valid_restated_sec_companyfacts,Latest valid filing available as of 2026-08-05; configured source-tag priority breaks valid same-filing ties.
cars,CARS,0001193125-26-076546,10-K,2026-02-26,,2023-12-31,2023,FY,,total_equity,us-gaap,StockholdersEquity,492108000.0,492.108,USD_millions,stock,1,https://www.sec.gov/Archives/edgar/data/1683606/000119312526076546/,2026-08-05T17:49:37+00:00,0001683606,USD,2025,CY2023Q4I,True,latest_valid_restated_sec_companyfacts,Latest valid filing available as of 2026-08-05; configured source-tag priority breaks valid same-filing ties.
cars,CARS,0000950170-25-029023,10-K,2025-02-27,,2023-12-31,2023,FY,,total_liabilities,us-gaap,Liabilities,680341000.0,680.341,USD_millions,stock,1,https://www.sec.gov/Archives/edgar/data/1683606/000095017025029023/,2026-08-05T17:49:37+00:00,0001683606,USD,2024,CY2023Q4I,True,latest_valid_restated_sec_companyfacts,Latest valid filing available as of 2026-08-05; configured source-tag priority breaks valid same-filing ties.
cars,CARS,0001193125-26-076546,10-K,2026-02-26,2024-01-01,2024-12-31,2024,FY,365.0,capital_expenditure,us-gaap,PaymentsToAcquirePropertyPlantAndEquipment,3000000.0,3.0,USD_millions,flow,1,https://www.sec.gov/Archives/edgar/data/1683606/000119312526076546/,2026-08-05T17:49:37+00:00,0001683606,USD,2025,CY2024,True,latest_valid_restated_sec_companyfacts,Latest valid filing available as of 2026-08-05; configured source-tag priority breaks valid same-filing ties.
cars,CARS,0001193125-26-076546,10-K,2026-02-26,,2024-12-31,2024,FY,,cash_and_equivalents,us-gaap,CashAndCashEquivalentsAtCarryingValue,50673000.0,50.673,USD_millions,stock,1,https://www.sec.gov/Archives/edgar/data/1683606/000119312526076546/,2026-08-05T17:49:37+00:00,0001683606,USD,2025,CY2024Q4I,True,latest_valid_restated_sec_companyfacts,Latest valid filing available as of 2026-08-05; configured source-tag priority breaks valid same-filing ties.
cars,CARS,0001193125-26-076546,10-K,2026-02-26,,2024-12-31,2024,FY,,current_assets,us-gaap,AssetsCurrent,214330000.0,214.33,USD_millions,stock,1,https://www.sec.gov/Archives/edgar/data/1683606/000119312526076546/,2026-08-05T17:49:37+00:00,0001683606,USD,2025,CY2024Q4I,True,latest_valid_restated_sec_companyfacts,Latest valid filing available as of 2026-08-05; configured source-tag priority breaks valid same-filing ties.
cars,CARS,0001193125-26-076546,10-K,2026-02-26,,2024-12-31,2024,FY,,current_liabilities,us-gaap,LiabilitiesCurrent,116885000.0,116.885,USD_millions,stock,1,https://www.sec.gov/Archives/edgar/data/1683606/000119312526076546/,2026-08-05T17:49:37+00:00,0001683606,USD,2025,CY2024Q4I,True,latest_valid_restated_sec_companyfacts,Latest valid filing available as of 2026-08-05; configured source-tag priority breaks valid same-filing ties.
cars,CARS,0001193125-26-076546,10-K,2026-02-26,2024-01-01,2024-12-31,2024,FY,365.0,free_cash_flow,project,derived:OperatingCashFlow-CapitalExpenditure,,149.524,USD,flow,0,https://www.sec.gov/Archives/edgar/data/1683606/000119312526076546/,2026-08-05T17:49:37+00:00,0001683606,USD,2025,CY2024,True,derived_from_latest_valid_components,Operating cash flow minus positive CapEx outflow.
cars,CARS,0001193125-26-076546,10-K,2026-02-26,2024-01-01,2024-12-31,2024,FY,365.0,net_income,us-gaap,NetIncomeLoss,48188000.0,48.188,USD_millions,flow,1,https://www.sec.gov/Archives/edgar/data/1683606/000119312526076546/,2026-08-05T17:49:37+00:00,0001683606,USD,2025,,True,latest_valid_restated_sec_companyfacts,Latest valid filing available as of 2026-08-05; configured source-tag priority breaks valid same-filing ties.
cars,CARS,0001193125-26-076546,10-K,2026-02-26,2024-01-01,2024-12-31,2024,FY,365.0,operating_cash_flow,us-gaap,NetCashProvidedByUsedInOperatingActivities,152524000.0,152.524,USD_millions,flow,1,https://www.sec.gov/Archives/edgar/data/1683606/000119312526076546/,2026-08-05T17:49:37+00:00,0001683606,USD,2025,CY2024,True,latest_valid_restated_sec_companyfacts,Latest valid filing available as of 2026-08-05; configured source-tag priority breaks valid same-filing ties.
cars,CARS,0001193125-26-076546,10-K,2026-02-26,2024-01-01,2024-12-31,2024,FY,365.0,operating_income,us-gaap,OperatingIncomeLoss,53498000.0,53.498,USD_millions,flow,1,https://www.sec.gov/Archives/edgar/data/1683606/000119312526076546/,2026-08-05T17:49:37+00:00,0001683606,USD,2025,CY2024,True,latest_valid_restated_sec_companyfacts,Latest valid filing available as of 2026-08-05; configured source-tag priority breaks valid same-filing ties.
cars,CARS,0001193125-26-076546,10-K,2026-02-26,2024-01-01,2024-12-31,2024,FY,365.0,revenue,us-gaap,RevenueFromContractWithCustomerExcludingAssessedTax,719152000.0,719.152,USD_millions,flow,1,https://www.sec.gov/Archives/edgar/data/1683606/000119312526076546/,2026-08-05T17:49:37+00:00,0001683606,USD,2025,CY2024,True,latest_valid_restated_sec_companyfacts,Latest valid filing available as of 2026-08-05; configured source-tag priority breaks valid same-filing ties.
cars,CARS,0001193125-26-076546,10-K,2026-02-26,,2024-12-31,2024,FY,,total_assets,us-gaap,Assets,1111865000.0,1111.865,USD_millions,stock,1,https://www.sec.gov/Archives/edgar/data/1683606/000119312526076546/,2026-08-05T17:49:37+00:00,0001683606,USD,2025,CY2024Q4I,True,latest_valid_restated_sec_companyfacts,Latest valid filing available as of 2026-08-05; configured source-tag priority breaks valid same-filing ties.
cars,CARS,0001193125-26-076546,10-K,2026-02-26,,2024-12-31,2024,FY,,total_equity,us-gaap,StockholdersEquity,511485000.0,511.485,USD_millions,stock,1,https://www.sec.gov/Archives/edgar/data/1683606/000119312526076546/,2026-08-05T17:49:37+00:00,0001683606,USD,2025,,True,latest_valid_restated_sec_companyfacts,Latest valid filing available as of 2026-08-05; configured source-tag priority breaks valid same-filing ties.
cars,CARS,0001193125-26-076546,10-K,2026-02-26,,2024-12-31,2024,FY,,total_liabilities,us-gaap,Liabilities,600380000.0,600.38,USD_millions,stock,1,https://www.sec.gov/Archives/edgar/data/1683606/000119312526076546/,2026-08-05T17:49:37+00:00,0001683606,USD,2025,CY2024Q4I,True,latest_valid_restated_sec_companyfacts,Latest valid filing available as of 2026-08-05; configured source-tag priority breaks valid same-filing ties.
chwy,CHWY,0001766502-20-000007,10-K,2020-04-02,2017-02-01,2018-01-28,2017,FY,361.0,capital_expenditure,us-gaap,PaymentsToAcquireProductiveAssets,40282000.0,40.282,USD_millions,flow,2,https://www.sec.gov/Archives/edgar/data/1766502/000176650220000007/,2026-08-05T12:11:50+00:00,0001766502,USD,2019,CY2017,True,latest_valid_restated_sec_companyfacts,Latest valid filing available as of 2026-08-05; configured source-tag priority breaks valid same-filing ties.
chwy,CHWY,0001766502-20-000007,10-K,2020-04-02,2017-02-01,2018-01-28,2017,FY,361.0,free_cash_flow,project,derived:OperatingCashFlow-CapitalExpenditure,,-120.029,USD,flow,0,https://www.sec.gov/Archives/edgar/data/1766502/000176650220000007/,2026-08-05T12:11:50+00:00,0001766502,USD,2019,CY2017,True,derived_from_latest_valid_components,Operating cash flow minus positive CapEx outflow.
chwy,CHWY,0001766502-20-000007,10-K,2020-04-02,2017-02-01,2018-01-28,2017,FY,361.0,net_income,us-gaap,NetIncomeLoss,-338057000.0,-338.057,USD_millions,flow,1,https://www.sec.gov/Archives/edgar/data/1766502/000176650220000007/,2026-08-05T12:11:50+00:00,0001766502,USD,2019,CY2017,True,latest_valid_restated_sec_companyfacts,Latest valid filing available as of 2026-08-05; configured source-tag priority breaks valid same-filing ties.
chwy,CHWY,0001766502-20-000007,10-K,2020-04-02,2017-02-01,2018-01-28,2017,FY,361.0,operating_cash_flow,us-gaap,NetCashProvidedByUsedInOperatingActivities,-79747000.0,-79.747,USD_millions,flow,1,https://www.sec.gov/Archives/edgar/data/1766502/000176650220000007/,2026-08-05T12:11:50+00:00,0001766502,USD,2019,CY2017,True,latest_valid_restated_sec_companyfacts,Latest valid filing available as of 2026-08-05; configured source-tag priority breaks valid same-filing ties.
chwy,CHWY,0001766502-20-000007,10-K,2020-04-02,2017-02-01,2018-01-28,2017,FY,361.0,operating_income,us-gaap,OperatingIncomeLoss,-337851000.0,-337.851,USD_millions,flow,1,https://www.sec.gov/Archives/edgar/data/1766502/000176650220000007/,2026-08-05T12:11:50+00:00,0001766502,USD,2019,CY2017,True,latest_valid_restated_sec_companyfacts,Latest valid filing available as of 2026-08-05; configured source-tag priority breaks valid same-filing ties.
chwy,CHWY,0001766502-20-000007,10-K,2020-04-02,2017-02-01,2018-01-28,2017,FY,361.0,revenue,us-gaap,RevenueFromContractWithCustomerExcludingAssessedTax,2104287000.0,2104.287,USD_millions,flow,1,https://www.sec.gov/Archives/edgar/data/1766502/000176650220000007/,2026-08-05T12:11:50+00:00,0001766502,USD,2019,CY2017,True,latest_valid_restated_sec_companyfacts,Latest valid filing available as of 2026-08-05; configured source-tag priority breaks valid same-filing ties.
chwy,CHWY,0001766502-21-000008,10-K,2021-03-30,,2018-01-28,2017,FY,,total_equity,us-gaap,StockholdersEquity,-83703000.0,-83.703,USD_millions,stock,1,https://www.sec.gov/Archives/edgar/data/1766502/000176650221000008/,2026-08-05T12:11:50+00:00,0001766502,USD,2020,CY2017Q4I,True,latest_valid_restated_sec_companyfacts,Latest valid filing available as of 2026-08-05; configured source-tag priority breaks valid same-filing ties.
chwy,CHWY,0001766502-21-000008,10-K,2021-03-30,2018-01-29,2019-02-03,2018,FY,370.0,capital_expenditure,us-gaap,PaymentsToAcquireProductiveAssets,44160000.0,44.16,USD_millions,flow,2,https://www.sec.gov/Archives/edgar/data/1766502/000176650221000008/,2026-08-05T12:11:50+00:00,0001766502,USD,2020,CY2018,True,latest_valid_restated_sec_companyfacts,Latest valid filing available as of 2026-08-05; configured source-tag priority breaks valid same-filing ties.
chwy,CHWY,0001766502-20-000007,10-K,2020-04-02,,2019-02-03,2018,FY,,cash_and_equivalents,us-gaap,CashAndCashEquivalentsAtCarryingValue,88331000.0,88.331,USD_millions,stock,1,https://www.sec.gov/Archives/edgar/data/1766502/000176650220000007/,2026-08-05T12:11:50+00:00,0001766502,USD,2019,CY2018Q4I,True,latest_valid_restated_sec_companyfacts,Latest valid filing available as of 2026-08-05; configured source-tag priority breaks valid same-filing ties.
chwy,CHWY,0001766502-20-000007,10-K,2020-04-02,,2019-02-03,2018,FY,,current_assets,us-gaap,AssetsCurrent,448585000.0,448.585,USD_millions,stock,1,https://www.sec.gov/Archives/edgar/data/1766502/000176650220000007/,2026-08-05T12:11:50+00:00,0001766502,USD,2019,CY2018Q4I,True,latest_valid_restated_sec_companyfacts,Latest valid filing available as of 2026-08-05; configured source-tag priority breaks valid same-filing ties.
chwy,CHWY,0001766502-20-000007,10-K,2020-04-02,,2019-02-03,2018,FY,,current_liabilities,us-gaap,LiabilitiesCurrent,814030000.0,814.03,USD_millions,stock,1,https://www.sec.gov/Archives/edgar/data/1766502/000176650220000007/,2026-08-05T12:11:50+00:00,0001766502,USD,2019,CY2018Q4I,True,latest_valid_restated_sec_companyfacts,Latest valid filing available as of 2026-08-05; configured source-tag priority breaks valid same-filing ties.
chwy,CHWY,0001766502-21-000008,10-K,2021-03-30,2018-01-29,2019-02-03,2018,FY,370.0,free_cash_flow,project,derived:OperatingCashFlow-CapitalExpenditure,,-57.574999999999996,USD,flow,0,https://www.sec.gov/Archives/edgar/data/1766502/000176650221000008/,2026-08-05T12:11:50+00:00,0001766502,USD,2020,CY2018,True,derived_from_latest_valid_components,Operating cash flow minus positive CapEx outflow.
chwy,CHWY,0001766502-20-000007,10-K,2020-04-02,,2019-02-03,2018,FY,,inventory,us-gaap,InventoryNet,220855000.0,220.855,USD_millions,stock,1,https://www.sec.gov/Archives/edgar/data/1766502/000176650220000007/,2026-08-05T12:11:50+00:00,0001766502,USD,2019,CY2018Q4I,True,latest_valid_restated_sec_companyfacts,Latest valid filing available as of 2026-08-05; configured source-tag priority breaks valid same-filing ties.
chwy,CHWY,0001766502-21-000008,10-K,2021-03-30,2018-01-29,2019-02-03,2018,FY,370.0,net_income,us-gaap,NetIncomeLoss,-267890000.0,-267.89,USD_millions,flow,1,https://www.sec.gov/Archives/edgar/data/1766502/000176650221000008/,2026-08-05T12:11:50+00:00,0001766502,USD,2020,CY2018,True,latest_valid_restated_sec_companyfacts,Latest valid filing available as of 2026-08-05; configured source-tag priority breaks valid same-filing ties.
chwy,CHWY,0001766502-21-000008,10-K,2021-03-30,2018-01-29,2019-02-03,2018,FY,370.0,operating_cash_flow,us-gaap,NetCashProvidedByUsedInOperatingActivities,-13415000.0,-13.415,USD_millions,flow,1,https://www.sec.gov/Archives/edgar/data/1766502/000176650221000008/,2026-08-05T12:11:50+00:00,0001766502,USD,2020,CY2018,True,latest_valid_restated_sec_companyfacts,Latest valid filing available as of 2026-08-05; configured source-tag priority breaks valid same-filing ties.
chwy,CHWY,0001766502-21-000008,10-K,2021-03-30,2018-01-29,2019-02-03,2018,FY,370.0,operating_income,us-gaap,OperatingIncomeLoss,-267766000.0,-267.766,USD_millions,flow,1,https://www.sec.gov/Archives/edgar/data/1766502/000176650221000008/,2026-08-05T12:11:50+00:00,0001766502,USD,2020,CY2018,True,latest_valid_restated_sec_companyfacts,Latest valid filing available as of 2026-08-05; configured source-tag priority breaks valid same-filing ties.
chwy,CHWY,0001766502-21-000008,10-K,2021-03-30,2018-01-29,2019-02-03,2018,FY,370.0,revenue,us-gaap,RevenueFromContractWithCustomerExcludingAssessedTax,3532837000.0,3532.837,USD_millions,flow,1,https://www.sec.gov/Archives/edgar/data/1766502/000176650221000008/,2026-08-05T12:11:50+00:00,0001766502,USD,2020,CY2018,True,latest_valid_restated_sec_companyfacts,Latest valid filing available as of 2026-08-05; configured source-tag priority breaks valid same-filing ties.
chwy,CHWY,0001766502-20-000007,10-K,2020-04-02,,2019-02-03,2018,FY,,total_assets,us-gaap,Assets,541622000.0,541.622,USD_millions,stock,1,https://www.sec.gov/Archives/edgar/data/1766502/000176650220000007/,2026-08-05T12:11:50+00:00,0001766502,USD,2019,CY2018Q4I,True,latest_valid_restated_sec_companyfacts,Latest valid filing available as of 2026-08-05; configured source-tag priority breaks valid same-filing ties.
chwy,CHWY,0001766502-22-000008,10-K,2022-03-29,,2019-02-03,2018,FY,,total_equity,us-gaap,StockholdersEquity,-335942000.0,-335.942,USD_millions,stock,1,https://www.sec.gov/Archives/edgar/data/1766502/000176650222000008/,2026-08-05T12:11:50+00:00,0001766502,USD,2021,CY2018Q4I,True,latest_valid_restated_sec_companyfacts,Latest valid filing available as of 2026-08-05; configured source-tag priority breaks valid same-filing ties.
chwy,CHWY,0001766502-20-000007,10-K,2020-04-02,,2019-02-03,2018,FY,,total_liabilities,us-gaap,Liabilities,877564000.0,877.564,USD_millions,stock,1,https://www.sec.gov/Archives/edgar/data/1766502/000176650220000007/,2026-08-05T12:11:50+00:00,0001766502,USD,2019,CY2018Q4I,True,latest_valid_restated_sec_companyfacts,Latest valid filing available as of 2026-08-05; configured source-tag priority breaks valid same-filing ties.
chwy,CHWY,0001766502-21-000008,10-K,2021-03-30,2019-02-04,2020-02-02,2019,FY,363.0,capital_expenditure,us-gaap,PaymentsToAcquireProductiveAssets,48636000.0,48.636,USD_millions,flow,2,https://www.sec.gov/Archives/edgar/data/1766502/000176650221000008/,2026-08-05T12:11:50+00:00,0001766502,USD,2020,CY2019,True,latest_valid_restated_sec_companyfacts,Latest valid filing available as of 2026-08-05; configured source-tag priority breaks valid same-filing ties.
chwy,CHWY,0001766502-21-000008,10-K,2021-03-30,,2020-02-02,2019,FY,,cash_and_equivalents,us-gaap,CashAndCashEquivalentsAtCarryingValue,212088000.0,212.088,USD_millions,stock,1,https://www.sec.gov/Archives/edgar/data/1766502/000176650221000008/,2026-08-05T12:11:50+00:00,0001766502,USD,2020,CY2019Q4I,True,latest_valid_restated_sec_companyfacts,Latest valid filing available as of 2026-08-05; configured source-tag priority breaks valid same-filing ties.
chwy,CHWY,0001766502-21-000008,10-K,2021-03-30,,2020-02-02,2019,FY,,current_assets,us-gaap,AssetsCurrent,629789000.0,629.789,USD_millions,stock,1,https://www.sec.gov/Archives/edgar/data/1766502/000176650221000008/,2026-08-05T12:11:50+00:00,0001766502,USD,2020,CY2019Q4I,True,latest_valid_restated_sec_companyfacts,Latest valid filing available as of 2026-08-05; configured source-tag priority breaks valid same-filing ties.
chwy,CHWY,0001766502-21-000008,10-K,2021-03-30,,2020-02-02,2019,FY,,current_liabilities,us-gaap,LiabilitiesCurrent,1100538000.0,1100.538,USD_millions,stock,1,https://www.sec.gov/Archives/edgar/data/1766502/000176650221000008/,2026-08-05T12:11:50+00:00,0001766502,USD,2020,CY2019Q4I,True,latest_valid_restated_sec_companyfacts,Latest valid filing available as of 2026-08-05; configured source-tag priority breaks valid same-filing ties.
chwy,CHWY,0001766502-22-000008,10-K,2022-03-29,2019-02-04,2020-02-02,2019,FY,363.0,free_cash_flow,project,derived:OperatingCashFlow-CapitalExpenditure,,-2.0549999999999997,USD,flow,0,https://www.sec.gov/Archives/edgar/data/1766502/000176650222000008/,2026-08-05T12:11:50+00:00,0001766502,USD,2021,CY2019,True,derived_from_latest_valid_components,Operating cash flow minus positive CapEx outflow.
chwy,CHWY,0001766502-21-000008,10-K,2021-03-30,,2020-02-02,2019,FY,,inventory,us-gaap,InventoryNet,317808000.0,317.808,USD_millions,stock,1,https://www.sec.gov/Archives/edgar/data/1766502/000176650221000008/,2026-08-05T12:11:50+00:00,0001766502,USD,2020,CY2019Q4I,True,latest_valid_restated_sec_companyfacts,Latest valid filing available as of 2026-08-05; configured source-tag priority breaks valid same-filing ties.
chwy,CHWY,0001766502-22-000008,10-K,2022-03-29,2019-02-04,2020-02-02,2019,FY,363.0,net_income,us-gaap,NetIncomeLoss,-252370000.0,-252.37,USD_millions,flow,1,https://www.sec.gov/Archives/edgar/data/1766502/000176650222000008/,2026-08-05T12:11:50+00:00,0001766502,USD,2021,CY2019,True,latest_valid_restated_sec_companyfacts,Latest valid filing available as of 2026-08-05; configured source-tag priority breaks valid same-filing ties.
chwy,CHWY,0001766502-22-000008,10-K,2022-03-29,2019-02-04,2020-02-02,2019,FY,363.0,operating_cash_flow,us-gaap,NetCashProvidedByUsedInOperatingActivities,46581000.0,46.581,USD_millions,flow,1,https://www.sec.gov/Archives/edgar/data/1766502/000176650222000008/,2026-08-05T12:11:50+00:00,0001766502,USD,2021,CY2019,True,latest_valid_restated_sec_companyfacts,Latest valid filing available as of 2026-08-05; configured source-tag priority breaks valid same-filing ties.
chwy,CHWY,0001766502-22-000008,10-K,2022-03-29,2019-02-04,2020-02-02,2019,FY,363.0,operating_income,us-gaap,OperatingIncomeLoss,-252726000.0,-252.726,USD_millions,flow,1,https://www.sec.gov/Archives/edgar/data/1766502/000176650222000008/,2026-08-05T12:11:50+00:00,0001766502,USD,2021,CY2019,True,latest_valid_restated_sec_companyfacts,Latest valid filing available as of 2026-08-05; configured source-tag priority breaks valid same-filing ties.
chwy,CHWY,0001766502-22-000008,10-K,2022-03-29,2019-02-04,2020-02-02,2019,FY,363.0,revenue,us-gaap,RevenueFromContractWithCustomerExcludingAssessedTax,4846743000.0,4846.743,USD_millions,flow,1,https://www.sec.gov/Archives/edgar/data/1766502/000176650222000008/,2026-08-05T12:11:50+00:00,0001766502,USD,2021,CY2019,True,latest_valid_restated_sec_companyfacts,Latest valid filing available as of 2026-08-05; configured source-tag priority breaks valid same-filing ties.
chwy,CHWY,0001766502-21-000008,10-K,2021-03-30,,2020-02-02,2019,FY,,total_assets,us-gaap,Assets,932321000.0,932.321,USD_millions,stock,1,https://www.sec.gov/Archives/edgar/data/1766502/000176650221000008/,2026-08-05T12:11:50+00:00,0001766502,USD,2020,CY2019Q4I,True,latest_valid_restated_sec_companyfacts,Latest valid filing available as of 2026-08-05; configured source-tag priority breaks valid same-filing ties.
chwy,CHWY,0001766502-23-000011,10-K,2023-03-22,,2020-02-02,2019,FY,,total_equity,us-gaap,StockholdersEquity,-403974000.0,-403.974,USD_millions,stock,1,https://www.sec.gov/Archives/edgar/data/1766502/000176650223000011/,2026-08-05T12:11:50+00:00,0001766502,USD,2022,CY2019Q4I,True,latest_valid_restated_sec_companyfacts,Latest valid filing available as of 2026-08-05; configured source-tag priority breaks valid same-filing ties.
chwy,CHWY,0001766502-21-000008,10-K,2021-03-30,,2020-02-02,2019,FY,,total_liabilities,us-gaap,Liabilities,1336295000.0,1336.295,USD_millions,stock,1,https://www.sec.gov/Archives/edgar/data/1766502/000176650221000008/,2026-08-05T12:11:50+00:00,0001766502,USD,2020,CY2019Q4I,True,latest_valid_restated_sec_companyfacts,Latest valid filing available as of 2026-08-05; configured source-tag priority breaks valid same-filing ties.
chwy,CHWY,0001766502-21-000008,10-K,2021-03-30,2020-02-03,2021-01-31,2020,FY,363.0,capital_expenditure,us-gaap,PaymentsToAcquireProductiveAssets,130743000.0,130.743,USD_millions,flow,2,https://www.sec.gov/Archives/edgar/data/1766502/000176650221000008/,2026-08-05T12:11:50+00:00,0001766502,USD,2020,CY2020,True,latest_valid_restated_sec_companyfacts,Latest valid filing available as of 2026-08-05; configured source-tag priority breaks valid same-filing ties.
chwy,CHWY,0001766502-22-000008,10-K,2022-03-29,,2021-01-31,2020,FY,,cash_and_equivalents,us-gaap,CashAndCashEquivalentsAtCarryingValue,563345000.0,563.345,USD_millions,stock,1,https://www.sec.gov/Archives/edgar/data/1766502/000176650222000008/,2026-08-05T12:11:50+00:00,0001766502,USD,2021,CY2020Q4I,True,latest_valid_restated_sec_companyfacts,Latest valid filing available as of 2026-08-05; configured source-tag priority breaks valid same-filing ties.
chwy,CHWY,0001766502-22-000008,10-K,2022-03-29,,2021-01-31,2020,FY,,current_assets,us-gaap,AssetsCurrent,1226778000.0,1226.778,USD_millions,stock,1,https://www.sec.gov/Archives/edgar/data/1766502/000176650222000008/,2026-08-05T12:11:50+00:00,0001766502,USD,2021,CY2020Q4I,True,latest_valid_restated_sec_companyfacts,Latest valid filing available as of 2026-08-05; configured source-tag priority breaks valid same-filing ties.
chwy,CHWY,0001766502-22-000008,10-K,2022-03-29,,2021-01-31,2020,FY,,current_liabilities,us-gaap,LiabilitiesCurrent,1380862000.0,1380.862,USD_millions,stock,1,https://www.sec.gov/Archives/edgar/data/1766502/000176650222000008/,2026-08-05T12:11:50+00:00,0001766502,USD,2021,CY2020Q4I,True,latest_valid_restated_sec_companyfacts,Latest valid filing available as of 2026-08-05; configured source-tag priority breaks valid same-filing ties.
chwy,CHWY,0001766502-23-000011,10-K,2023-03-22,2020-02-03,2021-01-31,2020,FY,363.0,free_cash_flow,project,derived:OperatingCashFlow-CapitalExpenditure,,2.0120000000000005,USD,flow,0,https://www.sec.gov/Archives/edgar/data/1766502/000176650223000011/,2026-08-05T12:11:50+00:00,0001766502,USD,2022,CY2020,True,derived_from_latest_valid_components,Operating cash flow minus positive CapEx outflow.
chwy,CHWY,0001766502-22-000008,10-K,2022-03-29,,2021-01-31,2020,FY,,inventory,us-gaap,InventoryNet,513304000.0,513.304,USD_millions,stock,1,https://www.sec.gov/Archives/edgar/data/1766502/000176650222000008/,2026-08-05T12:11:50+00:00,0001766502,USD,2021,CY2020Q4I,True,latest_valid_restated_sec_companyfacts,Latest valid filing available as of 2026-08-05; configured source-tag priority breaks valid same-filing ties.
chwy,CHWY,0001766502-23-000011,10-K,2023-03-22,2020-02-03,2021-01-31,2020,FY,363.0,net_income,us-gaap,NetIncomeLoss,-92486000.0,-92.486,USD_millions,flow,1,https://www.sec.gov/Archives/edgar/data/1766502/000176650223000011/,2026-08-05T12:11:50+00:00,0001766502,USD,2022,CY2020,True,latest_valid_restated_sec_companyfacts,Latest valid filing available as of 2026-08-05; configured source-tag priority breaks valid same-filing ties.
chwy,CHWY,0001766502-23-000011,10-K,2023-03-22,2020-02-03,2021-01-31,2020,FY,363.0,operating_cash_flow,us-gaap,NetCashProvidedByUsedInOperatingActivities,132755000.0,132.755,USD_millions,flow,1,https://www.sec.gov/Archives/edgar/data/1766502/000176650223000011/,2026-08-05T12:11:50+00:00,0001766502,USD,2022,CY2020,True,latest_valid_restated_sec_companyfacts,Latest valid filing available as of 2026-08-05; configured source-tag priority breaks valid same-filing ties.
chwy,CHWY,0001766502-23-000011,10-K,2023-03-22,2020-02-03,2021-01-31,2020,FY,363.0,operating_income,us-gaap,OperatingIncomeLoss,-90464000.0,-90.464,USD_millions,flow,1,https://www.sec.gov/Archives/edgar/data/1766502/000176650223000011/,2026-08-05T12:11:50+00:00,0001766502,USD,2022,CY2020,True,latest_valid_restated_sec_companyfacts,Latest valid filing available as of 2026-08-05; configured source-tag priority breaks valid same-filing ties.
chwy,CHWY,0001766502-23-000011,10-K,2023-03-22,2020-02-03,2021-01-31,2020,FY,363.0,revenue,us-gaap,RevenueFromContractWithCustomerExcludingAssessedTax,7146264000.0,7146.264,USD_millions,flow,1,https://www.sec.gov/Archives/edgar/data/1766502/000176650223000011/,2026-08-05T12:11:50+00:00,0001766502,USD,2022,CY2020,True,latest_valid_restated_sec_companyfacts,Latest valid filing available as of 2026-08-05; configured source-tag priority breaks valid same-filing ties.
chwy,CHWY,0001766502-22-000008,10-K,2022-03-29,,2021-01-31,2020,FY,,total_assets,us-gaap,Assets,1740910000.0,1740.91,USD_millions,stock,1,https://www.sec.gov/Archives/edgar/data/1766502/000176650222000008/,2026-08-05T12:11:50+00:00,0001766502,USD,2021,CY2020Q4I,True,latest_valid_restated_sec_companyfacts,Latest valid filing available as of 2026-08-05; configured source-tag priority breaks valid same-filing ties.
chwy,CHWY,0001766502-24-000014,10-K,2024-03-20,,2021-01-31,2020,FY,,total_equity,us-gaap,StockholdersEquity,-54970000.0,-54.97,USD_millions,stock,1,https://www.sec.gov/Archives/edgar/data/1766502/000176650224000014/,2026-08-05T12:11:50+00:00,0001766502,USD,2023,CY2020Q4I,True,latest_valid_restated_sec_companyfacts,Latest valid filing available as of 2026-08-05; configured source-tag priority breaks valid same-filing ties.
chwy,CHWY,0001766502-22-000008,10-K,2022-03-29,,2021-01-31,2020,FY,,total_liabilities,us-gaap,Liabilities,1742914000.0,1742.914,USD_millions,stock,1,https://www.sec.gov/Archives/edgar/data/1766502/000176650222000008/,2026-08-05T12:11:50+00:00,0001766502,USD,2021,CY2020Q4I,True,latest_valid_restated_sec_companyfacts,Latest valid filing available as of 2026-08-05; configured source-tag priority breaks valid same-filing ties.
chwy,CHWY,0001766502-24-000014,10-K,2024-03-20,2021-02-01,2022-01-30,2021,FY,363.0,capital_expenditure,us-gaap,PaymentsToAcquireProductiveAssets,183186000.0,183.186,USD_millions,flow,2,https://www.sec.gov/Archives/edgar/data/1766502/000176650224000014/,2026-08-05T12:11:50+00:00,0001766502,USD,2023,CY2021,True,latest_valid_restated_sec_companyfacts,Latest valid filing available as of 2026-08-05; configured source-tag priority breaks valid same-filing ties.
chwy,CHWY,0001766502-23-000011,10-K,2023-03-22,,2022-01-30,2021,FY,,cash_and_equivalents,us-gaap,CashAndCashEquivalentsAtCarryingValue,603079000.0,603.079,USD_millions,stock,1,https://www.sec.gov/Archives/edgar/data/1766502/000176650223000011/,2026-08-05T12:11:50+00:00,0001766502,USD,2022,CY2021Q4I,True,latest_valid_restated_sec_companyfacts,Latest valid filing available as of 2026-08-05; configured source-tag priority breaks valid same-filing ties.
chwy,CHWY,0001766502-23-000011,10-K,2023-03-22,,2022-01-30,2021,FY,,current_assets,us-gaap,AssetsCurrent,1323532000.0,1323.532,USD_millions,stock,1,https://www.sec.gov/Archives/edgar/data/1766502/000176650223000011/,2026-08-05T12:11:50+00:00,0001766502,USD,2022,CY2021Q4I,True,latest_valid_restated_sec_companyfacts,Latest valid filing available as of 2026-08-05; configured source-tag priority breaks valid same-filing ties.
chwy,CHWY,0001766502-23-000011,10-K,2023-03-22,,2022-01-30,2021,FY,,current_liabilities,us-gaap,LiabilitiesCurrent,1644879000.0,1644.879,USD_millions,stock,1,https://www.sec.gov/Archives/edgar/data/1766502/000176650223000011/,2026-08-05T12:11:50+00:00,0001766502,USD,2022,CY2021Q4I,True,latest_valid_restated_sec_companyfacts,Latest valid filing available as of 2026-08-05; configured source-tag priority breaks valid same-filing ties.
chwy,CHWY,0001766502-24-000014,10-K,2024-03-20,2021-02-01,2022-01-30,2021,FY,363.0,free_cash_flow,project,derived:OperatingCashFlow-CapitalExpenditure,,8.556999999999988,USD,flow,0,https://www.sec.gov/Archives/edgar/data/1766502/000176650224000014/,2026-08-05T12:11:50+00:00,0001766502,USD,2023,CY2021,True,derived_from_latest_valid_components,Operating cash flow minus positive CapEx outflow.
chwy,CHWY,0001766502-23-000011,10-K,2023-03-22,,2022-01-30,2021,FY,,inventory,us-gaap,InventoryNet,560430000.0,560.43,USD_millions,stock,1,https://www.sec.gov/Archives/edgar/data/1766502/000176650223000011/,2026-08-05T12:11:50+00:00,0001766502,USD,2022,CY2021Q4I,True,latest_valid_restated_sec_companyfacts,Latest valid filing available as of 2026-08-05; configured source-tag priority breaks valid same-filing ties.
chwy,CHWY,0001766502-24-000014,10-K,2024-03-20,2021-02-01,2022-01-30,2021,FY,363.0,net_income,us-gaap,NetIncomeLoss,-75207000.0,-75.207,USD_millions,flow,1,https://www.sec.gov/Archives/edgar/data/1766502/000176650224000014/,2026-08-05T12:11:50+00:00,0001766502,USD,2023,,True,latest_valid_restated_sec_companyfacts,Latest valid filing available as of 2026-08-05; configured source-tag priority breaks valid same-filing ties.
chwy,CHWY,0001766502-24-000014,10-K,2024-03-20,2021-02-01,2022-01-30,2021,FY,363.0,operating_cash_flow,us-gaap,NetCashProvidedByUsedInOperatingActivities,191743000.0,191.743,USD_millions,flow,1,https://www.sec.gov/Archives/edgar/data/1766502/000176650224000014/,2026-08-05T12:11:50+00:00,0001766502,USD,2023,CY2021,True,latest_valid_restated_sec_companyfacts,Latest valid filing available as of 2026-08-05; configured source-tag priority breaks valid same-filing ties.
chwy,CHWY,0001766502-24-000014,10-K,2024-03-20,2021-02-01,2022-01-30,2021,FY,363.0,operating_income,us-gaap,OperatingIncomeLoss,-73566000.0,-73.566,USD_millions,flow,1,https://www.sec.gov/Archives/edgar/data/1766502/000176650224000014/,2026-08-05T12:11:50+00:00,0001766502,USD,2023,CY2021,True,latest_valid_restated_sec_companyfacts,Latest valid filing available as of 2026-08-05; configured source-tag priority breaks valid same-filing ties.
chwy,CHWY,0001766502-24-000014,10-K,2024-03-20,2021-02-01,2022-01-30,2021,FY,363.0,revenue,us-gaap,RevenueFromContractWithCustomerExcludingAssessedTax,8967407000.0,8967.407,USD_millions,flow,1,https://www.sec.gov/Archives/edgar/data/1766502/000176650224000014/,2026-08-05T12:11:50+00:00,0001766502,USD,2023,CY2021,True,latest_valid_restated_sec_companyfacts,Latest valid filing available as of 2026-08-05; configured source-tag priority breaks valid same-filing ties.
chwy,CHWY,0001766502-23-000011,10-K,2023-03-22,,2022-01-30,2021,FY,,total_assets,us-gaap,Assets,2086281000.0,2086.281,USD_millions,stock,1,https://www.sec.gov/Archives/edgar/data/1766502/000176650223000011/,2026-08-05T12:11:50+00:00,0001766502,USD,2022,CY2021Q4I,True,latest_valid_restated_sec_companyfacts,Latest valid filing available as of 2026-08-05; configured source-tag priority breaks valid same-filing ties.
chwy,CHWY,0001766502-25-000014,10-K,2025-03-26,,2022-01-30,2021,FY,,total_equity,us-gaap,StockholdersEquity,-39620000.0,-39.62,USD_millions,stock,1,https://www.sec.gov/Archives/edgar/data/1766502/000176650225000014/,2026-08-05T12:11:50+00:00,0001766502,USD,2024,CY2021Q4I,True,latest_valid_restated_sec_companyfacts,Latest valid filing available as of 2026-08-05; configured source-tag priority breaks valid same-filing ties.
chwy,CHWY,0001766502-23-000011,10-K,2023-03-22,,2022-01-30,2021,FY,,total_liabilities,us-gaap,Liabilities,2071545000.0,2071.545,USD_millions,stock,1,https://www.sec.gov/Archives/edgar/data/1766502/000176650223000011/,2026-08-05T12:11:50+00:00,0001766502,USD,2022,CY2021Q4I,True,latest_valid_restated_sec_companyfacts,Latest valid filing available as of 2026-08-05; configured source-tag priority breaks valid same-filing ties.
chwy,CHWY,0001766502-25-000014,10-K,2025-03-26,2022-01-31,2023-01-29,2022,FY,363.0,capital_expenditure,us-gaap,PaymentsToAcquireProductiveAssets,230310000.0,230.31,USD_millions,flow,2,https://www.sec.gov/Archives/edgar/data/1766502/000176650225000014/,2026-08-05T12:11:50+00:00,0001766502,USD,2024,CY2022,True,latest_valid_restated_sec_companyfacts,Latest valid filing available as of 2026-08-05; configured source-tag priority breaks valid same-filing ties.
chwy,CHWY,0001766502-24-000014,10-K,2024-03-20,,2023-01-29,2022,FY,,cash_and_equivalents,us-gaap,CashAndCashEquivalentsAtCarryingValue,331641000.0,331.641,USD_millions,stock,1,https://www.sec.gov/Archives/edgar/data/1766502/000176650224000014/,2026-08-05T12:11:50+00:00,0001766502,USD,2023,CY2022Q4I,True,latest_valid_restated_sec_companyfacts,Latest valid filing available as of 2026-08-05; configured source-tag priority breaks valid same-filing ties.
chwy,CHWY,0001766502-24-000014,10-K,2024-03-20,,2023-01-29,2022,FY,,current_assets,us-gaap,AssetsCurrent,1524780000.0,1524.78,USD_millions,stock,1,https://www.sec.gov/Archives/edgar/data/1766502/000176650224000014/,2026-08-05T12:11:50+00:00,0001766502,USD,2023,CY2022Q4I,True,latest_valid_restated_sec_companyfacts,Latest valid filing available as of 2026-08-05; configured source-tag priority breaks valid same-filing ties.
chwy,CHWY,0001766502-24-000014,10-K,2024-03-20,,2023-01-29,2022,FY,,current_liabilities,us-gaap,LiabilitiesCurrent,1827718000.0,1827.718,USD_millions,stock,1,https://www.sec.gov/Archives/edgar/data/1766502/000176650224000014/,2026-08-05T12:11:50+00:00,0001766502,USD,2023,CY2022Q4I,True,latest_valid_restated_sec_companyfacts,Latest valid filing available as of 2026-08-05; configured source-tag priority breaks valid same-filing ties.
chwy,CHWY,0001766502-25-000014,10-K,2025-03-26,2022-01-31,2023-01-29,2022,FY,363.0,free_cash_flow,project,derived:OperatingCashFlow-CapitalExpenditure,,119.46699999999998,USD,flow,0,https://www.sec.gov/Archives/edgar/data/1766502/000176650225000014/,2026-08-05T12:11:50+00:00,0001766502,USD,2024,CY2022,True,derived_from_latest_valid_components,Operating cash flow minus positive CapEx outflow.
chwy,CHWY,0001766502-24-000014,10-K,2024-03-20,,2023-01-29,2022,FY,,inventory,us-gaap,InventoryNet,678005000.0,678.005,USD_millions,stock,1,https://www.sec.gov/Archives/edgar/data/1766502/000176650224000014/,2026-08-05T12:11:50+00:00,0001766502,USD,2023,CY2022Q4I,True,latest_valid_restated_sec_companyfacts,Latest valid filing available as of 2026-08-05; configured source-tag priority breaks valid same-filing ties.
chwy,CHWY,0001766502-25-000014,10-K,2025-03-26,2022-01-31,2023-01-29,2022,FY,363.0,net_income,us-gaap,NetIncomeLoss,49899000.0,49.899,USD_millions,flow,1,https://www.sec.gov/Archives/edgar/data/1766502/000176650225000014/,2026-08-05T12:11:50+00:00,0001766502,USD,2024,,True,latest_valid_restated_sec_companyfacts,Latest valid filing available as of 2026-08-05; configured source-tag priority breaks valid same-filing ties.
chwy,CHWY,0001766502-25-000014,10-K,2025-03-26,2022-01-31,2023-01-29,2022,FY,363.0,operating_cash_flow,us-gaap,NetCashProvidedByUsedInOperatingActivities,349777000.0,349.777,USD_millions,flow,1,https://www.sec.gov/Archives/edgar/data/1766502/000176650225000014/,2026-08-05T12:11:50+00:00,0001766502,USD,2024,CY2022,True,latest_valid_restated_sec_companyfacts,Latest valid filing available as of 2026-08-05; configured source-tag priority breaks valid same-filing ties.
chwy,CHWY,0001766502-25-000014,10-K,2025-03-26,2022-01-31,2023-01-29,2022,FY,363.0,operating_income,us-gaap,OperatingIncomeLoss,56421000.0,56.421,USD_millions,flow,1,https://www.sec.gov/Archives/edgar/data/1766502/000176650225000014/,2026-08-05T12:11:50+00:00,0001766502,USD,2024,CY2022,True,latest_valid_restated_sec_companyfacts,Latest valid filing available as of 2026-08-05; configured source-tag priority breaks valid same-filing ties.
chwy,CHWY,0001766502-25-000014,10-K,2025-03-26,2022-01-31,2023-01-29,2022,FY,363.0,revenue,us-gaap,RevenueFromContractWithCustomerExcludingAssessedTax,10119000000.0,10119.0,USD_millions,flow,1,https://www.sec.gov/Archives/edgar/data/1766502/000176650225000014/,2026-08-05T12:11:50+00:00,0001766502,USD,2024,CY2022,True,latest_valid_restated_sec_companyfacts,Latest valid filing available as of 2026-08-05; configured source-tag priority breaks valid same-filing ties.
chwy,CHWY,0001766502-24-000014,10-K,2024-03-20,,2023-01-29,2022,FY,,total_assets,us-gaap,Assets,2519818000.0,2519.818,USD_millions,stock,1,https://www.sec.gov/Archives/edgar/data/1766502/000176650224000014/,2026-08-05T12:11:50+00:00,0001766502,USD,2023,CY2022Q4I,True,latest_valid_restated_sec_companyfacts,Latest valid filing available as of 2026-08-05; configured source-tag priority breaks valid same-filing ties.
chwy,CHWY,0001766502-26-000034,10-K,2026-03-25,,2023-01-29,2022,FY,,total_equity,us-gaap,StockholdersEquity,160300000.0,160.3,USD_millions,stock,1,https://www.sec.gov/Archives/edgar/data/1766502/000176650226000034/,2026-08-05T12:11:50+00:00,0001766502,USD,2025,CY2022Q4I,True,latest_valid_restated_sec_companyfacts,Latest valid filing available as of 2026-08-05; configured source-tag priority breaks valid same-filing ties.
chwy,CHWY,0001766502-24-000014,10-K,2024-03-20,,2023-01-29,2022,FY,,total_liabilities,us-gaap,Liabilities,2359550000.0,2359.55,USD_millions,stock,1,https://www.sec.gov/Archives/edgar/data/1766502/000176650224000014/,2026-08-05T12:11:50+00:00,0001766502,USD,2023,CY2022Q4I,True,latest_valid_restated_sec_companyfacts,Latest valid filing available as of 2026-08-05; configured source-tag priority breaks valid same-filing ties.
chwy,CHWY,0001766502-26-000034,10-K,2026-03-25,2023-01-30,2024-01-28,2023,FY,363.0,capital_expenditure,us-gaap,PaymentsToAcquireProductiveAssets,143300000.0,143.3,USD_millions,flow,2,https://www.sec.gov/Archives/edgar/data/1766502/000176650226000034/,2026-08-05T12:11:50+00:00,0001766502,USD,2025,CY2023,True,latest_valid_restated_sec_companyfacts,Latest valid filing available as of 2026-08-05; configured source-tag priority breaks valid same-filing ties.
chwy,CHWY,0001766502-25-000014,10-K,2025-03-26,,2024-01-28,2023,FY,,cash_and_equivalents,us-gaap,CashAndCashEquivalentsAtCarryingValue,602232000.0,602.232,USD_millions,stock,1,https://www.sec.gov/Archives/edgar/data/1766502/000176650225000014/,2026-08-05T12:11:50+00:00,0001766502,USD,2024,CY2023Q4I,True,latest_valid_restated_sec_companyfacts,Latest valid filing available as of 2026-08-05; configured source-tag priority breaks valid same-filing ties.
chwy,CHWY,0001766502-25-000014,10-K,2025-03-26,,2024-01-28,2023,FY,,current_assets,us-gaap,AssetsCurrent,2104348000.0,2104.348,USD_millions,stock,1,https://www.sec.gov/Archives/edgar/data/1766502/000176650225000014/,2026-08-05T12:11:50+00:00,0001766502,USD,2024,CY2023Q4I,True,latest_valid_restated_sec_companyfacts,Latest valid filing available as of 2026-08-05; configured source-tag priority breaks valid same-filing ties.
chwy,CHWY,0001766502-25-000014,10-K,2025-03-26,,2024-01-28,2023,FY,,current_liabilities,us-gaap,LiabilitiesCurrent,2110877000.0,2110.877,USD_millions,stock,1,https://www.sec.gov/Archives/edgar/data/1766502/000176650225000014/,2026-08-05T12:11:50+00:00,0001766502,USD,2024,CY2023Q4I,True,latest_valid_restated_sec_companyfacts,Latest valid filing available as of 2026-08-05; configured source-tag priority breaks valid same-filing ties.
chwy,CHWY,0001766502-26-000034,10-K,2026-03-25,2023-01-30,2024-01-28,2023,FY,363.0,free_cash_flow,project,derived:OperatingCashFlow-CapitalExpenditure,,342.9,USD,flow,0,https://www.sec.gov/Archives/edgar/data/1766502/000176650226000034/,2026-08-05T12:11:50+00:00,0001766502,USD,2025,CY2023,True,derived_from_latest_valid_components,Operating cash flow minus positive CapEx outflow.
chwy,CHWY,0001766502-25-000014,10-K,2025-03-26,,2024-01-28,2023,FY,,inventory,us-gaap,InventoryNet,719273000.0,719.273,USD_millions,stock,1,https://www.sec.gov/Archives/edgar/data/1766502/000176650225000014/,2026-08-05T12:11:50+00:00,0001766502,USD,2024,CY2023Q4I,True,latest_valid_restated_sec_companyfacts,Latest valid filing available as of 2026-08-05; configured source-tag priority breaks valid same-filing ties.
chwy,CHWY,0001766502-26-000034,10-K,2026-03-25,2023-01-30,2024-01-28,2023,FY,363.0,net_income,us-gaap,NetIncomeLoss,39600000.0,39.6,USD_millions,flow,1,https://www.sec.gov/Archives/edgar/data/1766502/000176650226000034/,2026-08-05T12:11:50+00:00,0001766502,USD,2025,,True,latest_valid_restated_sec_companyfacts,Latest valid filing available as of 2026-08-05; configured source-tag priority breaks valid same-filing ties.
chwy,CHWY,0001766502-26-000034,10-K,2026-03-25,2023-01-30,2024-01-28,2023,FY,363.0,operating_cash_flow,us-gaap,NetCashProvidedByUsedInOperatingActivities,486200000.0,486.2,USD_millions,flow,1,https://www.sec.gov/Archives/edgar/data/1766502/000176650226000034/,2026-08-05T12:11:50+00:00,0001766502,USD,2025,CY2023,True,latest_valid_restated_sec_companyfacts,Latest valid filing available as of 2026-08-05; configured source-tag priority breaks valid same-filing ties.
chwy,CHWY,0001766502-26-000034,10-K,2026-03-25,2023-01-30,2024-01-28,2023,FY,363.0,operating_income,us-gaap,OperatingIncomeLoss,-23600000.0,-23.6,USD_millions,flow,1,https://www.sec.gov/Archives/edgar/data/1766502/000176650226000034/,2026-08-05T12:11:50+00:00,0001766502,USD,2025,CY2023,True,latest_valid_restated_sec_companyfacts,Latest valid filing available as of 2026-08-05; configured source-tag priority breaks valid same-filing ties.
chwy,CHWY,0001766502-26-000034,10-K,2026-03-25,2023-01-30,2024-01-28,2023,FY,363.0,revenue,us-gaap,RevenueFromContractWithCustomerExcludingAssessedTax,11147700000.0,11147.7,USD_millions,flow,1,https://www.sec.gov/Archives/edgar/data/1766502/000176650226000034/,2026-08-05T12:11:50+00:00,0001766502,USD,2025,CY2023,True,latest_valid_restated_sec_companyfacts,Latest valid filing available as of 2026-08-05; configured source-tag priority breaks valid same-filing ties.
chwy,CHWY,0001766502-25-000014,10-K,2025-03-26,,2024-01-28,2023,FY,,total_assets,us-gaap,Assets,3186851000.0,3186.851,USD_millions,stock,1,https://www.sec.gov/Archives/edgar/data/1766502/000176650225000014/,2026-08-05T12:11:50+00:00,0001766502,USD,2024,CY2023Q4I,True,latest_valid_restated_sec_companyfacts,Latest valid filing available as of 2026-08-05; configured source-tag priority breaks valid same-filing ties.
chwy,CHWY,0001766502-26-000034,10-K,2026-03-25,,2024-01-28,2023,FY,,total_equity,us-gaap,StockholdersEquity,510300000.0,510.3,USD_millions,stock,1,https://www.sec.gov/Archives/edgar/data/1766502/000176650226000034/,2026-08-05T12:11:50+00:00,0001766502,USD,2025,CY2023Q4I,True,latest_valid_restated_sec_companyfacts,Latest valid filing available as of 2026-08-05; configured source-tag priority breaks valid same-filing ties.
chwy,CHWY,0001766502-25-000014,10-K,2025-03-26,,2024-01-28,2023,FY,,total_liabilities,us-gaap,Liabilities,2676607000.0,2676.607,USD_millions,stock,1,https://www.sec.gov/Archives/edgar/data/1766502/000176650225000014/,2026-08-05T12:11:50+00:00,0001766502,USD,2024,CY2023Q4I,True,latest_valid_restated_sec_companyfacts,Latest valid filing available as of 2026-08-05; configured source-tag priority breaks valid same-filing ties.
chwy,CHWY,0001766502-26-000034,10-K,2026-03-25,2024-01-29,2025-02-02,2024,FY,370.0,capital_expenditure,us-gaap,PaymentsToAcquireProductiveAssets,143800000.0,143.8,USD_millions,flow,2,https://www.sec.gov/Archives/edgar/data/1766502/000176650226000034/,2026-08-05T12:11:50+00:00,0001766502,USD,2025,CY2024,True,latest_valid_restated_sec_companyfacts,Latest valid filing available as of 2026-08-05; configured source-tag priority breaks valid same-filing ties.
chwy,CHWY,0001766502-26-000034,10-K,2026-03-25,,2025-02-02,2024,FY,,cash_and_equivalents,us-gaap,CashAndCashEquivalentsAtCarryingValue,595800000.0,595.8,USD_millions,stock,1,https://www.sec.gov/Archives/edgar/data/1766502/000176650226000034/,2026-08-05T12:11:50+00:00,0001766502,USD,2025,CY2024Q4I,True,latest_valid_restated_sec_companyfacts,Latest valid filing available as of 2026-08-05; configured source-tag priority breaks valid same-filing ties.
chwy,CHWY,0001766502-26-000034,10-K,2026-03-25,,2025-02-02,2024,FY,,current_assets,us-gaap,AssetsCurrent,1662400000.0,1662.4,USD_millions,stock,1,https://www.sec.gov/Archives/edgar/data/1766502/000176650226000034/,2026-08-05T12:11:50+00:00,0001766502,USD,2025,CY2024Q4I,True,latest_valid_restated_sec_companyfacts,Latest valid filing available as of 2026-08-05; configured source-tag priority breaks valid same-filing ties.
chwy,CHWY,0001766502-26-000034,10-K,2026-03-25,,2025-02-02,2024,FY,,current_liabilities,us-gaap,LiabilitiesCurrent,2206700000.0,2206.7,USD_millions,stock,1,https://www.sec.gov/Archives/edgar/data/1766502/000176650226000034/,2026-08-05T12:11:50+00:00,0001766502,USD,2025,CY2024Q4I,True,latest_valid_restated_sec_companyfacts,Latest valid filing available as of 2026-08-05; configured source-tag priority breaks valid same-filing ties.
chwy,CHWY,0001766502-26-000034,10-K,2026-03-25,2024-01-29,2025-02-02,2024,FY,370.0,free_cash_flow,project,derived:OperatingCashFlow-CapitalExpenditure,,452.49999999999994,USD,flow,0,https://www.sec.gov/Archives/edgar/data/1766502/000176650226000034/,2026-08-05T12:11:50+00:00,0001766502,USD,2025,CY2024,True,derived_from_latest_valid_components,Operating cash flow minus positive CapEx outflow.
chwy,CHWY,0001766502-26-000034,10-K,2026-03-25,,2025-02-02,2024,FY,,inventory,us-gaap,InventoryNet,836700000.0,836.7,USD_millions,stock,1,https://www.sec.gov/Archives/edgar/data/1766502/000176650226000034/,2026-08-05T12:11:50+00:00,0001766502,USD,2025,CY2024Q4I,True,latest_valid_restated_sec_companyfacts,Latest valid filing available as of 2026-08-05; configured source-tag priority breaks valid same-filing ties.
chwy,CHWY,0001766502-26-000034,10-K,2026-03-25,2024-01-29,2025-02-02,2024,FY,370.0,net_income,us-gaap,NetIncomeLoss,392700000.0,392.7,USD_millions,flow,1,https://www.sec.gov/Archives/edgar/data/1766502/000176650226000034/,2026-08-05T12:11:50+00:00,0001766502,USD,2025,,True,latest_valid_restated_sec_companyfacts,Latest valid filing available as of 2026-08-05; configured source-tag priority breaks valid same-filing ties.
chwy,CHWY,0001766502-26-000034,10-K,2026-03-25,2024-01-29,2025-02-02,2024,FY,370.0,operating_cash_flow,us-gaap,NetCashProvidedByUsedInOperatingActivities,596300000.0,596.3,USD_millions,flow,1,https://www.sec.gov/Archives/edgar/data/1766502/000176650226000034/,2026-08-05T12:11:50+00:00,0001766502,USD,2025,CY2024,True,latest_valid_restated_sec_companyfacts,Latest valid filing available as of 2026-08-05; configured source-tag priority breaks valid same-filing ties.
chwy,CHWY,0001766502-26-000034,10-K,2026-03-25,2024-01-29,2025-02-02,2024,FY,370.0,operating_income,us-gaap,OperatingIncomeLoss,112600000.0,112.6,USD_millions,flow,1,https://www.sec.gov/Archives/edgar/data/1766502/000176650226000034/,2026-08-05T12:11:50+00:00,0001766502,USD,2025,CY2024,True,latest_valid_restated_sec_companyfacts,Latest valid filing available as of 2026-08-05; configured source-tag priority breaks valid same-filing ties.
chwy,CHWY,0001766502-26-000034,10-K,2026-03-25,2024-01-29,2025-02-02,2024,FY,370.0,revenue,us-gaap,RevenueFromContractWithCustomerExcludingAssessedTax,11861300000.0,11861.3,USD_millions,flow,1,https://www.sec.gov/Archives/edgar/data/1766502/000176650226000034/,2026-08-05T12:11:50+00:00,0001766502,USD,2025,CY2024,True,latest_valid_restated_sec_companyfacts,Latest valid filing available as of 2026-08-05; configured source-tag priority breaks valid same-filing ties.
chwy,CHWY,0001766502-26-000034,10-K,2026-03-25,,2025-02-02,2024,FY,,total_assets,us-gaap,Assets,3014500000.0,3014.5,USD_millions,stock,1,https://www.sec.gov/Archives/edgar/data/1766502/000176650226000034/,2026-08-05T12:11:50+00:00,0001766502,USD,2025,CY2024Q4I,True,latest_valid_restated_sec_companyfacts,Latest valid filing available as of 2026-08-05; configured source-tag priority breaks valid same-filing ties.
chwy,CHWY,0001766502-26-000034,10-K,2026-03-25,,2025-02-02,2024,FY,,total_equity,us-gaap,StockholdersEquity,261500000.0,261.5,USD_millions,stock,1,https://www.sec.gov/Archives/edgar/data/1766502/000176650226000034/,2026-08-05T12:11:50+00:00,0001766502,USD,2025,,True,latest_valid_restated_sec_companyfacts,Latest valid filing available as of 2026-08-05; configured source-tag priority breaks valid same-filing ties.
chwy,CHWY,0001766502-26-000034,10-K,2026-03-25,,2025-02-02,2024,FY,,total_liabilities,us-gaap,Liabilities,2753000000.0,2753.0,USD_millions,stock,1,https://www.sec.gov/Archives/edgar/data/1766502/000176650226000034/,2026-08-05T12:11:50+00:00,0001766502,USD,2025,CY2024Q4I,True,latest_valid_restated_sec_companyfacts,Latest valid filing available as of 2026-08-05; configured source-tag priority breaks valid same-filing ties.
cvna,CVNA,0001690820-20-000052,10-K,2020-02-26,2017-01-01,2017-12-31,2017,FY,364.0,capital_expenditure,us-gaap,PaymentsToAcquirePropertyPlantAndEquipment,78490000.0,78.49,USD_millions,flow,1,https://www.sec.gov/Archives/edgar/data/1690820/000169082020000052/,2026-08-05T17:49:37+00:00,0001690820,USD,2019,CY2017,True,latest_valid_restated_sec_companyfacts,Latest valid filing available as of 2026-08-05; configured source-tag priority breaks valid same-filing ties.
cvna,CVNA,0001690820-20-000052,10-K,2020-02-26,,2017-12-31,2017,FY,,cash_and_equivalents,us-gaap,CashAndCashEquivalentsAtCarryingValue,172680000.0,172.68,USD_millions,stock,1,https://www.sec.gov/Archives/edgar/data/1690820/000169082020000052/,2026-08-05T17:49:37+00:00,0001690820,USD,2019,CY2017Q4I,True,latest_valid_restated_sec_companyfacts,Latest valid filing available as of 2026-08-05; configured source-tag priority breaks valid same-filing ties.
cvna,CVNA,0001690820-19-000024,10-K,2019-02-27,,2017-12-31,2017,FY,,current_assets,us-gaap,AssetsCurrent,489718000.0,489.718,USD_millions,stock,1,https://www.sec.gov/Archives/edgar/data/1690820/000169082019000024/,2026-08-05T17:49:37+00:00,0001690820,USD,2018,CY2017Q4I,True,latest_valid_restated_sec_companyfacts,Latest valid filing available as of 2026-08-05; configured source-tag priority breaks valid same-filing ties.
cvna,CVNA,0001690820-19-000024,10-K,2019-02-27,,2017-12-31,2017,FY,,current_liabilities,us-gaap,LiabilitiesCurrent,306031000.0,306.031,USD_millions,stock,1,https://www.sec.gov/Archives/edgar/data/1690820/000169082019000024/,2026-08-05T17:49:37+00:00,0001690820,USD,2018,CY2017Q4I,True,latest_valid_restated_sec_companyfacts,Latest valid filing available as of 2026-08-05; configured source-tag priority breaks valid same-filing ties.
cvna,CVNA,0001690820-20-000052,10-K,2020-02-26,2017-01-01,2017-12-31,2017,FY,364.0,free_cash_flow,project,derived:OperatingCashFlow-CapitalExpenditure,,-278.414,USD,flow,0,https://www.sec.gov/Archives/edgar/data/1690820/000169082020000052/,2026-08-05T17:49:37+00:00,0001690820,USD,2019,CY2017,True,derived_from_latest_valid_components,Operating cash flow minus positive CapEx outflow.
cvna,CVNA,0001690820-19-000024,10-K,2019-02-27,,2017-12-31,2017,FY,,inventory,us-gaap,InventoryNet,227446000.0,227.446,USD_millions,stock,1,https://www.sec.gov/Archives/edgar/data/1690820/000169082019000024/,2026-08-05T17:49:37+00:00,0001690820,USD,2018,CY2017Q4I,True,latest_valid_restated_sec_companyfacts,Latest valid filing available as of 2026-08-05; configured source-tag priority breaks valid same-filing ties.
cvna,CVNA,0001690820-20-000052,10-K,2020-02-26,2017-01-01,2017-12-31,2017,FY,364.0,net_income,us-gaap,NetIncomeLoss,-62841000.0,-62.841,USD_millions,flow,1,https://www.sec.gov/Archives/edgar/data/1690820/000169082020000052/,2026-08-05T17:49:37+00:00,0001690820,USD,2019,CY2017,True,latest_valid_restated_sec_companyfacts,Latest valid filing available as of 2026-08-05; configured source-tag priority breaks valid same-filing ties.
cvna,CVNA,0001690820-20-000052,10-K,2020-02-26,2017-01-01,2017-12-31,2017,FY,364.0,operating_cash_flow,us-gaap,NetCashProvidedByUsedInOperatingActivities,-199924000.0,-199.924,USD_millions,flow,1,https://www.sec.gov/Archives/edgar/data/1690820/000169082020000052/,2026-08-05T17:49:37+00:00,0001690820,USD,2019,CY2017,True,latest_valid_restated_sec_companyfacts,Latest valid filing available as of 2026-08-05; configured source-tag priority breaks valid same-filing ties.
cvna,CVNA,0001690820-20-000052,10-K,2020-02-26,2017-01-01,2017-12-31,2017,FY,364.0,revenue,us-gaap,RevenueFromContractWithCustomerExcludingAssessedTax,858870000.0,858.87,USD_millions,flow,1,https://www.sec.gov/Archives/edgar/data/1690820/000169082020000052/,2026-08-05T17:49:37+00:00,0001690820,USD,2019,CY2017,True,latest_valid_restated_sec_companyfacts,Latest valid filing available as of 2026-08-05; configured source-tag priority breaks valid same-filing ties.
cvna,CVNA,0001690820-19-000024,10-K,2019-02-27,,2017-12-31,2017,FY,,total_assets,us-gaap,Assets,641137000.0,641.137,USD_millions,stock,1,https://www.sec.gov/Archives/edgar/data/1690820/000169082019000024/,2026-08-05T17:49:37+00:00,0001690820,USD,2018,CY2017Q4I,True,latest_valid_restated_sec_companyfacts,Latest valid filing available as of 2026-08-05; configured source-tag priority breaks valid same-filing ties.
cvna,CVNA,0001690820-19-000024,10-K,2019-02-27,,2017-12-31,2017,FY,,total_debt,us-gaap,LongTermDebtAndCapitalLeaseObligations,48469000.0,48.469,USD_millions,stock,3,https://www.sec.gov/Archives/edgar/data/1690820/000169082019000024/,2026-08-05T17:49:37+00:00,0001690820,USD,2018,CY2017Q4I,True,latest_valid_restated_sec_companyfacts,Latest valid filing available as of 2026-08-05; configured source-tag priority breaks valid same-filing ties.
cvna,CVNA,0001690820-21-000069,10-K,2021-02-25,,2017-12-31,2017,FY,,total_equity,us-gaap,StockholdersEquityIncludingPortionAttributableToNoncontrollingInterest,279544000.0,279.544,USD_millions,stock,2,https://www.sec.gov/Archives/edgar/data/1690820/000169082021000069/,2026-08-05T17:49:37+00:00,0001690820,USD,2020,CY2017Q4I,True,latest_valid_restated_sec_companyfacts,Latest valid filing available as of 2026-08-05; configured source-tag priority breaks valid same-filing ties.
cvna,CVNA,0001690820-19-000024,10-K,2019-02-27,,2017-12-31,2017,FY,,total_liabilities,us-gaap,Liabilities,361593000.0,361.593,USD_millions,stock,1,https://www.sec.gov/Archives/edgar/data/1690820/000169082019000024/,2026-08-05T17:49:37+00:00,0001690820,USD,2018,CY2017Q4I,True,latest_valid_restated_sec_companyfacts,Latest valid filing available as of 2026-08-05; configured source-tag priority breaks valid same-filing ties.
cvna,CVNA,0001690820-21-000069,10-K,2021-02-25,2018-01-01,2018-12-31,2018,FY,364.0,capital_expenditure,us-gaap,PaymentsToAcquirePropertyPlantAndEquipment,143668000.0,143.668,USD_millions,flow,1,https://www.sec.gov/Archives/edgar/data/1690820/000169082021000069/,2026-08-05T17:49:37+00:00,0001690820,USD,2020,CY2018,True,latest_valid_restated_sec_companyfacts,Latest valid filing available as of 2026-08-05; configured source-tag priority breaks valid same-filing ties.
cvna,CVNA,0001690820-21-000069,10-K,2021-02-25,,2018-12-31,2018,FY,,cash_and_equivalents,us-gaap,CashAndCashEquivalentsAtCarryingValue,78861000.0,78.861,USD_millions,stock,1,https://www.sec.gov/Archives/edgar/data/1690820/000169082021000069/,2026-08-05T17:49:37+00:00,0001690820,USD,2020,CY2018Q4I,True,latest_valid_restated_sec_companyfacts,Latest valid filing available as of 2026-08-05; configured source-tag priority breaks valid same-filing ties.
cvna,CVNA,0001690820-20-000052,10-K,2020-02-26,,2018-12-31,2018,FY,,current_assets,us-gaap,AssetsCurrent,662854000.0,662.854,USD_millions,stock,1,https://www.sec.gov/Archives/edgar/data/1690820/000169082020000052/,2026-08-05T17:49:37+00:00,0001690820,USD,2019,CY2018Q4I,True,latest_valid_restated_sec_companyfacts,Latest valid filing available as of 2026-08-05; configured source-tag priority breaks valid same-filing ties.
cvna,CVNA,0001690820-20-000052,10-K,2020-02-26,,2018-12-31,2018,FY,,current_liabilities,us-gaap,LiabilitiesCurrent,329511000.0,329.511,USD_millions,stock,1,https://www.sec.gov/Archives/edgar/data/1690820/000169082020000052/,2026-08-05T17:49:37+00:00,0001690820,USD,2019,CY2018Q4I,True,latest_valid_restated_sec_companyfacts,Latest valid filing available as of 2026-08-05; configured source-tag priority breaks valid same-filing ties.
cvna,CVNA,0001690820-21-000069,10-K,2021-02-25,2018-01-01,2018-12-31,2018,FY,364.0,free_cash_flow,project,derived:OperatingCashFlow-CapitalExpenditure,,-558.008,USD,flow,0,https://www.sec.gov/Archives/edgar/data/1690820/000169082021000069/,2026-08-05T17:49:37+00:00,0001690820,USD,2020,CY2018,True,derived_from_latest_valid_components,Operating cash flow minus positive CapEx outflow.
cvna,CVNA,0001690820-20-000052,10-K,2020-02-26,,2018-12-31,2018,FY,,inventory,us-gaap,InventoryNet,412243000.0,412.243,USD_millions,stock,1,https://www.sec.gov/Archives/edgar/data/1690820/000169082020000052/,2026-08-05T17:49:37+00:00,0001690820,USD,2019,CY2018Q4I,True,latest_valid_restated_sec_companyfacts,Latest valid filing available as of 2026-08-05; configured source-tag priority breaks valid same-filing ties.
cvna,CVNA,0001690820-21-000069,10-K,2021-02-25,2018-01-01,2018-12-31,2018,FY,364.0,net_income,us-gaap,NetIncomeLoss,-55476000.0,-55.476,USD_millions,flow,1,https://www.sec.gov/Archives/edgar/data/1690820/000169082021000069/,2026-08-05T17:49:37+00:00,0001690820,USD,2020,CY2018,True,latest_valid_restated_sec_companyfacts,Latest valid filing available as of 2026-08-05; configured source-tag priority breaks valid same-filing ties.
cvna,CVNA,0001690820-21-000069,10-K,2021-02-25,2018-01-01,2018-12-31,2018,FY,364.0,operating_cash_flow,us-gaap,NetCashProvidedByUsedInOperatingActivities,-414340000.0,-414.34,USD_millions,flow,1,https://www.sec.gov/Archives/edgar/data/1690820/000169082021000069/,2026-08-05T17:49:37+00:00,0001690820,USD,2020,CY2018,True,latest_valid_restated_sec_companyfacts,Latest valid filing available as of 2026-08-05; configured source-tag priority breaks valid same-filing ties.
cvna,CVNA,0001690820-21-000069,10-K,2021-02-25,2018-01-01,2018-12-31,2018,FY,364.0,operating_income,us-gaap,override:GrossProfit-SellingGeneralAndAdministrativeExpense,-228549000.0,228.549,USD_millions,flow,0,https://www.sec.gov/Archives/edgar/data/1690820/000169082021000069/,2026-08-05T17:49:37+00:00,0001690820,USD,2020,CY2018,True,latest_valid_restated_sec_companyfacts,Latest valid filing available as of 2026-08-05; configured source-tag priority breaks valid same-filing ties.
cvna,CVNA,0001690820-21-000069,10-K,2021-02-25,2018-01-01,2018-12-31,2018,FY,364.0,revenue,us-gaap,RevenueFromContractWithCustomerExcludingAssessedTax,1955467000.0,1955.467,USD_millions,flow,1,https://www.sec.gov/Archives/edgar/data/1690820/000169082021000069/,2026-08-05T17:49:37+00:00,0001690820,USD,2020,CY2018,True,latest_valid_restated_sec_companyfacts,Latest valid filing available as of 2026-08-05; configured source-tag priority breaks valid same-filing ties.
cvna,CVNA,0001690820-20-000052,10-K,2020-02-26,,2018-12-31,2018,FY,,total_assets,us-gaap,Assets,991013000.0,991.013,USD_millions,stock,1,https://www.sec.gov/Archives/edgar/data/1690820/000169082020000052/,2026-08-05T17:49:37+00:00,0001690820,USD,2019,CY2018Q4I,True,latest_valid_restated_sec_companyfacts,Latest valid filing available as of 2026-08-05; configured source-tag priority breaks valid same-filing ties.
cvna,CVNA,0001690820-19-000024,10-K,2019-02-27,,2018-12-31,2018,FY,,total_debt,us-gaap,LongTermDebtAndCapitalLeaseObligations,425349000.0,425.349,USD_millions,stock,3,https://www.sec.gov/Archives/edgar/data/1690820/000169082019000024/,2026-08-05T17:49:37+00:00,0001690820,USD,2018,,True,latest_valid_restated_sec_companyfacts,Latest valid filing available as of 2026-08-05; configured source-tag priority breaks valid same-filing ties.
cvna,CVNA,0001690820-22-000080,10-K,2022-02-24,,2018-12-31,2018,FY,,total_equity,us-gaap,StockholdersEquityIncludingPortionAttributableToNoncontrollingInterest,227000000.0,227.0,USD_millions,stock,2,https://www.sec.gov/Archives/edgar/data/1690820/000169082022000080/,2026-08-05T17:49:37+00:00,0001690820,USD,2021,CY2018Q4I,True,latest_valid_restated_sec_companyfacts,Latest valid filing available as of 2026-08-05; configured source-tag priority breaks valid same-filing ties.
cvna,CVNA,0001690820-20-000052,10-K,2020-02-26,,2018-12-31,2018,FY,,total_liabilities,us-gaap,Liabilities,763585000.0,763.585,USD_millions,stock,1,https://www.sec.gov/Archives/edgar/data/1690820/000169082020000052/,2026-08-05T17:49:37+00:00,0001690820,USD,2019,CY2018Q4I,True,latest_valid_restated_sec_companyfacts,Latest valid filing available as of 2026-08-05; configured source-tag priority breaks valid same-filing ties.
cvna,CVNA,0001690820-22-000080,10-K,2022-02-24,2019-01-01,2019-12-31,2019,FY,364.0,capital_expenditure,us-gaap,PaymentsToAcquirePropertyPlantAndEquipment,231000000.0,231.0,USD_millions,flow,1,https://www.sec.gov/Archives/edgar/data/1690820/000169082022000080/,2026-08-05T17:49:37+00:00,0001690820,USD,2021,CY2019,True,latest_valid_restated_sec_companyfacts,Latest valid filing available as of 2026-08-05; configured source-tag priority breaks valid same-filing ties.
cvna,CVNA,0001690820-22-000080,10-K,2022-02-24,,2019-12-31,2019,FY,,cash_and_equivalents,us-gaap,CashAndCashEquivalentsAtCarryingValue,76000000.0,76.0,USD_millions,stock,1,https://www.sec.gov/Archives/edgar/data/1690820/000169082022000080/,2026-08-05T17:49:37+00:00,0001690820,USD,2021,CY2019Q4I,True,latest_valid_restated_sec_companyfacts,Latest valid filing available as of 2026-08-05; configured source-tag priority breaks valid same-filing ties.
cvna,CVNA,0001690820-21-000069,10-K,2021-02-25,,2019-12-31,2019,FY,,current_assets,us-gaap,AssetsCurrent,1359422000.0,1359.422,USD_millions,stock,1,https://www.sec.gov/Archives/edgar/data/1690820/000169082021000069/,2026-08-05T17:49:37+00:00,0001690820,USD,2020,CY2019Q4I,True,latest_valid_restated_sec_companyfacts,Latest valid filing available as of 2026-08-05; configured source-tag priority breaks valid same-filing ties.
cvna,CVNA,0001690820-21-000069,10-K,2021-02-25,,2019-12-31,2019,FY,,current_liabilities,us-gaap,LiabilitiesCurrent,864870000.0,864.87,USD_millions,stock,1,https://www.sec.gov/Archives/edgar/data/1690820/000169082021000069/,2026-08-05T17:49:37+00:00,0001690820,USD,2020,CY2019Q4I,True,latest_valid_restated_sec_companyfacts,Latest valid filing available as of 2026-08-05; configured source-tag priority breaks valid same-filing ties.
cvna,CVNA,0001690820-22-000080,10-K,2022-02-24,2019-01-01,2019-12-31,2019,FY,364.0,free_cash_flow,project,derived:OperatingCashFlow-CapitalExpenditure,,-988.0,USD,flow,0,https://www.sec.gov/Archives/edgar/data/1690820/000169082022000080/,2026-08-05T17:49:37+00:00,0001690820,USD,2021,CY2019,True,derived_from_latest_valid_components,Operating cash flow minus positive CapEx outflow.
cvna,CVNA,0001690820-21-000069,10-K,2021-02-25,,2019-12-31,2019,FY,,inventory,us-gaap,InventoryNet,762696000.0,762.696,USD_millions,stock,1,https://www.sec.gov/Archives/edgar/data/1690820/000169082021000069/,2026-08-05T17:49:37+00:00,0001690820,USD,2020,CY2019Q4I,True,latest_valid_restated_sec_companyfacts,Latest valid filing available as of 2026-08-05; configured source-tag priority breaks valid same-filing ties.
cvna,CVNA,0001690820-22-000080,10-K,2022-02-24,2019-01-01,2019-12-31,2019,FY,364.0,net_income,us-gaap,NetIncomeLoss,-115000000.0,-115.0,USD_millions,flow,1,https://www.sec.gov/Archives/edgar/data/1690820/000169082022000080/,2026-08-05T17:49:37+00:00,0001690820,USD,2021,CY2019,True,latest_valid_restated_sec_companyfacts,Latest valid filing available as of 2026-08-05; configured source-tag priority breaks valid same-filing ties.
cvna,CVNA,0001690820-22-000080,10-K,2022-02-24,2019-01-01,2019-12-31,2019,FY,364.0,operating_cash_flow,us-gaap,NetCashProvidedByUsedInOperatingActivities,-757000000.0,-757.0,USD_millions,flow,1,https://www.sec.gov/Archives/edgar/data/1690820/000169082022000080/,2026-08-05T17:49:37+00:00,0001690820,USD,2021,CY2019,True,latest_valid_restated_sec_companyfacts,Latest valid filing available as of 2026-08-05; configured source-tag priority breaks valid same-filing ties.
cvna,CVNA,0001690820-22-000080,10-K,2022-02-24,2019-01-01,2019-12-31,2019,FY,364.0,operating_income,us-gaap,override:GrossProfit-SellingGeneralAndAdministrativeExpense,-280000000.0,280.0,USD_millions,flow,0,https://www.sec.gov/Archives/edgar/data/1690820/000169082022000080/,2026-08-05T17:49:37+00:00,0001690820,USD,2021,CY2019,True,latest_valid_restated_sec_companyfacts,Latest valid filing available as of 2026-08-05; configured source-tag priority breaks valid same-filing ties.
cvna,CVNA,0001690820-22-000080,10-K,2022-02-24,2019-01-01,2019-12-31,2019,FY,364.0,revenue,us-gaap,RevenueFromContractWithCustomerExcludingAssessedTax,3940000000.0,3940.0,USD_millions,flow,1,https://www.sec.gov/Archives/edgar/data/1690820/000169082022000080/,2026-08-05T17:49:37+00:00,0001690820,USD,2021,CY2019,True,latest_valid_restated_sec_companyfacts,Latest valid filing available as of 2026-08-05; configured source-tag priority breaks valid same-filing ties.
cvna,CVNA,0001690820-21-000069,10-K,2021-02-25,,2019-12-31,2019,FY,,total_assets,us-gaap,Assets,2057748000.0,2057.748,USD_millions,stock,1,https://www.sec.gov/Archives/edgar/data/1690820/000169082021000069/,2026-08-05T17:49:37+00:00,0001690820,USD,2020,CY2019Q4I,True,latest_valid_restated_sec_companyfacts,Latest valid filing available as of 2026-08-05; configured source-tag priority breaks valid same-filing ties.
cvna,CVNA,0001690820-23-000052,10-K,2023-02-23,,2019-12-31,2019,FY,,total_equity,us-gaap,StockholdersEquityIncludingPortionAttributableToNoncontrollingInterest,192000000.0,192.0,USD_millions,stock,2,https://www.sec.gov/Archives/edgar/data/1690820/000169082023000052/,2026-08-05T17:49:37+00:00,0001690820,USD,2022,CY2019Q4I,True,latest_valid_restated_sec_companyfacts,Latest valid filing available as of 2026-08-05; configured source-tag priority breaks valid same-filing ties.
cvna,CVNA,0001690820-21-000069,10-K,2021-02-25,,2019-12-31,2019,FY,,total_liabilities,us-gaap,Liabilities,1865809000.0,1865.809,USD_millions,stock,1,https://www.sec.gov/Archives/edgar/data/1690820/000169082021000069/,2026-08-05T17:49:37+00:00,0001690820,USD,2020,CY2019Q4I,True,latest_valid_restated_sec_companyfacts,Latest valid filing available as of 2026-08-05; configured source-tag priority breaks valid same-filing ties.
cvna,CVNA,0001690820-23-000052,10-K,2023-02-23,2020-01-01,2020-12-31,2020,FY,365.0,capital_expenditure,us-gaap,PaymentsToAcquirePropertyPlantAndEquipment,360000000.0,360.0,USD_millions,flow,1,https://www.sec.gov/Archives/edgar/data/1690820/000169082023000052/,2026-08-05T17:49:37+00:00,0001690820,USD,2022,CY2020,True,latest_valid_restated_sec_companyfacts,Latest valid filing available as of 2026-08-05; configured source-tag priority breaks valid same-filing ties.
cvna,CVNA,0001690820-23-000052,10-K,2023-02-23,,2020-12-31,2020,FY,,cash_and_equivalents,us-gaap,CashAndCashEquivalentsAtCarryingValue,301000000.0,301.0,USD_millions,stock,1,https://www.sec.gov/Archives/edgar/data/1690820/000169082023000052/,2026-08-05T17:49:37+00:00,0001690820,USD,2022,CY2020Q4I,True,latest_valid_restated_sec_companyfacts,Latest valid filing available as of 2026-08-05; configured source-tag priority breaks valid same-filing ties.
cvna,CVNA,0001690820-22-000080,10-K,2022-02-24,,2020-12-31,2020,FY,,current_assets,us-gaap,AssetsCurrent,1923000000.0,1923.0,USD_millions,stock,1,https://www.sec.gov/Archives/edgar/data/1690820/000169082022000080/,2026-08-05T17:49:37+00:00,0001690820,USD,2021,CY2020Q4I,True,latest_valid_restated_sec_companyfacts,Latest valid filing available as of 2026-08-05; configured source-tag priority breaks valid same-filing ties.
cvna,CVNA,0001690820-22-000080,10-K,2022-02-24,,2020-12-31,2020,FY,,current_liabilities,us-gaap,LiabilitiesCurrent,467000000.0,467.0,USD_millions,stock,1,https://www.sec.gov/Archives/edgar/data/1690820/000169082022000080/,2026-08-05T17:49:37+00:00,0001690820,USD,2021,CY2020Q4I,True,latest_valid_restated_sec_companyfacts,Latest valid filing available as of 2026-08-05; configured source-tag priority breaks valid same-filing ties.
cvna,CVNA,0001690820-23-000052,10-K,2023-02-23,2020-01-01,2020-12-31,2020,FY,365.0,free_cash_flow,project,derived:OperatingCashFlow-CapitalExpenditure,,-968.0,USD,flow,0,https://www.sec.gov/Archives/edgar/data/1690820/000169082023000052/,2026-08-05T17:49:37+00:00,0001690820,USD,2022,CY2020,True,derived_from_latest_valid_components,Operating cash flow minus positive CapEx outflow.
cvna,CVNA,0001690820-22-000080,10-K,2022-02-24,,2020-12-31,2020,FY,,inventory,us-gaap,InventoryNet,1036000000.0,1036.0,USD_millions,stock,1,https://www.sec.gov/Archives/edgar/data/1690820/000169082022000080/,2026-08-05T17:49:37+00:00,0001690820,USD,2021,CY2020Q4I,True,latest_valid_restated_sec_companyfacts,Latest valid filing available as of 2026-08-05; configured source-tag priority breaks valid same-filing ties.
cvna,CVNA,0001690820-23-000052,10-K,2023-02-23,2020-01-01,2020-12-31,2020,FY,365.0,net_income,us-gaap,NetIncomeLoss,-171000000.0,-171.0,USD_millions,flow,1,https://www.sec.gov/Archives/edgar/data/1690820/000169082023000052/,2026-08-05T17:49:37+00:00,0001690820,USD,2022,CY2020,True,latest_valid_restated_sec_companyfacts,Latest valid filing available as of 2026-08-05; configured source-tag priority breaks valid same-filing ties.
cvna,CVNA,0001690820-23-000052,10-K,2023-02-23,2020-01-01,2020-12-31,2020,FY,365.0,operating_cash_flow,us-gaap,NetCashProvidedByUsedInOperatingActivities,-608000000.0,-608.0,USD_millions,flow,1,https://www.sec.gov/Archives/edgar/data/1690820/000169082023000052/,2026-08-05T17:49:37+00:00,0001690820,USD,2022,CY2020,True,latest_valid_restated_sec_companyfacts,Latest valid filing available as of 2026-08-05; configured source-tag priority breaks valid same-filing ties.
cvna,CVNA,0001690820-23-000052,10-K,2023-02-23,2020-01-01,2020-12-31,2020,FY,365.0,operating_income,us-gaap,override:GrossProfit-SellingGeneralAndAdministrativeExpense,-332000000.0,332.0,USD_millions,flow,0,https://www.sec.gov/Archives/edgar/data/1690820/000169082023000052/,2026-08-05T17:49:37+00:00,0001690820,USD,2022,CY2020,True,latest_valid_restated_sec_companyfacts,Latest valid filing available as of 2026-08-05; configured source-tag priority breaks valid same-filing ties.
cvna,CVNA,0001690820-23-000052,10-K,2023-02-23,2020-01-01,2020-12-31,2020,FY,365.0,revenue,us-gaap,RevenueFromContractWithCustomerExcludingAssessedTax,5587000000.0,5587.0,USD_millions,flow,1,https://www.sec.gov/Archives/edgar/data/1690820/000169082023000052/,2026-08-05T17:49:37+00:00,0001690820,USD,2022,CY2020,True,latest_valid_restated_sec_companyfacts,Latest valid filing available as of 2026-08-05; configured source-tag priority breaks valid same-filing ties.
cvna,CVNA,0001690820-22-000080,10-K,2022-02-24,,2020-12-31,2020,FY,,total_assets,us-gaap,Assets,3035000000.0,3035.0,USD_millions,stock,1,https://www.sec.gov/Archives/edgar/data/1690820/000169082022000080/,2026-08-05T17:49:37+00:00,0001690820,USD,2021,CY2020Q4I,True,latest_valid_restated_sec_companyfacts,Latest valid filing available as of 2026-08-05; configured source-tag priority breaks valid same-filing ties.
cvna,CVNA,0001690820-24-000093,10-K,2024-02-22,,2020-12-31,2020,FY,,total_equity,us-gaap,StockholdersEquityIncludingPortionAttributableToNoncontrollingInterest,802000000.0,802.0,USD_millions,stock,2,https://www.sec.gov/Archives/edgar/data/1690820/000169082024000093/,2026-08-05T17:49:37+00:00,0001690820,USD,2023,CY2020Q4I,True,latest_valid_restated_sec_companyfacts,Latest valid filing available as of 2026-08-05; configured source-tag priority breaks valid same-filing ties.
cvna,CVNA,0001690820-22-000080,10-K,2022-02-24,,2020-12-31,2020,FY,,total_liabilities,us-gaap,Liabilities,2233000000.0,2233.0,USD_millions,stock,1,https://www.sec.gov/Archives/edgar/data/1690820/000169082022000080/,2026-08-05T17:49:37+00:00,0001690820,USD,2021,CY2020Q4I,True,latest_valid_restated_sec_companyfacts,Latest valid filing available as of 2026-08-05; configured source-tag priority breaks valid same-filing ties.
cvna,CVNA,0001690820-24-000093,10-K,2024-02-22,2021-01-01,2021-12-31,2021,FY,364.0,capital_expenditure,us-gaap,PaymentsToAcquirePropertyPlantAndEquipment,557000000.0,557.0,USD_millions,flow,1,https://www.sec.gov/Archives/edgar/data/1690820/000169082024000093/,2026-08-05T17:49:37+00:00,0001690820,USD,2023,CY2021,True,latest_valid_restated_sec_companyfacts,Latest valid filing available as of 2026-08-05; configured source-tag priority breaks valid same-filing ties.
cvna,CVNA,0001690820-24-000093,10-K,2024-02-22,,2021-12-31,2021,FY,,cash_and_equivalents,us-gaap,CashAndCashEquivalentsAtCarryingValue,403000000.0,403.0,USD_millions,stock,1,https://www.sec.gov/Archives/edgar/data/1690820/000169082024000093/,2026-08-05T17:49:37+00:00,0001690820,USD,2023,CY2021Q4I,True,latest_valid_restated_sec_companyfacts,Latest valid filing available as of 2026-08-05; configured source-tag priority breaks valid same-filing ties.
cvna,CVNA,0001690820-23-000052,10-K,2023-02-23,,2021-12-31,2021,FY,,current_assets,us-gaap,AssetsCurrent,4892000000.0,4892.0,USD_millions,stock,1,https://www.sec.gov/Archives/edgar/data/1690820/000169082023000052/,2026-08-05T17:49:37+00:00,0001690820,USD,2022,CY2021Q4I,True,latest_valid_restated_sec_companyfacts,Latest valid filing available as of 2026-08-05; configured source-tag priority breaks valid same-filing ties.
cvna,CVNA,0001690820-23-000052,10-K,2023-02-23,,2021-12-31,2021,FY,,current_liabilities,us-gaap,LiabilitiesCurrent,2890000000.0,2890.0,USD_millions,stock,1,https://www.sec.gov/Archives/edgar/data/1690820/000169082023000052/,2026-08-05T17:49:37+00:00,0001690820,USD,2022,CY2021Q4I,True,latest_valid_restated_sec_companyfacts,Latest valid filing available as of 2026-08-05; configured source-tag priority breaks valid same-filing ties.
cvna,CVNA,0001690820-24-000093,10-K,2024-02-22,2021-01-01,2021-12-31,2021,FY,364.0,free_cash_flow,project,derived:OperatingCashFlow-CapitalExpenditure,,-3151.0,USD,flow,0,https://www.sec.gov/Archives/edgar/data/1690820/000169082024000093/,2026-08-05T17:49:37+00:00,0001690820,USD,2023,CY2021,True,derived_from_latest_valid_components,Operating cash flow minus positive CapEx outflow.
cvna,CVNA,0001690820-23-000052,10-K,2023-02-23,,2021-12-31,2021,FY,,inventory,us-gaap,InventoryNet,3149000000.0,3149.0,USD_millions,stock,1,https://www.sec.gov/Archives/edgar/data/1690820/000169082023000052/,2026-08-05T17:49:37+00:00,0001690820,USD,2022,CY2021Q4I,True,latest_valid_restated_sec_companyfacts,Latest valid filing available as of 2026-08-05; configured source-tag priority breaks valid same-filing ties.
cvna,CVNA,0001690820-24-000093,10-K,2024-02-22,2021-01-01,2021-12-31,2021,FY,364.0,net_income,us-gaap,NetIncomeLoss,-135000000.0,-135.0,USD_millions,flow,1,https://www.sec.gov/Archives/edgar/data/1690820/000169082024000093/,2026-08-05T17:49:37+00:00,0001690820,USD,2023,CY2021,True,latest_valid_restated_sec_companyfacts,Latest valid filing available as of 2026-08-05; configured source-tag priority breaks valid same-filing ties.
cvna,CVNA,0001690820-24-000093,10-K,2024-02-22,2021-01-01,2021-12-31,2021,FY,364.0,operating_cash_flow,us-gaap,NetCashProvidedByUsedInOperatingActivities,-2594000000.0,-2594.0,USD_millions,flow,1,https://www.sec.gov/Archives/edgar/data/1690820/000169082024000093/,2026-08-05T17:49:37+00:00,0001690820,USD,2023,CY2021,True,latest_valid_restated_sec_companyfacts,Latest valid filing available as of 2026-08-05; configured source-tag priority breaks valid same-filing ties.
cvna,CVNA,0001690820-24-000093,10-K,2024-02-22,2021-01-01,2021-12-31,2021,FY,364.0,operating_income,us-gaap,override:GrossProfit-SellingGeneralAndAdministrativeExpense,-104000000.0,104.0,USD_millions,flow,0,https://www.sec.gov/Archives/edgar/data/1690820/000169082024000093/cvna-20231231.htm,2026-08-05T17:49:37+00:00,0001690820,USD,2023,CY2021,True,latest_valid_restated_sec_companyfacts,Latest valid filing available as of 2026-08-05; configured source-tag priority breaks valid same-filing ties.
cvna,CVNA,0001690820-24-000093,10-K,2024-02-22,2021-01-01,2021-12-31,2021,FY,364.0,revenue,us-gaap,RevenueFromContractWithCustomerExcludingAssessedTax,12814000000.0,12814.0,USD_millions,flow,1,https://www.sec.gov/Archives/edgar/data/1690820/000169082024000093/,2026-08-05T17:49:37+00:00,0001690820,USD,2023,CY2021,True,latest_valid_restated_sec_companyfacts,Latest valid filing available as of 2026-08-05; configured source-tag priority breaks valid same-filing ties.
cvna,CVNA,0001690820-23-000052,10-K,2023-02-23,,2021-12-31,2021,FY,,total_assets,us-gaap,Assets,7015000000.0,7015.0,USD_millions,stock,1,https://www.sec.gov/Archives/edgar/data/1690820/000169082023000052/,2026-08-05T17:49:37+00:00,0001690820,USD,2022,CY2021Q4I,True,latest_valid_restated_sec_companyfacts,Latest valid filing available as of 2026-08-05; configured source-tag priority breaks valid same-filing ties.
cvna,CVNA,0001690820-25-000074,10-K,2025-02-19,,2021-12-31,2021,FY,,total_equity,us-gaap,StockholdersEquityIncludingPortionAttributableToNoncontrollingInterest,525000000.0,525.0,USD_millions,stock,2,https://www.sec.gov/Archives/edgar/data/1690820/000169082025000074/,2026-08-05T17:49:37+00:00,0001690820,USD,2024,CY2021Q4I,True,latest_valid_restated_sec_companyfacts,Latest valid filing available as of 2026-08-05; configured source-tag priority breaks valid same-filing ties.
cvna,CVNA,0001690820-23-000052,10-K,2023-02-23,,2021-12-31,2021,FY,,total_liabilities,us-gaap,Liabilities,6490000000.0,6490.0,USD_millions,stock,1,https://www.sec.gov/Archives/edgar/data/1690820/000169082023000052/,2026-08-05T17:49:37+00:00,0001690820,USD,2022,CY2021Q4I,True,latest_valid_restated_sec_companyfacts,Latest valid filing available as of 2026-08-05; configured source-tag priority breaks valid same-filing ties.
cvna,CVNA,0001690820-25-000074,10-K,2025-02-19,2022-01-01,2022-12-31,2022,FY,364.0,capital_expenditure,us-gaap,PaymentsToAcquirePropertyPlantAndEquipment,512000000.0,512.0,USD_millions,flow,1,https://www.sec.gov/Archives/edgar/data/1690820/000169082025000074/,2026-08-05T17:49:37+00:00,0001690820,USD,2024,CY2022,True,latest_valid_restated_sec_companyfacts,Latest valid filing available as of 2026-08-05; configured source-tag priority breaks valid same-filing ties.
cvna,CVNA,0001690820-25-000074,10-K,2025-02-19,,2022-12-31,2022,FY,,cash_and_equivalents,us-gaap,CashAndCashEquivalentsAtCarryingValue,434000000.0,434.0,USD_millions,stock,1,https://www.sec.gov/Archives/edgar/data/1690820/000169082025000074/,2026-08-05T17:49:37+00:00,0001690820,USD,2024,CY2022Q4I,True,latest_valid_restated_sec_companyfacts,Latest valid filing available as of 2026-08-05; configured source-tag priority breaks valid same-filing ties.
cvna,CVNA,0001690820-24-000093,10-K,2024-02-22,,2022-12-31,2022,FY,,current_assets,us-gaap,AssetsCurrent,4594000000.0,4594.0,USD_millions,stock,1,https://www.sec.gov/Archives/edgar/data/1690820/000169082024000093/,2026-08-05T17:49:37+00:00,0001690820,USD,2023,CY2022Q4I,True,latest_valid_restated_sec_companyfacts,Latest valid filing available as of 2026-08-05; configured source-tag priority breaks valid same-filing ties.
cvna,CVNA,0001690820-24-000093,10-K,2024-02-22,,2022-12-31,2022,FY,,current_liabilities,us-gaap,LiabilitiesCurrent,2592000000.0,2592.0,USD_millions,stock,1,https://www.sec.gov/Archives/edgar/data/1690820/000169082024000093/,2026-08-05T17:49:37+00:00,0001690820,USD,2023,CY2022Q4I,True,latest_valid_restated_sec_companyfacts,Latest valid filing available as of 2026-08-05; configured source-tag priority breaks valid same-filing ties.
cvna,CVNA,0001690820-25-000074,10-K,2025-02-19,2022-01-01,2022-12-31,2022,FY,364.0,free_cash_flow,project,derived:OperatingCashFlow-CapitalExpenditure,,-1836.0,USD,flow,0,https://www.sec.gov/Archives/edgar/data/1690820/000169082025000074/,2026-08-05T17:49:37+00:00,0001690820,USD,2024,CY2022,True,derived_from_latest_valid_components,Operating cash flow minus positive CapEx outflow.
cvna,CVNA,0001690820-24-000093,10-K,2024-02-22,,2022-12-31,2022,FY,,inventory,us-gaap,InventoryNet,1876000000.0,1876.0,USD_millions,stock,1,https://www.sec.gov/Archives/edgar/data/1690820/000169082024000093/,2026-08-05T17:49:37+00:00,0001690820,USD,2023,CY2022Q4I,True,latest_valid_restated_sec_companyfacts,Latest valid filing available as of 2026-08-05; configured source-tag priority breaks valid same-filing ties.
cvna,CVNA,0001690820-25-000074,10-K,2025-02-19,2022-01-01,2022-12-31,2022,FY,364.0,net_income,us-gaap,NetIncomeLoss,-1587000000.0,-1587.0,USD_millions,flow,1,https://www.sec.gov/Archives/edgar/data/1690820/000169082025000074/,2026-08-05T17:49:37+00:00,0001690820,USD,2024,CY2022,True,latest_valid_restated_sec_companyfacts,Latest valid filing available as of 2026-08-05; configured source-tag priority breaks valid same-filing ties.
cvna,CVNA,0001690820-25-000074,10-K,2025-02-19,2022-01-01,2022-12-31,2022,FY,364.0,operating_cash_flow,us-gaap,NetCashProvidedByUsedInOperatingActivities,-1324000000.0,-1324.0,USD_millions,flow,1,https://www.sec.gov/Archives/edgar/data/1690820/000169082025000074/,2026-08-05T17:49:37+00:00,0001690820,USD,2024,CY2022,True,latest_valid_restated_sec_companyfacts,Latest valid filing available as of 2026-08-05; configured source-tag priority breaks valid same-filing ties.
cvna,CVNA,0001690820-25-000074,10-K,2025-02-19,2022-01-01,2022-12-31,2022,FY,364.0,operating_income,us-gaap,OperatingIncomeLoss,-2351000000.0,-2351.0,USD_millions,flow,1,https://www.sec.gov/Archives/edgar/data/1690820/000169082025000074/,2026-08-05T17:49:37+00:00,0001690820,USD,2024,CY2022,True,latest_valid_restated_sec_companyfacts,Latest valid filing available as of 2026-08-05; configured source-tag priority breaks valid same-filing ties.
cvna,CVNA,0001690820-25-000074,10-K,2025-02-19,2022-01-01,2022-12-31,2022,FY,364.0,revenue,us-gaap,RevenueFromContractWithCustomerExcludingAssessedTax,13604000000.0,13604.0,USD_millions,flow,1,https://www.sec.gov/Archives/edgar/data/1690820/000169082025000074/,2026-08-05T17:49:37+00:00,0001690820,USD,2024,CY2022,True,latest_valid_restated_sec_companyfacts,Latest valid filing available as of 2026-08-05; configured source-tag priority breaks valid same-filing ties.
cvna,CVNA,0001690820-24-000093,10-K,2024-02-22,,2022-12-31,2022,FY,,total_assets,us-gaap,Assets,8698000000.0,8698.0,USD_millions,stock,1,https://www.sec.gov/Archives/edgar/data/1690820/000169082024000093/,2026-08-05T17:49:37+00:00,0001690820,USD,2023,CY2022Q4I,True,latest_valid_restated_sec_companyfacts,Latest valid filing available as of 2026-08-05; configured source-tag priority breaks valid same-filing ties.
cvna,CVNA,0001690820-26-000009,10-K,2026-02-18,,2022-12-31,2022,FY,,total_equity,us-gaap,StockholdersEquityIncludingPortionAttributableToNoncontrollingInterest,-1053000000.0,-1053.0,USD_millions,stock,2,https://www.sec.gov/Archives/edgar/data/1690820/000169082026000009/,2026-08-05T17:49:37+00:00,0001690820,USD,2025,CY2022Q4I,True,latest_valid_restated_sec_companyfacts,Latest valid filing available as of 2026-08-05; configured source-tag priority breaks valid same-filing ties.
cvna,CVNA,0001690820-24-000093,10-K,2024-02-22,,2022-12-31,2022,FY,,total_liabilities,us-gaap,Liabilities,9751000000.0,9751.0,USD_millions,stock,1,https://www.sec.gov/Archives/edgar/data/1690820/000169082024000093/,2026-08-05T17:49:37+00:00,0001690820,USD,2023,CY2022Q4I,True,latest_valid_restated_sec_companyfacts,Latest valid filing available as of 2026-08-05; configured source-tag priority breaks valid same-filing ties.
cvna,CVNA,0001690820-26-000009,10-K,2026-02-18,2023-01-01,2023-12-31,2023,FY,364.0,capital_expenditure,us-gaap,PaymentsToAcquirePropertyPlantAndEquipment,87000000.0,87.0,USD_millions,flow,1,https://www.sec.gov/Archives/edgar/data/1690820/000169082026000009/,2026-08-05T17:49:37+00:00,0001690820,USD,2025,CY2023,True,latest_valid_restated_sec_companyfacts,Latest valid filing available as of 2026-08-05; configured source-tag priority breaks valid same-filing ties.
cvna,CVNA,0001690820-26-000009,10-K,2026-02-18,,2023-12-31,2023,FY,,cash_and_equivalents,us-gaap,CashAndCashEquivalentsAtCarryingValue,530000000.0,530.0,USD_millions,stock,1,https://www.sec.gov/Archives/edgar/data/1690820/000169082026000009/,2026-08-05T17:49:37+00:00,0001690820,USD,2025,CY2023Q4I,True,latest_valid_restated_sec_companyfacts,Latest valid filing available as of 2026-08-05; configured source-tag priority breaks valid same-filing ties.
cvna,CVNA,0001690820-25-000074,10-K,2025-02-19,,2023-12-31,2023,FY,,current_assets,us-gaap,AssetsCurrent,3321000000.0,3321.0,USD_millions,stock,1,https://www.sec.gov/Archives/edgar/data/1690820/000169082025000074/,2026-08-05T17:49:37+00:00,0001690820,USD,2024,CY2023Q4I,True,latest_valid_restated_sec_companyfacts,Latest valid filing available as of 2026-08-05; configured source-tag priority breaks valid same-filing ties.
cvna,CVNA,0001690820-25-000074,10-K,2025-02-19,,2023-12-31,2023,FY,,current_liabilities,us-gaap,LiabilitiesCurrent,1536000000.0,1536.0,USD_millions,stock,1,https://www.sec.gov/Archives/edgar/data/1690820/000169082025000074/,2026-08-05T17:49:37+00:00,0001690820,USD,2024,CY2023Q4I,True,latest_valid_restated_sec_companyfacts,Latest valid filing available as of 2026-08-05; configured source-tag priority breaks valid same-filing ties.
cvna,CVNA,0001690820-26-000009,10-K,2026-02-18,2023-01-01,2023-12-31,2023,FY,364.0,free_cash_flow,project,derived:OperatingCashFlow-CapitalExpenditure,,716.0,USD,flow,0,https://www.sec.gov/Archives/edgar/data/1690820/000169082026000009/,2026-08-05T17:49:37+00:00,0001690820,USD,2025,CY2023,True,derived_from_latest_valid_components,Operating cash flow minus positive CapEx outflow.
cvna,CVNA,0001690820-25-000074,10-K,2025-02-19,,2023-12-31,2023,FY,,inventory,us-gaap,InventoryNet,1150000000.0,1150.0,USD_millions,stock,1,https://www.sec.gov/Archives/edgar/data/1690820/000169082025000074/,2026-08-05T17:49:37+00:00,0001690820,USD,2024,CY2023Q4I,True,latest_valid_restated_sec_companyfacts,Latest valid filing available as of 2026-08-05; configured source-tag priority breaks valid same-filing ties.
cvna,CVNA,0001690820-26-000009,10-K,2026-02-18,2023-01-01,2023-12-31,2023,FY,364.0,net_income,us-gaap,NetIncomeLoss,450000000.0,450.0,USD_millions,flow,1,https://www.sec.gov/Archives/edgar/data/1690820/000169082026000009/,2026-08-05T17:49:37+00:00,0001690820,USD,2025,CY2023,True,latest_valid_restated_sec_companyfacts,Latest valid filing available as of 2026-08-05; configured source-tag priority breaks valid same-filing ties.
cvna,CVNA,0001690820-26-000009,10-K,2026-02-18,2023-01-01,2023-12-31,2023,FY,364.0,operating_cash_flow,us-gaap,NetCashProvidedByUsedInOperatingActivities,803000000.0,803.0,USD_millions,flow,1,https://www.sec.gov/Archives/edgar/data/1690820/000169082026000009/,2026-08-05T17:49:37+00:00,0001690820,USD,2025,CY2023,True,latest_valid_restated_sec_companyfacts,Latest valid filing available as of 2026-08-05; configured source-tag priority breaks valid same-filing ties.
cvna,CVNA,0001690820-26-000009,10-K,2026-02-18,2023-01-01,2023-12-31,2023,FY,364.0,operating_income,us-gaap,OperatingIncomeLoss,-80000000.0,-80.0,USD_millions,flow,1,https://www.sec.gov/Archives/edgar/data/1690820/000169082026000009/,2026-08-05T17:49:37+00:00,0001690820,USD,2025,CY2023,True,latest_valid_restated_sec_companyfacts,Latest valid filing available as of 2026-08-05; configured source-tag priority breaks valid same-filing ties.
cvna,CVNA,0001690820-26-000009,10-K,2026-02-18,2023-01-01,2023-12-31,2023,FY,364.0,revenue,us-gaap,RevenueFromContractWithCustomerExcludingAssessedTax,10771000000.0,10771.0,USD_millions,flow,1,https://www.sec.gov/Archives/edgar/data/1690820/000169082026000009/,2026-08-05T17:49:37+00:00,0001690820,USD,2025,CY2023,True,latest_valid_restated_sec_companyfacts,Latest valid filing available as of 2026-08-05; configured source-tag priority breaks valid same-filing ties.
cvna,CVNA,0001690820-25-000074,10-K,2025-02-19,,2023-12-31,2023,FY,,total_assets,us-gaap,Assets,7071000000.0,7071.0,USD_millions,stock,1,https://www.sec.gov/Archives/edgar/data/1690820/000169082025000074/,2026-08-05T17:49:37+00:00,0001690820,USD,2024,CY2023Q4I,True,latest_valid_restated_sec_companyfacts,Latest valid filing available as of 2026-08-05; configured source-tag priority breaks valid same-filing ties.
cvna,CVNA,0001690820-26-000009,10-K,2026-02-18,,2023-12-31,2023,FY,,total_equity,us-gaap,StockholdersEquityIncludingPortionAttributableToNoncontrollingInterest,-384000000.0,-384.0,USD_millions,stock,2,https://www.sec.gov/Archives/edgar/data/1690820/000169082026000009/,2026-08-05T17:49:37+00:00,0001690820,USD,2025,CY2023Q4I,True,latest_valid_restated_sec_companyfacts,Latest valid filing available as of 2026-08-05; configured source-tag priority breaks valid same-filing ties.
cvna,CVNA,0001690820-25-000074,10-K,2025-02-19,,2023-12-31,2023,FY,,total_liabilities,us-gaap,Liabilities,7455000000.0,7455.0,USD_millions,stock,1,https://www.sec.gov/Archives/edgar/data/1690820/000169082025000074/,2026-08-05T17:49:37+00:00,0001690820,USD,2024,CY2023Q4I,True,latest_valid_restated_sec_companyfacts,Latest valid filing available as of 2026-08-05; configured source-tag priority breaks valid same-filing ties.
cvna,CVNA,0001690820-26-000009,10-K,2026-02-18,2024-01-01,2024-12-31,2024,FY,365.0,capital_expenditure,us-gaap,PaymentsToAcquirePropertyPlantAndEquipment,91000000.0,91.0,USD_millions,flow,1,https://www.sec.gov/Archives/edgar/data/1690820/000169082026000009/,2026-08-05T17:49:37+00:00,0001690820,USD,2025,CY2024,True,latest_valid_restated_sec_companyfacts,Latest valid filing available as of 2026-08-05; configured source-tag priority breaks valid same-filing ties.
cvna,CVNA,0001690820-26-000009,10-K,2026-02-18,,2024-12-31,2024,FY,,cash_and_equivalents,us-gaap,CashAndCashEquivalentsAtCarryingValue,1716000000.0,1716.0,USD_millions,stock,1,https://www.sec.gov/Archives/edgar/data/1690820/000169082026000009/,2026-08-05T17:49:37+00:00,0001690820,USD,2025,CY2024Q4I,True,latest_valid_restated_sec_companyfacts,Latest valid filing available as of 2026-08-05; configured source-tag priority breaks valid same-filing ties.
cvna,CVNA,0001690820-26-000009,10-K,2026-02-18,,2024-12-31,2024,FY,,current_assets,us-gaap,AssetsCurrent,4869000000.0,4869.0,USD_millions,stock,1,https://www.sec.gov/Archives/edgar/data/1690820/000169082026000009/,2026-08-05T17:49:37+00:00,0001690820,USD,2025,CY2024Q4I,True,latest_valid_restated_sec_companyfacts,Latest valid filing available as of 2026-08-05; configured source-tag priority breaks valid same-filing ties.
cvna,CVNA,0001690820-26-000009,10-K,2026-02-18,,2024-12-31,2024,FY,,current_liabilities,us-gaap,LiabilitiesCurrent,1338000000.0,1338.0,USD_millions,stock,1,https://www.sec.gov/Archives/edgar/data/1690820/000169082026000009/,2026-08-05T17:49:37+00:00,0001690820,USD,2025,CY2024Q4I,True,latest_valid_restated_sec_companyfacts,Latest valid filing available as of 2026-08-05; configured source-tag priority breaks valid same-filing ties.
cvna,CVNA,0001690820-26-000009,10-K,2026-02-18,2024-01-01,2024-12-31,2024,FY,365.0,free_cash_flow,project,derived:OperatingCashFlow-CapitalExpenditure,,827.0,USD,flow,0,https://www.sec.gov/Archives/edgar/data/1690820/000169082026000009/,2026-08-05T17:49:37+00:00,0001690820,USD,2025,CY2024,True,derived_from_latest_valid_components,Operating cash flow minus positive CapEx outflow.
cvna,CVNA,0001690820-26-000009,10-K,2026-02-18,,2024-12-31,2024,FY,,inventory,us-gaap,InventoryNet,1608000000.0,1608.0,USD_millions,stock,1,https://www.sec.gov/Archives/edgar/data/1690820/000169082026000009/,2026-08-05T17:49:37+00:00,0001690820,USD,2025,CY2024Q4I,True,latest_valid_restated_sec_companyfacts,Latest valid filing available as of 2026-08-05; configured source-tag priority breaks valid same-filing ties.
cvna,CVNA,0001690820-26-000009,10-K,2026-02-18,2024-01-01,2024-12-31,2024,FY,365.0,net_income,us-gaap,NetIncomeLoss,210000000.0,210.0,USD_millions,flow,1,https://www.sec.gov/Archives/edgar/data/1690820/000169082026000009/,2026-08-05T17:49:37+00:00,0001690820,USD,2025,CY2024,True,latest_valid_restated_sec_companyfacts,Latest valid filing available as of 2026-08-05; configured source-tag priority breaks valid same-filing ties.
cvna,CVNA,0001690820-26-000009,10-K,2026-02-18,2024-01-01,2024-12-31,2024,FY,365.0,operating_cash_flow,us-gaap,NetCashProvidedByUsedInOperatingActivities,918000000.0,918.0,USD_millions,flow,1,https://www.sec.gov/Archives/edgar/data/1690820/000169082026000009/,2026-08-05T17:49:37+00:00,0001690820,USD,2025,CY2024,True,latest_valid_restated_sec_companyfacts,Latest valid filing available as of 2026-08-05; configured source-tag priority breaks valid same-filing ties.
cvna,CVNA,0001690820-26-000009,10-K,2026-02-18,2024-01-01,2024-12-31,2024,FY,365.0,operating_income,us-gaap,OperatingIncomeLoss,990000000.0,990.0,USD_millions,flow,1,https://www.sec.gov/Archives/edgar/data/1690820/000169082026000009/,2026-08-05T17:49:37+00:00,0001690820,USD,2025,CY2024,True,latest_valid_restated_sec_companyfacts,Latest valid filing available as of 2026-08-05; configured source-tag priority breaks valid same-filing ties.
cvna,CVNA,0001690820-26-000009,10-K,2026-02-18,2024-01-01,2024-12-31,2024,FY,365.0,revenue,us-gaap,RevenueFromContractWithCustomerExcludingAssessedTax,13673000000.0,13673.0,USD_millions,flow,1,https://www.sec.gov/Archives/edgar/data/1690820/000169082026000009/,2026-08-05T17:49:37+00:00,0001690820,USD,2025,CY2024,True,latest_valid_restated_sec_companyfacts,Latest valid filing available as of 2026-08-05; configured source-tag priority breaks valid same-filing ties.
cvna,CVNA,0001690820-26-000009,10-K,2026-02-18,,2024-12-31,2024,FY,,total_assets,us-gaap,Assets,8484000000.0,8484.0,USD_millions,stock,1,https://www.sec.gov/Archives/edgar/data/1690820/000169082026000009/,2026-08-05T17:49:37+00:00,0001690820,USD,2025,CY2024Q4I,True,latest_valid_restated_sec_companyfacts,Latest valid filing available as of 2026-08-05; configured source-tag priority breaks valid same-filing ties.
cvna,CVNA,0001690820-26-000009,10-K,2026-02-18,,2024-12-31,2024,FY,,total_equity,us-gaap,StockholdersEquity,1260000000.0,1260.0,USD_millions,stock,1,https://www.sec.gov/Archives/edgar/data/1690820/000169082026000009/,2026-08-05T17:49:37+00:00,0001690820,USD,2025,CY2024Q4I,True,latest_valid_restated_sec_companyfacts,Latest valid filing available as of 2026-08-05; configured source-tag priority breaks valid same-filing ties.
cvna,CVNA,0001690820-26-000009,10-K,2026-02-18,,2024-12-31,2024,FY,,total_liabilities,us-gaap,Liabilities,7109000000.0,7109.0,USD_millions,stock,1,https://www.sec.gov/Archives/edgar/data/1690820/000169082026000009/,2026-08-05T17:49:37+00:00,0001690820,USD,2025,CY2024Q4I,True,latest_valid_restated_sec_companyfacts,Latest valid filing available as of 2026-08-05; configured source-tag priority breaks valid same-filing ties.
dash,DASH,0001628280-21-004032,10-K,2021-03-05,2018-01-01,2018-12-31,2018,FY,364.0,capital_expenditure,us-gaap,override:PaymentsToAcquirePropertyPlantAndEquipment+PaymentsToDevelopSoftware,16000000.0,16.0,USD_millions,flow,0,https://www.sec.gov/Archives/edgar/data/1792789/000162828021004032/,2026-08-05T12:11:50+00:00,0001792789,USD,2020,CY2018,True,latest_valid_restated_sec_companyfacts,Latest valid filing available as of 2026-08-05; configured source-tag priority breaks valid same-filing ties.
dash,DASH,0001628280-21-004032,10-K,2021-03-05,,2018-12-31,2018,FY,,cash_and_equivalents,us-gaap,CashAndCashEquivalentsAtCarryingValue,215000000.0,215.0,USD_millions,stock,1,https://www.sec.gov/Archives/edgar/data/1792789/000162828021004032/,2026-08-05T12:11:50+00:00,0001792789,USD,2020,CY2018Q4I,True,latest_valid_restated_sec_companyfacts,Latest valid filing available as of 2026-08-05; configured source-tag priority breaks valid same-filing ties.
dash,DASH,0001628280-21-004032,10-K,2021-03-05,2018-01-01,2018-12-31,2018,FY,364.0,free_cash_flow,project,derived:OperatingCashFlow-CapitalExpenditure,,-175.0,USD,flow,0,https://www.sec.gov/Archives/edgar/data/1792789/000162828021004032/,2026-08-05T12:11:50+00:00,0001792789,USD,2020,CY2018,True,derived_from_latest_valid_components,Operating cash flow minus positive CapEx outflow.
dash,DASH,0001628280-21-004032,10-K,2021-03-05,2018-01-01,2018-12-31,2018,FY,364.0,net_income,us-gaap,NetIncomeLoss,-204000000.0,-204.0,USD_millions,flow,1,https://www.sec.gov/Archives/edgar/data/1792789/000162828021004032/,2026-08-05T12:11:50+00:00,0001792789,USD,2020,CY2018,True,latest_valid_restated_sec_companyfacts,Latest valid filing available as of 2026-08-05; configured source-tag priority breaks valid same-filing ties.
dash,DASH,0001628280-21-004032,10-K,2021-03-05,2018-01-01,2018-12-31,2018,FY,364.0,operating_cash_flow,us-gaap,NetCashProvidedByUsedInOperatingActivities,-159000000.0,-159.0,USD_millions,flow,1,https://www.sec.gov/Archives/edgar/data/1792789/000162828021004032/,2026-08-05T12:11:50+00:00,0001792789,USD,2020,CY2018,True,latest_valid_restated_sec_companyfacts,Latest valid filing available as of 2026-08-05; configured source-tag priority breaks valid same-filing ties.
dash,DASH,0001628280-21-004032,10-K,2021-03-05,2018-01-01,2018-12-31,2018,FY,364.0,operating_income,us-gaap,OperatingIncomeLoss,-210000000.0,-210.0,USD_millions,flow,1,https://www.sec.gov/Archives/edgar/data/1792789/000162828021004032/,2026-08-05T12:11:50+00:00,0001792789,USD,2020,CY2018,True,latest_valid_restated_sec_companyfacts,Latest valid filing available as of 2026-08-05; configured source-tag priority breaks valid same-filing ties.
dash,DASH,0001628280-21-004032,10-K,2021-03-05,2018-01-01,2018-12-31,2018,FY,364.0,revenue,us-gaap,RevenueFromContractWithCustomerExcludingAssessedTax,291000000.0,291.0,USD_millions,flow,1,https://www.sec.gov/Archives/edgar/data/1792789/000162828021004032/,2026-08-05T12:11:50+00:00,0001792789,USD,2020,CY2018,True,latest_valid_restated_sec_companyfacts,Latest valid filing available as of 2026-08-05; configured source-tag priority breaks valid same-filing ties.
dash,DASH,0001628280-22-004350,10-K,2022-03-01,,2018-12-31,2018,FY,,total_equity,us-gaap,StockholdersEquity,-436000000.0,-436.0,USD_millions,stock,1,https://www.sec.gov/Archives/edgar/data/1792789/000162828022004350/,2026-08-05T12:11:50+00:00,0001792789,USD,2021,CY2018Q4I,True,latest_valid_restated_sec_companyfacts,Latest valid filing available as of 2026-08-05; configured source-tag priority breaks valid same-filing ties.
dash,DASH,0001628280-22-004350,10-K,2022-03-01,2019-01-01,2019-12-31,2019,FY,364.0,capital_expenditure,us-gaap,override:PaymentsToAcquirePropertyPlantAndEquipment+PaymentsToDevelopSoftware,92000000.0,92.0,USD_millions,flow,0,https://www.sec.gov/Archives/edgar/data/1792789/000162828022004350/,2026-08-05T12:11:50+00:00,0001792789,USD,2021,CY2019,True,latest_valid_restated_sec_companyfacts,Latest valid filing available as of 2026-08-05; configured source-tag priority breaks valid same-filing ties.
dash,DASH,0001628280-22-004350,10-K,2022-03-01,,2019-12-31,2019,FY,,cash_and_equivalents,us-gaap,CashAndCashEquivalentsAtCarryingValue,257000000.0,257.0,USD_millions,stock,1,https://www.sec.gov/Archives/edgar/data/1792789/000162828022004350/,2026-08-05T12:11:50+00:00,0001792789,USD,2021,CY2019Q4I,True,latest_valid_restated_sec_companyfacts,Latest valid filing available as of 2026-08-05; configured source-tag priority breaks valid same-filing ties.
dash,DASH,0001628280-21-004032,10-K,2021-03-05,,2019-12-31,2019,FY,,current_assets,us-gaap,AssetsCurrent,998000000.0,998.0,USD_millions,stock,1,https://www.sec.gov/Archives/edgar/data/1792789/000162828021004032/,2026-08-05T12:11:50+00:00,0001792789,USD,2020,CY2019Q4I,True,latest_valid_restated_sec_companyfacts,Latest valid filing available as of 2026-08-05; configured source-tag priority breaks valid same-filing ties.
dash,DASH,0001628280-21-004032,10-K,2021-03-05,,2019-12-31,2019,FY,,current_liabilities,us-gaap,LiabilitiesCurrent,382000000.0,382.0,USD_millions,stock,1,https://www.sec.gov/Archives/edgar/data/1792789/000162828021004032/,2026-08-05T12:11:50+00:00,0001792789,USD,2020,CY2019Q4I,True,latest_valid_restated_sec_companyfacts,Latest valid filing available as of 2026-08-05; configured source-tag priority breaks valid same-filing ties.
dash,DASH,0001628280-22-004350,10-K,2022-03-01,2019-01-01,2019-12-31,2019,FY,364.0,free_cash_flow,project,derived:OperatingCashFlow-CapitalExpenditure,,-559.0,USD,flow,0,https://www.sec.gov/Archives/edgar/data/1792789/000162828022004350/,2026-08-05T12:11:50+00:00,0001792789,USD,2021,CY2019,True,derived_from_latest_valid_components,Operating cash flow minus positive CapEx outflow.
dash,DASH,0001628280-22-004350,10-K,2022-03-01,2019-01-01,2019-12-31,2019,FY,364.0,net_income,us-gaap,NetIncomeLoss,-667000000.0,-667.0,USD_millions,flow,1,https://www.sec.gov/Archives/edgar/data/1792789/000162828022004350/,2026-08-05T12:11:50+00:00,0001792789,USD,2021,CY2019,True,latest_valid_restated_sec_companyfacts,Latest valid filing available as of 2026-08-05; configured source-tag priority breaks valid same-filing ties.
dash,DASH,0001628280-22-004350,10-K,2022-03-01,2019-01-01,2019-12-31,2019,FY,364.0,operating_cash_flow,us-gaap,NetCashProvidedByUsedInOperatingActivities,-467000000.0,-467.0,USD_millions,flow,1,https://www.sec.gov/Archives/edgar/data/1792789/000162828022004350/,2026-08-05T12:11:50+00:00,0001792789,USD,2021,CY2019,True,latest_valid_restated_sec_companyfacts,Latest valid filing available as of 2026-08-05; configured source-tag priority breaks valid same-filing ties.
dash,DASH,0001628280-22-004350,10-K,2022-03-01,2019-01-01,2019-12-31,2019,FY,364.0,operating_income,us-gaap,OperatingIncomeLoss,-616000000.0,-616.0,USD_millions,flow,1,https://www.sec.gov/Archives/edgar/data/1792789/000162828022004350/,2026-08-05T12:11:50+00:00,0001792789,USD,2021,CY2019,True,latest_valid_restated_sec_companyfacts,Latest valid filing available as of 2026-08-05; configured source-tag priority breaks valid same-filing ties.
dash,DASH,0001628280-22-004350,10-K,2022-03-01,2019-01-01,2019-12-31,2019,FY,364.0,revenue,us-gaap,RevenueFromContractWithCustomerExcludingAssessedTax,885000000.0,885.0,USD_millions,flow,1,https://www.sec.gov/Archives/edgar/data/1792789/000162828022004350/,2026-08-05T12:11:50+00:00,0001792789,USD,2021,CY2019,True,latest_valid_restated_sec_companyfacts,Latest valid filing available as of 2026-08-05; configured source-tag priority breaks valid same-filing ties.
dash,DASH,0001628280-21-004032,10-K,2021-03-05,,2019-12-31,2019,FY,,total_assets,us-gaap,Assets,1732000000.0,1732.0,USD_millions,stock,1,https://www.sec.gov/Archives/edgar/data/1792789/000162828021004032/,2026-08-05T12:11:50+00:00,0001792789,USD,2020,CY2019Q4I,True,latest_valid_restated_sec_companyfacts,Latest valid filing available as of 2026-08-05; configured source-tag priority breaks valid same-filing ties.
dash,DASH,0001628280-23-005131,10-K,2023-02-27,,2019-12-31,2019,FY,,total_equity,us-gaap,StockholdersEquity,-1082000000.0,-1082.0,USD_millions,stock,1,https://www.sec.gov/Archives/edgar/data/1792789/000162828023005131/,2026-08-05T12:11:50+00:00,0001792789,USD,2022,CY2019Q4I,True,latest_valid_restated_sec_companyfacts,Latest valid filing available as of 2026-08-05; configured source-tag priority breaks valid same-filing ties.
dash,DASH,0001628280-21-004032,10-K,2021-03-05,,2019-12-31,2019,FY,,total_liabilities,us-gaap,Liabilities,550000000.0,550.0,USD_millions,stock,1,https://www.sec.gov/Archives/edgar/data/1792789/000162828021004032/,2026-08-05T12:11:50+00:00,0001792789,USD,2020,CY2019Q4I,True,latest_valid_restated_sec_companyfacts,Latest valid filing available as of 2026-08-05; configured source-tag priority breaks valid same-filing ties.
dash,DASH,0001628280-23-005131,10-K,2023-02-27,2020-01-01,2020-12-31,2020,FY,365.0,capital_expenditure,us-gaap,override:PaymentsToAcquirePropertyPlantAndEquipment+PaymentsToDevelopSoftware,159000000.0,159.0,USD_millions,flow,0,https://www.sec.gov/Archives/edgar/data/1792789/000162828023005131/,2026-08-05T12:11:50+00:00,0001792789,USD,2022,CY2020,True,latest_valid_restated_sec_companyfacts,Latest valid filing available as of 2026-08-05; configured source-tag priority breaks valid same-filing ties.
dash,DASH,0001628280-23-005131,10-K,2023-02-27,,2020-12-31,2020,FY,,cash_and_equivalents,us-gaap,CashAndCashEquivalentsAtCarryingValue,4345000000.0,4345.0,USD_millions,stock,1,https://www.sec.gov/Archives/edgar/data/1792789/000162828023005131/,2026-08-05T12:11:50+00:00,0001792789,USD,2022,CY2020Q4I,True,latest_valid_restated_sec_companyfacts,Latest valid filing available as of 2026-08-05; configured source-tag priority breaks valid same-filing ties.
dash,DASH,0001628280-22-004350,10-K,2022-03-01,,2020-12-31,2020,FY,,current_assets,us-gaap,AssetsCurrent,5517000000.0,5517.0,USD_millions,stock,1,https://www.sec.gov/Archives/edgar/data/1792789/000162828022004350/,2026-08-05T12:11:50+00:00,0001792789,USD,2021,CY2020Q4I,True,latest_valid_restated_sec_companyfacts,Latest valid filing available as of 2026-08-05; configured source-tag priority breaks valid same-filing ties.
dash,DASH,0001628280-22-004350,10-K,2022-03-01,,2020-12-31,2020,FY,,current_liabilities,us-gaap,LiabilitiesCurrent,1402000000.0,1402.0,USD_millions,stock,1,https://www.sec.gov/Archives/edgar/data/1792789/000162828022004350/,2026-08-05T12:11:50+00:00,0001792789,USD,2021,CY2020Q4I,True,latest_valid_restated_sec_companyfacts,Latest valid filing available as of 2026-08-05; configured source-tag priority breaks valid same-filing ties.
dash,DASH,0001628280-23-005131,10-K,2023-02-27,2020-01-01,2020-12-31,2020,FY,365.0,free_cash_flow,project,derived:OperatingCashFlow-CapitalExpenditure,,93.0,USD,flow,0,https://www.sec.gov/Archives/edgar/data/1792789/000162828023005131/,2026-08-05T12:11:50+00:00,0001792789,USD,2022,CY2020,True,derived_from_latest_valid_components,Operating cash flow minus positive CapEx outflow.
dash,DASH,0001628280-23-005131,10-K,2023-02-27,2020-01-01,2020-12-31,2020,FY,365.0,net_income,us-gaap,NetIncomeLoss,-461000000.0,-461.0,USD_millions,flow,1,https://www.sec.gov/Archives/edgar/data/1792789/000162828023005131/,2026-08-05T12:11:50+00:00,0001792789,USD,2022,CY2020,True,latest_valid_restated_sec_companyfacts,Latest valid filing available as of 2026-08-05; configured source-tag priority breaks valid same-filing ties.
dash,DASH,0001628280-23-005131,10-K,2023-02-27,2020-01-01,2020-12-31,2020,FY,365.0,operating_cash_flow,us-gaap,NetCashProvidedByUsedInOperatingActivities,252000000.0,252.0,USD_millions,flow,1,https://www.sec.gov/Archives/edgar/data/1792789/000162828023005131/,2026-08-05T12:11:50+00:00,0001792789,USD,2022,CY2020,True,latest_valid_restated_sec_companyfacts,Latest valid filing available as of 2026-08-05; configured source-tag priority breaks valid same-filing ties.
dash,DASH,0001628280-23-005131,10-K,2023-02-27,2020-01-01,2020-12-31,2020,FY,365.0,operating_income,us-gaap,OperatingIncomeLoss,-436000000.0,-436.0,USD_millions,flow,1,https://www.sec.gov/Archives/edgar/data/1792789/000162828023005131/,2026-08-05T12:11:50+00:00,0001792789,USD,2022,CY2020,True,latest_valid_restated_sec_companyfacts,Latest valid filing available as of 2026-08-05; configured source-tag priority breaks valid same-filing ties.
dash,DASH,0001628280-23-005131,10-K,2023-02-27,2020-01-01,2020-12-31,2020,FY,365.0,revenue,us-gaap,RevenueFromContractWithCustomerExcludingAssessedTax,2886000000.0,2886.0,USD_millions,flow,1,https://www.sec.gov/Archives/edgar/data/1792789/000162828023005131/,2026-08-05T12:11:50+00:00,0001792789,USD,2022,CY2020,True,latest_valid_restated_sec_companyfacts,Latest valid filing available as of 2026-08-05; configured source-tag priority breaks valid same-filing ties.
dash,DASH,0001628280-22-004350,10-K,2022-03-01,,2020-12-31,2020,FY,,total_assets,us-gaap,Assets,6353000000.0,6353.0,USD_millions,stock,1,https://www.sec.gov/Archives/edgar/data/1792789/000162828022004350/,2026-08-05T12:11:50+00:00,0001792789,USD,2021,CY2020Q4I,True,latest_valid_restated_sec_companyfacts,Latest valid filing available as of 2026-08-05; configured source-tag priority breaks valid same-filing ties.
dash,DASH,0001628280-24-005600,10-K,2024-02-20,,2020-12-31,2020,FY,,total_equity,us-gaap,StockholdersEquity,4700000000.0,4700.0,USD_millions,stock,1,https://www.sec.gov/Archives/edgar/data/1792789/000162828024005600/,2026-08-05T12:11:50+00:00,0001792789,USD,2023,CY2020Q4I,True,latest_valid_restated_sec_companyfacts,Latest valid filing available as of 2026-08-05; configured source-tag priority breaks valid same-filing ties.
dash,DASH,0001628280-22-004350,10-K,2022-03-01,,2020-12-31,2020,FY,,total_liabilities,us-gaap,Liabilities,1653000000.0,1653.0,USD_millions,stock,1,https://www.sec.gov/Archives/edgar/data/1792789/000162828022004350/,2026-08-05T12:11:50+00:00,0001792789,USD,2021,CY2020Q4I,True,latest_valid_restated_sec_companyfacts,Latest valid filing available as of 2026-08-05; configured source-tag priority breaks valid same-filing ties.
dash,DASH,0001628280-24-005600,10-K,2024-02-20,2021-01-01,2021-12-31,2021,FY,364.0,capital_expenditure,us-gaap,override:PaymentsToAcquirePropertyPlantAndEquipment+PaymentsToDevelopSoftware,237000000.0,237.0,USD_millions,flow,0,https://www.sec.gov/Archives/edgar/data/1792789/000162828024005600/,2026-08-05T12:11:50+00:00,0001792789,USD,2023,CY2021,True,latest_valid_restated_sec_companyfacts,Latest valid filing available as of 2026-08-05; configured source-tag priority breaks valid same-filing ties.
dash,DASH,0001628280-24-005600,10-K,2024-02-20,,2021-12-31,2021,FY,,cash_and_equivalents,us-gaap,CashAndCashEquivalentsAtCarryingValue,2504000000.0,2504.0,USD_millions,stock,1,https://www.sec.gov/Archives/edgar/data/1792789/000162828024005600/,2026-08-05T12:11:50+00:00,0001792789,USD,2023,CY2021Q4I,True,latest_valid_restated_sec_companyfacts,Latest valid filing available as of 2026-08-05; configured source-tag priority breaks valid same-filing ties.
dash,DASH,0001628280-23-005131,10-K,2023-02-27,,2021-12-31,2021,FY,,current_assets,us-gaap,AssetsCurrent,4565000000.0,4565.0,USD_millions,stock,1,https://www.sec.gov/Archives/edgar/data/1792789/000162828023005131/,2026-08-05T12:11:50+00:00,0001792789,USD,2022,CY2021Q4I,True,latest_valid_restated_sec_companyfacts,Latest valid filing available as of 2026-08-05; configured source-tag priority breaks valid same-filing ties.
dash,DASH,0001628280-23-005131,10-K,2023-02-27,,2021-12-31,2021,FY,,current_liabilities,us-gaap,LiabilitiesCurrent,1760000000.0,1760.0,USD_millions,stock,1,https://www.sec.gov/Archives/edgar/data/1792789/000162828023005131/,2026-08-05T12:11:50+00:00,0001792789,USD,2022,CY2021Q4I,True,latest_valid_restated_sec_companyfacts,Latest valid filing available as of 2026-08-05; configured source-tag priority breaks valid same-filing ties.
dash,DASH,0001628280-24-005600,10-K,2024-02-20,2021-01-01,2021-12-31,2021,FY,364.0,free_cash_flow,project,derived:OperatingCashFlow-CapitalExpenditure,,455.0,USD,flow,0,https://www.sec.gov/Archives/edgar/data/1792789/000162828024005600/,2026-08-05T12:11:50+00:00,0001792789,USD,2023,CY2021,True,derived_from_latest_valid_components,Operating cash flow minus positive CapEx outflow.
dash,DASH,0001628280-24-005600,10-K,2024-02-20,2021-01-01,2021-12-31,2021,FY,364.0,net_income,us-gaap,NetIncomeLoss,-468000000.0,-468.0,USD_millions,flow,1,https://www.sec.gov/Archives/edgar/data/1792789/000162828024005600/,2026-08-05T12:11:50+00:00,0001792789,USD,2023,,True,latest_valid_restated_sec_companyfacts,Latest valid filing available as of 2026-08-05; configured source-tag priority breaks valid same-filing ties.
dash,DASH,0001628280-24-005600,10-K,2024-02-20,2021-01-01,2021-12-31,2021,FY,364.0,operating_cash_flow,us-gaap,NetCashProvidedByUsedInOperatingActivities,692000000.0,692.0,USD_millions,flow,1,https://www.sec.gov/Archives/edgar/data/1792789/000162828024005600/,2026-08-05T12:11:50+00:00,0001792789,USD,2023,CY2021,True,latest_valid_restated_sec_companyfacts,Latest valid filing available as of 2026-08-05; configured source-tag priority breaks valid same-filing ties.
dash,DASH,0001628280-24-005600,10-K,2024-02-20,2021-01-01,2021-12-31,2021,FY,364.0,operating_income,us-gaap,OperatingIncomeLoss,-452000000.0,-452.0,USD_millions,flow,1,https://www.sec.gov/Archives/edgar/data/1792789/000162828024005600/,2026-08-05T12:11:50+00:00,0001792789,USD,2023,CY2021,True,latest_valid_restated_sec_companyfacts,Latest valid filing available as of 2026-08-05; configured source-tag priority breaks valid same-filing ties.
dash,DASH,0001628280-24-005600,10-K,2024-02-20,2021-01-01,2021-12-31,2021,FY,364.0,revenue,us-gaap,RevenueFromContractWithCustomerExcludingAssessedTax,4888000000.0,4888.0,USD_millions,flow,1,https://www.sec.gov/Archives/edgar/data/1792789/000162828024005600/,2026-08-05T12:11:50+00:00,0001792789,USD,2023,CY2021,True,latest_valid_restated_sec_companyfacts,Latest valid filing available as of 2026-08-05; configured source-tag priority breaks valid same-filing ties.
dash,DASH,0001628280-23-005131,10-K,2023-02-27,,2021-12-31,2021,FY,,total_assets,us-gaap,Assets,6809000000.0,6809.0,USD_millions,stock,1,https://www.sec.gov/Archives/edgar/data/1792789/000162828023005131/,2026-08-05T12:11:50+00:00,0001792789,USD,2022,CY2021Q4I,True,latest_valid_restated_sec_companyfacts,Latest valid filing available as of 2026-08-05; configured source-tag priority breaks valid same-filing ties.
dash,DASH,0001628280-25-005715,10-K,2025-02-14,,2021-12-31,2021,FY,,total_equity,us-gaap,StockholdersEquity,4667000000.0,4667.0,USD_millions,stock,1,https://www.sec.gov/Archives/edgar/data/1792789/000162828025005715/,2026-08-05T12:11:50+00:00,0001792789,USD,2024,CY2021Q4I,True,latest_valid_restated_sec_companyfacts,Latest valid filing available as of 2026-08-05; configured source-tag priority breaks valid same-filing ties.
dash,DASH,0001628280-23-005131,10-K,2023-02-27,,2021-12-31,2021,FY,,total_liabilities,us-gaap,Liabilities,2142000000.0,2142.0,USD_millions,stock,1,https://www.sec.gov/Archives/edgar/data/1792789/000162828023005131/,2026-08-05T12:11:50+00:00,0001792789,USD,2022,CY2021Q4I,True,latest_valid_restated_sec_companyfacts,Latest valid filing available as of 2026-08-05; configured source-tag priority breaks valid same-filing ties.
dash,DASH,0001628280-25-005715,10-K,2025-02-14,2022-01-01,2022-12-31,2022,FY,364.0,capital_expenditure,us-gaap,override:PaymentsToAcquirePropertyPlantAndEquipment+PaymentsToDevelopSoftware,346000000.0,346.0,USD_millions,flow,0,https://www.sec.gov/Archives/edgar/data/1792789/000162828025005715/,2026-08-05T12:11:50+00:00,0001792789,USD,2024,CY2022,True,latest_valid_restated_sec_companyfacts,Latest valid filing available as of 2026-08-05; configured source-tag priority breaks valid same-filing ties.
dash,DASH,0001628280-25-005715,10-K,2025-02-14,,2022-12-31,2022,FY,,cash_and_equivalents,us-gaap,CashAndCashEquivalentsAtCarryingValue,1977000000.0,1977.0,USD_millions,stock,1,https://www.sec.gov/Archives/edgar/data/1792789/000162828025005715/,2026-08-05T12:11:50+00:00,0001792789,USD,2024,CY2022Q4I,True,latest_valid_restated_sec_companyfacts,Latest valid filing available as of 2026-08-05; configured source-tag priority breaks valid same-filing ties.
dash,DASH,0001628280-24-005600,10-K,2024-02-20,,2022-12-31,2022,FY,,current_assets,us-gaap,AssetsCurrent,4720000000.0,4720.0,USD_millions,stock,1,https://www.sec.gov/Archives/edgar/data/1792789/000162828024005600/,2026-08-05T12:11:50+00:00,0001792789,USD,2023,CY2022Q4I,True,latest_valid_restated_sec_companyfacts,Latest valid filing available as of 2026-08-05; configured source-tag priority breaks valid same-filing ties.
dash,DASH,0001628280-24-005600,10-K,2024-02-20,,2022-12-31,2022,FY,,current_liabilities,us-gaap,LiabilitiesCurrent,2544000000.0,2544.0,USD_millions,stock,1,https://www.sec.gov/Archives/edgar/data/1792789/000162828024005600/,2026-08-05T12:11:50+00:00,0001792789,USD,2023,CY2022Q4I,True,latest_valid_restated_sec_companyfacts,Latest valid filing available as of 2026-08-05; configured source-tag priority breaks valid same-filing ties.
dash,DASH,0001628280-25-005715,10-K,2025-02-14,2022-01-01,2022-12-31,2022,FY,364.0,free_cash_flow,project,derived:OperatingCashFlow-CapitalExpenditure,,21.0,USD,flow,0,https://www.sec.gov/Archives/edgar/data/1792789/000162828025005715/,2026-08-05T12:11:50+00:00,0001792789,USD,2024,CY2022,True,derived_from_latest_valid_components,Operating cash flow minus positive CapEx outflow.
dash,DASH,0001628280-25-005715,10-K,2025-02-14,2022-01-01,2022-12-31,2022,FY,364.0,net_income,us-gaap,NetIncomeLoss,-1365000000.0,-1365.0,USD_millions,flow,1,https://www.sec.gov/Archives/edgar/data/1792789/000162828025005715/,2026-08-05T12:11:50+00:00,0001792789,USD,2024,,True,latest_valid_restated_sec_companyfacts,Latest valid filing available as of 2026-08-05; configured source-tag priority breaks valid same-filing ties.
dash,DASH,0001628280-25-005715,10-K,2025-02-14,2022-01-01,2022-12-31,2022,FY,364.0,operating_cash_flow,us-gaap,NetCashProvidedByUsedInOperatingActivities,367000000.0,367.0,USD_millions,flow,1,https://www.sec.gov/Archives/edgar/data/1792789/000162828025005715/,2026-08-05T12:11:50+00:00,0001792789,USD,2024,CY2022,True,latest_valid_restated_sec_companyfacts,Latest valid filing available as of 2026-08-05; configured source-tag priority breaks valid same-filing ties.
dash,DASH,0001628280-25-005715,10-K,2025-02-14,2022-01-01,2022-12-31,2022,FY,364.0,operating_income,us-gaap,OperatingIncomeLoss,-1124000000.0,-1124.0,USD_millions,flow,1,https://www.sec.gov/Archives/edgar/data/1792789/000162828025005715/,2026-08-05T12:11:50+00:00,0001792789,USD,2024,CY2022,True,latest_valid_restated_sec_companyfacts,Latest valid filing available as of 2026-08-05; configured source-tag priority breaks valid same-filing ties.
dash,DASH,0001628280-25-005715,10-K,2025-02-14,2022-01-01,2022-12-31,2022,FY,364.0,revenue,us-gaap,RevenueFromContractWithCustomerExcludingAssessedTax,6583000000.0,6583.0,USD_millions,flow,1,https://www.sec.gov/Archives/edgar/data/1792789/000162828025005715/,2026-08-05T12:11:50+00:00,0001792789,USD,2024,CY2022,True,latest_valid_restated_sec_companyfacts,Latest valid filing available as of 2026-08-05; configured source-tag priority breaks valid same-filing ties.
dash,DASH,0001628280-24-005600,10-K,2024-02-20,,2022-12-31,2022,FY,,total_assets,us-gaap,Assets,9789000000.0,9789.0,USD_millions,stock,1,https://www.sec.gov/Archives/edgar/data/1792789/000162828024005600/,2026-08-05T12:11:50+00:00,0001792789,USD,2023,CY2022Q4I,True,latest_valid_restated_sec_companyfacts,Latest valid filing available as of 2026-08-05; configured source-tag priority breaks valid same-filing ties.
dash,DASH,0001792789-26-000035,10-K/A,2026-05-06,,2022-12-31,2022,FY,,total_equity,us-gaap,StockholdersEquity,6754000000.0,6754.0,USD_millions,stock,1,https://www.sec.gov/Archives/edgar/data/1792789/000179278926000035/,2026-08-05T12:11:50+00:00,0001792789,USD,2025,CY2022Q4I,True,latest_valid_restated_sec_companyfacts,Latest valid filing available as of 2026-08-05; configured source-tag priority breaks valid same-filing ties.
dash,DASH,0001628280-24-005600,10-K,2024-02-20,,2022-12-31,2022,FY,,total_liabilities,us-gaap,Liabilities,3021000000.0,3021.0,USD_millions,stock,1,https://www.sec.gov/Archives/edgar/data/1792789/000162828024005600/,2026-08-05T12:11:50+00:00,0001792789,USD,2023,CY2022Q4I,True,latest_valid_restated_sec_companyfacts,Latest valid filing available as of 2026-08-05; configured source-tag priority breaks valid same-filing ties.
dash,DASH,0001792789-26-000035,10-K/A,2026-05-06,2023-01-01,2023-12-31,2023,FY,364.0,capital_expenditure,us-gaap,override:PaymentsToAcquirePropertyPlantAndEquipment+PaymentsToDevelopSoftware,324000000.0,324.0,USD_millions,flow,0,https://www.sec.gov/Archives/edgar/data/1792789/000179278926000035/,2026-08-05T12:11:50+00:00,0001792789,USD,2025,CY2023,True,latest_valid_restated_sec_companyfacts,Latest valid filing available as of 2026-08-05; configured source-tag priority breaks valid same-filing ties.
dash,DASH,0001792789-26-000035,10-K/A,2026-05-06,,2023-12-31,2023,FY,,cash_and_equivalents,us-gaap,CashAndCashEquivalentsAtCarryingValue,2656000000.0,2656.0,USD_millions,stock,1,https://www.sec.gov/Archives/edgar/data/1792789/000179278926000035/,2026-08-05T12:11:50+00:00,0001792789,USD,2025,CY2023Q4I,True,latest_valid_restated_sec_companyfacts,Latest valid filing available as of 2026-08-05; configured source-tag priority breaks valid same-filing ties.
dash,DASH,0001628280-25-005715,10-K,2025-02-14,,2023-12-31,2023,FY,,current_assets,us-gaap,AssetsCurrent,5597000000.0,5597.0,USD_millions,stock,1,https://www.sec.gov/Archives/edgar/data/1792789/000162828025005715/,2026-08-05T12:11:50+00:00,0001792789,USD,2024,CY2023Q4I,True,latest_valid_restated_sec_companyfacts,Latest valid filing available as of 2026-08-05; configured source-tag priority breaks valid same-filing ties.
dash,DASH,0001628280-25-005715,10-K,2025-02-14,,2023-12-31,2023,FY,,current_liabilities,us-gaap,LiabilitiesCurrent,3410000000.0,3410.0,USD_millions,stock,1,https://www.sec.gov/Archives/edgar/data/1792789/000162828025005715/,2026-08-05T12:11:50+00:00,0001792789,USD,2024,CY2023Q4I,True,latest_valid_restated_sec_companyfacts,Latest valid filing available as of 2026-08-05; configured source-tag priority breaks valid same-filing ties.
dash,DASH,0001792789-26-000035,10-K/A,2026-05-06,2023-01-01,2023-12-31,2023,FY,364.0,free_cash_flow,project,derived:OperatingCashFlow-CapitalExpenditure,,1349.0,USD,flow,0,https://www.sec.gov/Archives/edgar/data/1792789/000179278926000035/,2026-08-05T12:11:50+00:00,0001792789,USD,2025,CY2023,True,derived_from_latest_valid_components,Operating cash flow minus positive CapEx outflow.
dash,DASH,0001792789-26-000035,10-K/A,2026-05-06,2023-01-01,2023-12-31,2023,FY,364.0,net_income,us-gaap,NetIncomeLoss,-558000000.0,-558.0,USD_millions,flow,1,https://www.sec.gov/Archives/edgar/data/1792789/000179278926000035/,2026-08-05T12:11:50+00:00,0001792789,USD,2025,CY2023,True,latest_valid_restated_sec_companyfacts,Latest valid filing available as of 2026-08-05; configured source-tag priority breaks valid same-filing ties.
dash,DASH,0001792789-26-000035,10-K/A,2026-05-06,2023-01-01,2023-12-31,2023,FY,364.0,operating_cash_flow,us-gaap,NetCashProvidedByUsedInOperatingActivities,1673000000.0,1673.0,USD_millions,flow,1,https://www.sec.gov/Archives/edgar/data/1792789/000179278926000035/,2026-08-05T12:11:50+00:00,0001792789,USD,2025,CY2023,True,latest_valid_restated_sec_companyfacts,Latest valid filing available as of 2026-08-05; configured source-tag priority breaks valid same-filing ties.
dash,DASH,0001792789-26-000035,10-K/A,2026-05-06,2023-01-01,2023-12-31,2023,FY,364.0,operating_income,us-gaap,OperatingIncomeLoss,-579000000.0,-579.0,USD_millions,flow,1,https://www.sec.gov/Archives/edgar/data/1792789/000179278926000035/,2026-08-05T12:11:50+00:00,0001792789,USD,2025,CY2023,True,latest_valid_restated_sec_companyfacts,Latest valid filing available as of 2026-08-05; configured source-tag priority breaks valid same-filing ties.
dash,DASH,0001792789-26-000035,10-K/A,2026-05-06,2023-01-01,2023-12-31,2023,FY,364.0,revenue,us-gaap,RevenueFromContractWithCustomerExcludingAssessedTax,8635000000.0,8635.0,USD_millions,flow,1,https://www.sec.gov/Archives/edgar/data/1792789/000179278926000035/,2026-08-05T12:11:50+00:00,0001792789,USD,2025,CY2023,True,latest_valid_restated_sec_companyfacts,Latest valid filing available as of 2026-08-05; configured source-tag priority breaks valid same-filing ties.
dash,DASH,0001628280-25-005715,10-K,2025-02-14,,2023-12-31,2023,FY,,total_assets,us-gaap,Assets,10839000000.0,10839.0,USD_millions,stock,1,https://www.sec.gov/Archives/edgar/data/1792789/000162828025005715/,2026-08-05T12:11:50+00:00,0001792789,USD,2024,CY2023Q4I,True,latest_valid_restated_sec_companyfacts,Latest valid filing available as of 2026-08-05; configured source-tag priority breaks valid same-filing ties.
dash,DASH,0001792789-26-000035,10-K/A,2026-05-06,,2023-12-31,2023,FY,,total_equity,us-gaap,StockholdersEquity,6806000000.0,6806.0,USD_millions,stock,1,https://www.sec.gov/Archives/edgar/data/1792789/000179278926000035/,2026-08-05T12:11:50+00:00,0001792789,USD,2025,CY2023Q4I,True,latest_valid_restated_sec_companyfacts,Latest valid filing available as of 2026-08-05; configured source-tag priority breaks valid same-filing ties.
dash,DASH,0001628280-25-005715,10-K,2025-02-14,,2023-12-31,2023,FY,,total_liabilities,us-gaap,Liabilities,4026000000.0,4026.0,USD_millions,stock,1,https://www.sec.gov/Archives/edgar/data/1792789/000162828025005715/,2026-08-05T12:11:50+00:00,0001792789,USD,2024,CY2023Q4I,True,latest_valid_restated_sec_companyfacts,Latest valid filing available as of 2026-08-05; configured source-tag priority breaks valid same-filing ties.
dash,DASH,0001792789-26-000035,10-K/A,2026-05-06,2024-01-01,2024-12-31,2024,FY,365.0,capital_expenditure,us-gaap,override:PaymentsToAcquirePropertyPlantAndEquipment+PaymentsToDevelopSoftware,330000000.0,330.0,USD_millions,flow,0,https://www.sec.gov/Archives/edgar/data/1792789/000179278926000035/,2026-08-05T12:11:50+00:00,0001792789,USD,2025,CY2024,True,latest_valid_restated_sec_companyfacts,Latest valid filing available as of 2026-08-05; configured source-tag priority breaks valid same-filing ties.
dash,DASH,0001792789-26-000035,10-K/A,2026-05-06,,2024-12-31,2024,FY,,cash_and_equivalents,us-gaap,CashAndCashEquivalentsAtCarryingValue,4019000000.0,4019.0,USD_millions,stock,1,https://www.sec.gov/Archives/edgar/data/1792789/000179278926000035/,2026-08-05T12:11:50+00:00,0001792789,USD,2025,CY2024Q4I,True,latest_valid_restated_sec_companyfacts,Latest valid filing available as of 2026-08-05; configured source-tag priority breaks valid same-filing ties.
dash,DASH,0001792789-26-000035,10-K/A,2026-05-06,,2024-12-31,2024,FY,,current_assets,us-gaap,AssetsCurrent,7386000000.0,7386.0,USD_millions,stock,1,https://www.sec.gov/Archives/edgar/data/1792789/000179278926000035/,2026-08-05T12:11:50+00:00,0001792789,USD,2025,CY2024Q4I,True,latest_valid_restated_sec_companyfacts,Latest valid filing available as of 2026-08-05; configured source-tag priority breaks valid same-filing ties.
dash,DASH,0001792789-26-000035,10-K/A,2026-05-06,,2024-12-31,2024,FY,,current_liabilities,us-gaap,LiabilitiesCurrent,4438000000.0,4438.0,USD_millions,stock,1,https://www.sec.gov/Archives/edgar/data/1792789/000179278926000035/,2026-08-05T12:11:50+00:00,0001792789,USD,2025,CY2024Q4I,True,latest_valid_restated_sec_companyfacts,Latest valid filing available as of 2026-08-05; configured source-tag priority breaks valid same-filing ties.
dash,DASH,0001792789-26-000035,10-K/A,2026-05-06,2024-01-01,2024-12-31,2024,FY,365.0,free_cash_flow,project,derived:OperatingCashFlow-CapitalExpenditure,,1802.0,USD,flow,0,https://www.sec.gov/Archives/edgar/data/1792789/000179278926000035/,2026-08-05T12:11:50+00:00,0001792789,USD,2025,CY2024,True,derived_from_latest_valid_components,Operating cash flow minus positive CapEx outflow.
dash,DASH,0001792789-26-000035,10-K/A,2026-05-06,2024-01-01,2024-12-31,2024,FY,365.0,net_income,us-gaap,NetIncomeLoss,123000000.0,123.0,USD_millions,flow,1,https://www.sec.gov/Archives/edgar/data/1792789/000179278926000035/,2026-08-05T12:11:50+00:00,0001792789,USD,2025,CY2024,True,latest_valid_restated_sec_companyfacts,Latest valid filing available as of 2026-08-05; configured source-tag priority breaks valid same-filing ties.
dash,DASH,0001792789-26-000035,10-K/A,2026-05-06,2024-01-01,2024-12-31,2024,FY,365.0,operating_cash_flow,us-gaap,NetCashProvidedByUsedInOperatingActivities,2132000000.0,2132.0,USD_millions,flow,1,https://www.sec.gov/Archives/edgar/data/1792789/000179278926000035/,2026-08-05T12:11:50+00:00,0001792789,USD,2025,CY2024,True,latest_valid_restated_sec_companyfacts,Latest valid filing available as of 2026-08-05; configured source-tag priority breaks valid same-filing ties.
dash,DASH,0001792789-26-000035,10-K/A,2026-05-06,2024-01-01,2024-12-31,2024,FY,365.0,operating_income,us-gaap,OperatingIncomeLoss,-38000000.0,-38.0,USD_millions,flow,1,https://www.sec.gov/Archives/edgar/data/1792789/000179278926000035/,2026-08-05T12:11:50+00:00,0001792789,USD,2025,CY2024,True,latest_valid_restated_sec_companyfacts,Latest valid filing available as of 2026-08-05; configured source-tag priority breaks valid same-filing ties.
dash,DASH,0001792789-26-000035,10-K/A,2026-05-06,2024-01-01,2024-12-31,2024,FY,365.0,revenue,us-gaap,RevenueFromContractWithCustomerExcludingAssessedTax,10722000000.0,10722.0,USD_millions,flow,1,https://www.sec.gov/Archives/edgar/data/1792789/000179278926000035/,2026-08-05T12:11:50+00:00,0001792789,USD,2025,CY2024,True,latest_valid_restated_sec_companyfacts,Latest valid filing available as of 2026-08-05; configured source-tag priority breaks valid same-filing ties.
dash,DASH,0001792789-26-000035,10-K/A,2026-05-06,,2024-12-31,2024,FY,,total_assets,us-gaap,Assets,12845000000.0,12845.0,USD_millions,stock,1,https://www.sec.gov/Archives/edgar/data/1792789/000179278926000035/,2026-08-05T12:11:50+00:00,0001792789,USD,2025,CY2024Q4I,True,latest_valid_restated_sec_companyfacts,Latest valid filing available as of 2026-08-05; configured source-tag priority breaks valid same-filing ties.
dash,DASH,0001792789-26-000035,10-K/A,2026-05-06,,2024-12-31,2024,FY,,total_equity,us-gaap,StockholdersEquity,7803000000.0,7803.0,USD_millions,stock,1,https://www.sec.gov/Archives/edgar/data/1792789/000179278926000035/,2026-08-05T12:11:50+00:00,0001792789,USD,2025,,True,latest_valid_restated_sec_companyfacts,Latest valid filing available as of 2026-08-05; configured source-tag priority breaks valid same-filing ties.
dash,DASH,0001792789-26-000035,10-K/A,2026-05-06,,2024-12-31,2024,FY,,total_liabilities,us-gaap,Liabilities,5035000000.0,5035.0,USD_millions,stock,1,https://www.sec.gov/Archives/edgar/data/1792789/000179278926000035/,2026-08-05T12:11:50+00:00,0001792789,USD,2025,CY2024Q4I,True,latest_valid_restated_sec_companyfacts,Latest valid filing available as of 2026-08-05; configured source-tag priority breaks valid same-filing ties.
ebay,EBAY,0001065088-20-000006,10-K,2020-01-31,2017-01-01,2017-12-31,2017,FY,364.0,capital_expenditure,us-gaap,PaymentsToAcquirePropertyPlantAndEquipment,666000000.0,666.0,USD_millions,flow,1,https://www.sec.gov/Archives/edgar/data/1065088/000106508820000006/,2026-08-05T12:11:50+00:00,0001065088,USD,2019,CY2017,True,latest_valid_restated_sec_companyfacts,Latest valid filing available as of 2026-08-05; configured source-tag priority breaks valid same-filing ties.
ebay,EBAY,0001065088-19-000006,10-K,2019-01-30,,2017-12-31,2017,FY,,cash_and_equivalents,us-gaap,CashAndCashEquivalentsAtCarryingValue,2120000000.0,2120.0,USD_millions,stock,1,https://www.sec.gov/Archives/edgar/data/1065088/000106508819000006/,2026-08-05T12:11:50+00:00,0001065088,USD,2018,CY2017Q4I,True,latest_valid_restated_sec_companyfacts,Latest valid filing available as of 2026-08-05; configured source-tag priority breaks valid same-filing ties.
ebay,EBAY,0001065088-19-000006,10-K,2019-01-30,,2017-12-31,2017,FY,,current_assets,us-gaap,AssetsCurrent,7744000000.0,7744.0,USD_millions,stock,1,https://www.sec.gov/Archives/edgar/data/1065088/000106508819000006/,2026-08-05T12:11:50+00:00,0001065088,USD,2018,CY2017Q4I,True,latest_valid_restated_sec_companyfacts,Latest valid filing available as of 2026-08-05; configured source-tag priority breaks valid same-filing ties.
ebay,EBAY,0001065088-19-000006,10-K,2019-01-30,,2017-12-31,2017,FY,,current_liabilities,us-gaap,LiabilitiesCurrent,3559000000.0,3559.0,USD_millions,stock,1,https://www.sec.gov/Archives/edgar/data/1065088/000106508819000006/,2026-08-05T12:11:50+00:00,0001065088,USD,2018,CY2017Q4I,True,latest_valid_restated_sec_companyfacts,Latest valid filing available as of 2026-08-05; configured source-tag priority breaks valid same-filing ties.
ebay,EBAY,0001065088-20-000006,10-K,2020-01-31,2017-01-01,2017-12-31,2017,FY,364.0,free_cash_flow,project,derived:OperatingCashFlow-CapitalExpenditure,,2480.0,USD,flow,0,https://www.sec.gov/Archives/edgar/data/1065088/000106508820000006/,2026-08-05T12:11:50+00:00,0001065088,USD,2019,CY2017,True,derived_from_latest_valid_components,Operating cash flow minus positive CapEx outflow.
ebay,EBAY,0001065088-20-000006,10-K,2020-01-31,2017-01-01,2017-12-31,2017,FY,364.0,net_income,us-gaap,NetIncomeLoss,-1017000000.0,-1017.0,USD_millions,flow,1,https://www.sec.gov/Archives/edgar/data/1065088/000106508820000006/,2026-08-05T12:11:50+00:00,0001065088,USD,2019,CY2017,True,latest_valid_restated_sec_companyfacts,Latest valid filing available as of 2026-08-05; configured source-tag priority breaks valid same-filing ties.
ebay,EBAY,0001065088-20-000006,10-K,2020-01-31,2017-01-01,2017-12-31,2017,FY,364.0,operating_cash_flow,us-gaap,NetCashProvidedByUsedInOperatingActivities,3146000000.0,3146.0,USD_millions,flow,1,https://www.sec.gov/Archives/edgar/data/1065088/000106508820000006/,2026-08-05T12:11:50+00:00,0001065088,USD,2019,CY2017,True,latest_valid_restated_sec_companyfacts,Latest valid filing available as of 2026-08-05; configured source-tag priority breaks valid same-filing ties.
ebay,EBAY,0001065088-20-000006,10-K,2020-01-31,2017-01-01,2017-12-31,2017,FY,364.0,operating_income,us-gaap,OperatingIncomeLoss,2264000000.0,2264.0,USD_millions,flow,1,https://www.sec.gov/Archives/edgar/data/1065088/000106508820000006/,2026-08-05T12:11:50+00:00,0001065088,USD,2019,CY2017,True,latest_valid_restated_sec_companyfacts,Latest valid filing available as of 2026-08-05; configured source-tag priority breaks valid same-filing ties.
ebay,EBAY,0001065088-20-000006,10-K,2020-01-31,2017-01-01,2017-12-31,2017,FY,364.0,revenue,us-gaap,RevenueFromContractWithCustomerExcludingAssessedTax,9927000000.0,9927.0,USD_millions,flow,1,https://www.sec.gov/Archives/edgar/data/1065088/000106508820000006/,2026-08-05T12:11:50+00:00,0001065088,USD,2019,CY2017,True,latest_valid_restated_sec_companyfacts,Latest valid filing available as of 2026-08-05; configured source-tag priority breaks valid same-filing ties.
ebay,EBAY,0001065088-19-000006,10-K,2019-01-30,,2017-12-31,2017,FY,,total_assets,us-gaap,Assets,25986000000.0,25986.0,USD_millions,stock,1,https://www.sec.gov/Archives/edgar/data/1065088/000106508819000006/,2026-08-05T12:11:50+00:00,0001065088,USD,2018,CY2017Q4I,True,latest_valid_restated_sec_companyfacts,Latest valid filing available as of 2026-08-05; configured source-tag priority breaks valid same-filing ties.
ebay,EBAY,0001065088-19-000006,10-K,2019-01-30,,2017-12-31,2017,FY,,total_debt,us-gaap,DebtLongtermAndShorttermCombinedAmount,10015000000.0,10015.0,USD_millions,stock,1,https://www.sec.gov/Archives/edgar/data/1065088/000106508819000006/,2026-08-05T12:11:50+00:00,0001065088,USD,2018,CY2017Q4I,True,latest_valid_restated_sec_companyfacts,Latest valid filing available as of 2026-08-05; configured source-tag priority breaks valid same-filing ties.
ebay,EBAY,0001065088-20-000006,10-K,2020-01-31,,2017-12-31,2017,FY,,total_equity,us-gaap,StockholdersEquity,8049000000.0,8049.0,USD_millions,stock,1,https://www.sec.gov/Archives/edgar/data/1065088/000106508820000006/,2026-08-05T12:11:50+00:00,0001065088,USD,2019,CY2017Q4I,True,latest_valid_restated_sec_companyfacts,Latest valid filing available as of 2026-08-05; configured source-tag priority breaks valid same-filing ties.
ebay,EBAY,0001065088-19-000006,10-K,2019-01-30,,2017-12-31,2017,FY,,total_liabilities,us-gaap,Liabilities,17937000000.0,17937.0,USD_millions,stock,1,https://www.sec.gov/Archives/edgar/data/1065088/000106508819000006/,2026-08-05T12:11:50+00:00,0001065088,USD,2018,CY2017Q4I,True,latest_valid_restated_sec_companyfacts,Latest valid filing available as of 2026-08-05; configured source-tag priority breaks valid same-filing ties.
ebay,EBAY,0001065088-21-000006,10-K,2021-02-04,2018-01-01,2018-12-31,2018,FY,364.0,capital_expenditure,us-gaap,PaymentsToAcquirePropertyPlantAndEquipment,623000000.0,623.0,USD_millions,flow,1,https://www.sec.gov/Archives/edgar/data/1065088/000106508821000006/,2026-08-05T12:11:50+00:00,0001065088,USD,2020,CY2018,True,latest_valid_restated_sec_companyfacts,Latest valid filing available as of 2026-08-05; configured source-tag priority breaks valid same-filing ties.
ebay,EBAY,0001065088-20-000006,10-K,2020-01-31,,2018-12-31,2018,FY,,cash_and_equivalents,us-gaap,CashAndCashEquivalentsAtCarryingValue,2202000000.0,2202.0,USD_millions,stock,1,https://www.sec.gov/Archives/edgar/data/1065088/000106508820000006/,2026-08-05T12:11:50+00:00,0001065088,USD,2019,CY2018Q4I,True,latest_valid_restated_sec_companyfacts,Latest valid filing available as of 2026-08-05; configured source-tag priority breaks valid same-filing ties.
ebay,EBAY,0001065088-20-000006,10-K,2020-01-31,,2018-12-31,2018,FY,,current_assets,us-gaap,AssetsCurrent,7126000000.0,7126.0,USD_millions,stock,1,https://www.sec.gov/Archives/edgar/data/1065088/000106508820000006/,2026-08-05T12:11:50+00:00,0001065088,USD,2019,CY2018Q4I,True,latest_valid_restated_sec_companyfacts,Latest valid filing available as of 2026-08-05; configured source-tag priority breaks valid same-filing ties.
ebay,EBAY,0001065088-20-000006,10-K,2020-01-31,,2018-12-31,2018,FY,,current_liabilities,us-gaap,LiabilitiesCurrent,4454000000.0,4454.0,USD_millions,stock,1,https://www.sec.gov/Archives/edgar/data/1065088/000106508820000006/,2026-08-05T12:11:50+00:00,0001065088,USD,2019,CY2018Q4I,True,latest_valid_restated_sec_companyfacts,Latest valid filing available as of 2026-08-05; configured source-tag priority breaks valid same-filing ties.
ebay,EBAY,0001065088-21-000006,10-K,2021-02-04,2018-01-01,2018-12-31,2018,FY,364.0,free_cash_flow,project,derived:OperatingCashFlow-CapitalExpenditure,,2035.0,USD,flow,0,https://www.sec.gov/Archives/edgar/data/1065088/000106508821000006/,2026-08-05T12:11:50+00:00,0001065088,USD,2020,CY2018,True,derived_from_latest_valid_components,Operating cash flow minus positive CapEx outflow.
ebay,EBAY,0001065088-21-000006,10-K,2021-02-04,2018-01-01,2018-12-31,2018,FY,364.0,net_income,us-gaap,NetIncomeLoss,2530000000.0,2530.0,USD_millions,flow,1,https://www.sec.gov/Archives/edgar/data/1065088/000106508821000006/,2026-08-05T12:11:50+00:00,0001065088,USD,2020,CY2018,True,latest_valid_restated_sec_companyfacts,Latest valid filing available as of 2026-08-05; configured source-tag priority breaks valid same-filing ties.
ebay,EBAY,0001065088-21-000006,10-K,2021-02-04,2018-01-01,2018-12-31,2018,FY,364.0,operating_cash_flow,us-gaap,NetCashProvidedByUsedInOperatingActivities,2658000000.0,2658.0,USD_millions,flow,1,https://www.sec.gov/Archives/edgar/data/1065088/000106508821000006/,2026-08-05T12:11:50+00:00,0001065088,USD,2020,CY2018,True,latest_valid_restated_sec_companyfacts,Latest valid filing available as of 2026-08-05; configured source-tag priority breaks valid same-filing ties.
ebay,EBAY,0001065088-21-000006,10-K,2021-02-04,2018-01-01,2018-12-31,2018,FY,364.0,operating_income,us-gaap,OperatingIncomeLoss,1752000000.0,1752.0,USD_millions,flow,1,https://www.sec.gov/Archives/edgar/data/1065088/000106508821000006/,2026-08-05T12:11:50+00:00,0001065088,USD,2020,CY2018,True,latest_valid_restated_sec_companyfacts,Latest valid filing available as of 2026-08-05; configured source-tag priority breaks valid same-filing ties.
ebay,EBAY,0001065088-21-000006,10-K,2021-02-04,2018-01-01,2018-12-31,2018,FY,364.0,revenue,us-gaap,RevenueFromContractWithCustomerExcludingAssessedTax,8650000000.0,8650.0,USD_millions,flow,1,https://www.sec.gov/Archives/edgar/data/1065088/000106508821000006/,2026-08-05T12:11:50+00:00,0001065088,USD,2020,CY2018,True,latest_valid_restated_sec_companyfacts,Latest valid filing available as of 2026-08-05; configured source-tag priority breaks valid same-filing ties.
ebay,EBAY,0001065088-20-000006,10-K,2020-01-31,,2018-12-31,2018,FY,,total_assets,us-gaap,Assets,22819000000.0,22819.0,USD_millions,stock,1,https://www.sec.gov/Archives/edgar/data/1065088/000106508820000006/,2026-08-05T12:11:50+00:00,0001065088,USD,2019,CY2018Q4I,True,latest_valid_restated_sec_companyfacts,Latest valid filing available as of 2026-08-05; configured source-tag priority breaks valid same-filing ties.
ebay,EBAY,0001065088-20-000006,10-K,2020-01-31,,2018-12-31,2018,FY,,total_debt,us-gaap,DebtLongtermAndShorttermCombinedAmount,9231000000.0,9231.0,USD_millions,stock,1,https://www.sec.gov/Archives/edgar/data/1065088/000106508820000006/,2026-08-05T12:11:50+00:00,0001065088,USD,2019,CY2018Q4I,True,latest_valid_restated_sec_companyfacts,Latest valid filing available as of 2026-08-05; configured source-tag priority breaks valid same-filing ties.
ebay,EBAY,0001065088-21-000006,10-K,2021-02-04,,2018-12-31,2018,FY,,total_equity,us-gaap,StockholdersEquity,6281000000.0,6281.0,USD_millions,stock,1,https://www.sec.gov/Archives/edgar/data/1065088/000106508821000006/,2026-08-05T12:11:50+00:00,0001065088,USD,2020,CY2018Q4I,True,latest_valid_restated_sec_companyfacts,Latest valid filing available as of 2026-08-05; configured source-tag priority breaks valid same-filing ties.
ebay,EBAY,0001065088-20-000006,10-K,2020-01-31,,2018-12-31,2018,FY,,total_liabilities,us-gaap,Liabilities,16538000000.0,16538.0,USD_millions,stock,1,https://www.sec.gov/Archives/edgar/data/1065088/000106508820000006/,2026-08-05T12:11:50+00:00,0001065088,USD,2019,CY2018Q4I,True,latest_valid_restated_sec_companyfacts,Latest valid filing available as of 2026-08-05; configured source-tag priority breaks valid same-filing ties.
ebay,EBAY,0001065088-22-000006,10-K,2022-02-24,2019-01-01,2019-12-31,2019,FY,364.0,capital_expenditure,us-gaap,PaymentsToAcquirePropertyPlantAndEquipment,508000000.0,508.0,USD_millions,flow,1,https://www.sec.gov/Archives/edgar/data/1065088/000106508822000006/,2026-08-05T12:11:50+00:00,0001065088,USD,2021,CY2019,True,latest_valid_restated_sec_companyfacts,Latest valid filing available as of 2026-08-05; configured source-tag priority breaks valid same-filing ties.
ebay,EBAY,0001065088-21-000006,10-K,2021-02-04,,2019-12-31,2019,FY,,cash_and_equivalents,us-gaap,CashAndCashEquivalentsAtCarryingValue,901000000.0,901.0,USD_millions,stock,1,https://www.sec.gov/Archives/edgar/data/1065088/000106508821000006/,2026-08-05T12:11:50+00:00,0001065088,USD,2020,CY2019Q4I,True,latest_valid_restated_sec_companyfacts,Latest valid filing available as of 2026-08-05; configured source-tag priority breaks valid same-filing ties.
ebay,EBAY,0001065088-21-000006,10-K,2021-02-04,,2019-12-31,2019,FY,,current_assets,us-gaap,AssetsCurrent,4706000000.0,4706.0,USD_millions,stock,1,https://www.sec.gov/Archives/edgar/data/1065088/000106508821000006/,2026-08-05T12:11:50+00:00,0001065088,USD,2020,CY2019Q4I,True,latest_valid_restated_sec_companyfacts,Latest valid filing available as of 2026-08-05; configured source-tag priority breaks valid same-filing ties.
ebay,EBAY,0001065088-21-000006,10-K,2021-02-04,,2019-12-31,2019,FY,,current_liabilities,us-gaap,LiabilitiesCurrent,4066000000.0,4066.0,USD_millions,stock,1,https://www.sec.gov/Archives/edgar/data/1065088/000106508821000006/,2026-08-05T12:11:50+00:00,0001065088,USD,2020,CY2019Q4I,True,latest_valid_restated_sec_companyfacts,Latest valid filing available as of 2026-08-05; configured source-tag priority breaks valid same-filing ties.
ebay,EBAY,0001065088-22-000006,10-K,2022-02-24,2019-01-01,2019-12-31,2019,FY,364.0,free_cash_flow,project,derived:OperatingCashFlow-CapitalExpenditure,,2606.0,USD,flow,0,https://www.sec.gov/Archives/edgar/data/1065088/000106508822000006/,2026-08-05T12:11:50+00:00,0001065088,USD,2021,CY2019,True,derived_from_latest_valid_components,Operating cash flow minus positive CapEx outflow.
ebay,EBAY,0001065088-22-000006,10-K,2022-02-24,2019-01-01,2019-12-31,2019,FY,364.0,net_income,us-gaap,NetIncomeLoss,1786000000.0,1786.0,USD_millions,flow,1,https://www.sec.gov/Archives/edgar/data/1065088/000106508822000006/,2026-08-05T12:11:50+00:00,0001065088,USD,2021,CY2019,True,latest_valid_restated_sec_companyfacts,Latest valid filing available as of 2026-08-05; configured source-tag priority breaks valid same-filing ties.
ebay,EBAY,0001065088-22-000006,10-K,2022-02-24,2019-01-01,2019-12-31,2019,FY,364.0,operating_cash_flow,us-gaap,NetCashProvidedByUsedInOperatingActivities,3114000000.0,3114.0,USD_millions,flow,1,https://www.sec.gov/Archives/edgar/data/1065088/000106508822000006/,2026-08-05T12:11:50+00:00,0001065088,USD,2021,CY2019,True,latest_valid_restated_sec_companyfacts,Latest valid filing available as of 2026-08-05; configured source-tag priority breaks valid same-filing ties.
ebay,EBAY,0001065088-22-000006,10-K,2022-02-24,2019-01-01,2019-12-31,2019,FY,364.0,operating_income,us-gaap,OperatingIncomeLoss,1770000000.0,1770.0,USD_millions,flow,1,https://www.sec.gov/Archives/edgar/data/1065088/000106508822000006/,2026-08-05T12:11:50+00:00,0001065088,USD,2021,CY2019,True,latest_valid_restated_sec_companyfacts,Latest valid filing available as of 2026-08-05; configured source-tag priority breaks valid same-filing ties.
ebay,EBAY,0001065088-22-000006,10-K,2022-02-24,2019-01-01,2019-12-31,2019,FY,364.0,revenue,us-gaap,RevenueFromContractWithCustomerExcludingAssessedTax,7429000000.0,7429.0,USD_millions,flow,1,https://www.sec.gov/Archives/edgar/data/1065088/000106508822000006/,2026-08-05T12:11:50+00:00,0001065088,USD,2021,CY2019,True,latest_valid_restated_sec_companyfacts,Latest valid filing available as of 2026-08-05; configured source-tag priority breaks valid same-filing ties.
ebay,EBAY,0001065088-21-000006,10-K,2021-02-04,,2019-12-31,2019,FY,,total_assets,us-gaap,Assets,18174000000.0,18174.0,USD_millions,stock,1,https://www.sec.gov/Archives/edgar/data/1065088/000106508821000006/,2026-08-05T12:11:50+00:00,0001065088,USD,2020,CY2019Q4I,True,latest_valid_restated_sec_companyfacts,Latest valid filing available as of 2026-08-05; configured source-tag priority breaks valid same-filing ties.
ebay,EBAY,0001065088-21-000006,10-K,2021-02-04,,2019-12-31,2019,FY,,total_debt,us-gaap,DebtLongtermAndShorttermCombinedAmount,7758000000.0,7758.0,USD_millions,stock,1,https://www.sec.gov/Archives/edgar/data/1065088/000106508821000006/,2026-08-05T12:11:50+00:00,0001065088,USD,2020,CY2019Q4I,True,latest_valid_restated_sec_companyfacts,Latest valid filing available as of 2026-08-05; configured source-tag priority breaks valid same-filing ties.
ebay,EBAY,0001065088-22-000006,10-K,2022-02-24,,2019-12-31,2019,FY,,total_equity,us-gaap,StockholdersEquity,2870000000.0,2870.0,USD_millions,stock,1,https://www.sec.gov/Archives/edgar/data/1065088/000106508822000006/,2026-08-05T12:11:50+00:00,0001065088,USD,2021,CY2019Q4I,True,latest_valid_restated_sec_companyfacts,Latest valid filing available as of 2026-08-05; configured source-tag priority breaks valid same-filing ties.
ebay,EBAY,0001065088-21-000006,10-K,2021-02-04,,2019-12-31,2019,FY,,total_liabilities,us-gaap,Liabilities,15304000000.0,15304.0,USD_millions,stock,1,https://www.sec.gov/Archives/edgar/data/1065088/000106508821000006/,2026-08-05T12:11:50+00:00,0001065088,USD,2020,CY2019Q4I,True,latest_valid_restated_sec_companyfacts,Latest valid filing available as of 2026-08-05; configured source-tag priority breaks valid same-filing ties.
ebay,EBAY,0001065088-23-000006,10-K,2023-02-23,2020-01-01,2020-12-31,2020,FY,365.0,capital_expenditure,us-gaap,PaymentsToAcquirePropertyPlantAndEquipment,463000000.0,463.0,USD_millions,flow,1,https://www.sec.gov/Archives/edgar/data/1065088/000106508823000006/,2026-08-05T12:11:50+00:00,0001065088,USD,2022,CY2020,True,latest_valid_restated_sec_companyfacts,Latest valid filing available as of 2026-08-05; configured source-tag priority breaks valid same-filing ties.
ebay,EBAY,0001065088-22-000006,10-K,2022-02-24,,2020-12-31,2020,FY,,cash_and_equivalents,us-gaap,CashAndCashEquivalentsAtCarryingValue,1101000000.0,1101.0,USD_millions,stock,1,https://www.sec.gov/Archives/edgar/data/1065088/000106508822000006/,2026-08-05T12:11:50+00:00,0001065088,USD,2021,CY2020Q4I,True,latest_valid_restated_sec_companyfacts,Latest valid filing available as of 2026-08-05; configured source-tag priority breaks valid same-filing ties.
ebay,EBAY,0001065088-22-000006,10-K,2022-02-24,,2020-12-31,2020,FY,,current_assets,us-gaap,AssetsCurrent,7190000000.0,7190.0,USD_millions,stock,1,https://www.sec.gov/Archives/edgar/data/1065088/000106508822000006/,2026-08-05T12:11:50+00:00,0001065088,USD,2021,CY2020Q4I,True,latest_valid_restated_sec_companyfacts,Latest valid filing available as of 2026-08-05; configured source-tag priority breaks valid same-filing ties.
ebay,EBAY,0001065088-22-000006,10-K,2022-02-24,,2020-12-31,2020,FY,,current_liabilities,us-gaap,LiabilitiesCurrent,4002000000.0,4002.0,USD_millions,stock,1,https://www.sec.gov/Archives/edgar/data/1065088/000106508822000006/,2026-08-05T12:11:50+00:00,0001065088,USD,2021,CY2020Q4I,True,latest_valid_restated_sec_companyfacts,Latest valid filing available as of 2026-08-05; configured source-tag priority breaks valid same-filing ties.
ebay,EBAY,0001065088-23-000006,10-K,2023-02-23,2020-01-01,2020-12-31,2020,FY,365.0,free_cash_flow,project,derived:OperatingCashFlow-CapitalExpenditure,,1956.0,USD,flow,0,https://www.sec.gov/Archives/edgar/data/1065088/000106508823000006/,2026-08-05T12:11:50+00:00,0001065088,USD,2022,CY2020,True,derived_from_latest_valid_components,Operating cash flow minus positive CapEx outflow.
ebay,EBAY,0001065088-23-000006,10-K,2023-02-23,2020-01-01,2020-12-31,2020,FY,365.0,net_income,us-gaap,NetIncomeLoss,5667000000.0,5667.0,USD_millions,flow,1,https://www.sec.gov/Archives/edgar/data/1065088/000106508823000006/,2026-08-05T12:11:50+00:00,0001065088,USD,2022,CY2020,True,latest_valid_restated_sec_companyfacts,Latest valid filing available as of 2026-08-05; configured source-tag priority breaks valid same-filing ties.
ebay,EBAY,0001065088-23-000006,10-K,2023-02-23,2020-01-01,2020-12-31,2020,FY,365.0,operating_cash_flow,us-gaap,NetCashProvidedByUsedInOperatingActivities,2419000000.0,2419.0,USD_millions,flow,1,https://www.sec.gov/Archives/edgar/data/1065088/000106508823000006/,2026-08-05T12:11:50+00:00,0001065088,USD,2022,CY2020,True,latest_valid_restated_sec_companyfacts,Latest valid filing available as of 2026-08-05; configured source-tag priority breaks valid same-filing ties.
ebay,EBAY,0001065088-23-000006,10-K,2023-02-23,2020-01-01,2020-12-31,2020,FY,365.0,operating_income,us-gaap,OperatingIncomeLoss,2636000000.0,2636.0,USD_millions,flow,1,https://www.sec.gov/Archives/edgar/data/1065088/000106508823000006/,2026-08-05T12:11:50+00:00,0001065088,USD,2022,CY2020,True,latest_valid_restated_sec_companyfacts,Latest valid filing available as of 2026-08-05; configured source-tag priority breaks valid same-filing ties.
ebay,EBAY,0001065088-23-000006,10-K,2023-02-23,2020-01-01,2020-12-31,2020,FY,365.0,revenue,us-gaap,RevenueFromContractWithCustomerExcludingAssessedTax,8894000000.0,8894.0,USD_millions,flow,1,https://www.sec.gov/Archives/edgar/data/1065088/000106508823000006/,2026-08-05T12:11:50+00:00,0001065088,USD,2022,CY2020,True,latest_valid_restated_sec_companyfacts,Latest valid filing available as of 2026-08-05; configured source-tag priority breaks valid same-filing ties.
ebay,EBAY,0001065088-22-000006,10-K,2022-02-24,,2020-12-31,2020,FY,,total_assets,us-gaap,Assets,19310000000.0,19310.0,USD_millions,stock,1,https://www.sec.gov/Archives/edgar/data/1065088/000106508822000006/,2026-08-05T12:11:50+00:00,0001065088,USD,2021,CY2020Q4I,True,latest_valid_restated_sec_companyfacts,Latest valid filing available as of 2026-08-05; configured source-tag priority breaks valid same-filing ties.
ebay,EBAY,0001065088-22-000006,10-K,2022-02-24,,2020-12-31,2020,FY,,total_debt,us-gaap,DebtLongtermAndShorttermCombinedAmount,7746000000.0,7746.0,USD_millions,stock,1,https://www.sec.gov/Archives/edgar/data/1065088/000106508822000006/,2026-08-05T12:11:50+00:00,0001065088,USD,2021,CY2020Q4I,True,latest_valid_restated_sec_companyfacts,Latest valid filing available as of 2026-08-05; configured source-tag priority breaks valid same-filing ties.
ebay,EBAY,0001065088-23-000006,10-K,2023-02-23,,2020-12-31,2020,FY,,total_equity,us-gaap,StockholdersEquity,3561000000.0,3561.0,USD_millions,stock,1,https://www.sec.gov/Archives/edgar/data/1065088/000106508823000006/,2026-08-05T12:11:50+00:00,0001065088,USD,2022,CY2020Q4I,True,latest_valid_restated_sec_companyfacts,Latest valid filing available as of 2026-08-05; configured source-tag priority breaks valid same-filing ties.
ebay,EBAY,0001065088-22-000006,10-K,2022-02-24,,2020-12-31,2020,FY,,total_liabilities,us-gaap,Liabilities,15749000000.0,15749.0,USD_millions,stock,1,https://www.sec.gov/Archives/edgar/data/1065088/000106508822000006/,2026-08-05T12:11:50+00:00,0001065088,USD,2021,CY2020Q4I,True,latest_valid_restated_sec_companyfacts,Latest valid filing available as of 2026-08-05; configured source-tag priority breaks valid same-filing ties.
ebay,EBAY,0001065088-24-000036,10-K,2024-02-28,2021-01-01,2021-12-31,2021,FY,364.0,capital_expenditure,us-gaap,PaymentsToAcquirePropertyPlantAndEquipment,444000000.0,444.0,USD_millions,flow,1,https://www.sec.gov/Archives/edgar/data/1065088/000106508824000036/,2026-08-05T12:11:50+00:00,0001065088,USD,2023,CY2021,True,latest_valid_restated_sec_companyfacts,Latest valid filing available as of 2026-08-05; configured source-tag priority breaks valid same-filing ties.
ebay,EBAY,0001065088-24-000036,10-K,2024-02-28,,2021-12-31,2021,FY,,cash_and_equivalents,us-gaap,CashAndCashEquivalentsAtCarryingValue,1379000000.0,1379.0,USD_millions,stock,1,https://www.sec.gov/Archives/edgar/data/1065088/000106508824000036/,2026-08-05T12:11:50+00:00,0001065088,USD,2023,CY2021Q4I,True,latest_valid_restated_sec_companyfacts,Latest valid filing available as of 2026-08-05; configured source-tag priority breaks valid same-filing ties.
ebay,EBAY,0001065088-23-000006,10-K,2023-02-23,,2021-12-31,2021,FY,,current_assets,us-gaap,AssetsCurrent,9111000000.0,9111.0,USD_millions,stock,1,https://www.sec.gov/Archives/edgar/data/1065088/000106508823000006/,2026-08-05T12:11:50+00:00,0001065088,USD,2022,CY2021Q4I,True,latest_valid_restated_sec_companyfacts,Latest valid filing available as of 2026-08-05; configured source-tag priority breaks valid same-filing ties.
ebay,EBAY,0001065088-23-000006,10-K,2023-02-23,,2021-12-31,2021,FY,,current_liabilities,us-gaap,LiabilitiesCurrent,4622000000.0,4622.0,USD_millions,stock,1,https://www.sec.gov/Archives/edgar/data/1065088/000106508823000006/,2026-08-05T12:11:50+00:00,0001065088,USD,2022,CY2021Q4I,True,latest_valid_restated_sec_companyfacts,Latest valid filing available as of 2026-08-05; configured source-tag priority breaks valid same-filing ties.
ebay,EBAY,0001065088-24-000036,10-K,2024-02-28,2021-01-01,2021-12-31,2021,FY,364.0,free_cash_flow,project,derived:OperatingCashFlow-CapitalExpenditure,,2213.0,USD,flow,0,https://www.sec.gov/Archives/edgar/data/1065088/000106508824000036/,2026-08-05T12:11:50+00:00,0001065088,USD,2023,CY2021,True,derived_from_latest_valid_components,Operating cash flow minus positive CapEx outflow.
ebay,EBAY,0001065088-24-000036,10-K,2024-02-28,2021-01-01,2021-12-31,2021,FY,364.0,net_income,us-gaap,NetIncomeLoss,13608000000.0,13608.0,USD_millions,flow,1,https://www.sec.gov/Archives/edgar/data/1065088/000106508824000036/,2026-08-05T12:11:50+00:00,0001065088,USD,2023,,True,latest_valid_restated_sec_companyfacts,Latest valid filing available as of 2026-08-05; configured source-tag priority breaks valid same-filing ties.
ebay,EBAY,0001065088-24-000036,10-K,2024-02-28,2021-01-01,2021-12-31,2021,FY,364.0,operating_cash_flow,us-gaap,NetCashProvidedByUsedInOperatingActivities,2657000000.0,2657.0,USD_millions,flow,1,https://www.sec.gov/Archives/edgar/data/1065088/000106508824000036/,2026-08-05T12:11:50+00:00,0001065088,USD,2023,CY2021,True,latest_valid_restated_sec_companyfacts,Latest valid filing available as of 2026-08-05; configured source-tag priority breaks valid same-filing ties.
ebay,EBAY,0001065088-24-000036,10-K,2024-02-28,2021-01-01,2021-12-31,2021,FY,364.0,operating_income,us-gaap,OperatingIncomeLoss,2923000000.0,2923.0,USD_millions,flow,1,https://www.sec.gov/Archives/edgar/data/1065088/000106508824000036/,2026-08-05T12:11:50+00:00,0001065088,USD,2023,CY2021,True,latest_valid_restated_sec_companyfacts,Latest valid filing available as of 2026-08-05; configured source-tag priority breaks valid same-filing ties.
ebay,EBAY,0001065088-24-000036,10-K,2024-02-28,2021-01-01,2021-12-31,2021,FY,364.0,revenue,us-gaap,RevenueFromContractWithCustomerExcludingAssessedTax,10420000000.0,10420.0,USD_millions,flow,1,https://www.sec.gov/Archives/edgar/data/1065088/000106508824000036/,2026-08-05T12:11:50+00:00,0001065088,USD,2023,CY2021,True,latest_valid_restated_sec_companyfacts,Latest valid filing available as of 2026-08-05; configured source-tag priority breaks valid same-filing ties.
ebay,EBAY,0001065088-23-000006,10-K,2023-02-23,,2021-12-31,2021,FY,,total_assets,us-gaap,Assets,26626000000.0,26626.0,USD_millions,stock,1,https://www.sec.gov/Archives/edgar/data/1065088/000106508823000006/,2026-08-05T12:11:50+00:00,0001065088,USD,2022,CY2021Q4I,True,latest_valid_restated_sec_companyfacts,Latest valid filing available as of 2026-08-05; configured source-tag priority breaks valid same-filing ties.
ebay,EBAY,0001065088-23-000006,10-K,2023-02-23,,2021-12-31,2021,FY,,total_debt,us-gaap,DebtLongtermAndShorttermCombinedAmount,9082000000.0,9082.0,USD_millions,stock,1,https://www.sec.gov/Archives/edgar/data/1065088/000106508823000006/,2026-08-05T12:11:50+00:00,0001065088,USD,2022,CY2021Q4I,True,latest_valid_restated_sec_companyfacts,Latest valid filing available as of 2026-08-05; configured source-tag priority breaks valid same-filing ties.
ebay,EBAY,0001065088-24-000036,10-K,2024-02-28,,2021-12-31,2021,FY,,total_equity,us-gaap,StockholdersEquity,9778000000.0,9778.0,USD_millions,stock,1,https://www.sec.gov/Archives/edgar/data/1065088/000106508824000036/,2026-08-05T12:11:50+00:00,0001065088,USD,2023,CY2021Q4I,True,latest_valid_restated_sec_companyfacts,Latest valid filing available as of 2026-08-05; configured source-tag priority breaks valid same-filing ties.
ebay,EBAY,0001065088-23-000006,10-K,2023-02-23,,2021-12-31,2021,FY,,total_liabilities,us-gaap,Liabilities,16848000000.0,16848.0,USD_millions,stock,1,https://www.sec.gov/Archives/edgar/data/1065088/000106508823000006/,2026-08-05T12:11:50+00:00,0001065088,USD,2022,CY2021Q4I,True,latest_valid_restated_sec_companyfacts,Latest valid filing available as of 2026-08-05; configured source-tag priority breaks valid same-filing ties.
ebay,EBAY,0001065088-25-000037,10-K,2025-02-27,2022-01-01,2022-12-31,2022,FY,364.0,capital_expenditure,us-gaap,PaymentsToAcquirePropertyPlantAndEquipment,449000000.0,449.0,USD_millions,flow,1,https://www.sec.gov/Archives/edgar/data/1065088/000106508825000037/,2026-08-05T12:11:50+00:00,0001065088,USD,2024,CY2022,True,latest_valid_restated_sec_companyfacts,Latest valid filing available as of 2026-08-05; configured source-tag priority breaks valid same-filing ties.
ebay,EBAY,0001065088-25-000037,10-K,2025-02-27,,2022-12-31,2022,FY,,cash_and_equivalents,us-gaap,CashAndCashEquivalentsAtCarryingValue,2154000000.0,2154.0,USD_millions,stock,1,https://www.sec.gov/Archives/edgar/data/1065088/000106508825000037/,2026-08-05T12:11:50+00:00,0001065088,USD,2024,CY2022Q4I,True,latest_valid_restated_sec_companyfacts,Latest valid filing available as of 2026-08-05; configured source-tag priority breaks valid same-filing ties.
ebay,EBAY,0001065088-24-000036,10-K,2024-02-28,,2022-12-31,2022,FY,,current_assets,us-gaap,AssetsCurrent,9290000000.0,9290.0,USD_millions,stock,1,https://www.sec.gov/Archives/edgar/data/1065088/000106508824000036/,2026-08-05T12:11:50+00:00,0001065088,USD,2023,CY2022Q4I,True,latest_valid_restated_sec_companyfacts,Latest valid filing available as of 2026-08-05; configured source-tag priority breaks valid same-filing ties.
ebay,EBAY,0001065088-24-000036,10-K,2024-02-28,,2022-12-31,2022,FY,,current_liabilities,us-gaap,LiabilitiesCurrent,4271000000.0,4271.0,USD_millions,stock,1,https://www.sec.gov/Archives/edgar/data/1065088/000106508824000036/,2026-08-05T12:11:50+00:00,0001065088,USD,2023,CY2022Q4I,True,latest_valid_restated_sec_companyfacts,Latest valid filing available as of 2026-08-05; configured source-tag priority breaks valid same-filing ties.
ebay,EBAY,0001065088-25-000037,10-K,2025-02-27,2022-01-01,2022-12-31,2022,FY,364.0,free_cash_flow,project,derived:OperatingCashFlow-CapitalExpenditure,,1805.0,USD,flow,0,https://www.sec.gov/Archives/edgar/data/1065088/000106508825000037/,2026-08-05T12:11:50+00:00,0001065088,USD,2024,CY2022,True,derived_from_latest_valid_components,Operating cash flow minus positive CapEx outflow.
ebay,EBAY,0001065088-25-000037,10-K,2025-02-27,2022-01-01,2022-12-31,2022,FY,364.0,net_income,us-gaap,NetIncomeLoss,-1269000000.0,-1269.0,USD_millions,flow,1,https://www.sec.gov/Archives/edgar/data/1065088/000106508825000037/,2026-08-05T12:11:50+00:00,0001065088,USD,2024,,True,latest_valid_restated_sec_companyfacts,Latest valid filing available as of 2026-08-05; configured source-tag priority breaks valid same-filing ties.
ebay,EBAY,0001065088-25-000037,10-K,2025-02-27,2022-01-01,2022-12-31,2022,FY,364.0,operating_cash_flow,us-gaap,NetCashProvidedByUsedInOperatingActivities,2254000000.0,2254.0,USD_millions,flow,1,https://www.sec.gov/Archives/edgar/data/1065088/000106508825000037/,2026-08-05T12:11:50+00:00,0001065088,USD,2024,CY2022,True,latest_valid_restated_sec_companyfacts,Latest valid filing available as of 2026-08-05; configured source-tag priority breaks valid same-filing ties.
ebay,EBAY,0001065088-25-000037,10-K,2025-02-27,2022-01-01,2022-12-31,2022,FY,364.0,operating_income,us-gaap,OperatingIncomeLoss,2350000000.0,2350.0,USD_millions,flow,1,https://www.sec.gov/Archives/edgar/data/1065088/000106508825000037/,2026-08-05T12:11:50+00:00,0001065088,USD,2024,CY2022,True,latest_valid_restated_sec_companyfacts,Latest valid filing available as of 2026-08-05; configured source-tag priority breaks valid same-filing ties.
ebay,EBAY,0001065088-25-000037,10-K,2025-02-27,2022-01-01,2022-12-31,2022,FY,364.0,revenue,us-gaap,RevenueFromContractWithCustomerExcludingAssessedTax,9795000000.0,9795.0,USD_millions,flow,1,https://www.sec.gov/Archives/edgar/data/1065088/000106508825000037/,2026-08-05T12:11:50+00:00,0001065088,USD,2024,CY2022,True,latest_valid_restated_sec_companyfacts,Latest valid filing available as of 2026-08-05; configured source-tag priority breaks valid same-filing ties.
ebay,EBAY,0001065088-24-000036,10-K,2024-02-28,,2022-12-31,2022,FY,,total_assets,us-gaap,Assets,20850000000.0,20850.0,USD_millions,stock,1,https://www.sec.gov/Archives/edgar/data/1065088/000106508824000036/,2026-08-05T12:11:50+00:00,0001065088,USD,2023,CY2022Q4I,True,latest_valid_restated_sec_companyfacts,Latest valid filing available as of 2026-08-05; configured source-tag priority breaks valid same-filing ties.
ebay,EBAY,0001065088-24-000036,10-K,2024-02-28,,2022-12-31,2022,FY,,total_debt,us-gaap,DebtLongtermAndShorttermCombinedAmount,8871000000.0,8871.0,USD_millions,stock,1,https://www.sec.gov/Archives/edgar/data/1065088/000106508824000036/,2026-08-05T12:11:50+00:00,0001065088,USD,2023,CY2022Q4I,True,latest_valid_restated_sec_companyfacts,Latest valid filing available as of 2026-08-05; configured source-tag priority breaks valid same-filing ties.
ebay,EBAY,0001065088-25-000037,10-K,2025-02-27,,2022-12-31,2022,FY,,total_equity,us-gaap,StockholdersEquity,5153000000.0,5153.0,USD_millions,stock,1,https://www.sec.gov/Archives/edgar/data/1065088/000106508825000037/,2026-08-05T12:11:50+00:00,0001065088,USD,2024,CY2022Q4I,True,latest_valid_restated_sec_companyfacts,Latest valid filing available as of 2026-08-05; configured source-tag priority breaks valid same-filing ties.
ebay,EBAY,0001065088-24-000036,10-K,2024-02-28,,2022-12-31,2022,FY,,total_liabilities,us-gaap,Liabilities,15697000000.0,15697.0,USD_millions,stock,1,https://www.sec.gov/Archives/edgar/data/1065088/000106508824000036/,2026-08-05T12:11:50+00:00,0001065088,USD,2023,CY2022Q4I,True,latest_valid_restated_sec_companyfacts,Latest valid filing available as of 2026-08-05; configured source-tag priority breaks valid same-filing ties.
ebay,EBAY,0001065088-26-000027,10-K,2026-02-19,2023-01-01,2023-12-31,2023,FY,364.0,capital_expenditure,us-gaap,PaymentsToAcquirePropertyPlantAndEquipment,456000000.0,456.0,USD_millions,flow,1,https://www.sec.gov/Archives/edgar/data/1065088/000106508826000027/,2026-08-05T12:11:50+00:00,0001065088,USD,2025,CY2023,True,latest_valid_restated_sec_companyfacts,Latest valid filing available as of 2026-08-05; configured source-tag priority breaks valid same-filing ties.
ebay,EBAY,0001065088-26-000027,10-K,2026-02-19,,2023-12-31,2023,FY,,cash_and_equivalents,us-gaap,CashAndCashEquivalentsAtCarryingValue,1985000000.0,1985.0,USD_millions,stock,1,https://www.sec.gov/Archives/edgar/data/1065088/000106508826000027/,2026-08-05T12:11:50+00:00,0001065088,USD,2025,CY2023Q4I,True,latest_valid_restated_sec_companyfacts,Latest valid filing available as of 2026-08-05; configured source-tag priority breaks valid same-filing ties.
ebay,EBAY,0001065088-25-000037,10-K,2025-02-27,,2023-12-31,2023,FY,,current_assets,us-gaap,AssetsCurrent,11016000000.0,11016.0,USD_millions,stock,1,https://www.sec.gov/Archives/edgar/data/1065088/000106508825000037/,2026-08-05T12:11:50+00:00,0001065088,USD,2024,CY2023Q4I,True,latest_valid_restated_sec_companyfacts,Latest valid filing available as of 2026-08-05; configured source-tag priority breaks valid same-filing ties.
ebay,EBAY,0001065088-25-000037,10-K,2025-02-27,,2023-12-31,2023,FY,,current_liabilities,us-gaap,LiabilitiesCurrent,4520000000.0,4520.0,USD_millions,stock,1,https://www.sec.gov/Archives/edgar/data/1065088/000106508825000037/,2026-08-05T12:11:50+00:00,0001065088,USD,2024,CY2023Q4I,True,latest_valid_restated_sec_companyfacts,Latest valid filing available as of 2026-08-05; configured source-tag priority breaks valid same-filing ties.
ebay,EBAY,0001065088-26-000027,10-K,2026-02-19,2023-01-01,2023-12-31,2023,FY,364.0,free_cash_flow,project,derived:OperatingCashFlow-CapitalExpenditure,,1970.0,USD,flow,0,https://www.sec.gov/Archives/edgar/data/1065088/000106508826000027/,2026-08-05T12:11:50+00:00,0001065088,USD,2025,CY2023,True,derived_from_latest_valid_components,Operating cash flow minus positive CapEx outflow.
ebay,EBAY,0001065088-26-000027,10-K,2026-02-19,2023-01-01,2023-12-31,2023,FY,364.0,net_income,us-gaap,NetIncomeLoss,2767000000.0,2767.0,USD_millions,flow,1,https://www.sec.gov/Archives/edgar/data/1065088/000106508826000027/,2026-08-05T12:11:50+00:00,0001065088,USD,2025,,True,latest_valid_restated_sec_companyfacts,Latest valid filing available as of 2026-08-05; configured source-tag priority breaks valid same-filing ties.
ebay,EBAY,0001065088-26-000027,10-K,2026-02-19,2023-01-01,2023-12-31,2023,FY,364.0,operating_cash_flow,us-gaap,NetCashProvidedByUsedInOperatingActivities,2426000000.0,2426.0,USD_millions,flow,1,https://www.sec.gov/Archives/edgar/data/1065088/000106508826000027/,2026-08-05T12:11:50+00:00,0001065088,USD,2025,CY2023,True,latest_valid_restated_sec_companyfacts,Latest valid filing available as of 2026-08-05; configured source-tag priority breaks valid same-filing ties.
ebay,EBAY,0001065088-26-000027,10-K,2026-02-19,2023-01-01,2023-12-31,2023,FY,364.0,operating_income,us-gaap,OperatingIncomeLoss,1941000000.0,1941.0,USD_millions,flow,1,https://www.sec.gov/Archives/edgar/data/1065088/000106508826000027/,2026-08-05T12:11:50+00:00,0001065088,USD,2025,CY2023,True,latest_valid_restated_sec_companyfacts,Latest valid filing available as of 2026-08-05; configured source-tag priority breaks valid same-filing ties.
ebay,EBAY,0001065088-26-000027,10-K,2026-02-19,2023-01-01,2023-12-31,2023,FY,364.0,revenue,us-gaap,RevenueFromContractWithCustomerExcludingAssessedTax,10112000000.0,10112.0,USD_millions,flow,1,https://www.sec.gov/Archives/edgar/data/1065088/000106508826000027/,2026-08-05T12:11:50+00:00,0001065088,USD,2025,CY2023,True,latest_valid_restated_sec_companyfacts,Latest valid filing available as of 2026-08-05; configured source-tag priority breaks valid same-filing ties.
ebay,EBAY,0001065088-25-000037,10-K,2025-02-27,,2023-12-31,2023,FY,,total_assets,us-gaap,Assets,21620000000.0,21620.0,USD_millions,stock,1,https://www.sec.gov/Archives/edgar/data/1065088/000106508825000037/,2026-08-05T12:11:50+00:00,0001065088,USD,2024,CY2023Q4I,True,latest_valid_restated_sec_companyfacts,Latest valid filing available as of 2026-08-05; configured source-tag priority breaks valid same-filing ties.
ebay,EBAY,0001065088-25-000037,10-K,2025-02-27,,2023-12-31,2023,FY,,total_debt,us-gaap,DebtAndCapitalLeaseObligations,7723000000.0,7723.0,USD_millions,stock,2,https://www.sec.gov/Archives/edgar/data/1065088/000106508825000037/,2026-08-05T12:11:50+00:00,0001065088,USD,2024,CY2023Q4I,True,latest_valid_restated_sec_companyfacts,Latest valid filing available as of 2026-08-05; configured source-tag priority breaks valid same-filing ties.
ebay,EBAY,0001065088-26-000027,10-K,2026-02-19,,2023-12-31,2023,FY,,total_equity,us-gaap,StockholdersEquity,6396000000.0,6396.0,USD_millions,stock,1,https://www.sec.gov/Archives/edgar/data/1065088/000106508826000027/,2026-08-05T12:11:50+00:00,0001065088,USD,2025,CY2023Q4I,True,latest_valid_restated_sec_companyfacts,Latest valid filing available as of 2026-08-05; configured source-tag priority breaks valid same-filing ties.
ebay,EBAY,0001065088-25-000037,10-K,2025-02-27,,2023-12-31,2023,FY,,total_liabilities,us-gaap,Liabilities,15224000000.0,15224.0,USD_millions,stock,1,https://www.sec.gov/Archives/edgar/data/1065088/000106508825000037/,2026-08-05T12:11:50+00:00,0001065088,USD,2024,CY2023Q4I,True,latest_valid_restated_sec_companyfacts,Latest valid filing available as of 2026-08-05; configured source-tag priority breaks valid same-filing ties.
ebay,EBAY,0001065088-26-000027,10-K,2026-02-19,2024-01-01,2024-12-31,2024,FY,365.0,capital_expenditure,us-gaap,PaymentsToAcquirePropertyPlantAndEquipment,458000000.0,458.0,USD_millions,flow,1,https://www.sec.gov/Archives/edgar/data/1065088/000106508826000027/,2026-08-05T12:11:50+00:00,0001065088,USD,2025,CY2024,True,latest_valid_restated_sec_companyfacts,Latest valid filing available as of 2026-08-05; configured source-tag priority breaks valid same-filing ties.
ebay,EBAY,0001065088-26-000027,10-K,2026-02-19,,2024-12-31,2024,FY,,cash_and_equivalents,us-gaap,CashAndCashEquivalentsAtCarryingValue,2433000000.0,2433.0,USD_millions,stock,1,https://www.sec.gov/Archives/edgar/data/1065088/000106508826000027/,2026-08-05T12:11:50+00:00,0001065088,USD,2025,CY2024Q4I,True,latest_valid_restated_sec_companyfacts,Latest valid filing available as of 2026-08-05; configured source-tag priority breaks valid same-filing ties.
ebay,EBAY,0001065088-26-000027,10-K,2026-02-19,,2024-12-31,2024,FY,,current_assets,us-gaap,AssetsCurrent,7567000000.0,7567.0,USD_millions,stock,1,https://www.sec.gov/Archives/edgar/data/1065088/000106508826000027/,2026-08-05T12:11:50+00:00,0001065088,USD,2025,CY2024Q4I,True,latest_valid_restated_sec_companyfacts,Latest valid filing available as of 2026-08-05; configured source-tag priority breaks valid same-filing ties.
ebay,EBAY,0001065088-26-000027,10-K,2026-02-19,,2024-12-31,2024,FY,,current_liabilities,us-gaap,LiabilitiesCurrent,6098000000.0,6098.0,USD_millions,stock,1,https://www.sec.gov/Archives/edgar/data/1065088/000106508826000027/,2026-08-05T12:11:50+00:00,0001065088,USD,2025,CY2024Q4I,True,latest_valid_restated_sec_companyfacts,Latest valid filing available as of 2026-08-05; configured source-tag priority breaks valid same-filing ties.
ebay,EBAY,0001065088-26-000027,10-K,2026-02-19,2024-01-01,2024-12-31,2024,FY,365.0,free_cash_flow,project,derived:OperatingCashFlow-CapitalExpenditure,,1956.0,USD,flow,0,https://www.sec.gov/Archives/edgar/data/1065088/000106508826000027/,2026-08-05T12:11:50+00:00,0001065088,USD,2025,CY2024,True,derived_from_latest_valid_components,Operating cash flow minus positive CapEx outflow.
ebay,EBAY,0001065088-26-000027,10-K,2026-02-19,2024-01-01,2024-12-31,2024,FY,365.0,net_income,us-gaap,NetIncomeLoss,1975000000.0,1975.0,USD_millions,flow,1,https://www.sec.gov/Archives/edgar/data/1065088/000106508826000027/,2026-08-05T12:11:50+00:00,0001065088,USD,2025,,True,latest_valid_restated_sec_companyfacts,Latest valid filing available as of 2026-08-05; configured source-tag priority breaks valid same-filing ties.
ebay,EBAY,0001065088-26-000027,10-K,2026-02-19,2024-01-01,2024-12-31,2024,FY,365.0,operating_cash_flow,us-gaap,NetCashProvidedByUsedInOperatingActivities,2414000000.0,2414.0,USD_millions,flow,1,https://www.sec.gov/Archives/edgar/data/1065088/000106508826000027/,2026-08-05T12:11:50+00:00,0001065088,USD,2025,CY2024,True,latest_valid_restated_sec_companyfacts,Latest valid filing available as of 2026-08-05; configured source-tag priority breaks valid same-filing ties.
ebay,EBAY,0001065088-26-000027,10-K,2026-02-19,2024-01-01,2024-12-31,2024,FY,365.0,operating_income,us-gaap,OperatingIncomeLoss,2318000000.0,2318.0,USD_millions,flow,1,https://www.sec.gov/Archives/edgar/data/1065088/000106508826000027/,2026-08-05T12:11:50+00:00,0001065088,USD,2025,CY2024,True,latest_valid_restated_sec_companyfacts,Latest valid filing available as of 2026-08-05; configured source-tag priority breaks valid same-filing ties.
ebay,EBAY,0001065088-26-000027,10-K,2026-02-19,2024-01-01,2024-12-31,2024,FY,365.0,revenue,us-gaap,RevenueFromContractWithCustomerExcludingAssessedTax,10283000000.0,10283.0,USD_millions,flow,1,https://www.sec.gov/Archives/edgar/data/1065088/000106508826000027/,2026-08-05T12:11:50+00:00,0001065088,USD,2025,CY2024,True,latest_valid_restated_sec_companyfacts,Latest valid filing available as of 2026-08-05; configured source-tag priority breaks valid same-filing ties.
ebay,EBAY,0001065088-26-000027,10-K,2026-02-19,,2024-12-31,2024,FY,,total_assets,us-gaap,Assets,19365000000.0,19365.0,USD_millions,stock,1,https://www.sec.gov/Archives/edgar/data/1065088/000106508826000027/,2026-08-05T12:11:50+00:00,0001065088,USD,2025,CY2024Q4I,True,latest_valid_restated_sec_companyfacts,Latest valid filing available as of 2026-08-05; configured source-tag priority breaks valid same-filing ties.
ebay,EBAY,0001065088-26-000027,10-K,2026-02-19,,2024-12-31,2024,FY,,total_debt,us-gaap,DebtAndCapitalLeaseObligations,7425000000.0,7425.0,USD_millions,stock,2,https://www.sec.gov/Archives/edgar/data/1065088/000106508826000027/,2026-08-05T12:11:50+00:00,0001065088,USD,2025,CY2024Q4I,True,latest_valid_restated_sec_companyfacts,Latest valid filing available as of 2026-08-05; configured source-tag priority breaks valid same-filing ties.
ebay,EBAY,0001065088-26-000027,10-K,2026-02-19,,2024-12-31,2024,FY,,total_equity,us-gaap,StockholdersEquity,5158000000.0,5158.0,USD_millions,stock,1,https://www.sec.gov/Archives/edgar/data/1065088/000106508826000027/,2026-08-05T12:11:50+00:00,0001065088,USD,2025,CY2024Q4I,True,latest_valid_restated_sec_companyfacts,Latest valid filing available as of 2026-08-05; configured source-tag priority breaks valid same-filing ties.
ebay,EBAY,0001065088-26-000027,10-K,2026-02-19,,2024-12-31,2024,FY,,total_liabilities,us-gaap,Liabilities,14207000000.0,14207.0,USD_millions,stock,1,https://www.sec.gov/Archives/edgar/data/1065088/000106508826000027/,2026-08-05T12:11:50+00:00,0001065088,USD,2025,CY2024Q4I,True,latest_valid_restated_sec_companyfacts,Latest valid filing available as of 2026-08-05; configured source-tag priority breaks valid same-filing ties.
etsy,ETSY,0001370637-20-000046,10-K,2020-02-27,2017-01-01,2017-12-31,2017,FY,364.0,capital_expenditure,us-gaap,override:PaymentsToAcquirePropertyPlantAndEquipment+PaymentsToDevelopSoftware,13156000.0,13.156,USD_millions,flow,0,https://www.sec.gov/Archives/edgar/data/1370637/000137063720000046/,2026-08-05T12:11:50+00:00,0001370637,USD,2019,CY2017,True,latest_valid_restated_sec_companyfacts,Latest valid filing available as of 2026-08-05; configured source-tag priority breaks valid same-filing ties.
etsy,ETSY,0001370637-21-000012,10-K,2021-02-26,,2017-12-31,2017,FY,,cash_and_equivalents,us-gaap,CashAndCashEquivalentsAtCarryingValue,315442000.0,315.442,USD_millions,stock,1,https://www.sec.gov/Archives/edgar/data/1370637/000137063721000012/,2026-08-05T12:11:50+00:00,0001370637,USD,2020,CY2017Q4I,True,latest_valid_restated_sec_companyfacts,Latest valid filing available as of 2026-08-05; configured source-tag priority breaks valid same-filing ties.
etsy,ETSY,0001370637-19-000028,10-K,2019-02-28,,2017-12-31,2017,FY,,current_assets,us-gaap,AssetsCurrent,439264000.0,439.264,USD_millions,stock,1,https://www.sec.gov/Archives/edgar/data/1370637/000137063719000028/,2026-08-05T12:11:50+00:00,0001370637,USD,2018,CY2017Q4I,True,latest_valid_restated_sec_companyfacts,Latest valid filing available as of 2026-08-05; configured source-tag priority breaks valid same-filing ties.
etsy,ETSY,0001370637-19-000028,10-K,2019-02-28,,2017-12-31,2017,FY,,current_liabilities,us-gaap,LiabilitiesCurrent,102477000.0,102.477,USD_millions,stock,1,https://www.sec.gov/Archives/edgar/data/1370637/000137063719000028/,2026-08-05T12:11:50+00:00,0001370637,USD,2018,CY2017Q4I,True,latest_valid_restated_sec_companyfacts,Latest valid filing available as of 2026-08-05; configured source-tag priority breaks valid same-filing ties.
etsy,ETSY,0001370637-20-000046,10-K,2020-02-27,2017-01-01,2017-12-31,2017,FY,364.0,free_cash_flow,project,derived:OperatingCashFlow-CapitalExpenditure,,55.945,USD,flow,0,https://www.sec.gov/Archives/edgar/data/1370637/000137063720000046/,2026-08-05T12:11:50+00:00,0001370637,USD,2019,CY2017,True,derived_from_latest_valid_components,Operating cash flow minus positive CapEx outflow.
etsy,ETSY,0001370637-20-000046,10-K,2020-02-27,2017-01-01,2017-12-31,2017,FY,364.0,net_income,us-gaap,NetIncomeLoss,81800000.0,81.8,USD_millions,flow,1,https://www.sec.gov/Archives/edgar/data/1370637/000137063720000046/,2026-08-05T12:11:50+00:00,0001370637,USD,2019,CY2017,True,latest_valid_restated_sec_companyfacts,Latest valid filing available as of 2026-08-05; configured source-tag priority breaks valid same-filing ties.
etsy,ETSY,0001370637-20-000046,10-K,2020-02-27,2017-01-01,2017-12-31,2017,FY,364.0,operating_cash_flow,us-gaap,NetCashProvidedByUsedInOperatingActivities,69101000.0,69.101,USD_millions,flow,1,https://www.sec.gov/Archives/edgar/data/1370637/000137063720000046/,2026-08-05T12:11:50+00:00,0001370637,USD,2019,CY2017,True,latest_valid_restated_sec_companyfacts,Latest valid filing available as of 2026-08-05; configured source-tag priority breaks valid same-filing ties.
etsy,ETSY,0001370637-20-000046,10-K,2020-02-27,2017-01-01,2017-12-31,2017,FY,364.0,operating_income,us-gaap,OperatingIncomeLoss,11896000.0,11.896,USD_millions,flow,1,https://www.sec.gov/Archives/edgar/data/1370637/000137063720000046/,2026-08-05T12:11:50+00:00,0001370637,USD,2019,CY2017,True,latest_valid_restated_sec_companyfacts,Latest valid filing available as of 2026-08-05; configured source-tag priority breaks valid same-filing ties.
etsy,ETSY,0001370637-20-000046,10-K,2020-02-27,2017-01-01,2017-12-31,2017,FY,364.0,revenue,us-gaap,RevenueFromContractWithCustomerExcludingAssessedTax,441231000.0,441.231,USD_millions,flow,1,https://www.sec.gov/Archives/edgar/data/1370637/000137063720000046/,2026-08-05T12:11:50+00:00,0001370637,USD,2019,CY2017,True,latest_valid_restated_sec_companyfacts,Latest valid filing available as of 2026-08-05; configured source-tag priority breaks valid same-filing ties.
etsy,ETSY,0001370637-19-000028,10-K,2019-02-28,,2017-12-31,2017,FY,,total_assets,us-gaap,Assets,605583000.0,605.583,USD_millions,stock,1,https://www.sec.gov/Archives/edgar/data/1370637/000137063719000028/,2026-08-05T12:11:50+00:00,0001370637,USD,2018,CY2017Q4I,True,latest_valid_restated_sec_companyfacts,Latest valid filing available as of 2026-08-05; configured source-tag priority breaks valid same-filing ties.
etsy,ETSY,0001370637-21-000012,10-K,2021-02-26,,2017-12-31,2017,FY,,total_equity,us-gaap,StockholdersEquity,396894000.0,396.894,USD_millions,stock,1,https://www.sec.gov/Archives/edgar/data/1370637/000137063721000012/,2026-08-05T12:11:50+00:00,0001370637,USD,2020,CY2017Q4I,True,latest_valid_restated_sec_companyfacts,Latest valid filing available as of 2026-08-05; configured source-tag priority breaks valid same-filing ties.
etsy,ETSY,0001370637-19-000028,10-K,2019-02-28,,2017-12-31,2017,FY,,total_liabilities,us-gaap,Liabilities,208689000.0,208.689,USD_millions,stock,1,https://www.sec.gov/Archives/edgar/data/1370637/000137063719000028/,2026-08-05T12:11:50+00:00,0001370637,USD,2018,CY2017Q4I,True,latest_valid_restated_sec_companyfacts,Latest valid filing available as of 2026-08-05; configured source-tag priority breaks valid same-filing ties.
etsy,ETSY,0001370637-21-000012,10-K,2021-02-26,2018-01-01,2018-12-31,2018,FY,364.0,capital_expenditure,us-gaap,override:PaymentsToAcquirePropertyPlantAndEquipment+PaymentsToDevelopSoftware,20556000.0,20.556,USD_millions,flow,0,https://www.sec.gov/Archives/edgar/data/1370637/000137063721000012/,2026-08-05T12:11:50+00:00,0001370637,USD,2020,CY2018,True,latest_valid_restated_sec_companyfacts,Latest valid filing available as of 2026-08-05; configured source-tag priority breaks valid same-filing ties.
etsy,ETSY,0001370637-22-000024,10-K,2022-02-25,,2018-12-31,2018,FY,,cash_and_equivalents,us-gaap,CashAndCashEquivalentsAtCarryingValue,366985000.0,366.985,USD_millions,stock,1,https://www.sec.gov/Archives/edgar/data/1370637/000137063722000024/,2026-08-05T12:11:50+00:00,0001370637,USD,2021,CY2018Q4I,True,latest_valid_restated_sec_companyfacts,Latest valid filing available as of 2026-08-05; configured source-tag priority breaks valid same-filing ties.
etsy,ETSY,0001370637-20-000046,10-K,2020-02-27,,2018-12-31,2018,FY,,current_assets,us-gaap,AssetsCurrent,680289000.0,680.289,USD_millions,stock,1,https://www.sec.gov/Archives/edgar/data/1370637/000137063720000046/,2026-08-05T12:11:50+00:00,0001370637,USD,2019,CY2018Q4I,True,latest_valid_restated_sec_companyfacts,Latest valid filing available as of 2026-08-05; configured source-tag priority breaks valid same-filing ties.
etsy,ETSY,0001370637-20-000046,10-K,2020-02-27,,2018-12-31,2018,FY,,current_liabilities,us-gaap,LiabilitiesCurrent,112062000.0,112.062,USD_millions,stock,1,https://www.sec.gov/Archives/edgar/data/1370637/000137063720000046/,2026-08-05T12:11:50+00:00,0001370637,USD,2019,CY2018Q4I,True,latest_valid_restated_sec_companyfacts,Latest valid filing available as of 2026-08-05; configured source-tag priority breaks valid same-filing ties.
etsy,ETSY,0001370637-21-000012,10-K,2021-02-26,2018-01-01,2018-12-31,2018,FY,364.0,free_cash_flow,project,derived:OperatingCashFlow-CapitalExpenditure,,178.369,USD,flow,0,https://www.sec.gov/Archives/edgar/data/1370637/000137063721000012/,2026-08-05T12:11:50+00:00,0001370637,USD,2020,CY2018,True,derived_from_latest_valid_components,Operating cash flow minus positive CapEx outflow.
etsy,ETSY,0001370637-21-000012,10-K,2021-02-26,2018-01-01,2018-12-31,2018,FY,364.0,net_income,us-gaap,NetIncomeLoss,77491000.0,77.491,USD_millions,flow,1,https://www.sec.gov/Archives/edgar/data/1370637/000137063721000012/,2026-08-05T12:11:50+00:00,0001370637,USD,2020,CY2018,True,latest_valid_restated_sec_companyfacts,Latest valid filing available as of 2026-08-05; configured source-tag priority breaks valid same-filing ties.
etsy,ETSY,0001370637-21-000012,10-K,2021-02-26,2018-01-01,2018-12-31,2018,FY,364.0,operating_cash_flow,us-gaap,NetCashProvidedByUsedInOperatingActivities,198925000.0,198.925,USD_millions,flow,1,https://www.sec.gov/Archives/edgar/data/1370637/000137063721000012/,2026-08-05T12:11:50+00:00,0001370637,USD,2020,CY2018,True,latest_valid_restated_sec_companyfacts,Latest valid filing available as of 2026-08-05; configured source-tag priority breaks valid same-filing ties.
etsy,ETSY,0001370637-21-000012,10-K,2021-02-26,2018-01-01,2018-12-31,2018,FY,364.0,operating_income,us-gaap,OperatingIncomeLoss,74786000.0,74.786,USD_millions,flow,1,https://www.sec.gov/Archives/edgar/data/1370637/000137063721000012/,2026-08-05T12:11:50+00:00,0001370637,USD,2020,CY2018,True,latest_valid_restated_sec_companyfacts,Latest valid filing available as of 2026-08-05; configured source-tag priority breaks valid same-filing ties.
etsy,ETSY,0001370637-21-000012,10-K,2021-02-26,2018-01-01,2018-12-31,2018,FY,364.0,revenue,us-gaap,RevenueFromContractWithCustomerExcludingAssessedTax,603693000.0,603.693,USD_millions,flow,1,https://www.sec.gov/Archives/edgar/data/1370637/000137063721000012/,2026-08-05T12:11:50+00:00,0001370637,USD,2020,CY2018,True,latest_valid_restated_sec_companyfacts,Latest valid filing available as of 2026-08-05; configured source-tag priority breaks valid same-filing ties.
etsy,ETSY,0001370637-20-000046,10-K,2020-02-27,,2018-12-31,2018,FY,,total_assets,us-gaap,Assets,901851000.0,901.851,USD_millions,stock,1,https://www.sec.gov/Archives/edgar/data/1370637/000137063720000046/,2026-08-05T12:11:50+00:00,0001370637,USD,2019,CY2018Q4I,True,latest_valid_restated_sec_companyfacts,Latest valid filing available as of 2026-08-05; configured source-tag priority breaks valid same-filing ties.
etsy,ETSY,0001370637-22-000024,10-K,2022-02-25,,2018-12-31,2018,FY,,total_equity,us-gaap,StockholdersEquity,400898000.0,400.898,USD_millions,stock,1,https://www.sec.gov/Archives/edgar/data/1370637/000137063722000024/,2026-08-05T12:11:50+00:00,0001370637,USD,2021,CY2018Q4I,True,latest_valid_restated_sec_companyfacts,Latest valid filing available as of 2026-08-05; configured source-tag priority breaks valid same-filing ties.
etsy,ETSY,0001370637-20-000046,10-K,2020-02-27,,2018-12-31,2018,FY,,total_liabilities,us-gaap,Liabilities,500953000.0,500.953,USD_millions,stock,1,https://www.sec.gov/Archives/edgar/data/1370637/000137063720000046/,2026-08-05T12:11:50+00:00,0001370637,USD,2019,CY2018Q4I,True,latest_valid_restated_sec_companyfacts,Latest valid filing available as of 2026-08-05; configured source-tag priority breaks valid same-filing ties.
etsy,ETSY,0001370637-22-000024,10-K,2022-02-25,2019-01-01,2019-12-31,2019,FY,364.0,capital_expenditure,us-gaap,override:PaymentsToAcquirePropertyPlantAndEquipment+PaymentsToDevelopSoftware,15278000.0,15.278,USD_millions,flow,0,https://www.sec.gov/Archives/edgar/data/1370637/000137063722000024/,2026-08-05T12:11:50+00:00,0001370637,USD,2021,CY2019,True,latest_valid_restated_sec_companyfacts,Latest valid filing available as of 2026-08-05; configured source-tag priority breaks valid same-filing ties.
etsy,ETSY,0001370637-23-000017,10-K,2023-02-23,,2019-12-31,2019,FY,,cash_and_equivalents,us-gaap,CashAndCashEquivalentsAtCarryingValue,443293000.0,443.293,USD_millions,stock,1,https://www.sec.gov/Archives/edgar/data/1370637/000137063723000017/,2026-08-05T12:11:50+00:00,0001370637,USD,2022,CY2019Q4I,True,latest_valid_restated_sec_companyfacts,Latest valid filing available as of 2026-08-05; configured source-tag priority breaks valid same-filing ties.
etsy,ETSY,0001370637-21-000012,10-K,2021-02-26,,2019-12-31,2019,FY,,current_assets,us-gaap,AssetsCurrent,921038000.0,921.038,USD_millions,stock,1,https://www.sec.gov/Archives/edgar/data/1370637/000137063721000012/,2026-08-05T12:11:50+00:00,0001370637,USD,2020,CY2019Q4I,True,latest_valid_restated_sec_companyfacts,Latest valid filing available as of 2026-08-05; configured source-tag priority breaks valid same-filing ties.
etsy,ETSY,0001370637-21-000012,10-K,2021-02-26,,2019-12-31,2019,FY,,current_liabilities,us-gaap,LiabilitiesCurrent,188528000.0,188.528,USD_millions,stock,1,https://www.sec.gov/Archives/edgar/data/1370637/000137063721000012/,2026-08-05T12:11:50+00:00,0001370637,USD,2020,CY2019Q4I,True,latest_valid_restated_sec_companyfacts,Latest valid filing available as of 2026-08-05; configured source-tag priority breaks valid same-filing ties.
etsy,ETSY,0001370637-22-000024,10-K,2022-02-25,2019-01-01,2019-12-31,2019,FY,364.0,free_cash_flow,project,derived:OperatingCashFlow-CapitalExpenditure,,191.642,USD,flow,0,https://www.sec.gov/Archives/edgar/data/1370637/000137063722000024/,2026-08-05T12:11:50+00:00,0001370637,USD,2021,CY2019,True,derived_from_latest_valid_components,Operating cash flow minus positive CapEx outflow.
etsy,ETSY,0001370637-22-000024,10-K,2022-02-25,2019-01-01,2019-12-31,2019,FY,364.0,net_income,us-gaap,NetIncomeLoss,95894000.0,95.894,USD_millions,flow,1,https://www.sec.gov/Archives/edgar/data/1370637/000137063722000024/,2026-08-05T12:11:50+00:00,0001370637,USD,2021,CY2019,True,latest_valid_restated_sec_companyfacts,Latest valid filing available as of 2026-08-05; configured source-tag priority breaks valid same-filing ties.
etsy,ETSY,0001370637-22-000024,10-K,2022-02-25,2019-01-01,2019-12-31,2019,FY,364.0,operating_cash_flow,us-gaap,NetCashProvidedByUsedInOperatingActivities,206920000.0,206.92,USD_millions,flow,1,https://www.sec.gov/Archives/edgar/data/1370637/000137063722000024/,2026-08-05T12:11:50+00:00,0001370637,USD,2021,CY2019,True,latest_valid_restated_sec_companyfacts,Latest valid filing available as of 2026-08-05; configured source-tag priority breaks valid same-filing ties.
etsy,ETSY,0001370637-22-000024,10-K,2022-02-25,2019-01-01,2019-12-31,2019,FY,364.0,operating_income,us-gaap,OperatingIncomeLoss,88761000.0,88.761,USD_millions,flow,1,https://www.sec.gov/Archives/edgar/data/1370637/000137063722000024/,2026-08-05T12:11:50+00:00,0001370637,USD,2021,CY2019,True,latest_valid_restated_sec_companyfacts,Latest valid filing available as of 2026-08-05; configured source-tag priority breaks valid same-filing ties.
etsy,ETSY,0001370637-22-000024,10-K,2022-02-25,2019-01-01,2019-12-31,2019,FY,364.0,revenue,us-gaap,RevenueFromContractWithCustomerExcludingAssessedTax,818379000.0,818.379,USD_millions,flow,1,https://www.sec.gov/Archives/edgar/data/1370637/000137063722000024/,2026-08-05T12:11:50+00:00,0001370637,USD,2021,CY2019,True,latest_valid_restated_sec_companyfacts,Latest valid filing available as of 2026-08-05; configured source-tag priority breaks valid same-filing ties.
etsy,ETSY,0001370637-21-000012,10-K,2021-02-26,,2019-12-31,2019,FY,,total_assets,us-gaap,Assets,1542352000.0,1542.352,USD_millions,stock,1,https://www.sec.gov/Archives/edgar/data/1370637/000137063721000012/,2026-08-05T12:11:50+00:00,0001370637,USD,2020,CY2019Q4I,True,latest_valid_restated_sec_companyfacts,Latest valid filing available as of 2026-08-05; configured source-tag priority breaks valid same-filing ties.
etsy,ETSY,0001370637-23-000017,10-K,2023-02-23,,2019-12-31,2019,FY,,total_equity,us-gaap,StockholdersEquity,406634000.0,406.634,USD_millions,stock,1,https://www.sec.gov/Archives/edgar/data/1370637/000137063723000017/,2026-08-05T12:11:50+00:00,0001370637,USD,2022,CY2019Q4I,True,latest_valid_restated_sec_companyfacts,Latest valid filing available as of 2026-08-05; configured source-tag priority breaks valid same-filing ties.
etsy,ETSY,0001370637-21-000012,10-K,2021-02-26,,2019-12-31,2019,FY,,total_liabilities,us-gaap,Liabilities,1135718000.0,1135.718,USD_millions,stock,1,https://www.sec.gov/Archives/edgar/data/1370637/000137063721000012/,2026-08-05T12:11:50+00:00,0001370637,USD,2020,CY2019Q4I,True,latest_valid_restated_sec_companyfacts,Latest valid filing available as of 2026-08-05; configured source-tag priority breaks valid same-filing ties.
etsy,ETSY,0001370637-23-000017,10-K,2023-02-23,2020-01-01,2020-12-31,2020,FY,365.0,capital_expenditure,us-gaap,override:PaymentsToAcquirePropertyPlantAndEquipment+PaymentsToDevelopSoftware,7110000.0,7.11,USD_millions,flow,0,https://www.sec.gov/Archives/edgar/data/1370637/000137063723000017/,2026-08-05T12:11:50+00:00,0001370637,USD,2022,CY2020,True,latest_valid_restated_sec_companyfacts,Latest valid filing available as of 2026-08-05; configured source-tag priority breaks valid same-filing ties.
etsy,ETSY,0001370637-24-000013,10-K,2024-02-22,,2020-12-31,2020,FY,,cash_and_equivalents,us-gaap,CashAndCashEquivalentsAtCarryingValue,1244099000.0,1244.099,USD_millions,stock,1,https://www.sec.gov/Archives/edgar/data/1370637/000137063724000013/,2026-08-05T12:11:50+00:00,0001370637,USD,2023,CY2020Q4I,True,latest_valid_restated_sec_companyfacts,Latest valid filing available as of 2026-08-05; configured source-tag priority breaks valid same-filing ties.
etsy,ETSY,0001370637-22-000024,10-K,2022-02-25,,2020-12-31,2020,FY,,current_assets,us-gaap,AssetsCurrent,1894781000.0,1894.781,USD_millions,stock,1,https://www.sec.gov/Archives/edgar/data/1370637/000137063722000024/,2026-08-05T12:11:50+00:00,0001370637,USD,2021,CY2020Q4I,True,latest_valid_restated_sec_companyfacts,Latest valid filing available as of 2026-08-05; configured source-tag priority breaks valid same-filing ties.
etsy,ETSY,0001370637-22-000024,10-K,2022-02-25,,2020-12-31,2020,FY,,current_liabilities,us-gaap,LiabilitiesCurrent,454664000.0,454.664,USD_millions,stock,1,https://www.sec.gov/Archives/edgar/data/1370637/000137063722000024/,2026-08-05T12:11:50+00:00,0001370637,USD,2021,CY2020Q4I,True,latest_valid_restated_sec_companyfacts,Latest valid filing available as of 2026-08-05; configured source-tag priority breaks valid same-filing ties.
etsy,ETSY,0001370637-23-000017,10-K,2023-02-23,2020-01-01,2020-12-31,2020,FY,365.0,free_cash_flow,project,derived:OperatingCashFlow-CapitalExpenditure,,671.846,USD,flow,0,https://www.sec.gov/Archives/edgar/data/1370637/000137063723000017/,2026-08-05T12:11:50+00:00,0001370637,USD,2022,CY2020,True,derived_from_latest_valid_components,Operating cash flow minus positive CapEx outflow.
etsy,ETSY,0001370637-23-000017,10-K,2023-02-23,2020-01-01,2020-12-31,2020,FY,365.0,net_income,us-gaap,NetIncomeLoss,349246000.0,349.246,USD_millions,flow,1,https://www.sec.gov/Archives/edgar/data/1370637/000137063723000017/,2026-08-05T12:11:50+00:00,0001370637,USD,2022,CY2020,True,latest_valid_restated_sec_companyfacts,Latest valid filing available as of 2026-08-05; configured source-tag priority breaks valid same-filing ties.
etsy,ETSY,0001370637-23-000017,10-K,2023-02-23,2020-01-01,2020-12-31,2020,FY,365.0,operating_cash_flow,us-gaap,NetCashProvidedByUsedInOperatingActivities,678956000.0,678.956,USD_millions,flow,1,https://www.sec.gov/Archives/edgar/data/1370637/000137063723000017/,2026-08-05T12:11:50+00:00,0001370637,USD,2022,CY2020,True,latest_valid_restated_sec_companyfacts,Latest valid filing available as of 2026-08-05; configured source-tag priority breaks valid same-filing ties.
etsy,ETSY,0001370637-23-000017,10-K,2023-02-23,2020-01-01,2020-12-31,2020,FY,365.0,operating_income,us-gaap,OperatingIncomeLoss,424009000.0,424.009,USD_millions,flow,1,https://www.sec.gov/Archives/edgar/data/1370637/000137063723000017/,2026-08-05T12:11:50+00:00,0001370637,USD,2022,CY2020,True,latest_valid_restated_sec_companyfacts,Latest valid filing available as of 2026-08-05; configured source-tag priority breaks valid same-filing ties.
etsy,ETSY,0001370637-23-000017,10-K,2023-02-23,2020-01-01,2020-12-31,2020,FY,365.0,revenue,us-gaap,RevenueFromContractWithCustomerExcludingAssessedTax,1725625000.0,1725.625,USD_millions,flow,1,https://www.sec.gov/Archives/edgar/data/1370637/000137063723000017/,2026-08-05T12:11:50+00:00,0001370637,USD,2022,CY2020,True,latest_valid_restated_sec_companyfacts,Latest valid filing available as of 2026-08-05; configured source-tag priority breaks valid same-filing ties.
etsy,ETSY,0001370637-22-000024,10-K,2022-02-25,,2020-12-31,2020,FY,,total_assets,us-gaap,Assets,2404489000.0,2404.489,USD_millions,stock,1,https://www.sec.gov/Archives/edgar/data/1370637/000137063722000024/,2026-08-05T12:11:50+00:00,0001370637,USD,2021,CY2020Q4I,True,latest_valid_restated_sec_companyfacts,Latest valid filing available as of 2026-08-05; configured source-tag priority breaks valid same-filing ties.
etsy,ETSY,0001370637-24-000013,10-K,2024-02-22,,2020-12-31,2020,FY,,total_equity,us-gaap,StockholdersEquity,742424000.0,742.424,USD_millions,stock,1,https://www.sec.gov/Archives/edgar/data/1370637/000137063724000013/,2026-08-05T12:11:50+00:00,0001370637,USD,2023,CY2020Q4I,True,latest_valid_restated_sec_companyfacts,Latest valid filing available as of 2026-08-05; configured source-tag priority breaks valid same-filing ties.
etsy,ETSY,0001370637-22-000024,10-K,2022-02-25,,2020-12-31,2020,FY,,total_liabilities,us-gaap,Liabilities,1662065000.0,1662.065,USD_millions,stock,1,https://www.sec.gov/Archives/edgar/data/1370637/000137063722000024/,2026-08-05T12:11:50+00:00,0001370637,USD,2021,CY2020Q4I,True,latest_valid_restated_sec_companyfacts,Latest valid filing available as of 2026-08-05; configured source-tag priority breaks valid same-filing ties.
etsy,ETSY,0001370637-24-000013,10-K,2024-02-22,2021-01-01,2021-12-31,2021,FY,364.0,capital_expenditure,us-gaap,override:PaymentsToAcquirePropertyPlantAndEquipment+PaymentsToDevelopSoftware,28170000.0,28.17,USD_millions,flow,0,https://www.sec.gov/Archives/edgar/data/1370637/000137063724000013/,2026-08-05T12:11:50+00:00,0001370637,USD,2023,CY2021,True,latest_valid_restated_sec_companyfacts,Latest valid filing available as of 2026-08-05; configured source-tag priority breaks valid same-filing ties.
etsy,ETSY,0001370637-24-000013,10-K,2024-02-22,,2021-12-31,2021,FY,,cash_and_equivalents,us-gaap,CashAndCashEquivalentsAtCarryingValue,780196000.0,780.196,USD_millions,stock,1,https://www.sec.gov/Archives/edgar/data/1370637/000137063724000013/,2026-08-05T12:11:50+00:00,0001370637,USD,2023,CY2021Q4I,True,latest_valid_restated_sec_companyfacts,Latest valid filing available as of 2026-08-05; configured source-tag priority breaks valid same-filing ties.
etsy,ETSY,0001370637-23-000017,10-K,2023-02-23,,2021-12-31,2021,FY,,current_assets,us-gaap,AssetsCurrent,1341501000.0,1341.501,USD_millions,stock,1,https://www.sec.gov/Archives/edgar/data/1370637/000137063723000017/,2026-08-05T12:11:50+00:00,0001370637,USD,2022,CY2021Q4I,True,latest_valid_restated_sec_companyfacts,Latest valid filing available as of 2026-08-05; configured source-tag priority breaks valid same-filing ties.
etsy,ETSY,0001370637-23-000017,10-K,2023-02-23,,2021-12-31,2021,FY,,current_liabilities,us-gaap,LiabilitiesCurrent,615588000.0,615.588,USD_millions,stock,1,https://www.sec.gov/Archives/edgar/data/1370637/000137063723000017/,2026-08-05T12:11:50+00:00,0001370637,USD,2022,CY2021Q4I,True,latest_valid_restated_sec_companyfacts,Latest valid filing available as of 2026-08-05; configured source-tag priority breaks valid same-filing ties.
etsy,ETSY,0001370637-24-000013,10-K,2024-02-22,2021-01-01,2021-12-31,2021,FY,364.0,free_cash_flow,project,derived:OperatingCashFlow-CapitalExpenditure,,623.3810000000001,USD,flow,0,https://www.sec.gov/Archives/edgar/data/1370637/000137063724000013/,2026-08-05T12:11:50+00:00,0001370637,USD,2023,CY2021,True,derived_from_latest_valid_components,Operating cash flow minus positive CapEx outflow.
etsy,ETSY,0001370637-24-000013,10-K,2024-02-22,2021-01-01,2021-12-31,2021,FY,364.0,net_income,us-gaap,NetIncomeLoss,493507000.0,493.507,USD_millions,flow,1,https://www.sec.gov/Archives/edgar/data/1370637/000137063724000013/,2026-08-05T12:11:50+00:00,0001370637,USD,2023,,True,latest_valid_restated_sec_companyfacts,Latest valid filing available as of 2026-08-05; configured source-tag priority breaks valid same-filing ties.
etsy,ETSY,0001370637-24-000013,10-K,2024-02-22,2021-01-01,2021-12-31,2021,FY,364.0,operating_cash_flow,us-gaap,NetCashProvidedByUsedInOperatingActivities,651551000.0,651.551,USD_millions,flow,1,https://www.sec.gov/Archives/edgar/data/1370637/000137063724000013/,2026-08-05T12:11:50+00:00,0001370637,USD,2023,CY2021,True,latest_valid_restated_sec_companyfacts,Latest valid filing available as of 2026-08-05; configured source-tag priority breaks valid same-filing ties.
etsy,ETSY,0001370637-24-000013,10-K,2024-02-22,2021-01-01,2021-12-31,2021,FY,364.0,operating_income,us-gaap,OperatingIncomeLoss,465732000.0,465.732,USD_millions,flow,1,https://www.sec.gov/Archives/edgar/data/1370637/000137063724000013/,2026-08-05T12:11:50+00:00,0001370637,USD,2023,CY2021,True,latest_valid_restated_sec_companyfacts,Latest valid filing available as of 2026-08-05; configured source-tag priority breaks valid same-filing ties.
etsy,ETSY,0001370637-24-000013,10-K,2024-02-22,2021-01-01,2021-12-31,2021,FY,364.0,revenue,us-gaap,RevenueFromContractWithCustomerExcludingAssessedTax,2329114000.0,2329.114,USD_millions,flow,1,https://www.sec.gov/Archives/edgar/data/1370637/000137063724000013/,2026-08-05T12:11:50+00:00,0001370637,USD,2023,CY2021,True,latest_valid_restated_sec_companyfacts,Latest valid filing available as of 2026-08-05; configured source-tag priority breaks valid same-filing ties.
etsy,ETSY,0001370637-23-000017,10-K,2023-02-23,,2021-12-31,2021,FY,,total_assets,us-gaap,Assets,3831809000.0,3831.809,USD_millions,stock,1,https://www.sec.gov/Archives/edgar/data/1370637/000137063723000017/,2026-08-05T12:11:50+00:00,0001370637,USD,2022,CY2021Q4I,True,latest_valid_restated_sec_companyfacts,Latest valid filing available as of 2026-08-05; configured source-tag priority breaks valid same-filing ties.
etsy,ETSY,0001370637-25-000017,10-K,2025-02-19,,2021-12-31,2021,FY,,total_equity,us-gaap,StockholdersEquity,628619000.0,628.619,USD_millions,stock,1,https://www.sec.gov/Archives/edgar/data/1370637/000137063725000017/,2026-08-05T12:11:50+00:00,0001370637,USD,2024,CY2021Q4I,True,latest_valid_restated_sec_companyfacts,Latest valid filing available as of 2026-08-05; configured source-tag priority breaks valid same-filing ties.
etsy,ETSY,0001370637-23-000017,10-K,2023-02-23,,2021-12-31,2021,FY,,total_liabilities,us-gaap,Liabilities,3203190000.0,3203.19,USD_millions,stock,1,https://www.sec.gov/Archives/edgar/data/1370637/000137063723000017/,2026-08-05T12:11:50+00:00,0001370637,USD,2022,CY2021Q4I,True,latest_valid_restated_sec_companyfacts,Latest valid filing available as of 2026-08-05; configured source-tag priority breaks valid same-filing ties.
etsy,ETSY,0001370637-25-000017,10-K,2025-02-19,2022-01-01,2022-12-31,2022,FY,364.0,capital_expenditure,us-gaap,override:PaymentsToAcquirePropertyPlantAndEquipment+PaymentsToDevelopSoftware,30743000.0,30.743,USD_millions,flow,0,https://www.sec.gov/Archives/edgar/data/1370637/000137063725000017/,2026-08-05T12:11:50+00:00,0001370637,USD,2024,CY2022,True,latest_valid_restated_sec_companyfacts,Latest valid filing available as of 2026-08-05; configured source-tag priority breaks valid same-filing ties.
etsy,ETSY,0001370637-24-000013,10-K,2024-02-22,,2022-12-31,2022,FY,,cash_and_equivalents,us-gaap,CashAndCashEquivalentsAtCarryingValue,921278000.0,921.278,USD_millions,stock,1,https://www.sec.gov/Archives/edgar/data/1370637/000137063724000013/,2026-08-05T12:11:50+00:00,0001370637,USD,2023,,True,latest_valid_restated_sec_companyfacts,Latest valid filing available as of 2026-08-05; configured source-tag priority breaks valid same-filing ties.
etsy,ETSY,0001370637-24-000013,10-K,2024-02-22,,2022-12-31,2022,FY,,current_assets,us-gaap,AssetsCurrent,1513743000.0,1513.743,USD_millions,stock,1,https://www.sec.gov/Archives/edgar/data/1370637/000137063724000013/,2026-08-05T12:11:50+00:00,0001370637,USD,2023,CY2022Q4I,True,latest_valid_restated_sec_companyfacts,Latest valid filing available as of 2026-08-05; configured source-tag priority breaks valid same-filing ties.
etsy,ETSY,0001370637-24-000013,10-K,2024-02-22,,2022-12-31,2022,FY,,current_liabilities,us-gaap,LiabilitiesCurrent,631755000.0,631.755,USD_millions,stock,1,https://www.sec.gov/Archives/edgar/data/1370637/000137063724000013/,2026-08-05T12:11:50+00:00,0001370637,USD,2023,CY2022Q4I,True,latest_valid_restated_sec_companyfacts,Latest valid filing available as of 2026-08-05; configured source-tag priority breaks valid same-filing ties.
etsy,ETSY,0001370637-25-000017,10-K,2025-02-19,2022-01-01,2022-12-31,2022,FY,364.0,free_cash_flow,project,derived:OperatingCashFlow-CapitalExpenditure,,652.8689999999999,USD,flow,0,https://www.sec.gov/Archives/edgar/data/1370637/000137063725000017/,2026-08-05T12:11:50+00:00,0001370637,USD,2024,CY2022,True,derived_from_latest_valid_components,Operating cash flow minus positive CapEx outflow.
etsy,ETSY,0001370637-25-000017,10-K,2025-02-19,2022-01-01,2022-12-31,2022,FY,364.0,net_income,us-gaap,NetIncomeLoss,-694288000.0,-694.288,USD_millions,flow,1,https://www.sec.gov/Archives/edgar/data/1370637/000137063725000017/,2026-08-05T12:11:50+00:00,0001370637,USD,2024,,True,latest_valid_restated_sec_companyfacts,Latest valid filing available as of 2026-08-05; configured source-tag priority breaks valid same-filing ties.
etsy,ETSY,0001370637-25-000017,10-K,2025-02-19,2022-01-01,2022-12-31,2022,FY,364.0,operating_cash_flow,us-gaap,NetCashProvidedByUsedInOperatingActivities,683612000.0,683.612,USD_millions,flow,1,https://www.sec.gov/Archives/edgar/data/1370637/000137063725000017/,2026-08-05T12:11:50+00:00,0001370637,USD,2024,CY2022,True,latest_valid_restated_sec_companyfacts,Latest valid filing available as of 2026-08-05; configured source-tag priority breaks valid same-filing ties.
etsy,ETSY,0001370637-25-000017,10-K,2025-02-19,2022-01-01,2022-12-31,2022,FY,364.0,operating_income,us-gaap,OperatingIncomeLoss,-658560000.0,-658.56,USD_millions,flow,1,https://www.sec.gov/Archives/edgar/data/1370637/000137063725000017/,2026-08-05T12:11:50+00:00,0001370637,USD,2024,CY2022,True,latest_valid_restated_sec_companyfacts,Latest valid filing available as of 2026-08-05; configured source-tag priority breaks valid same-filing ties.
etsy,ETSY,0001370637-25-000017,10-K,2025-02-19,2022-01-01,2022-12-31,2022,FY,364.0,revenue,us-gaap,RevenueFromContractWithCustomerExcludingAssessedTax,2566111000.0,2566.111,USD_millions,flow,1,https://www.sec.gov/Archives/edgar/data/1370637/000137063725000017/,2026-08-05T12:11:50+00:00,0001370637,USD,2024,CY2022,True,latest_valid_restated_sec_companyfacts,Latest valid filing available as of 2026-08-05; configured source-tag priority breaks valid same-filing ties.
etsy,ETSY,0001370637-24-000013,10-K,2024-02-22,,2022-12-31,2022,FY,,total_assets,us-gaap,Assets,2634961000.0,2634.961,USD_millions,stock,1,https://www.sec.gov/Archives/edgar/data/1370637/000137063724000013/,2026-08-05T12:11:50+00:00,0001370637,USD,2023,CY2022Q4I,True,latest_valid_restated_sec_companyfacts,Latest valid filing available as of 2026-08-05; configured source-tag priority breaks valid same-filing ties.
etsy,ETSY,0001370637-26-000019,10-K,2026-02-19,,2022-12-31,2022,FY,,total_equity,us-gaap,StockholdersEquity,-547274000.0,-547.274,USD_millions,stock,1,https://www.sec.gov/Archives/edgar/data/1370637/000137063726000019/,2026-08-05T12:11:50+00:00,0001370637,USD,2025,CY2022Q4I,True,latest_valid_restated_sec_companyfacts,Latest valid filing available as of 2026-08-05; configured source-tag priority breaks valid same-filing ties.
etsy,ETSY,0001370637-24-000013,10-K,2024-02-22,,2022-12-31,2022,FY,,total_liabilities,us-gaap,Liabilities,3182235000.0,3182.235,USD_millions,stock,1,https://www.sec.gov/Archives/edgar/data/1370637/000137063724000013/,2026-08-05T12:11:50+00:00,0001370637,USD,2023,CY2022Q4I,True,latest_valid_restated_sec_companyfacts,Latest valid filing available as of 2026-08-05; configured source-tag priority breaks valid same-filing ties.
etsy,ETSY,0001370637-26-000019,10-K,2026-02-19,2023-01-01,2023-12-31,2023,FY,364.0,capital_expenditure,us-gaap,override:PaymentsToAcquirePropertyPlantAndEquipment+PaymentsToDevelopSoftware,39908000.0,39.908,USD_millions,flow,0,https://www.sec.gov/Archives/edgar/data/1370637/000137063726000019/,2026-08-05T12:11:50+00:00,0001370637,USD,2025,CY2023,True,latest_valid_restated_sec_companyfacts,Latest valid filing available as of 2026-08-05; configured source-tag priority breaks valid same-filing ties.
etsy,ETSY,0001370637-26-000019,10-K,2026-02-19,,2023-12-31,2023,FY,,cash_and_equivalents,us-gaap,CashAndCashEquivalentsAtCarryingValue,914323000.0,914.323,USD_millions,stock,1,https://www.sec.gov/Archives/edgar/data/1370637/000137063726000019/,2026-08-05T12:11:50+00:00,0001370637,USD,2025,CY2023Q4I,True,latest_valid_restated_sec_companyfacts,Latest valid filing available as of 2026-08-05; configured source-tag priority breaks valid same-filing ties.
etsy,ETSY,0001370637-25-000017,10-K,2025-02-19,,2023-12-31,2023,FY,,current_assets,us-gaap,AssetsCurrent,1570446000.0,1570.446,USD_millions,stock,1,https://www.sec.gov/Archives/edgar/data/1370637/000137063725000017/,2026-08-05T12:11:50+00:00,0001370637,USD,2024,CY2023Q4I,True,latest_valid_restated_sec_companyfacts,Latest valid filing available as of 2026-08-05; configured source-tag priority breaks valid same-filing ties.
etsy,ETSY,0001370637-25-000017,10-K,2025-02-19,,2023-12-31,2023,FY,,current_liabilities,us-gaap,LiabilitiesCurrent,710781000.0,710.781,USD_millions,stock,1,https://www.sec.gov/Archives/edgar/data/1370637/000137063725000017/,2026-08-05T12:11:50+00:00,0001370637,USD,2024,CY2023Q4I,True,latest_valid_restated_sec_companyfacts,Latest valid filing available as of 2026-08-05; configured source-tag priority breaks valid same-filing ties.
etsy,ETSY,0001370637-26-000019,10-K,2026-02-19,2023-01-01,2023-12-31,2023,FY,364.0,free_cash_flow,project,derived:OperatingCashFlow-CapitalExpenditure,,665.605,USD,flow,0,https://www.sec.gov/Archives/edgar/data/1370637/000137063726000019/,2026-08-05T12:11:50+00:00,0001370637,USD,2025,CY2023,True,derived_from_latest_valid_components,Operating cash flow minus positive CapEx outflow.
etsy,ETSY,0001370637-26-000019,10-K,2026-02-19,2023-01-01,2023-12-31,2023,FY,364.0,net_income,us-gaap,NetIncomeLoss,307568000.0,307.568,USD_millions,flow,1,https://www.sec.gov/Archives/edgar/data/1370637/000137063726000019/,2026-08-05T12:11:50+00:00,0001370637,USD,2025,,True,latest_valid_restated_sec_companyfacts,Latest valid filing available as of 2026-08-05; configured source-tag priority breaks valid same-filing ties.
etsy,ETSY,0001370637-26-000019,10-K,2026-02-19,2023-01-01,2023-12-31,2023,FY,364.0,operating_cash_flow,us-gaap,NetCashProvidedByUsedInOperatingActivities,705513000.0,705.513,USD_millions,flow,1,https://www.sec.gov/Archives/edgar/data/1370637/000137063726000019/,2026-08-05T12:11:50+00:00,0001370637,USD,2025,CY2023,True,latest_valid_restated_sec_companyfacts,Latest valid filing available as of 2026-08-05; configured source-tag priority breaks valid same-filing ties.
etsy,ETSY,0001370637-26-000019,10-K,2026-02-19,2023-01-01,2023-12-31,2023,FY,364.0,operating_income,us-gaap,OperatingIncomeLoss,279841000.0,279.841,USD_millions,flow,1,https://www.sec.gov/Archives/edgar/data/1370637/000137063726000019/,2026-08-05T12:11:50+00:00,0001370637,USD,2025,CY2023,True,latest_valid_restated_sec_companyfacts,Latest valid filing available as of 2026-08-05; configured source-tag priority breaks valid same-filing ties.
etsy,ETSY,0001370637-26-000019,10-K,2026-02-19,2023-01-01,2023-12-31,2023,FY,364.0,revenue,us-gaap,RevenueFromContractWithCustomerExcludingAssessedTax,2748377000.0,2748.377,USD_millions,flow,1,https://www.sec.gov/Archives/edgar/data/1370637/000137063726000019/,2026-08-05T12:11:50+00:00,0001370637,USD,2025,CY2023,True,latest_valid_restated_sec_companyfacts,Latest valid filing available as of 2026-08-05; configured source-tag priority breaks valid same-filing ties.
etsy,ETSY,0001370637-25-000017,10-K,2025-02-19,,2023-12-31,2023,FY,,total_assets,us-gaap,Assets,2685400000.0,2685.4,USD_millions,stock,1,https://www.sec.gov/Archives/edgar/data/1370637/000137063725000017/,2026-08-05T12:11:50+00:00,0001370637,USD,2024,CY2023Q4I,True,latest_valid_restated_sec_companyfacts,Latest valid filing available as of 2026-08-05; configured source-tag priority breaks valid same-filing ties.
etsy,ETSY,0001370637-26-000019,10-K,2026-02-19,,2023-12-31,2023,FY,,total_equity,us-gaap,StockholdersEquity,-543715000.0,-543.715,USD_millions,stock,1,https://www.sec.gov/Archives/edgar/data/1370637/000137063726000019/,2026-08-05T12:11:50+00:00,0001370637,USD,2025,CY2023Q4I,True,latest_valid_restated_sec_companyfacts,Latest valid filing available as of 2026-08-05; configured source-tag priority breaks valid same-filing ties.
etsy,ETSY,0001370637-25-000017,10-K,2025-02-19,,2023-12-31,2023,FY,,total_liabilities,us-gaap,Liabilities,3229115000.0,3229.115,USD_millions,stock,1,https://www.sec.gov/Archives/edgar/data/1370637/000137063725000017/,2026-08-05T12:11:50+00:00,0001370637,USD,2024,CY2023Q4I,True,latest_valid_restated_sec_companyfacts,Latest valid filing available as of 2026-08-05; configured source-tag priority breaks valid same-filing ties.
etsy,ETSY,0001370637-26-000019,10-K,2026-02-19,2024-01-01,2024-12-31,2024,FY,365.0,capital_expenditure,us-gaap,override:PaymentsToAcquirePropertyPlantAndEquipment+PaymentsToDevelopSoftware,43498000.0,43.498,USD_millions,flow,0,https://www.sec.gov/Archives/edgar/data/1370637/000137063726000019/,2026-08-05T12:11:50+00:00,0001370637,USD,2025,CY2024,True,latest_valid_restated_sec_companyfacts,Latest valid filing available as of 2026-08-05; configured source-tag priority breaks valid same-filing ties.
etsy,ETSY,0001370637-26-000019,10-K,2026-02-19,,2024-12-31,2024,FY,,cash_and_equivalents,us-gaap,CashAndCashEquivalentsAtCarryingValue,811178000.0,811.178,USD_millions,stock,1,https://www.sec.gov/Archives/edgar/data/1370637/000137063726000019/,2026-08-05T12:11:50+00:00,0001370637,USD,2025,CY2024Q4I,True,latest_valid_restated_sec_companyfacts,Latest valid filing available as of 2026-08-05; configured source-tag priority breaks valid same-filing ties.
etsy,ETSY,0001370637-26-000019,10-K,2026-02-19,,2024-12-31,2024,FY,,current_assets,us-gaap,AssetsCurrent,1327691000.0,1327.691,USD_millions,stock,1,https://www.sec.gov/Archives/edgar/data/1370637/000137063726000019/,2026-08-05T12:11:50+00:00,0001370637,USD,2025,CY2024Q4I,True,latest_valid_restated_sec_companyfacts,Latest valid filing available as of 2026-08-05; configured source-tag priority breaks valid same-filing ties.
etsy,ETSY,0001370637-26-000019,10-K,2026-02-19,,2024-12-31,2024,FY,,current_liabilities,us-gaap,LiabilitiesCurrent,665113000.0,665.113,USD_millions,stock,1,https://www.sec.gov/Archives/edgar/data/1370637/000137063726000019/,2026-08-05T12:11:50+00:00,0001370637,USD,2025,CY2024Q4I,True,latest_valid_restated_sec_companyfacts,Latest valid filing available as of 2026-08-05; configured source-tag priority breaks valid same-filing ties.
etsy,ETSY,0001370637-26-000019,10-K,2026-02-19,2024-01-01,2024-12-31,2024,FY,365.0,free_cash_flow,project,derived:OperatingCashFlow-CapitalExpenditure,,708.971,USD,flow,0,https://www.sec.gov/Archives/edgar/data/1370637/000137063726000019/,2026-08-05T12:11:50+00:00,0001370637,USD,2025,CY2024,True,derived_from_latest_valid_components,Operating cash flow minus positive CapEx outflow.
etsy,ETSY,0001370637-26-000019,10-K,2026-02-19,2024-01-01,2024-12-31,2024,FY,365.0,net_income,us-gaap,NetIncomeLoss,303281000.0,303.281,USD_millions,flow,1,https://www.sec.gov/Archives/edgar/data/1370637/000137063726000019/,2026-08-05T12:11:50+00:00,0001370637,USD,2025,,True,latest_valid_restated_sec_companyfacts,Latest valid filing available as of 2026-08-05; configured source-tag priority breaks valid same-filing ties.
etsy,ETSY,0001370637-26-000019,10-K,2026-02-19,2024-01-01,2024-12-31,2024,FY,365.0,operating_cash_flow,us-gaap,NetCashProvidedByUsedInOperatingActivities,752469000.0,752.469,USD_millions,flow,1,https://www.sec.gov/Archives/edgar/data/1370637/000137063726000019/,2026-08-05T12:11:50+00:00,0001370637,USD,2025,CY2024,True,latest_valid_restated_sec_companyfacts,Latest valid filing available as of 2026-08-05; configured source-tag priority breaks valid same-filing ties.
etsy,ETSY,0001370637-26-000019,10-K,2026-02-19,2024-01-01,2024-12-31,2024,FY,365.0,operating_income,us-gaap,OperatingIncomeLoss,380208000.0,380.208,USD_millions,flow,1,https://www.sec.gov/Archives/edgar/data/1370637/000137063726000019/,2026-08-05T12:11:50+00:00,0001370637,USD,2025,CY2024,True,latest_valid_restated_sec_companyfacts,Latest valid filing available as of 2026-08-05; configured source-tag priority breaks valid same-filing ties.
etsy,ETSY,0001370637-26-000019,10-K,2026-02-19,2024-01-01,2024-12-31,2024,FY,365.0,revenue,us-gaap,RevenueFromContractWithCustomerExcludingAssessedTax,2808332000.0,2808.332,USD_millions,flow,1,https://www.sec.gov/Archives/edgar/data/1370637/000137063726000019/,2026-08-05T12:11:50+00:00,0001370637,USD,2025,CY2024,True,latest_valid_restated_sec_companyfacts,Latest valid filing available as of 2026-08-05; configured source-tag priority breaks valid same-filing ties.
etsy,ETSY,0001370637-26-000019,10-K,2026-02-19,,2024-12-31,2024,FY,,total_assets,us-gaap,Assets,2417782000.0,2417.782,USD_millions,stock,1,https://www.sec.gov/Archives/edgar/data/1370637/000137063726000019/,2026-08-05T12:11:50+00:00,0001370637,USD,2025,CY2024Q4I,True,latest_valid_restated_sec_companyfacts,Latest valid filing available as of 2026-08-05; configured source-tag priority breaks valid same-filing ties.
etsy,ETSY,0001370637-26-000019,10-K,2026-02-19,,2024-12-31,2024,FY,,total_equity,us-gaap,StockholdersEquity,-758866000.0,-758.866,USD_millions,stock,1,https://www.sec.gov/Archives/edgar/data/1370637/000137063726000019/,2026-08-05T12:11:50+00:00,0001370637,USD,2025,,True,latest_valid_restated_sec_companyfacts,Latest valid filing available as of 2026-08-05; configured source-tag priority breaks valid same-filing ties.
etsy,ETSY,0001370637-26-000019,10-K,2026-02-19,,2024-12-31,2024,FY,,total_liabilities,us-gaap,Liabilities,3176648000.0,3176.648,USD_millions,stock,1,https://www.sec.gov/Archives/edgar/data/1370637/000137063726000019/,2026-08-05T12:11:50+00:00,0001370637,USD,2025,CY2024Q4I,True,latest_valid_restated_sec_companyfacts,Latest valid filing available as of 2026-08-05; configured source-tag priority breaks valid same-filing ties.
expe,EXPE,0001324424-20-000009,10-K,2020-02-14,2017-01-01,2017-12-31,2017,FY,364.0,capital_expenditure,us-gaap,PaymentsToAcquirePropertyPlantAndEquipment,710000000.0,710.0,USD_millions,flow,1,https://www.sec.gov/Archives/edgar/data/1324424/000132442420000009/,2026-08-05T17:49:37+00:00,0001324424,USD,2019,CY2017,True,latest_valid_restated_sec_companyfacts,Latest valid filing available as of 2026-08-05; configured source-tag priority breaks valid same-filing ties.
expe,EXPE,0001324424-19-000006,10-K,2019-02-08,,2017-12-31,2017,FY,,cash_and_equivalents,us-gaap,CashAndCashEquivalentsAtCarryingValue,2847000000.0,2847.0,USD_millions,stock,1,https://www.sec.gov/Archives/edgar/data/1324424/000132442419000006/,2026-08-05T17:49:37+00:00,0001324424,USD,2018,CY2017Q4I,True,latest_valid_restated_sec_companyfacts,Latest valid filing available as of 2026-08-05; configured source-tag priority breaks valid same-filing ties.
expe,EXPE,0001324424-19-000006,10-K,2019-02-08,,2017-12-31,2017,FY,,current_assets,us-gaap,AssetsCurrent,5540000000.0,5540.0,USD_millions,stock,1,https://www.sec.gov/Archives/edgar/data/1324424/000132442419000006/,2026-08-05T17:49:37+00:00,0001324424,USD,2018,CY2017Q4I,True,latest_valid_restated_sec_companyfacts,Latest valid filing available as of 2026-08-05; configured source-tag priority breaks valid same-filing ties.
expe,EXPE,0001324424-19-000006,10-K,2019-02-08,,2017-12-31,2017,FY,,current_liabilities,us-gaap,LiabilitiesCurrent,7879000000.0,7879.0,USD_millions,stock,1,https://www.sec.gov/Archives/edgar/data/1324424/000132442419000006/,2026-08-05T17:49:37+00:00,0001324424,USD,2018,CY2017Q4I,True,latest_valid_restated_sec_companyfacts,Latest valid filing available as of 2026-08-05; configured source-tag priority breaks valid same-filing ties.
expe,EXPE,0001324424-20-000009,10-K,2020-02-14,2017-01-01,2017-12-31,2017,FY,364.0,free_cash_flow,project,derived:OperatingCashFlow-CapitalExpenditure,,1135.0,USD,flow,0,https://www.sec.gov/Archives/edgar/data/1324424/000132442420000009/,2026-08-05T17:49:37+00:00,0001324424,USD,2019,CY2017,True,derived_from_latest_valid_components,Operating cash flow minus positive CapEx outflow.
expe,EXPE,0001324424-20-000009,10-K,2020-02-14,2017-01-01,2017-12-31,2017,FY,364.0,net_income,us-gaap,NetIncomeLoss,378000000.0,378.0,USD_millions,flow,1,https://www.sec.gov/Archives/edgar/data/1324424/000132442420000009/,2026-08-05T17:49:37+00:00,0001324424,USD,2019,CY2017,True,latest_valid_restated_sec_companyfacts,Latest valid filing available as of 2026-08-05; configured source-tag priority breaks valid same-filing ties.
expe,EXPE,0001324424-20-000009,10-K,2020-02-14,2017-01-01,2017-12-31,2017,FY,364.0,operating_cash_flow,us-gaap,NetCashProvidedByUsedInOperatingActivities,1845000000.0,1845.0,USD_millions,flow,1,https://www.sec.gov/Archives/edgar/data/1324424/000132442420000009/,2026-08-05T17:49:37+00:00,0001324424,USD,2019,CY2017,True,latest_valid_restated_sec_companyfacts,Latest valid filing available as of 2026-08-05; configured source-tag priority breaks valid same-filing ties.
expe,EXPE,0001324424-20-000009,10-K,2020-02-14,2017-01-01,2017-12-31,2017,FY,364.0,operating_income,us-gaap,OperatingIncomeLoss,625000000.0,625.0,USD_millions,flow,1,https://www.sec.gov/Archives/edgar/data/1324424/000132442420000009/,2026-08-05T17:49:37+00:00,0001324424,USD,2019,CY2017,True,latest_valid_restated_sec_companyfacts,Latest valid filing available as of 2026-08-05; configured source-tag priority breaks valid same-filing ties.
expe,EXPE,0001324424-20-000009,10-K,2020-02-14,2017-01-01,2017-12-31,2017,FY,364.0,revenue,us-gaap,RevenueFromContractWithCustomerExcludingAssessedTax,10060000000.0,10060.0,USD_millions,flow,1,https://www.sec.gov/Archives/edgar/data/1324424/000132442420000009/,2026-08-05T17:49:37+00:00,0001324424,USD,2019,CY2017,True,latest_valid_restated_sec_companyfacts,Latest valid filing available as of 2026-08-05; configured source-tag priority breaks valid same-filing ties.
expe,EXPE,0001324424-19-000006,10-K,2019-02-08,,2017-12-31,2017,FY,,total_assets,us-gaap,Assets,18516000000.0,18516.0,USD_millions,stock,1,https://www.sec.gov/Archives/edgar/data/1324424/000132442419000006/,2026-08-05T17:49:37+00:00,0001324424,USD,2018,CY2017Q4I,True,latest_valid_restated_sec_companyfacts,Latest valid filing available as of 2026-08-05; configured source-tag priority breaks valid same-filing ties.
expe,EXPE,0001324424-21-000015,10-K,2021-02-12,,2017-12-31,2017,FY,,total_equity,us-gaap,StockholdersEquityIncludingPortionAttributableToNoncontrollingInterest,6129000000.0,6129.0,USD_millions,stock,2,https://www.sec.gov/Archives/edgar/data/1324424/000132442421000015/,2026-08-05T17:49:37+00:00,0001324424,USD,2020,CY2017Q4I,True,latest_valid_restated_sec_companyfacts,Latest valid filing available as of 2026-08-05; configured source-tag priority breaks valid same-filing ties.
expe,EXPE,0001324424-19-000006,10-K,2019-02-08,,2017-12-31,2017,FY,,total_liabilities,project,derived:Assets-StockholdersEquity,13993000000.0,13993.0,USD_millions,stock,99,https://www.sec.gov/Archives/edgar/data/1324424/000132442419000006/,2026-08-05T17:49:37+00:00,0001324424,USD,2018,CY2017Q4I,True,latest_valid_restated_sec_companyfacts,Latest valid filing available as of 2026-08-05; configured source-tag priority breaks valid same-filing ties.
expe,EXPE,0001324424-21-000015,10-K,2021-02-12,2018-01-01,2018-12-31,2018,FY,364.0,capital_expenditure,us-gaap,PaymentsToAcquirePropertyPlantAndEquipment,878000000.0,878.0,USD_millions,flow,1,https://www.sec.gov/Archives/edgar/data/1324424/000132442421000015/,2026-08-05T17:49:37+00:00,0001324424,USD,2020,CY2018,True,latest_valid_restated_sec_companyfacts,Latest valid filing available as of 2026-08-05; configured source-tag priority breaks valid same-filing ties.
expe,EXPE,0001324424-20-000009,10-K,2020-02-14,,2018-12-31,2018,FY,,cash_and_equivalents,us-gaap,CashAndCashEquivalentsAtCarryingValue,2443000000.0,2443.0,USD_millions,stock,1,https://www.sec.gov/Archives/edgar/data/1324424/000132442420000009/,2026-08-05T17:49:37+00:00,0001324424,USD,2019,CY2018Q4I,True,latest_valid_restated_sec_companyfacts,Latest valid filing available as of 2026-08-05; configured source-tag priority breaks valid same-filing ties.
expe,EXPE,0001324424-20-000009,10-K,2020-02-14,,2018-12-31,2018,FY,,current_assets,us-gaap,AssetsCurrent,5197000000.0,5197.0,USD_millions,stock,1,https://www.sec.gov/Archives/edgar/data/1324424/000132442420000009/,2026-08-05T17:49:37+00:00,0001324424,USD,2019,CY2018Q4I,True,latest_valid_restated_sec_companyfacts,Latest valid filing available as of 2026-08-05; configured source-tag priority breaks valid same-filing ties.
expe,EXPE,0001324424-20-000009,10-K,2020-02-14,,2018-12-31,2018,FY,,current_liabilities,us-gaap,LiabilitiesCurrent,8060000000.0,8060.0,USD_millions,stock,1,https://www.sec.gov/Archives/edgar/data/1324424/000132442420000009/,2026-08-05T17:49:37+00:00,0001324424,USD,2019,CY2018Q4I,True,latest_valid_restated_sec_companyfacts,Latest valid filing available as of 2026-08-05; configured source-tag priority breaks valid same-filing ties.
expe,EXPE,0001324424-21-000015,10-K,2021-02-12,2018-01-01,2018-12-31,2018,FY,364.0,free_cash_flow,project,derived:OperatingCashFlow-CapitalExpenditure,,1097.0,USD,flow,0,https://www.sec.gov/Archives/edgar/data/1324424/000132442421000015/,2026-08-05T17:49:37+00:00,0001324424,USD,2020,CY2018,True,derived_from_latest_valid_components,Operating cash flow minus positive CapEx outflow.
expe,EXPE,0001324424-21-000015,10-K,2021-02-12,2018-01-01,2018-12-31,2018,FY,364.0,net_income,us-gaap,NetIncomeLoss,406000000.0,406.0,USD_millions,flow,1,https://www.sec.gov/Archives/edgar/data/1324424/000132442421000015/,2026-08-05T17:49:37+00:00,0001324424,USD,2020,CY2018,True,latest_valid_restated_sec_companyfacts,Latest valid filing available as of 2026-08-05; configured source-tag priority breaks valid same-filing ties.
expe,EXPE,0001324424-21-000015,10-K,2021-02-12,2018-01-01,2018-12-31,2018,FY,364.0,operating_cash_flow,us-gaap,NetCashProvidedByUsedInOperatingActivities,1975000000.0,1975.0,USD_millions,flow,1,https://www.sec.gov/Archives/edgar/data/1324424/000132442421000015/,2026-08-05T17:49:37+00:00,0001324424,USD,2020,CY2018,True,latest_valid_restated_sec_companyfacts,Latest valid filing available as of 2026-08-05; configured source-tag priority breaks valid same-filing ties.
expe,EXPE,0001324424-21-000015,10-K,2021-02-12,2018-01-01,2018-12-31,2018,FY,364.0,operating_income,us-gaap,OperatingIncomeLoss,714000000.0,714.0,USD_millions,flow,1,https://www.sec.gov/Archives/edgar/data/1324424/000132442421000015/,2026-08-05T17:49:37+00:00,0001324424,USD,2020,CY2018,True,latest_valid_restated_sec_companyfacts,Latest valid filing available as of 2026-08-05; configured source-tag priority breaks valid same-filing ties.
expe,EXPE,0001324424-21-000015,10-K,2021-02-12,2018-01-01,2018-12-31,2018,FY,364.0,revenue,us-gaap,RevenueFromContractWithCustomerExcludingAssessedTax,11223000000.0,11223.0,USD_millions,flow,1,https://www.sec.gov/Archives/edgar/data/1324424/000132442421000015/,2026-08-05T17:49:37+00:00,0001324424,USD,2020,CY2018,True,latest_valid_restated_sec_companyfacts,Latest valid filing available as of 2026-08-05; configured source-tag priority breaks valid same-filing ties.
expe,EXPE,0001324424-20-000009,10-K,2020-02-14,,2018-12-31,2018,FY,,total_assets,us-gaap,Assets,18033000000.0,18033.0,USD_millions,stock,1,https://www.sec.gov/Archives/edgar/data/1324424/000132442420000009/,2026-08-05T17:49:37+00:00,0001324424,USD,2019,CY2018Q4I,True,latest_valid_restated_sec_companyfacts,Latest valid filing available as of 2026-08-05; configured source-tag priority breaks valid same-filing ties.
expe,EXPE,0001324424-22-000009,10-K,2022-02-11,,2018-12-31,2018,FY,,total_equity,us-gaap,StockholdersEquityIncludingPortionAttributableToNoncontrollingInterest,5651000000.0,5651.0,USD_millions,stock,2,https://www.sec.gov/Archives/edgar/data/1324424/000132442422000009/,2026-08-05T17:49:37+00:00,0001324424,USD,2021,CY2018Q4I,True,latest_valid_restated_sec_companyfacts,Latest valid filing available as of 2026-08-05; configured source-tag priority breaks valid same-filing ties.
expe,EXPE,0001324424-20-000009,10-K,2020-02-14,,2018-12-31,2018,FY,,total_liabilities,project,derived:Assets-StockholdersEquity,13929000000.0,13929.0,USD_millions,stock,99,https://www.sec.gov/Archives/edgar/data/1324424/000132442420000009/,2026-08-05T17:49:37+00:00,0001324424,USD,2019,CY2018Q4I,True,latest_valid_restated_sec_companyfacts,Latest valid filing available as of 2026-08-05; configured source-tag priority breaks valid same-filing ties.
expe,EXPE,0001324424-22-000009,10-K,2022-02-11,2019-01-01,2019-12-31,2019,FY,364.0,capital_expenditure,us-gaap,PaymentsToAcquirePropertyPlantAndEquipment,1160000000.0,1160.0,USD_millions,flow,1,https://www.sec.gov/Archives/edgar/data/1324424/000132442422000009/,2026-08-05T17:49:37+00:00,0001324424,USD,2021,CY2019,True,latest_valid_restated_sec_companyfacts,Latest valid filing available as of 2026-08-05; configured source-tag priority breaks valid same-filing ties.
expe,EXPE,0001324424-21-000015,10-K,2021-02-12,,2019-12-31,2019,FY,,cash_and_equivalents,us-gaap,CashAndCashEquivalentsAtCarryingValue,3315000000.0,3315.0,USD_millions,stock,1,https://www.sec.gov/Archives/edgar/data/1324424/000132442421000015/,2026-08-05T17:49:37+00:00,0001324424,USD,2020,CY2019Q4I,True,latest_valid_restated_sec_companyfacts,Latest valid filing available as of 2026-08-05; configured source-tag priority breaks valid same-filing ties.
expe,EXPE,0001324424-21-000015,10-K,2021-02-12,,2019-12-31,2019,FY,,current_assets,us-gaap,AssetsCurrent,7735000000.0,7735.0,USD_millions,stock,1,https://www.sec.gov/Archives/edgar/data/1324424/000132442421000015/,2026-08-05T17:49:37+00:00,0001324424,USD,2020,CY2019Q4I,True,latest_valid_restated_sec_companyfacts,Latest valid filing available as of 2026-08-05; configured source-tag priority breaks valid same-filing ties.
expe,EXPE,0001324424-21-000015,10-K,2021-02-12,,2019-12-31,2019,FY,,current_liabilities,us-gaap,LiabilitiesCurrent,10714000000.0,10714.0,USD_millions,stock,1,https://www.sec.gov/Archives/edgar/data/1324424/000132442421000015/,2026-08-05T17:49:37+00:00,0001324424,USD,2020,CY2019Q4I,True,latest_valid_restated_sec_companyfacts,Latest valid filing available as of 2026-08-05; configured source-tag priority breaks valid same-filing ties.
expe,EXPE,0001324424-22-000009,10-K,2022-02-11,2019-01-01,2019-12-31,2019,FY,364.0,free_cash_flow,project,derived:OperatingCashFlow-CapitalExpenditure,,1607.0,USD,flow,0,https://www.sec.gov/Archives/edgar/data/1324424/000132442422000009/,2026-08-05T17:49:37+00:00,0001324424,USD,2021,CY2019,True,derived_from_latest_valid_components,Operating cash flow minus positive CapEx outflow.
expe,EXPE,0001324424-22-000009,10-K,2022-02-11,2019-01-01,2019-12-31,2019,FY,364.0,net_income,us-gaap,NetIncomeLoss,565000000.0,565.0,USD_millions,flow,1,https://www.sec.gov/Archives/edgar/data/1324424/000132442422000009/,2026-08-05T17:49:37+00:00,0001324424,USD,2021,CY2019,True,latest_valid_restated_sec_companyfacts,Latest valid filing available as of 2026-08-05; configured source-tag priority breaks valid same-filing ties.
expe,EXPE,0001324424-22-000009,10-K,2022-02-11,2019-01-01,2019-12-31,2019,FY,364.0,operating_cash_flow,us-gaap,NetCashProvidedByUsedInOperatingActivities,2767000000.0,2767.0,USD_millions,flow,1,https://www.sec.gov/Archives/edgar/data/1324424/000132442422000009/,2026-08-05T17:49:37+00:00,0001324424,USD,2021,CY2019,True,latest_valid_restated_sec_companyfacts,Latest valid filing available as of 2026-08-05; configured source-tag priority breaks valid same-filing ties.
expe,EXPE,0001324424-22-000009,10-K,2022-02-11,2019-01-01,2019-12-31,2019,FY,364.0,operating_income,us-gaap,OperatingIncomeLoss,903000000.0,903.0,USD_millions,flow,1,https://www.sec.gov/Archives/edgar/data/1324424/000132442422000009/,2026-08-05T17:49:37+00:00,0001324424,USD,2021,CY2019,True,latest_valid_restated_sec_companyfacts,Latest valid filing available as of 2026-08-05; configured source-tag priority breaks valid same-filing ties.
expe,EXPE,0001324424-22-000009,10-K,2022-02-11,2019-01-01,2019-12-31,2019,FY,364.0,revenue,us-gaap,RevenueFromContractWithCustomerExcludingAssessedTax,12067000000.0,12067.0,USD_millions,flow,1,https://www.sec.gov/Archives/edgar/data/1324424/000132442422000009/,2026-08-05T17:49:37+00:00,0001324424,USD,2021,CY2019,True,latest_valid_restated_sec_companyfacts,Latest valid filing available as of 2026-08-05; configured source-tag priority breaks valid same-filing ties.
expe,EXPE,0001324424-21-000015,10-K,2021-02-12,,2019-12-31,2019,FY,,total_assets,us-gaap,Assets,21416000000.0,21416.0,USD_millions,stock,1,https://www.sec.gov/Archives/edgar/data/1324424/000132442421000015/,2026-08-05T17:49:37+00:00,0001324424,USD,2020,CY2019Q4I,True,latest_valid_restated_sec_companyfacts,Latest valid filing available as of 2026-08-05; configured source-tag priority breaks valid same-filing ties.
expe,EXPE,0001324424-23-000007,10-K,2023-02-10,,2019-12-31,2019,FY,,total_equity,us-gaap,StockholdersEquityIncludingPortionAttributableToNoncontrollingInterest,5536000000.0,5536.0,USD_millions,stock,2,https://www.sec.gov/Archives/edgar/data/1324424/000132442423000007/,2026-08-05T17:49:37+00:00,0001324424,USD,2022,CY2019Q4I,True,latest_valid_restated_sec_companyfacts,Latest valid filing available as of 2026-08-05; configured source-tag priority breaks valid same-filing ties.
expe,EXPE,0001324424-21-000015,10-K,2021-02-12,,2019-12-31,2019,FY,,total_liabilities,project,derived:Assets-StockholdersEquity,17449000000.0,17449.0,USD_millions,stock,99,https://www.sec.gov/Archives/edgar/data/1324424/000132442421000015/,2026-08-05T17:49:37+00:00,0001324424,USD,2020,CY2019Q4I,True,latest_valid_restated_sec_companyfacts,Latest valid filing available as of 2026-08-05; configured source-tag priority breaks valid same-filing ties.
expe,EXPE,0001324424-23-000007,10-K,2023-02-10,2020-01-01,2020-12-31,2020,FY,365.0,capital_expenditure,us-gaap,PaymentsToAcquirePropertyPlantAndEquipment,797000000.0,797.0,USD_millions,flow,1,https://www.sec.gov/Archives/edgar/data/1324424/000132442423000007/,2026-08-05T17:49:37+00:00,0001324424,USD,2022,CY2020,True,latest_valid_restated_sec_companyfacts,Latest valid filing available as of 2026-08-05; configured source-tag priority breaks valid same-filing ties.
expe,EXPE,0001324424-22-000009,10-K,2022-02-11,,2020-12-31,2020,FY,,cash_and_equivalents,us-gaap,CashAndCashEquivalentsAtCarryingValue,3363000000.0,3363.0,USD_millions,stock,1,https://www.sec.gov/Archives/edgar/data/1324424/000132442422000009/,2026-08-05T17:49:37+00:00,0001324424,USD,2021,CY2020Q4I,True,latest_valid_restated_sec_companyfacts,Latest valid filing available as of 2026-08-05; configured source-tag priority breaks valid same-filing ties.
expe,EXPE,0001324424-22-000009,10-K,2022-02-11,,2020-12-31,2020,FY,,current_assets,us-gaap,AssetsCurrent,5634000000.0,5634.0,USD_millions,stock,1,https://www.sec.gov/Archives/edgar/data/1324424/000132442422000009/,2026-08-05T17:49:37+00:00,0001324424,USD,2021,CY2020Q4I,True,latest_valid_restated_sec_companyfacts,Latest valid filing available as of 2026-08-05; configured source-tag priority breaks valid same-filing ties.
expe,EXPE,0001324424-22-000009,10-K,2022-02-11,,2020-12-31,2020,FY,,current_liabilities,us-gaap,LiabilitiesCurrent,5406000000.0,5406.0,USD_millions,stock,1,https://www.sec.gov/Archives/edgar/data/1324424/000132442422000009/,2026-08-05T17:49:37+00:00,0001324424,USD,2021,CY2020Q4I,True,latest_valid_restated_sec_companyfacts,Latest valid filing available as of 2026-08-05; configured source-tag priority breaks valid same-filing ties.
expe,EXPE,0001324424-23-000007,10-K,2023-02-10,2020-01-01,2020-12-31,2020,FY,365.0,free_cash_flow,project,derived:OperatingCashFlow-CapitalExpenditure,,-4631.0,USD,flow,0,https://www.sec.gov/Archives/edgar/data/1324424/000132442423000007/,2026-08-05T17:49:37+00:00,0001324424,USD,2022,CY2020,True,derived_from_latest_valid_components,Operating cash flow minus positive CapEx outflow.
expe,EXPE,0001324424-23-000007,10-K,2023-02-10,2020-01-01,2020-12-31,2020,FY,365.0,net_income,us-gaap,NetIncomeLoss,-2612000000.0,-2612.0,USD_millions,flow,1,https://www.sec.gov/Archives/edgar/data/1324424/000132442423000007/,2026-08-05T17:49:37+00:00,0001324424,USD,2022,CY2020,True,latest_valid_restated_sec_companyfacts,Latest valid filing available as of 2026-08-05; configured source-tag priority breaks valid same-filing ties.
expe,EXPE,0001324424-23-000007,10-K,2023-02-10,2020-01-01,2020-12-31,2020,FY,365.0,operating_cash_flow,us-gaap,NetCashProvidedByUsedInOperatingActivities,-3834000000.0,-3834.0,USD_millions,flow,1,https://www.sec.gov/Archives/edgar/data/1324424/000132442423000007/,2026-08-05T17:49:37+00:00,0001324424,USD,2022,CY2020,True,latest_valid_restated_sec_companyfacts,Latest valid filing available as of 2026-08-05; configured source-tag priority breaks valid same-filing ties.
expe,EXPE,0001324424-23-000007,10-K,2023-02-10,2020-01-01,2020-12-31,2020,FY,365.0,operating_income,us-gaap,OperatingIncomeLoss,-2719000000.0,-2719.0,USD_millions,flow,1,https://www.sec.gov/Archives/edgar/data/1324424/000132442423000007/,2026-08-05T17:49:37+00:00,0001324424,USD,2022,CY2020,True,latest_valid_restated_sec_companyfacts,Latest valid filing available as of 2026-08-05; configured source-tag priority breaks valid same-filing ties.
expe,EXPE,0001324424-23-000007,10-K,2023-02-10,2020-01-01,2020-12-31,2020,FY,365.0,revenue,us-gaap,RevenueFromContractWithCustomerExcludingAssessedTax,5199000000.0,5199.0,USD_millions,flow,1,https://www.sec.gov/Archives/edgar/data/1324424/000132442423000007/,2026-08-05T17:49:37+00:00,0001324424,USD,2022,CY2020,True,latest_valid_restated_sec_companyfacts,Latest valid filing available as of 2026-08-05; configured source-tag priority breaks valid same-filing ties.
expe,EXPE,0001324424-22-000009,10-K,2022-02-11,,2020-12-31,2020,FY,,total_assets,us-gaap,Assets,18690000000.0,18690.0,USD_millions,stock,1,https://www.sec.gov/Archives/edgar/data/1324424/000132442422000009/,2026-08-05T17:49:37+00:00,0001324424,USD,2021,CY2020Q4I,True,latest_valid_restated_sec_companyfacts,Latest valid filing available as of 2026-08-05; configured source-tag priority breaks valid same-filing ties.
expe,EXPE,0001324424-24-000007,10-K,2024-02-09,,2020-12-31,2020,FY,,total_equity,us-gaap,StockholdersEquityIncludingPortionAttributableToNoncontrollingInterest,3004000000.0,3004.0,USD_millions,stock,2,https://www.sec.gov/Archives/edgar/data/1324424/000132442424000007/,2026-08-05T17:49:37+00:00,0001324424,USD,2023,CY2020Q4I,True,latest_valid_restated_sec_companyfacts,Latest valid filing available as of 2026-08-05; configured source-tag priority breaks valid same-filing ties.
expe,EXPE,0001324424-22-000009,10-K,2022-02-11,,2020-12-31,2020,FY,,total_liabilities,project,derived:Assets-StockholdersEquity,17180000000.0,17180.0,USD_millions,stock,99,https://www.sec.gov/Archives/edgar/data/1324424/000132442422000009/,2026-08-05T17:49:37+00:00,0001324424,USD,2021,CY2020Q4I,True,latest_valid_restated_sec_companyfacts,Latest valid filing available as of 2026-08-05; configured source-tag priority breaks valid same-filing ties.
expe,EXPE,0001324424-24-000007,10-K,2024-02-09,2021-01-01,2021-12-31,2021,FY,364.0,capital_expenditure,us-gaap,PaymentsToAcquirePropertyPlantAndEquipment,673000000.0,673.0,USD_millions,flow,1,https://www.sec.gov/Archives/edgar/data/1324424/000132442424000007/,2026-08-05T17:49:37+00:00,0001324424,USD,2023,CY2021,True,latest_valid_restated_sec_companyfacts,Latest valid filing available as of 2026-08-05; configured source-tag priority breaks valid same-filing ties.
expe,EXPE,0001324424-23-000007,10-K,2023-02-10,,2021-12-31,2021,FY,,cash_and_equivalents,us-gaap,CashAndCashEquivalentsAtCarryingValue,4111000000.0,4111.0,USD_millions,stock,1,https://www.sec.gov/Archives/edgar/data/1324424/000132442423000007/,2026-08-05T17:49:37+00:00,0001324424,USD,2022,CY2021Q4I,True,latest_valid_restated_sec_companyfacts,Latest valid filing available as of 2026-08-05; configured source-tag priority breaks valid same-filing ties.
expe,EXPE,0001324424-23-000007,10-K,2023-02-10,,2021-12-31,2021,FY,,current_assets,us-gaap,AssetsCurrent,8181000000.0,8181.0,USD_millions,stock,1,https://www.sec.gov/Archives/edgar/data/1324424/000132442423000007/,2026-08-05T17:49:37+00:00,0001324424,USD,2022,CY2021Q4I,True,latest_valid_restated_sec_companyfacts,Latest valid filing available as of 2026-08-05; configured source-tag priority breaks valid same-filing ties.
expe,EXPE,0001324424-23-000007,10-K,2023-02-10,,2021-12-31,2021,FY,,current_liabilities,us-gaap,LiabilitiesCurrent,9450000000.0,9450.0,USD_millions,stock,1,https://www.sec.gov/Archives/edgar/data/1324424/000132442423000007/,2026-08-05T17:49:37+00:00,0001324424,USD,2022,CY2021Q4I,True,latest_valid_restated_sec_companyfacts,Latest valid filing available as of 2026-08-05; configured source-tag priority breaks valid same-filing ties.
expe,EXPE,0001324424-24-000007,10-K,2024-02-09,2021-01-01,2021-12-31,2021,FY,364.0,free_cash_flow,project,derived:OperatingCashFlow-CapitalExpenditure,,3075.0,USD,flow,0,https://www.sec.gov/Archives/edgar/data/1324424/000132442424000007/,2026-08-05T17:49:37+00:00,0001324424,USD,2023,CY2021,True,derived_from_latest_valid_components,Operating cash flow minus positive CapEx outflow.
expe,EXPE,0001324424-24-000007,10-K,2024-02-09,2021-01-01,2021-12-31,2021,FY,364.0,net_income,us-gaap,NetIncomeLoss,12000000.0,12.0,USD_millions,flow,1,https://www.sec.gov/Archives/edgar/data/1324424/000132442424000007/,2026-08-05T17:49:37+00:00,0001324424,USD,2023,,True,latest_valid_restated_sec_companyfacts,Latest valid filing available as of 2026-08-05; configured source-tag priority breaks valid same-filing ties.
expe,EXPE,0001324424-24-000007,10-K,2024-02-09,2021-01-01,2021-12-31,2021,FY,364.0,operating_cash_flow,us-gaap,NetCashProvidedByUsedInOperatingActivities,3748000000.0,3748.0,USD_millions,flow,1,https://www.sec.gov/Archives/edgar/data/1324424/000132442424000007/,2026-08-05T17:49:37+00:00,0001324424,USD,2023,CY2021,True,latest_valid_restated_sec_companyfacts,Latest valid filing available as of 2026-08-05; configured source-tag priority breaks valid same-filing ties.
expe,EXPE,0001324424-24-000007,10-K,2024-02-09,2021-01-01,2021-12-31,2021,FY,364.0,operating_income,us-gaap,OperatingIncomeLoss,186000000.0,186.0,USD_millions,flow,1,https://www.sec.gov/Archives/edgar/data/1324424/000132442424000007/,2026-08-05T17:49:37+00:00,0001324424,USD,2023,CY2021,True,latest_valid_restated_sec_companyfacts,Latest valid filing available as of 2026-08-05; configured source-tag priority breaks valid same-filing ties.
expe,EXPE,0001324424-24-000007,10-K,2024-02-09,2021-01-01,2021-12-31,2021,FY,364.0,revenue,us-gaap,RevenueFromContractWithCustomerExcludingAssessedTax,8598000000.0,8598.0,USD_millions,flow,1,https://www.sec.gov/Archives/edgar/data/1324424/000132442424000007/,2026-08-05T17:49:37+00:00,0001324424,USD,2023,CY2021,True,latest_valid_restated_sec_companyfacts,Latest valid filing available as of 2026-08-05; configured source-tag priority breaks valid same-filing ties.
expe,EXPE,0001324424-23-000007,10-K,2023-02-10,,2021-12-31,2021,FY,,total_assets,us-gaap,Assets,21548000000.0,21548.0,USD_millions,stock,1,https://www.sec.gov/Archives/edgar/data/1324424/000132442423000007/,2026-08-05T17:49:37+00:00,0001324424,USD,2022,CY2021Q4I,True,latest_valid_restated_sec_companyfacts,Latest valid filing available as of 2026-08-05; configured source-tag priority breaks valid same-filing ties.
expe,EXPE,0001324424-25-000008,10-K,2025-02-07,,2021-12-31,2021,FY,,total_equity,us-gaap,StockholdersEquityIncludingPortionAttributableToNoncontrollingInterest,3552000000.0,3552.0,USD_millions,stock,2,https://www.sec.gov/Archives/edgar/data/1324424/000132442425000008/,2026-08-05T17:49:37+00:00,0001324424,USD,2024,CY2021Q4I,True,latest_valid_restated_sec_companyfacts,Latest valid filing available as of 2026-08-05; configured source-tag priority breaks valid same-filing ties.
expe,EXPE,0001324424-23-000007,10-K,2023-02-10,,2021-12-31,2021,FY,,total_liabilities,project,derived:Assets-StockholdersEquity,19491000000.0,19491.0,USD_millions,stock,99,https://www.sec.gov/Archives/edgar/data/1324424/000132442423000007/,2026-08-05T17:49:37+00:00,0001324424,USD,2022,CY2021Q4I,True,latest_valid_restated_sec_companyfacts,Latest valid filing available as of 2026-08-05; configured source-tag priority breaks valid same-filing ties.
expe,EXPE,0001324424-25-000008,10-K,2025-02-07,2022-01-01,2022-12-31,2022,FY,364.0,capital_expenditure,us-gaap,PaymentsToAcquirePropertyPlantAndEquipment,662000000.0,662.0,USD_millions,flow,1,https://www.sec.gov/Archives/edgar/data/1324424/000132442425000008/,2026-08-05T17:49:37+00:00,0001324424,USD,2024,CY2022,True,latest_valid_restated_sec_companyfacts,Latest valid filing available as of 2026-08-05; configured source-tag priority breaks valid same-filing ties.
expe,EXPE,0001324424-24-000007,10-K,2024-02-09,,2022-12-31,2022,FY,,cash_and_equivalents,us-gaap,CashAndCashEquivalentsAtCarryingValue,4096000000.0,4096.0,USD_millions,stock,1,https://www.sec.gov/Archives/edgar/data/1324424/000132442424000007/,2026-08-05T17:49:37+00:00,0001324424,USD,2023,CY2022Q4I,True,latest_valid_restated_sec_companyfacts,Latest valid filing available as of 2026-08-05; configured source-tag priority breaks valid same-filing ties.
expe,EXPE,0001324424-24-000007,10-K,2024-02-09,,2022-12-31,2022,FY,,current_assets,us-gaap,AssetsCurrent,8791000000.0,8791.0,USD_millions,stock,1,https://www.sec.gov/Archives/edgar/data/1324424/000132442424000007/,2026-08-05T17:49:37+00:00,0001324424,USD,2023,CY2022Q4I,True,latest_valid_restated_sec_companyfacts,Latest valid filing available as of 2026-08-05; configured source-tag priority breaks valid same-filing ties.
expe,EXPE,0001324424-24-000007,10-K,2024-02-09,,2022-12-31,2022,FY,,current_liabilities,us-gaap,LiabilitiesCurrent,10778000000.0,10778.0,USD_millions,stock,1,https://www.sec.gov/Archives/edgar/data/1324424/000132442424000007/,2026-08-05T17:49:37+00:00,0001324424,USD,2023,CY2022Q4I,True,latest_valid_restated_sec_companyfacts,Latest valid filing available as of 2026-08-05; configured source-tag priority breaks valid same-filing ties.
expe,EXPE,0001324424-25-000008,10-K,2025-02-07,2022-01-01,2022-12-31,2022,FY,364.0,free_cash_flow,project,derived:OperatingCashFlow-CapitalExpenditure,,2778.0,USD,flow,0,https://www.sec.gov/Archives/edgar/data/1324424/000132442425000008/,2026-08-05T17:49:37+00:00,0001324424,USD,2024,CY2022,True,derived_from_latest_valid_components,Operating cash flow minus positive CapEx outflow.
expe,EXPE,0001324424-25-000008,10-K,2025-02-07,2022-01-01,2022-12-31,2022,FY,364.0,net_income,us-gaap,NetIncomeLoss,352000000.0,352.0,USD_millions,flow,1,https://www.sec.gov/Archives/edgar/data/1324424/000132442425000008/,2026-08-05T17:49:37+00:00,0001324424,USD,2024,,True,latest_valid_restated_sec_companyfacts,Latest valid filing available as of 2026-08-05; configured source-tag priority breaks valid same-filing ties.
expe,EXPE,0001324424-25-000008,10-K,2025-02-07,2022-01-01,2022-12-31,2022,FY,364.0,operating_cash_flow,us-gaap,NetCashProvidedByUsedInOperatingActivities,3440000000.0,3440.0,USD_millions,flow,1,https://www.sec.gov/Archives/edgar/data/1324424/000132442425000008/,2026-08-05T17:49:37+00:00,0001324424,USD,2024,CY2022,True,latest_valid_restated_sec_companyfacts,Latest valid filing available as of 2026-08-05; configured source-tag priority breaks valid same-filing ties.
expe,EXPE,0001324424-25-000008,10-K,2025-02-07,2022-01-01,2022-12-31,2022,FY,364.0,operating_income,us-gaap,OperatingIncomeLoss,1085000000.0,1085.0,USD_millions,flow,1,https://www.sec.gov/Archives/edgar/data/1324424/000132442425000008/,2026-08-05T17:49:37+00:00,0001324424,USD,2024,CY2022,True,latest_valid_restated_sec_companyfacts,Latest valid filing available as of 2026-08-05; configured source-tag priority breaks valid same-filing ties.
expe,EXPE,0001324424-25-000008,10-K,2025-02-07,2022-01-01,2022-12-31,2022,FY,364.0,revenue,us-gaap,RevenueFromContractWithCustomerExcludingAssessedTax,11667000000.0,11667.0,USD_millions,flow,1,https://www.sec.gov/Archives/edgar/data/1324424/000132442425000008/,2026-08-05T17:49:37+00:00,0001324424,USD,2024,CY2022,True,latest_valid_restated_sec_companyfacts,Latest valid filing available as of 2026-08-05; configured source-tag priority breaks valid same-filing ties.
expe,EXPE,0001324424-24-000007,10-K,2024-02-09,,2022-12-31,2022,FY,,total_assets,us-gaap,Assets,21561000000.0,21561.0,USD_millions,stock,1,https://www.sec.gov/Archives/edgar/data/1324424/000132442424000007/,2026-08-05T17:49:37+00:00,0001324424,USD,2023,CY2022Q4I,True,latest_valid_restated_sec_companyfacts,Latest valid filing available as of 2026-08-05; configured source-tag priority breaks valid same-filing ties.
expe,EXPE,0001324424-26-000008,10-K,2026-02-13,,2022-12-31,2022,FY,,total_equity,us-gaap,StockholdersEquityIncludingPortionAttributableToNoncontrollingInterest,3728000000.0,3728.0,USD_millions,stock,2,https://www.sec.gov/Archives/edgar/data/1324424/000132442426000008/,2026-08-05T17:49:37+00:00,0001324424,USD,2025,CY2022Q4I,True,latest_valid_restated_sec_companyfacts,Latest valid filing available as of 2026-08-05; configured source-tag priority breaks valid same-filing ties.
expe,EXPE,0001324424-24-000007,10-K,2024-02-09,,2022-12-31,2022,FY,,total_liabilities,project,derived:Assets-StockholdersEquity,19278000000.0,19278.0,USD_millions,stock,99,https://www.sec.gov/Archives/edgar/data/1324424/000132442424000007/,2026-08-05T17:49:37+00:00,0001324424,USD,2023,CY2022Q4I,True,latest_valid_restated_sec_companyfacts,Latest valid filing available as of 2026-08-05; configured source-tag priority breaks valid same-filing ties.
expe,EXPE,0001324424-26-000008,10-K,2026-02-13,2023-01-01,2023-12-31,2023,FY,364.0,capital_expenditure,us-gaap,PaymentsToAcquirePropertyPlantAndEquipment,846000000.0,846.0,USD_millions,flow,1,https://www.sec.gov/Archives/edgar/data/1324424/000132442426000008/,2026-08-05T17:49:37+00:00,0001324424,USD,2025,CY2023,True,latest_valid_restated_sec_companyfacts,Latest valid filing available as of 2026-08-05; configured source-tag priority breaks valid same-filing ties.
expe,EXPE,0001324424-25-000008,10-K,2025-02-07,,2023-12-31,2023,FY,,cash_and_equivalents,us-gaap,CashAndCashEquivalentsAtCarryingValue,4225000000.0,4225.0,USD_millions,stock,1,https://www.sec.gov/Archives/edgar/data/1324424/000132442425000008/,2026-08-05T17:49:37+00:00,0001324424,USD,2024,CY2023Q4I,True,latest_valid_restated_sec_companyfacts,Latest valid filing available as of 2026-08-05; configured source-tag priority breaks valid same-filing ties.
expe,EXPE,0001324424-25-000008,10-K,2025-02-07,,2023-12-31,2023,FY,,current_assets,us-gaap,AssetsCurrent,9230000000.0,9230.0,USD_millions,stock,1,https://www.sec.gov/Archives/edgar/data/1324424/000132442425000008/,2026-08-05T17:49:37+00:00,0001324424,USD,2024,CY2023Q4I,True,latest_valid_restated_sec_companyfacts,Latest valid filing available as of 2026-08-05; configured source-tag priority breaks valid same-filing ties.
expe,EXPE,0001324424-25-000008,10-K,2025-02-07,,2023-12-31,2023,FY,,current_liabilities,us-gaap,LiabilitiesCurrent,11783000000.0,11783.0,USD_millions,stock,1,https://www.sec.gov/Archives/edgar/data/1324424/000132442425000008/,2026-08-05T17:49:37+00:00,0001324424,USD,2024,CY2023Q4I,True,latest_valid_restated_sec_companyfacts,Latest valid filing available as of 2026-08-05; configured source-tag priority breaks valid same-filing ties.
expe,EXPE,0001324424-26-000008,10-K,2026-02-13,2023-01-01,2023-12-31,2023,FY,364.0,free_cash_flow,project,derived:OperatingCashFlow-CapitalExpenditure,,1844.0,USD,flow,0,https://www.sec.gov/Archives/edgar/data/1324424/000132442426000008/,2026-08-05T17:49:37+00:00,0001324424,USD,2025,CY2023,True,derived_from_latest_valid_components,Operating cash flow minus positive CapEx outflow.
expe,EXPE,0001324424-26-000008,10-K,2026-02-13,2023-01-01,2023-12-31,2023,FY,364.0,net_income,us-gaap,NetIncomeLoss,797000000.0,797.0,USD_millions,flow,1,https://www.sec.gov/Archives/edgar/data/1324424/000132442426000008/,2026-08-05T17:49:37+00:00,0001324424,USD,2025,,True,latest_valid_restated_sec_companyfacts,Latest valid filing available as of 2026-08-05; configured source-tag priority breaks valid same-filing ties.
expe,EXPE,0001324424-26-000008,10-K,2026-02-13,2023-01-01,2023-12-31,2023,FY,364.0,operating_cash_flow,us-gaap,NetCashProvidedByUsedInOperatingActivities,2690000000.0,2690.0,USD_millions,flow,1,https://www.sec.gov/Archives/edgar/data/1324424/000132442426000008/,2026-08-05T17:49:37+00:00,0001324424,USD,2025,CY2023,True,latest_valid_restated_sec_companyfacts,Latest valid filing available as of 2026-08-05; configured source-tag priority breaks valid same-filing ties.
expe,EXPE,0001324424-26-000008,10-K,2026-02-13,2023-01-01,2023-12-31,2023,FY,364.0,operating_income,us-gaap,OperatingIncomeLoss,1033000000.0,1033.0,USD_millions,flow,1,https://www.sec.gov/Archives/edgar/data/1324424/000132442426000008/,2026-08-05T17:49:37+00:00,0001324424,USD,2025,CY2023,True,latest_valid_restated_sec_companyfacts,Latest valid filing available as of 2026-08-05; configured source-tag priority breaks valid same-filing ties.
expe,EXPE,0001324424-26-000008,10-K,2026-02-13,2023-01-01,2023-12-31,2023,FY,364.0,revenue,us-gaap,RevenueFromContractWithCustomerExcludingAssessedTax,12839000000.0,12839.0,USD_millions,flow,1,https://www.sec.gov/Archives/edgar/data/1324424/000132442426000008/,2026-08-05T17:49:37+00:00,0001324424,USD,2025,CY2023,True,latest_valid_restated_sec_companyfacts,Latest valid filing available as of 2026-08-05; configured source-tag priority breaks valid same-filing ties.
expe,EXPE,0001324424-25-000008,10-K,2025-02-07,,2023-12-31,2023,FY,,total_assets,us-gaap,Assets,21642000000.0,21642.0,USD_millions,stock,1,https://www.sec.gov/Archives/edgar/data/1324424/000132442425000008/,2026-08-05T17:49:37+00:00,0001324424,USD,2024,CY2023Q4I,True,latest_valid_restated_sec_companyfacts,Latest valid filing available as of 2026-08-05; configured source-tag priority breaks valid same-filing ties.
expe,EXPE,0001324424-26-000008,10-K,2026-02-13,,2023-12-31,2023,FY,,total_equity,us-gaap,StockholdersEquityIncludingPortionAttributableToNoncontrollingInterest,2786000000.0,2786.0,USD_millions,stock,2,https://www.sec.gov/Archives/edgar/data/1324424/000132442426000008/,2026-08-05T17:49:37+00:00,0001324424,USD,2025,CY2023Q4I,True,latest_valid_restated_sec_companyfacts,Latest valid filing available as of 2026-08-05; configured source-tag priority breaks valid same-filing ties.
expe,EXPE,0001324424-25-000008,10-K,2025-02-07,,2023-12-31,2023,FY,,total_liabilities,project,derived:Assets-StockholdersEquity,20108000000.0,20108.0,USD_millions,stock,99,https://www.sec.gov/Archives/edgar/data/1324424/000132442425000008/,2026-08-05T17:49:37+00:00,0001324424,USD,2024,CY2023Q4I,True,latest_valid_restated_sec_companyfacts,Latest valid filing available as of 2026-08-05; configured source-tag priority breaks valid same-filing ties.
expe,EXPE,0001324424-26-000008,10-K,2026-02-13,2024-01-01,2024-12-31,2024,FY,365.0,capital_expenditure,us-gaap,PaymentsToAcquirePropertyPlantAndEquipment,756000000.0,756.0,USD_millions,flow,1,https://www.sec.gov/Archives/edgar/data/1324424/000132442426000008/,2026-08-05T17:49:37+00:00,0001324424,USD,2025,CY2024,True,latest_valid_restated_sec_companyfacts,Latest valid filing available as of 2026-08-05; configured source-tag priority breaks valid same-filing ties.
expe,EXPE,0001324424-26-000008,10-K,2026-02-13,,2024-12-31,2024,FY,,cash_and_equivalents,us-gaap,CashAndCashEquivalentsAtCarryingValue,4183000000.0,4183.0,USD_millions,stock,1,https://www.sec.gov/Archives/edgar/data/1324424/000132442426000008/,2026-08-05T17:49:37+00:00,0001324424,USD,2025,CY2024Q4I,True,latest_valid_restated_sec_companyfacts,Latest valid filing available as of 2026-08-05; configured source-tag priority breaks valid same-filing ties.
expe,EXPE,0001324424-26-000008,10-K,2026-02-13,,2024-12-31,2024,FY,,current_assets,us-gaap,AssetsCurrent,9815000000.0,9815.0,USD_millions,stock,1,https://www.sec.gov/Archives/edgar/data/1324424/000132442426000008/,2026-08-05T17:49:37+00:00,0001324424,USD,2025,CY2024Q4I,True,latest_valid_restated_sec_companyfacts,Latest valid filing available as of 2026-08-05; configured source-tag priority breaks valid same-filing ties.
expe,EXPE,0001324424-26-000008,10-K,2026-02-13,,2024-12-31,2024,FY,,current_liabilities,us-gaap,LiabilitiesCurrent,13611000000.0,13611.0,USD_millions,stock,1,https://www.sec.gov/Archives/edgar/data/1324424/000132442426000008/,2026-08-05T17:49:37+00:00,0001324424,USD,2025,CY2024Q4I,True,latest_valid_restated_sec_companyfacts,Latest valid filing available as of 2026-08-05; configured source-tag priority breaks valid same-filing ties.
expe,EXPE,0001324424-26-000008,10-K,2026-02-13,2024-01-01,2024-12-31,2024,FY,365.0,free_cash_flow,project,derived:OperatingCashFlow-CapitalExpenditure,,2329.0,USD,flow,0,https://www.sec.gov/Archives/edgar/data/1324424/000132442426000008/,2026-08-05T17:49:37+00:00,0001324424,USD,2025,CY2024,True,derived_from_latest_valid_components,Operating cash flow minus positive CapEx outflow.
expe,EXPE,0001324424-26-000008,10-K,2026-02-13,2024-01-01,2024-12-31,2024,FY,365.0,net_income,us-gaap,NetIncomeLoss,1234000000.0,1234.0,USD_millions,flow,1,https://www.sec.gov/Archives/edgar/data/1324424/000132442426000008/,2026-08-05T17:49:37+00:00,0001324424,USD,2025,,True,latest_valid_restated_sec_companyfacts,Latest valid filing available as of 2026-08-05; configured source-tag priority breaks valid same-filing ties.
expe,EXPE,0001324424-26-000008,10-K,2026-02-13,2024-01-01,2024-12-31,2024,FY,365.0,operating_cash_flow,us-gaap,NetCashProvidedByUsedInOperatingActivities,3085000000.0,3085.0,USD_millions,flow,1,https://www.sec.gov/Archives/edgar/data/1324424/000132442426000008/,2026-08-05T17:49:37+00:00,0001324424,USD,2025,CY2024,True,latest_valid_restated_sec_companyfacts,Latest valid filing available as of 2026-08-05; configured source-tag priority breaks valid same-filing ties.
expe,EXPE,0001324424-26-000008,10-K,2026-02-13,2024-01-01,2024-12-31,2024,FY,365.0,operating_income,us-gaap,OperatingIncomeLoss,1319000000.0,1319.0,USD_millions,flow,1,https://www.sec.gov/Archives/edgar/data/1324424/000132442426000008/,2026-08-05T17:49:37+00:00,0001324424,USD,2025,CY2024,True,latest_valid_restated_sec_companyfacts,Latest valid filing available as of 2026-08-05; configured source-tag priority breaks valid same-filing ties.
expe,EXPE,0001324424-26-000008,10-K,2026-02-13,2024-01-01,2024-12-31,2024,FY,365.0,revenue,us-gaap,RevenueFromContractWithCustomerExcludingAssessedTax,13691000000.0,13691.0,USD_millions,flow,1,https://www.sec.gov/Archives/edgar/data/1324424/000132442426000008/,2026-08-05T17:49:37+00:00,0001324424,USD,2025,CY2024,True,latest_valid_restated_sec_companyfacts,Latest valid filing available as of 2026-08-05; configured source-tag priority breaks valid same-filing ties.
expe,EXPE,0001324424-26-000008,10-K,2026-02-13,,2024-12-31,2024,FY,,total_assets,us-gaap,Assets,22388000000.0,22388.0,USD_millions,stock,1,https://www.sec.gov/Archives/edgar/data/1324424/000132442426000008/,2026-08-05T17:49:37+00:00,0001324424,USD,2025,CY2024Q4I,True,latest_valid_restated_sec_companyfacts,Latest valid filing available as of 2026-08-05; configured source-tag priority breaks valid same-filing ties.
expe,EXPE,0001324424-26-000008,10-K,2026-02-13,,2024-12-31,2024,FY,,total_equity,us-gaap,StockholdersEquity,1557000000.0,1557.0,USD_millions,stock,1,https://www.sec.gov/Archives/edgar/data/1324424/000132442426000008/,2026-08-05T17:49:37+00:00,0001324424,USD,2025,CY2024Q4I,True,latest_valid_restated_sec_companyfacts,Latest valid filing available as of 2026-08-05; configured source-tag priority breaks valid same-filing ties.
expe,EXPE,0001324424-26-000008,10-K,2026-02-13,,2024-12-31,2024,FY,,total_liabilities,project,derived:Assets-StockholdersEquity,20831000000.0,20831.0,USD_millions,stock,99,https://www.sec.gov/Archives/edgar/data/1324424/000132442426000008/,2026-08-05T17:49:37+00:00,0001324424,USD,2025,CY2024Q4I,True,latest_valid_restated_sec_companyfacts,Latest valid filing available as of 2026-08-05; configured source-tag priority breaks valid same-filing ties.
figs,FIGS,0000950170-22-003380,10-K,2022-03-10,2019-01-01,2019-12-31,2019,FY,364.0,capital_expenditure,us-gaap,PaymentsToAcquireProductiveAssets,4761000.0,4.761,USD_millions,flow,2,https://www.sec.gov/Archives/edgar/data/1846576/000095017022003380/,2026-08-05T17:49:37+00:00,0001846576,USD,2021,CY2019,True,latest_valid_restated_sec_companyfacts,Latest valid filing available as of 2026-08-05; configured source-tag priority breaks valid same-filing ties.
figs,FIGS,0000950170-22-003380,10-K,2022-03-10,2019-01-01,2019-12-31,2019,FY,364.0,free_cash_flow,project,derived:OperatingCashFlow-CapitalExpenditure,,1.7699999999999996,USD,flow,0,https://www.sec.gov/Archives/edgar/data/1846576/000095017022003380/,2026-08-05T17:49:37+00:00,0001846576,USD,2021,CY2019,True,derived_from_latest_valid_components,Operating cash flow minus positive CapEx outflow.
figs,FIGS,0000950170-22-003380,10-K,2022-03-10,2019-01-01,2019-12-31,2019,FY,364.0,net_income,us-gaap,NetIncomeLoss,112000.0,0.112,USD_millions,flow,1,https://www.sec.gov/Archives/edgar/data/1846576/000095017022003380/,2026-08-05T17:49:37+00:00,0001846576,USD,2021,CY2019,True,latest_valid_restated_sec_companyfacts,Latest valid filing available as of 2026-08-05; configured source-tag priority breaks valid same-filing ties.
figs,FIGS,0000950170-22-003380,10-K,2022-03-10,2019-01-01,2019-12-31,2019,FY,364.0,operating_cash_flow,us-gaap,NetCashProvidedByUsedInOperatingActivities,6531000.0,6.531,USD_millions,flow,1,https://www.sec.gov/Archives/edgar/data/1846576/000095017022003380/,2026-08-05T17:49:37+00:00,0001846576,USD,2021,CY2019,True,latest_valid_restated_sec_companyfacts,Latest valid filing available as of 2026-08-05; configured source-tag priority breaks valid same-filing ties.
figs,FIGS,0000950170-22-003380,10-K,2022-03-10,2019-01-01,2019-12-31,2019,FY,364.0,operating_income,us-gaap,OperatingIncomeLoss,-347000.0,-0.347,USD_millions,flow,1,https://www.sec.gov/Archives/edgar/data/1846576/000095017022003380/,2026-08-05T17:49:37+00:00,0001846576,USD,2021,CY2019,True,latest_valid_restated_sec_companyfacts,Latest valid filing available as of 2026-08-05; configured source-tag priority breaks valid same-filing ties.
figs,FIGS,0000950170-22-003380,10-K,2022-03-10,2019-01-01,2019-12-31,2019,FY,364.0,revenue,us-gaap,RevenueFromContractWithCustomerExcludingAssessedTax,110494000.0,110.494,USD_millions,flow,1,https://www.sec.gov/Archives/edgar/data/1846576/000095017022003380/,2026-08-05T17:49:37+00:00,0001846576,USD,2021,CY2019,True,latest_valid_restated_sec_companyfacts,Latest valid filing available as of 2026-08-05; configured source-tag priority breaks valid same-filing ties.
figs,FIGS,0001628280-23-005575,10-K,2023-02-28,,2019-12-31,2019,FY,,total_equity,us-gaap,StockholdersEquity,38814000.0,38.814,USD_millions,stock,1,https://www.sec.gov/Archives/edgar/data/1846576/000162828023005575/,2026-08-05T17:49:37+00:00,0001846576,USD,2022,CY2019Q4I,True,latest_valid_restated_sec_companyfacts,Latest valid filing available as of 2026-08-05; configured source-tag priority breaks valid same-filing ties.
figs,FIGS,0001628280-23-005575,10-K,2023-02-28,2020-01-01,2020-12-31,2020,FY,365.0,capital_expenditure,us-gaap,PaymentsToAcquirePropertyPlantAndEquipment,2262000.0,2.262,USD_millions,flow,1,https://www.sec.gov/Archives/edgar/data/1846576/000162828023005575/,2026-08-05T17:49:37+00:00,0001846576,USD,2022,CY2020,True,latest_valid_restated_sec_companyfacts,Latest valid filing available as of 2026-08-05; configured source-tag priority breaks valid same-filing ties.
figs,FIGS,0000950170-22-003380,10-K,2022-03-10,,2020-12-31,2020,FY,,cash_and_equivalents,us-gaap,CashAndCashEquivalentsAtCarryingValue,58133000.0,58.133,USD_millions,stock,1,https://www.sec.gov/Archives/edgar/data/1846576/000095017022003380/,2026-08-05T17:49:37+00:00,0001846576,USD,2021,CY2020Q4I,True,latest_valid_restated_sec_companyfacts,Latest valid filing available as of 2026-08-05; configured source-tag priority breaks valid same-filing ties.
figs,FIGS,0000950170-22-003380,10-K,2022-03-10,,2020-12-31,2020,FY,,current_assets,us-gaap,AssetsCurrent,120313000.0,120.313,USD_millions,stock,1,https://www.sec.gov/Archives/edgar/data/1846576/000095017022003380/,2026-08-05T17:49:37+00:00,0001846576,USD,2021,CY2020Q4I,True,latest_valid_restated_sec_companyfacts,Latest valid filing available as of 2026-08-05; configured source-tag priority breaks valid same-filing ties.
figs,FIGS,0000950170-22-003380,10-K,2022-03-10,,2020-12-31,2020,FY,,current_liabilities,us-gaap,LiabilitiesCurrent,32519000.0,32.519,USD_millions,stock,1,https://www.sec.gov/Archives/edgar/data/1846576/000095017022003380/,2026-08-05T17:49:37+00:00,0001846576,USD,2021,CY2020Q4I,True,latest_valid_restated_sec_companyfacts,Latest valid filing available as of 2026-08-05; configured source-tag priority breaks valid same-filing ties.
figs,FIGS,0001628280-23-005575,10-K,2023-02-28,2020-01-01,2020-12-31,2020,FY,365.0,free_cash_flow,project,derived:OperatingCashFlow-CapitalExpenditure,,19.486,USD,flow,0,https://www.sec.gov/Archives/edgar/data/1846576/000162828023005575/,2026-08-05T17:49:37+00:00,0001846576,USD,2022,CY2020,True,derived_from_latest_valid_components,Operating cash flow minus positive CapEx outflow.
figs,FIGS,0000950170-22-003380,10-K,2022-03-10,,2020-12-31,2020,FY,,inventory,us-gaap,InventoryNet,49735000.0,49.735,USD_millions,stock,1,https://www.sec.gov/Archives/edgar/data/1846576/000095017022003380/,2026-08-05T17:49:37+00:00,0001846576,USD,2021,CY2020Q4I,True,latest_valid_restated_sec_companyfacts,Latest valid filing available as of 2026-08-05; configured source-tag priority breaks valid same-filing ties.
figs,FIGS,0001628280-23-005575,10-K,2023-02-28,2020-01-01,2020-12-31,2020,FY,365.0,net_income,us-gaap,NetIncomeLoss,49758000.0,49.758,USD_millions,flow,1,https://www.sec.gov/Archives/edgar/data/1846576/000162828023005575/,2026-08-05T17:49:37+00:00,0001846576,USD,2022,CY2020,True,latest_valid_restated_sec_companyfacts,Latest valid filing available as of 2026-08-05; configured source-tag priority breaks valid same-filing ties.
figs,FIGS,0001628280-23-005575,10-K,2023-02-28,2020-01-01,2020-12-31,2020,FY,365.0,operating_cash_flow,us-gaap,NetCashProvidedByUsedInOperatingActivities,21748000.0,21.748,USD_millions,flow,1,https://www.sec.gov/Archives/edgar/data/1846576/000162828023005575/,2026-08-05T17:49:37+00:00,0001846576,USD,2022,CY2020,True,latest_valid_restated_sec_companyfacts,Latest valid filing available as of 2026-08-05; configured source-tag priority breaks valid same-filing ties.
figs,FIGS,0001628280-23-005575,10-K,2023-02-28,2020-01-01,2020-12-31,2020,FY,365.0,operating_income,us-gaap,OperatingIncomeLoss,57940000.0,57.94,USD_millions,flow,1,https://www.sec.gov/Archives/edgar/data/1846576/000162828023005575/,2026-08-05T17:49:37+00:00,0001846576,USD,2022,CY2020,True,latest_valid_restated_sec_companyfacts,Latest valid filing available as of 2026-08-05; configured source-tag priority breaks valid same-filing ties.
figs,FIGS,0001628280-23-005575,10-K,2023-02-28,2020-01-01,2020-12-31,2020,FY,365.0,revenue,us-gaap,RevenueFromContractWithCustomerExcludingAssessedTax,263112000.0,263.112,USD_millions,flow,1,https://www.sec.gov/Archives/edgar/data/1846576/000162828023005575/,2026-08-05T17:49:37+00:00,0001846576,USD,2022,CY2020,True,latest_valid_restated_sec_companyfacts,Latest valid filing available as of 2026-08-05; configured source-tag priority breaks valid same-filing ties.
figs,FIGS,0000950170-22-003380,10-K,2022-03-10,,2020-12-31,2020,FY,,total_assets,us-gaap,Assets,133855000.0,133.855,USD_millions,stock,1,https://www.sec.gov/Archives/edgar/data/1846576/000095017022003380/,2026-08-05T17:49:37+00:00,0001846576,USD,2021,CY2020Q4I,True,latest_valid_restated_sec_companyfacts,Latest valid filing available as of 2026-08-05; configured source-tag priority breaks valid same-filing ties.
figs,FIGS,0001628280-24-007659,10-K,2024-02-28,,2020-12-31,2020,FY,,total_equity,us-gaap,StockholdersEquity,97677000.0,97.677,USD_millions,stock,1,https://www.sec.gov/Archives/edgar/data/1846576/000162828024007659/,2026-08-05T17:49:37+00:00,0001846576,USD,2023,CY2020Q4I,True,latest_valid_restated_sec_companyfacts,Latest valid filing available as of 2026-08-05; configured source-tag priority breaks valid same-filing ties.
figs,FIGS,0000950170-22-003380,10-K,2022-03-10,,2020-12-31,2020,FY,,total_liabilities,us-gaap,Liabilities,36178000.0,36.178,USD_millions,stock,1,https://www.sec.gov/Archives/edgar/data/1846576/000095017022003380/,2026-08-05T17:49:37+00:00,0001846576,USD,2021,CY2020Q4I,True,latest_valid_restated_sec_companyfacts,Latest valid filing available as of 2026-08-05; configured source-tag priority breaks valid same-filing ties.
figs,FIGS,0001628280-24-007659,10-K,2024-02-28,2021-01-01,2021-12-31,2021,FY,364.0,capital_expenditure,us-gaap,PaymentsToAcquirePropertyPlantAndEquipment,2712000.0,2.712,USD_millions,flow,1,https://www.sec.gov/Archives/edgar/data/1846576/000162828024007659/,2026-08-05T17:49:37+00:00,0001846576,USD,2023,CY2021,True,latest_valid_restated_sec_companyfacts,Latest valid filing available as of 2026-08-05; configured source-tag priority breaks valid same-filing ties.
figs,FIGS,0001628280-23-005575,10-K,2023-02-28,,2021-12-31,2021,FY,,cash_and_equivalents,us-gaap,CashAndCashEquivalentsAtCarryingValue,195374000.0,195.374,USD_millions,stock,1,https://www.sec.gov/Archives/edgar/data/1846576/000162828023005575/,2026-08-05T17:49:37+00:00,0001846576,USD,2022,CY2021Q4I,True,latest_valid_restated_sec_companyfacts,Latest valid filing available as of 2026-08-05; configured source-tag priority breaks valid same-filing ties.
figs,FIGS,0001628280-23-005575,10-K,2023-02-28,,2021-12-31,2021,FY,,current_assets,us-gaap,AssetsCurrent,293339000.0,293.339,USD_millions,stock,1,https://www.sec.gov/Archives/edgar/data/1846576/000162828023005575/,2026-08-05T17:49:37+00:00,0001846576,USD,2022,CY2021Q4I,True,latest_valid_restated_sec_companyfacts,Latest valid filing available as of 2026-08-05; configured source-tag priority breaks valid same-filing ties.
figs,FIGS,0001628280-23-005575,10-K,2023-02-28,,2021-12-31,2021,FY,,current_liabilities,us-gaap,LiabilitiesCurrent,62393000.0,62.393,USD_millions,stock,1,https://www.sec.gov/Archives/edgar/data/1846576/000162828023005575/,2026-08-05T17:49:37+00:00,0001846576,USD,2022,CY2021Q4I,True,latest_valid_restated_sec_companyfacts,Latest valid filing available as of 2026-08-05; configured source-tag priority breaks valid same-filing ties.
figs,FIGS,0001628280-24-007659,10-K,2024-02-28,2021-01-01,2021-12-31,2021,FY,364.0,free_cash_flow,project,derived:OperatingCashFlow-CapitalExpenditure,,63.724999999999994,USD,flow,0,https://www.sec.gov/Archives/edgar/data/1846576/000162828024007659/,2026-08-05T17:49:37+00:00,0001846576,USD,2023,CY2021,True,derived_from_latest_valid_components,Operating cash flow minus positive CapEx outflow.
figs,FIGS,0001628280-23-005575,10-K,2023-02-28,,2021-12-31,2021,FY,,inventory,us-gaap,InventoryNet,86068000.0,86.068,USD_millions,stock,1,https://www.sec.gov/Archives/edgar/data/1846576/000162828023005575/,2026-08-05T17:49:37+00:00,0001846576,USD,2022,CY2021Q4I,True,latest_valid_restated_sec_companyfacts,Latest valid filing available as of 2026-08-05; configured source-tag priority breaks valid same-filing ties.
figs,FIGS,0001628280-24-007659,10-K,2024-02-28,2021-01-01,2021-12-31,2021,FY,364.0,net_income,us-gaap,NetIncomeLoss,-9556000.0,-9.556,USD_millions,flow,1,https://www.sec.gov/Archives/edgar/data/1846576/000162828024007659/,2026-08-05T17:49:37+00:00,0001846576,USD,2023,,True,latest_valid_restated_sec_companyfacts,Latest valid filing available as of 2026-08-05; configured source-tag priority breaks valid same-filing ties.
figs,FIGS,0001628280-24-007659,10-K,2024-02-28,2021-01-01,2021-12-31,2021,FY,364.0,operating_cash_flow,us-gaap,NetCashProvidedByUsedInOperatingActivities,66437000.0,66.437,USD_millions,flow,1,https://www.sec.gov/Archives/edgar/data/1846576/000162828024007659/,2026-08-05T17:49:37+00:00,0001846576,USD,2023,CY2021,True,latest_valid_restated_sec_companyfacts,Latest valid filing available as of 2026-08-05; configured source-tag priority breaks valid same-filing ties.
figs,FIGS,0001628280-24-007659,10-K,2024-02-28,2021-01-01,2021-12-31,2021,FY,364.0,operating_income,us-gaap,OperatingIncomeLoss,10983000.0,10.983,USD_millions,flow,1,https://www.sec.gov/Archives/edgar/data/1846576/000162828024007659/,2026-08-05T17:49:37+00:00,0001846576,USD,2023,CY2021,True,latest_valid_restated_sec_companyfacts,Latest valid filing available as of 2026-08-05; configured source-tag priority breaks valid same-filing ties.
figs,FIGS,0001628280-24-007659,10-K,2024-02-28,2021-01-01,2021-12-31,2021,FY,364.0,revenue,us-gaap,RevenueFromContractWithCustomerExcludingAssessedTax,419591000.0,419.591,USD_millions,flow,1,https://www.sec.gov/Archives/edgar/data/1846576/000162828024007659/,2026-08-05T17:49:37+00:00,0001846576,USD,2023,CY2021,True,latest_valid_restated_sec_companyfacts,Latest valid filing available as of 2026-08-05; configured source-tag priority breaks valid same-filing ties.
figs,FIGS,0001628280-23-005575,10-K,2023-02-28,,2021-12-31,2021,FY,,total_assets,us-gaap,Assets,311751000.0,311.751,USD_millions,stock,1,https://www.sec.gov/Archives/edgar/data/1846576/000162828023005575/,2026-08-05T17:49:37+00:00,0001846576,USD,2022,CY2021Q4I,True,latest_valid_restated_sec_companyfacts,Latest valid filing available as of 2026-08-05; configured source-tag priority breaks valid same-filing ties.
figs,FIGS,0001628280-25-008688,10-K,2025-02-27,,2021-12-31,2021,FY,,total_equity,us-gaap,StockholdersEquity,245573000.0,245.573,USD_millions,stock,1,https://www.sec.gov/Archives/edgar/data/1846576/000162828025008688/,2026-08-05T17:49:37+00:00,0001846576,USD,2024,CY2021Q4I,True,latest_valid_restated_sec_companyfacts,Latest valid filing available as of 2026-08-05; configured source-tag priority breaks valid same-filing ties.
figs,FIGS,0001628280-23-005575,10-K,2023-02-28,,2021-12-31,2021,FY,,total_liabilities,us-gaap,Liabilities,66178000.0,66.178,USD_millions,stock,1,https://www.sec.gov/Archives/edgar/data/1846576/000162828023005575/,2026-08-05T17:49:37+00:00,0001846576,USD,2022,CY2021Q4I,True,latest_valid_restated_sec_companyfacts,Latest valid filing available as of 2026-08-05; configured source-tag priority breaks valid same-filing ties.
figs,FIGS,0001628280-25-008688,10-K,2025-02-27,2022-01-01,2022-12-31,2022,FY,364.0,capital_expenditure,us-gaap,PaymentsToAcquirePropertyPlantAndEquipment,5348000.0,5.348,USD_millions,flow,1,https://www.sec.gov/Archives/edgar/data/1846576/000162828025008688/,2026-08-05T17:49:37+00:00,0001846576,USD,2024,CY2022,True,latest_valid_restated_sec_companyfacts,Latest valid filing available as of 2026-08-05; configured source-tag priority breaks valid same-filing ties.
figs,FIGS,0001628280-24-007659,10-K,2024-02-28,,2022-12-31,2022,FY,,cash_and_equivalents,us-gaap,CashAndCashEquivalentsAtCarryingValue,159775000.0,159.775,USD_millions,stock,1,https://www.sec.gov/Archives/edgar/data/1846576/000162828024007659/,2026-08-05T17:49:37+00:00,0001846576,USD,2023,CY2022Q4I,True,latest_valid_restated_sec_companyfacts,Latest valid filing available as of 2026-08-05; configured source-tag priority breaks valid same-filing ties.
figs,FIGS,0001628280-24-007659,10-K,2024-02-28,,2022-12-31,2022,FY,,current_assets,us-gaap,AssetsCurrent,356500000.0,356.5,USD_millions,stock,1,https://www.sec.gov/Archives/edgar/data/1846576/000162828024007659/,2026-08-05T17:49:37+00:00,0001846576,USD,2023,CY2022Q4I,True,latest_valid_restated_sec_companyfacts,Latest valid filing available as of 2026-08-05; configured source-tag priority breaks valid same-filing ties.
figs,FIGS,0001628280-24-007659,10-K,2024-02-28,,2022-12-31,2022,FY,,current_liabilities,us-gaap,LiabilitiesCurrent,71393000.0,71.393,USD_millions,stock,1,https://www.sec.gov/Archives/edgar/data/1846576/000162828024007659/,2026-08-05T17:49:37+00:00,0001846576,USD,2023,CY2022Q4I,True,latest_valid_restated_sec_companyfacts,Latest valid filing available as of 2026-08-05; configured source-tag priority breaks valid same-filing ties.
figs,FIGS,0001628280-25-008688,10-K,2025-02-27,2022-01-01,2022-12-31,2022,FY,364.0,free_cash_flow,project,derived:OperatingCashFlow-CapitalExpenditure,,-40.677,USD,flow,0,https://www.sec.gov/Archives/edgar/data/1846576/000162828025008688/,2026-08-05T17:49:37+00:00,0001846576,USD,2024,CY2022,True,derived_from_latest_valid_components,Operating cash flow minus positive CapEx outflow.
figs,FIGS,0001628280-24-007659,10-K,2024-02-28,,2022-12-31,2022,FY,,inventory,us-gaap,InventoryNet,177976000.0,177.976,USD_millions,stock,1,https://www.sec.gov/Archives/edgar/data/1846576/000162828024007659/,2026-08-05T17:49:37+00:00,0001846576,USD,2023,CY2022Q4I,True,latest_valid_restated_sec_companyfacts,Latest valid filing available as of 2026-08-05; configured source-tag priority breaks valid same-filing ties.
figs,FIGS,0001628280-25-008688,10-K,2025-02-27,2022-01-01,2022-12-31,2022,FY,364.0,net_income,us-gaap,NetIncomeLoss,21186000.0,21.186,USD_millions,flow,1,https://www.sec.gov/Archives/edgar/data/1846576/000162828025008688/,2026-08-05T17:49:37+00:00,0001846576,USD,2024,,True,latest_valid_restated_sec_companyfacts,Latest valid filing available as of 2026-08-05; configured source-tag priority breaks valid same-filing ties.
figs,FIGS,0001628280-25-008688,10-K,2025-02-27,2022-01-01,2022-12-31,2022,FY,364.0,operating_cash_flow,us-gaap,NetCashProvidedByUsedInOperatingActivities,-35329000.0,-35.329,USD_millions,flow,1,https://www.sec.gov/Archives/edgar/data/1846576/000162828025008688/,2026-08-05T17:49:37+00:00,0001846576,USD,2024,CY2022,True,latest_valid_restated_sec_companyfacts,Latest valid filing available as of 2026-08-05; configured source-tag priority breaks valid same-filing ties.
figs,FIGS,0001628280-25-008688,10-K,2025-02-27,2022-01-01,2022-12-31,2022,FY,364.0,operating_income,us-gaap,OperatingIncomeLoss,37666000.0,37.666,USD_millions,flow,1,https://www.sec.gov/Archives/edgar/data/1846576/000162828025008688/,2026-08-05T17:49:37+00:00,0001846576,USD,2024,CY2022,True,latest_valid_restated_sec_companyfacts,Latest valid filing available as of 2026-08-05; configured source-tag priority breaks valid same-filing ties.
figs,FIGS,0001628280-25-008688,10-K,2025-02-27,2022-01-01,2022-12-31,2022,FY,364.0,revenue,us-gaap,RevenueFromContractWithCustomerExcludingAssessedTax,505835000.0,505.835,USD_millions,flow,1,https://www.sec.gov/Archives/edgar/data/1846576/000162828025008688/,2026-08-05T17:49:37+00:00,0001846576,USD,2024,CY2022,True,latest_valid_restated_sec_companyfacts,Latest valid filing available as of 2026-08-05; configured source-tag priority breaks valid same-filing ties.
figs,FIGS,0001628280-24-007659,10-K,2024-02-28,,2022-12-31,2022,FY,,total_assets,us-gaap,Assets,395064000.0,395.064,USD_millions,stock,1,https://www.sec.gov/Archives/edgar/data/1846576/000162828024007659/,2026-08-05T17:49:37+00:00,0001846576,USD,2023,CY2022Q4I,True,latest_valid_restated_sec_companyfacts,Latest valid filing available as of 2026-08-05; configured source-tag priority breaks valid same-filing ties.
figs,FIGS,0001628280-26-012333,10-K,2026-02-26,,2022-12-31,2022,FY,,total_equity,us-gaap,StockholdersEquity,307739000.0,307.739,USD_millions,stock,1,https://www.sec.gov/Archives/edgar/data/1846576/000162828026012333/,2026-08-05T17:49:37+00:00,0001846576,USD,2025,CY2022Q4I,True,latest_valid_restated_sec_companyfacts,Latest valid filing available as of 2026-08-05; configured source-tag priority breaks valid same-filing ties.
figs,FIGS,0001628280-24-007659,10-K,2024-02-28,,2022-12-31,2022,FY,,total_liabilities,us-gaap,Liabilities,87325000.0,87.325,USD_millions,stock,1,https://www.sec.gov/Archives/edgar/data/1846576/000162828024007659/,2026-08-05T17:49:37+00:00,0001846576,USD,2023,CY2022Q4I,True,latest_valid_restated_sec_companyfacts,Latest valid filing available as of 2026-08-05; configured source-tag priority breaks valid same-filing ties.
figs,FIGS,0001628280-26-012333,10-K,2026-02-26,2023-01-01,2023-12-31,2023,FY,364.0,capital_expenditure,us-gaap,PaymentsToAcquirePropertyPlantAndEquipment,16348000.0,16.348,USD_millions,flow,1,https://www.sec.gov/Archives/edgar/data/1846576/000162828026012333/,2026-08-05T17:49:37+00:00,0001846576,USD,2025,CY2023,True,latest_valid_restated_sec_companyfacts,Latest valid filing available as of 2026-08-05; configured source-tag priority breaks valid same-filing ties.
figs,FIGS,0001628280-25-008688,10-K,2025-02-27,,2023-12-31,2023,FY,,cash_and_equivalents,us-gaap,CashAndCashEquivalentsAtCarryingValue,144173000.0,144.173,USD_millions,stock,1,https://www.sec.gov/Archives/edgar/data/1846576/000162828025008688/,2026-08-05T17:49:37+00:00,0001846576,USD,2024,CY2023Q4I,True,latest_valid_restated_sec_companyfacts,Latest valid filing available as of 2026-08-05; configured source-tag priority breaks valid same-filing ties.
figs,FIGS,0001628280-25-008688,10-K,2025-02-27,,2023-12-31,2023,FY,,current_assets,us-gaap,AssetsCurrent,385659000.0,385.659,USD_millions,stock,1,https://www.sec.gov/Archives/edgar/data/1846576/000162828025008688/,2026-08-05T17:49:37+00:00,0001846576,USD,2024,CY2023Q4I,True,latest_valid_restated_sec_companyfacts,Latest valid filing available as of 2026-08-05; configured source-tag priority breaks valid same-filing ties.
figs,FIGS,0001628280-25-008688,10-K,2025-02-27,,2023-12-31,2023,FY,,current_liabilities,us-gaap,LiabilitiesCurrent,57292000.0,57.292,USD_millions,stock,1,https://www.sec.gov/Archives/edgar/data/1846576/000162828025008688/,2026-08-05T17:49:37+00:00,0001846576,USD,2024,CY2023Q4I,True,latest_valid_restated_sec_companyfacts,Latest valid filing available as of 2026-08-05; configured source-tag priority breaks valid same-filing ties.
figs,FIGS,0001628280-26-012333,10-K,2026-02-26,2023-01-01,2023-12-31,2023,FY,364.0,free_cash_flow,project,derived:OperatingCashFlow-CapitalExpenditure,,84.56700000000001,USD,flow,0,https://www.sec.gov/Archives/edgar/data/1846576/000162828026012333/,2026-08-05T17:49:37+00:00,0001846576,USD,2025,CY2023,True,derived_from_latest_valid_components,Operating cash flow minus positive CapEx outflow.
figs,FIGS,0001628280-25-008688,10-K,2025-02-27,,2023-12-31,2023,FY,,inventory,us-gaap,InventoryNet,119040000.0,119.04,USD_millions,stock,1,https://www.sec.gov/Archives/edgar/data/1846576/000162828025008688/,2026-08-05T17:49:37+00:00,0001846576,USD,2024,CY2023Q4I,True,latest_valid_restated_sec_companyfacts,Latest valid filing available as of 2026-08-05; configured source-tag priority breaks valid same-filing ties.
figs,FIGS,0001628280-26-012333,10-K,2026-02-26,2023-01-01,2023-12-31,2023,FY,364.0,net_income,us-gaap,NetIncomeLoss,22637000.0,22.637,USD_millions,flow,1,https://www.sec.gov/Archives/edgar/data/1846576/000162828026012333/,2026-08-05T17:49:37+00:00,0001846576,USD,2025,,True,latest_valid_restated_sec_companyfacts,Latest valid filing available as of 2026-08-05; configured source-tag priority breaks valid same-filing ties.
figs,FIGS,0001628280-26-012333,10-K,2026-02-26,2023-01-01,2023-12-31,2023,FY,364.0,operating_cash_flow,us-gaap,NetCashProvidedByUsedInOperatingActivities,100915000.0,100.915,USD_millions,flow,1,https://www.sec.gov/Archives/edgar/data/1846576/000162828026012333/,2026-08-05T17:49:37+00:00,0001846576,USD,2025,CY2023,True,latest_valid_restated_sec_companyfacts,Latest valid filing available as of 2026-08-05; configured source-tag priority breaks valid same-filing ties.
figs,FIGS,0001628280-26-012333,10-K,2026-02-26,2023-01-01,2023-12-31,2023,FY,364.0,operating_income,us-gaap,OperatingIncomeLoss,34045000.0,34.045,USD_millions,flow,1,https://www.sec.gov/Archives/edgar/data/1846576/000162828026012333/,2026-08-05T17:49:37+00:00,0001846576,USD,2025,CY2023,True,latest_valid_restated_sec_companyfacts,Latest valid filing available as of 2026-08-05; configured source-tag priority breaks valid same-filing ties.
figs,FIGS,0001628280-26-012333,10-K,2026-02-26,2023-01-01,2023-12-31,2023,FY,364.0,revenue,us-gaap,RevenueFromContractWithCustomerExcludingAssessedTax,545646000.0,545.646,USD_millions,flow,1,https://www.sec.gov/Archives/edgar/data/1846576/000162828026012333/,2026-08-05T17:49:37+00:00,0001846576,USD,2025,CY2023,True,latest_valid_restated_sec_companyfacts,Latest valid filing available as of 2026-08-05; configured source-tag priority breaks valid same-filing ties.
figs,FIGS,0001628280-25-008688,10-K,2025-02-27,,2023-12-31,2023,FY,,total_assets,us-gaap,Assets,473209000.0,473.209,USD_millions,stock,1,https://www.sec.gov/Archives/edgar/data/1846576/000162828025008688/,2026-08-05T17:49:37+00:00,0001846576,USD,2024,CY2023Q4I,True,latest_valid_restated_sec_companyfacts,Latest valid filing available as of 2026-08-05; configured source-tag priority breaks valid same-filing ties.
figs,FIGS,0001628280-26-012333,10-K,2026-02-26,,2023-12-31,2023,FY,,total_equity,us-gaap,StockholdersEquity,376850000.0,376.85,USD_millions,stock,1,https://www.sec.gov/Archives/edgar/data/1846576/000162828026012333/,2026-08-05T17:49:37+00:00,0001846576,USD,2025,CY2023Q4I,True,latest_valid_restated_sec_companyfacts,Latest valid filing available as of 2026-08-05; configured source-tag priority breaks valid same-filing ties.
figs,FIGS,0001628280-25-008688,10-K,2025-02-27,,2023-12-31,2023,FY,,total_liabilities,us-gaap,Liabilities,96359000.0,96.359,USD_millions,stock,1,https://www.sec.gov/Archives/edgar/data/1846576/000162828025008688/,2026-08-05T17:49:37+00:00,0001846576,USD,2024,CY2023Q4I,True,latest_valid_restated_sec_companyfacts,Latest valid filing available as of 2026-08-05; configured source-tag priority breaks valid same-filing ties.
figs,FIGS,0001628280-26-012333,10-K,2026-02-26,2024-01-01,2024-12-31,2024,FY,365.0,capital_expenditure,us-gaap,PaymentsToAcquirePropertyPlantAndEquipment,17021000.0,17.021,USD_millions,flow,1,https://www.sec.gov/Archives/edgar/data/1846576/000162828026012333/,2026-08-05T17:49:37+00:00,0001846576,USD,2025,CY2024,True,latest_valid_restated_sec_companyfacts,Latest valid filing available as of 2026-08-05; configured source-tag priority breaks valid same-filing ties.
figs,FIGS,0001628280-26-012333,10-K,2026-02-26,,2024-12-31,2024,FY,,cash_and_equivalents,us-gaap,CashAndCashEquivalentsAtCarryingValue,85645000.0,85.645,USD_millions,stock,1,https://www.sec.gov/Archives/edgar/data/1846576/000162828026012333/,2026-08-05T17:49:37+00:00,0001846576,USD,2025,CY2024Q4I,True,latest_valid_restated_sec_companyfacts,Latest valid filing available as of 2026-08-05; configured source-tag priority breaks valid same-filing ties.
figs,FIGS,0001628280-26-012333,10-K,2026-02-26,,2024-12-31,2024,FY,,current_assets,us-gaap,AssetsCurrent,382766000.0,382.766,USD_millions,stock,1,https://www.sec.gov/Archives/edgar/data/1846576/000162828026012333/,2026-08-05T17:49:37+00:00,0001846576,USD,2025,CY2024Q4I,True,latest_valid_restated_sec_companyfacts,Latest valid filing available as of 2026-08-05; configured source-tag priority breaks valid same-filing ties.
figs,FIGS,0001628280-26-012333,10-K,2026-02-26,,2024-12-31,2024,FY,,current_liabilities,us-gaap,LiabilitiesCurrent,90142000.0,90.142,USD_millions,stock,1,https://www.sec.gov/Archives/edgar/data/1846576/000162828026012333/,2026-08-05T17:49:37+00:00,0001846576,USD,2025,CY2024Q4I,True,latest_valid_restated_sec_companyfacts,Latest valid filing available as of 2026-08-05; configured source-tag priority breaks valid same-filing ties.
figs,FIGS,0001628280-26-012333,10-K,2026-02-26,2024-01-01,2024-12-31,2024,FY,365.0,free_cash_flow,project,derived:OperatingCashFlow-CapitalExpenditure,,64.141,USD,flow,0,https://www.sec.gov/Archives/edgar/data/1846576/000162828026012333/,2026-08-05T17:49:37+00:00,0001846576,USD,2025,CY2024,True,derived_from_latest_valid_components,Operating cash flow minus positive CapEx outflow.
figs,FIGS,0001628280-26-012333,10-K,2026-02-26,,2024-12-31,2024,FY,,inventory,us-gaap,InventoryNet,115759000.0,115.759,USD_millions,stock,1,https://www.sec.gov/Archives/edgar/data/1846576/000162828026012333/,2026-08-05T17:49:37+00:00,0001846576,USD,2025,CY2024Q4I,True,latest_valid_restated_sec_companyfacts,Latest valid filing available as of 2026-08-05; configured source-tag priority breaks valid same-filing ties.
figs,FIGS,0001628280-26-012333,10-K,2026-02-26,2024-01-01,2024-12-31,2024,FY,365.0,net_income,us-gaap,NetIncomeLoss,2720000.0,2.72,USD_millions,flow,1,https://www.sec.gov/Archives/edgar/data/1846576/000162828026012333/,2026-08-05T17:49:37+00:00,0001846576,USD,2025,,True,latest_valid_restated_sec_companyfacts,Latest valid filing available as of 2026-08-05; configured source-tag priority breaks valid same-filing ties.
figs,FIGS,0001628280-26-012333,10-K,2026-02-26,2024-01-01,2024-12-31,2024,FY,365.0,operating_cash_flow,us-gaap,NetCashProvidedByUsedInOperatingActivities,81162000.0,81.162,USD_millions,flow,1,https://www.sec.gov/Archives/edgar/data/1846576/000162828026012333/,2026-08-05T17:49:37+00:00,0001846576,USD,2025,CY2024,True,latest_valid_restated_sec_companyfacts,Latest valid filing available as of 2026-08-05; configured source-tag priority breaks valid same-filing ties.
figs,FIGS,0001628280-26-012333,10-K,2026-02-26,2024-01-01,2024-12-31,2024,FY,365.0,operating_income,us-gaap,OperatingIncomeLoss,2265000.0,2.265,USD_millions,flow,1,https://www.sec.gov/Archives/edgar/data/1846576/000162828026012333/,2026-08-05T17:49:37+00:00,0001846576,USD,2025,CY2024,True,latest_valid_restated_sec_companyfacts,Latest valid filing available as of 2026-08-05; configured source-tag priority breaks valid same-filing ties.
figs,FIGS,0001628280-26-012333,10-K,2026-02-26,2024-01-01,2024-12-31,2024,FY,365.0,revenue,us-gaap,RevenueFromContractWithCustomerExcludingAssessedTax,555558000.0,555.558,USD_millions,flow,1,https://www.sec.gov/Archives/edgar/data/1846576/000162828026012333/,2026-08-05T17:49:37+00:00,0001846576,USD,2025,CY2024,True,latest_valid_restated_sec_companyfacts,Latest valid filing available as of 2026-08-05; configured source-tag priority breaks valid same-filing ties.
figs,FIGS,0001628280-26-012333,10-K,2026-02-26,,2024-12-31,2024,FY,,total_assets,us-gaap,Assets,509787000.0,509.787,USD_millions,stock,1,https://www.sec.gov/Archives/edgar/data/1846576/000162828026012333/,2026-08-05T17:49:37+00:00,0001846576,USD,2025,CY2024Q4I,True,latest_valid_restated_sec_companyfacts,Latest valid filing available as of 2026-08-05; configured source-tag priority breaks valid same-filing ties.
figs,FIGS,0001628280-26-012333,10-K,2026-02-26,,2024-12-31,2024,FY,,total_equity,us-gaap,StockholdersEquity,377132000.0,377.132,USD_millions,stock,1,https://www.sec.gov/Archives/edgar/data/1846576/000162828026012333/,2026-08-05T17:49:37+00:00,0001846576,USD,2025,,True,latest_valid_restated_sec_companyfacts,Latest valid filing available as of 2026-08-05; configured source-tag priority breaks valid same-filing ties.
figs,FIGS,0001628280-26-012333,10-K,2026-02-26,,2024-12-31,2024,FY,,total_liabilities,us-gaap,Liabilities,132655000.0,132.655,USD_millions,stock,1,https://www.sec.gov/Archives/edgar/data/1846576/000162828026012333/,2026-08-05T17:49:37+00:00,0001846576,USD,2025,CY2024Q4I,True,latest_valid_restated_sec_companyfacts,Latest valid filing available as of 2026-08-05; configured source-tag priority breaks valid same-filing ties.
love,LOVE,0001213900-19-007792,10-K,2019-05-03,2017-01-30,2018-02-04,2018,FY,370.0,capital_expenditure,us-gaap,PaymentsToAcquirePropertyPlantAndEquipment,6636489.0,6.636489,USD_millions,flow,1,https://www.sec.gov/Archives/edgar/data/1701758/000121390019007792/,2026-08-05T17:49:37+00:00,0001701758,USD,2019,CY2017,True,latest_valid_restated_sec_companyfacts,Latest valid filing available as of 2026-08-05; configured source-tag priority breaks valid same-filing ties.
love,LOVE,0001213900-20-010439,10-K,2020-04-29,,2018-02-04,2018,FY,,cash_and_equivalents,us-gaap,CashAndCashEquivalentsAtCarryingValue,9175951.0,9.175951,USD_millions,stock,1,https://www.sec.gov/Archives/edgar/data/1701758/000121390020010439/,2026-08-05T17:49:37+00:00,0001701758,USD,2020,CY2017Q4I,True,latest_valid_restated_sec_companyfacts,Latest valid filing available as of 2026-08-05; configured source-tag priority breaks valid same-filing ties.
love,LOVE,0001213900-19-007792,10-K,2019-05-03,,2018-02-04,2018,FY,,current_assets,us-gaap,AssetsCurrent,29685565.0,29.685565,USD_millions,stock,1,https://www.sec.gov/Archives/edgar/data/1701758/000121390019007792/,2026-08-05T17:49:37+00:00,0001701758,USD,2019,CY2017Q4I,True,latest_valid_restated_sec_companyfacts,Latest valid filing available as of 2026-08-05; configured source-tag priority breaks valid same-filing ties.
love,LOVE,0001213900-19-007792,10-K,2019-05-03,,2018-02-04,2018,FY,,current_liabilities,us-gaap,LiabilitiesCurrent,16739010.0,16.73901,USD_millions,stock,1,https://www.sec.gov/Archives/edgar/data/1701758/000121390019007792/,2026-08-05T17:49:37+00:00,0001701758,USD,2019,CY2017Q4I,True,latest_valid_restated_sec_companyfacts,Latest valid filing available as of 2026-08-05; configured source-tag priority breaks valid same-filing ties.
love,LOVE,0001213900-19-007792,10-K,2019-05-03,2017-01-30,2018-02-04,2018,FY,370.0,free_cash_flow,project,derived:OperatingCashFlow-CapitalExpenditure,,-9.376826,USD,flow,0,https://www.sec.gov/Archives/edgar/data/1701758/000121390019007792/,2026-08-05T17:49:37+00:00,0001701758,USD,2019,CY2017,True,derived_from_latest_valid_components,Operating cash flow minus positive CapEx outflow.
love,LOVE,0001213900-19-007792,10-K,2019-05-03,,2018-02-04,2018,FY,,inventory,us-gaap,InventoryNet,577326.0,0.577326,USD_millions,stock,1,https://www.sec.gov/Archives/edgar/data/1701758/000121390019007792/,2026-08-05T17:49:37+00:00,0001701758,USD,2019,,True,latest_valid_restated_sec_companyfacts,Latest valid filing available as of 2026-08-05; configured source-tag priority breaks valid same-filing ties.
love,LOVE,0001213900-19-007792,10-K,2019-05-03,2017-01-30,2018-02-04,2018,FY,370.0,net_income,us-gaap,NetIncomeLoss,-5501798.0,-5.501798,USD_millions,flow,1,https://www.sec.gov/Archives/edgar/data/1701758/000121390019007792/,2026-08-05T17:49:37+00:00,0001701758,USD,2019,CY2017,True,latest_valid_restated_sec_companyfacts,Latest valid filing available as of 2026-08-05; configured source-tag priority breaks valid same-filing ties.
love,LOVE,0001213900-19-007792,10-K,2019-05-03,2017-01-30,2018-02-04,2018,FY,370.0,operating_cash_flow,us-gaap,NetCashProvidedByUsedInOperatingActivities,-2740337.0,-2.740337,USD_millions,flow,1,https://www.sec.gov/Archives/edgar/data/1701758/000121390019007792/,2026-08-05T17:49:37+00:00,0001701758,USD,2019,CY2017,True,latest_valid_restated_sec_companyfacts,Latest valid filing available as of 2026-08-05; configured source-tag priority breaks valid same-filing ties.
love,LOVE,0001213900-19-007792,10-K,2019-05-03,2017-01-30,2018-02-04,2018,FY,370.0,operating_income,us-gaap,OperatingIncomeLoss,-5037833.0,-5.037833,USD_millions,flow,1,https://www.sec.gov/Archives/edgar/data/1701758/000121390019007792/,2026-08-05T17:49:37+00:00,0001701758,USD,2019,CY2017,True,latest_valid_restated_sec_companyfacts,Latest valid filing available as of 2026-08-05; configured source-tag priority breaks valid same-filing ties.
love,LOVE,0001213900-19-007792,10-K,2019-05-03,2017-01-30,2018-02-04,2018,FY,370.0,revenue,us-gaap,Revenues,101810413.0,101.810413,USD_millions,flow,4,https://www.sec.gov/Archives/edgar/data/1701758/000121390019007792/,2026-08-05T17:49:37+00:00,0001701758,USD,2019,CY2017,True,latest_valid_restated_sec_companyfacts,Latest valid filing available as of 2026-08-05; configured source-tag priority breaks valid same-filing ties.
love,LOVE,0001213900-19-007792,10-K,2019-05-03,,2018-02-04,2018,FY,,total_assets,us-gaap,Assets,41440935.0,41.440935,USD_millions,stock,1,https://www.sec.gov/Archives/edgar/data/1701758/000121390019007792/,2026-08-05T17:49:37+00:00,0001701758,USD,2019,CY2017Q4I,True,latest_valid_restated_sec_companyfacts,Latest valid filing available as of 2026-08-05; configured source-tag priority breaks valid same-filing ties.
love,LOVE,0001213900-20-010439,10-K,2020-04-29,,2018-02-04,2018,FY,,total_equity,us-gaap,StockholdersEquity,23638453.0,23.638453,USD_millions,stock,1,https://www.sec.gov/Archives/edgar/data/1701758/000121390020010439/,2026-08-05T17:49:37+00:00,0001701758,USD,2020,CY2017Q4I,True,latest_valid_restated_sec_companyfacts,Latest valid filing available as of 2026-08-05; configured source-tag priority breaks valid same-filing ties.
love,LOVE,0001213900-19-007792,10-K,2019-05-03,,2018-02-04,2018,FY,,total_liabilities,us-gaap,Liabilities,17802482.0,17.802482,USD_millions,stock,1,https://www.sec.gov/Archives/edgar/data/1701758/000121390019007792/,2026-08-05T17:49:37+00:00,0001701758,USD,2019,CY2017Q4I,True,latest_valid_restated_sec_companyfacts,Latest valid filing available as of 2026-08-05; configured source-tag priority breaks valid same-filing ties.
love,LOVE,0001213900-20-010439,10-K,2020-04-29,2018-02-05,2019-02-03,2019,FY,363.0,capital_expenditure,us-gaap,PaymentsToAcquirePropertyPlantAndEquipment,10747712.0,10.747712,USD_millions,flow,1,https://www.sec.gov/Archives/edgar/data/1701758/000121390020010439/,2026-08-05T17:49:37+00:00,0001701758,USD,2020,CY2018,True,latest_valid_restated_sec_companyfacts,Latest valid filing available as of 2026-08-05; configured source-tag priority breaks valid same-filing ties.
love,LOVE,0001213900-21-021548,10-K,2021-04-14,,2019-02-03,2019,FY,,cash_and_equivalents,us-gaap,CashAndCashEquivalentsAtCarryingValue,49070952.0,49.070952,USD_millions,stock,1,https://www.sec.gov/Archives/edgar/data/1701758/000121390021021548/,2026-08-05T17:49:37+00:00,0001701758,USD,2021,CY2018Q4I,True,latest_valid_restated_sec_companyfacts,Latest valid filing available as of 2026-08-05; configured source-tag priority breaks valid same-filing ties.
love,LOVE,0001213900-20-010439,10-K,2020-04-29,,2019-02-03,2019,FY,,current_assets,us-gaap,AssetsCurrent,85114262.0,85.114262,USD_millions,stock,1,https://www.sec.gov/Archives/edgar/data/1701758/000121390020010439/,2026-08-05T17:49:37+00:00,0001701758,USD,2020,CY2018Q4I,True,latest_valid_restated_sec_companyfacts,Latest valid filing available as of 2026-08-05; configured source-tag priority breaks valid same-filing ties.
love,LOVE,0001213900-20-010439,10-K,2020-04-29,,2019-02-03,2019,FY,,current_liabilities,us-gaap,LiabilitiesCurrent,24618619.0,24.618619,USD_millions,stock,1,https://www.sec.gov/Archives/edgar/data/1701758/000121390020010439/,2026-08-05T17:49:37+00:00,0001701758,USD,2020,CY2018Q4I,True,latest_valid_restated_sec_companyfacts,Latest valid filing available as of 2026-08-05; configured source-tag priority breaks valid same-filing ties.
love,LOVE,0001213900-20-010439,10-K,2020-04-29,2018-02-05,2019-02-03,2019,FY,363.0,free_cash_flow,project,derived:OperatingCashFlow-CapitalExpenditure,,-17.755381,USD,flow,0,https://www.sec.gov/Archives/edgar/data/1701758/000121390020010439/,2026-08-05T17:49:37+00:00,0001701758,USD,2020,CY2018,True,derived_from_latest_valid_components,Operating cash flow minus positive CapEx outflow.
love,LOVE,0001213900-20-010439,10-K,2020-04-29,2018-02-05,2019-02-03,2019,FY,363.0,net_income,us-gaap,NetIncomeLoss,-6704356.0,-6.704356,USD_millions,flow,1,https://www.sec.gov/Archives/edgar/data/1701758/000121390020010439/,2026-08-05T17:49:37+00:00,0001701758,USD,2020,CY2018,True,latest_valid_restated_sec_companyfacts,Latest valid filing available as of 2026-08-05; configured source-tag priority breaks valid same-filing ties.
love,LOVE,0001213900-20-010439,10-K,2020-04-29,2018-02-05,2019-02-03,2019,FY,363.0,operating_cash_flow,us-gaap,NetCashProvidedByUsedInOperatingActivities,-7007669.0,-7.007669,USD_millions,flow,1,https://www.sec.gov/Archives/edgar/data/1701758/000121390020010439/,2026-08-05T17:49:37+00:00,0001701758,USD,2020,CY2018,True,latest_valid_restated_sec_companyfacts,Latest valid filing available as of 2026-08-05; configured source-tag priority breaks valid same-filing ties.
love,LOVE,0001213900-20-010439,10-K,2020-04-29,2018-02-05,2019-02-03,2019,FY,363.0,operating_income,us-gaap,OperatingIncomeLoss,-7043313.0,-7.043313,USD_millions,flow,1,https://www.sec.gov/Archives/edgar/data/1701758/000121390020010439/,2026-08-05T17:49:37+00:00,0001701758,USD,2020,CY2018,True,latest_valid_restated_sec_companyfacts,Latest valid filing available as of 2026-08-05; configured source-tag priority breaks valid same-filing ties.
love,LOVE,0001213900-20-010439,10-K,2020-04-29,2018-02-05,2019-02-03,2019,FY,363.0,revenue,us-gaap,Revenues,165881297.0,165.881297,USD_millions,flow,4,https://www.sec.gov/Archives/edgar/data/1701758/000121390020010439/,2026-08-05T17:49:37+00:00,0001701758,USD,2020,CY2018,True,latest_valid_restated_sec_companyfacts,Latest valid filing available as of 2026-08-05; configured source-tag priority breaks valid same-filing ties.
love,LOVE,0001213900-20-010439,10-K,2020-04-29,,2019-02-03,2019,FY,,total_assets,us-gaap,Assets,105014305.0,105.014305,USD_millions,stock,1,https://www.sec.gov/Archives/edgar/data/1701758/000121390020010439/,2026-08-05T17:49:37+00:00,0001701758,USD,2020,CY2018Q4I,True,latest_valid_restated_sec_companyfacts,Latest valid filing available as of 2026-08-05; configured source-tag priority breaks valid same-filing ties.
love,LOVE,0001628280-22-007882,10-K,2022-03-30,,2019-02-03,2019,FY,,total_equity,us-gaap,StockholdersEquityIncludingPortionAttributableToNoncontrollingInterest,78770000.0,78.77,USD_millions,stock,2,https://www.sec.gov/Archives/edgar/data/1701758/000162828022007882/,2026-08-05T17:49:37+00:00,0001701758,USD,2022,CY2018Q4I,True,latest_valid_restated_sec_companyfacts,Latest valid filing available as of 2026-08-05; configured source-tag priority breaks valid same-filing ties.
love,LOVE,0001213900-20-010439,10-K,2020-04-29,,2019-02-03,2019,FY,,total_liabilities,us-gaap,Liabilities,26244171.0,26.244171,USD_millions,stock,1,https://www.sec.gov/Archives/edgar/data/1701758/000121390020010439/,2026-08-05T17:49:37+00:00,0001701758,USD,2020,CY2018Q4I,True,latest_valid_restated_sec_companyfacts,Latest valid filing available as of 2026-08-05; configured source-tag priority breaks valid same-filing ties.
love,LOVE,0001628280-22-007882,10-K,2022-03-30,2019-02-04,2020-02-02,2020,FY,363.0,capital_expenditure,us-gaap,PaymentsToAcquirePropertyPlantAndEquipment,10277000.0,10.277,USD_millions,flow,1,https://www.sec.gov/Archives/edgar/data/1701758/000162828022007882/,2026-08-05T17:49:37+00:00,0001701758,USD,2022,CY2019,True,latest_valid_restated_sec_companyfacts,Latest valid filing available as of 2026-08-05; configured source-tag priority breaks valid same-filing ties.
love,LOVE,0001213900-21-021548,10-K,2021-04-14,,2020-02-02,2020,FY,,cash_and_equivalents,us-gaap,CashAndCashEquivalentsAtCarryingValue,48538827.0,48.538827,USD_millions,stock,1,https://www.sec.gov/Archives/edgar/data/1701758/000121390021021548/,2026-08-05T17:49:37+00:00,0001701758,USD,2021,,True,latest_valid_restated_sec_companyfacts,Latest valid filing available as of 2026-08-05; configured source-tag priority breaks valid same-filing ties.
love,LOVE,0001213900-21-021548,10-K,2021-04-14,,2020-02-02,2020,FY,,current_assets,us-gaap,AssetsCurrent,100177736.0,100.177736,USD_millions,stock,1,https://www.sec.gov/Archives/edgar/data/1701758/000121390021021548/,2026-08-05T17:49:37+00:00,0001701758,USD,2021,CY2019Q4I,True,latest_valid_restated_sec_companyfacts,Latest valid filing available as of 2026-08-05; configured source-tag priority breaks valid same-filing ties.
love,LOVE,0001213900-21-021548,10-K,2021-04-14,,2020-02-02,2020,FY,,current_liabilities,us-gaap,LiabilitiesCurrent,32400995.0,32.400995,USD_millions,stock,1,https://www.sec.gov/Archives/edgar/data/1701758/000121390021021548/,2026-08-05T17:49:37+00:00,0001701758,USD,2021,CY2019Q4I,True,latest_valid_restated_sec_companyfacts,Latest valid filing available as of 2026-08-05; configured source-tag priority breaks valid same-filing ties.
love,LOVE,0001628280-22-007882,10-K,2022-03-30,2019-02-04,2020-02-02,2020,FY,363.0,free_cash_flow,project,derived:OperatingCashFlow-CapitalExpenditure,,-21.471,USD,flow,0,https://www.sec.gov/Archives/edgar/data/1701758/000162828022007882/,2026-08-05T17:49:37+00:00,0001701758,USD,2022,CY2019,True,derived_from_latest_valid_components,Operating cash flow minus positive CapEx outflow.
love,LOVE,0001213900-21-021548,10-K,2021-04-14,,2020-02-02,2020,FY,,inventory,us-gaap,InventoryNet,1097488.0,1.097488,USD_millions,stock,1,https://www.sec.gov/Archives/edgar/data/1701758/000121390021021548/,2026-08-05T17:49:37+00:00,0001701758,USD,2021,CY2019Q4I,True,latest_valid_restated_sec_companyfacts,Latest valid filing available as of 2026-08-05; configured source-tag priority breaks valid same-filing ties.
love,LOVE,0001628280-22-007882,10-K,2022-03-30,2019-02-04,2020-02-02,2020,FY,363.0,net_income,us-gaap,NetIncomeLoss,-15205000.0,-15.205,USD_millions,flow,1,https://www.sec.gov/Archives/edgar/data/1701758/000162828022007882/,2026-08-05T17:49:37+00:00,0001701758,USD,2022,CY2019,True,latest_valid_restated_sec_companyfacts,Latest valid filing available as of 2026-08-05; configured source-tag priority breaks valid same-filing ties.
love,LOVE,0001628280-22-007882,10-K,2022-03-30,2019-02-04,2020-02-02,2020,FY,363.0,operating_cash_flow,us-gaap,NetCashProvidedByUsedInOperatingActivities,-11194000.0,-11.194,USD_millions,flow,1,https://www.sec.gov/Archives/edgar/data/1701758/000162828022007882/,2026-08-05T17:49:37+00:00,0001701758,USD,2022,CY2019,True,latest_valid_restated_sec_companyfacts,Latest valid filing available as of 2026-08-05; configured source-tag priority breaks valid same-filing ties.
love,LOVE,0001628280-22-007882,10-K,2022-03-30,2019-02-04,2020-02-02,2020,FY,363.0,operating_income,us-gaap,OperatingIncomeLoss,-15809000.0,-15.809,USD_millions,flow,1,https://www.sec.gov/Archives/edgar/data/1701758/000162828022007882/,2026-08-05T17:49:37+00:00,0001701758,USD,2022,CY2019,True,latest_valid_restated_sec_companyfacts,Latest valid filing available as of 2026-08-05; configured source-tag priority breaks valid same-filing ties.
love,LOVE,0001628280-22-007882,10-K,2022-03-30,2019-02-04,2020-02-02,2020,FY,363.0,revenue,us-gaap,RevenueFromContractWithCustomerExcludingAssessedTax,233377000.0,233.377,USD_millions,flow,1,https://www.sec.gov/Archives/edgar/data/1701758/000162828022007882/,2026-08-05T17:49:37+00:00,0001701758,USD,2022,CY2019,True,latest_valid_restated_sec_companyfacts,Latest valid filing available as of 2026-08-05; configured source-tag priority breaks valid same-filing ties.
love,LOVE,0001213900-21-021548,10-K,2021-04-14,,2020-02-02,2020,FY,,total_assets,us-gaap,Assets,125663767.0,125.663767,USD_millions,stock,1,https://www.sec.gov/Archives/edgar/data/1701758/000121390021021548/,2026-08-05T17:49:37+00:00,0001701758,USD,2021,CY2019Q4I,True,latest_valid_restated_sec_companyfacts,Latest valid filing available as of 2026-08-05; configured source-tag priority breaks valid same-filing ties.
love,LOVE,0001628280-23-040367,10-K/A,2023-11-30,,2020-02-02,2020,FY,,total_equity,us-gaap,StockholdersEquityIncludingPortionAttributableToNoncontrollingInterest,90155000.0,90.155,USD_millions,stock,2,https://www.sec.gov/Archives/edgar/data/1701758/000162828023040367/,2026-08-05T17:49:37+00:00,0001701758,USD,2023,CY2019Q4I,True,latest_valid_restated_sec_companyfacts,Latest valid filing available as of 2026-08-05; configured source-tag priority breaks valid same-filing ties.
love,LOVE,0001213900-21-021548,10-K,2021-04-14,,2020-02-02,2020,FY,,total_liabilities,us-gaap,Liabilities,35509240.0,35.50924,USD_millions,stock,1,https://www.sec.gov/Archives/edgar/data/1701758/000121390021021548/,2026-08-05T17:49:37+00:00,0001701758,USD,2021,CY2019Q4I,True,latest_valid_restated_sec_companyfacts,Latest valid filing available as of 2026-08-05; configured source-tag priority breaks valid same-filing ties.
love,LOVE,0001628280-23-040367,10-K/A,2023-11-30,2020-02-03,2021-01-31,2021,FY,363.0,capital_expenditure,us-gaap,PaymentsToAcquirePropertyPlantAndEquipment,8374000.0,8.374,USD_millions,flow,1,https://www.sec.gov/Archives/edgar/data/1701758/000162828023040367/,2026-08-05T17:49:37+00:00,0001701758,USD,2023,CY2020,True,latest_valid_restated_sec_companyfacts,Latest valid filing available as of 2026-08-05; configured source-tag priority breaks valid same-filing ties.
love,LOVE,0001628280-22-007882,10-K,2022-03-30,,2021-01-31,2021,FY,,cash_and_equivalents,us-gaap,CashAndCashEquivalentsAtCarryingValue,78341000.0,78.341,USD_millions,stock,1,https://www.sec.gov/Archives/edgar/data/1701758/000162828022007882/,2026-08-05T17:49:37+00:00,0001701758,USD,2022,CY2020Q4I,True,latest_valid_restated_sec_companyfacts,Latest valid filing available as of 2026-08-05; configured source-tag priority breaks valid same-filing ties.
love,LOVE,0001628280-22-007882,10-K,2022-03-30,,2021-01-31,2021,FY,,current_assets,us-gaap,AssetsCurrent,143399000.0,143.399,USD_millions,stock,1,https://www.sec.gov/Archives/edgar/data/1701758/000162828022007882/,2026-08-05T17:49:37+00:00,0001701758,USD,2022,CY2020Q4I,True,latest_valid_restated_sec_companyfacts,Latest valid filing available as of 2026-08-05; configured source-tag priority breaks valid same-filing ties.
love,LOVE,0001628280-22-007882,10-K,2022-03-30,,2021-01-31,2021,FY,,current_liabilities,us-gaap,LiabilitiesCurrent,56324000.0,56.324,USD_millions,stock,1,https://www.sec.gov/Archives/edgar/data/1701758/000162828022007882/,2026-08-05T17:49:37+00:00,0001701758,USD,2022,CY2020Q4I,True,latest_valid_restated_sec_companyfacts,Latest valid filing available as of 2026-08-05; configured source-tag priority breaks valid same-filing ties.
love,LOVE,0001628280-23-040367,10-K/A,2023-11-30,2020-02-03,2021-01-31,2021,FY,363.0,free_cash_flow,project,derived:OperatingCashFlow-CapitalExpenditure,,32.147,USD,flow,0,https://www.sec.gov/Archives/edgar/data/1701758/000162828023040367/,2026-08-05T17:49:37+00:00,0001701758,USD,2023,CY2020,True,derived_from_latest_valid_components,Operating cash flow minus positive CapEx outflow.
love,LOVE,0001213900-21-021548,10-K,2021-04-14,,2021-01-31,2021,FY,,inventory,us-gaap,InventoryNet,3169825.0,3.169825,USD_millions,stock,1,https://www.sec.gov/Archives/edgar/data/1701758/000121390021021548/,2026-08-05T17:49:37+00:00,0001701758,USD,2021,,True,latest_valid_restated_sec_companyfacts,Latest valid filing available as of 2026-08-05; configured source-tag priority breaks valid same-filing ties.
love,LOVE,0001628280-23-040367,10-K/A,2023-11-30,2020-02-03,2021-01-31,2021,FY,363.0,net_income,us-gaap,NetIncomeLoss,14727000.0,14.727,USD_millions,flow,1,https://www.sec.gov/Archives/edgar/data/1701758/000162828023040367/,2026-08-05T17:49:37+00:00,0001701758,USD,2023,CY2020,True,latest_valid_restated_sec_companyfacts,Latest valid filing available as of 2026-08-05; configured source-tag priority breaks valid same-filing ties.
love,LOVE,0001628280-23-040367,10-K/A,2023-11-30,2020-02-03,2021-01-31,2021,FY,363.0,operating_cash_flow,us-gaap,NetCashProvidedByUsedInOperatingActivities,40521000.0,40.521,USD_millions,flow,1,https://www.sec.gov/Archives/edgar/data/1701758/000162828023040367/,2026-08-05T17:49:37+00:00,0001701758,USD,2023,CY2020,True,latest_valid_restated_sec_companyfacts,Latest valid filing available as of 2026-08-05; configured source-tag priority breaks valid same-filing ties.
love,LOVE,0001628280-23-040367,10-K/A,2023-11-30,2020-02-03,2021-01-31,2021,FY,363.0,operating_income,us-gaap,OperatingIncomeLoss,14880000.0,14.88,USD_millions,flow,1,https://www.sec.gov/Archives/edgar/data/1701758/000162828023040367/,2026-08-05T17:49:37+00:00,0001701758,USD,2023,CY2020,True,latest_valid_restated_sec_companyfacts,Latest valid filing available as of 2026-08-05; configured source-tag priority breaks valid same-filing ties.
love,LOVE,0001628280-23-040367,10-K/A,2023-11-30,2020-02-03,2021-01-31,2021,FY,363.0,revenue,us-gaap,RevenueFromContractWithCustomerExcludingAssessedTax,320738000.0,320.738,USD_millions,flow,1,https://www.sec.gov/Archives/edgar/data/1701758/000162828023040367/,2026-08-05T17:49:37+00:00,0001701758,USD,2023,CY2020,True,latest_valid_restated_sec_companyfacts,Latest valid filing available as of 2026-08-05; configured source-tag priority breaks valid same-filing ties.
love,LOVE,0001628280-22-007882,10-K,2022-03-30,,2021-01-31,2021,FY,,total_assets,us-gaap,Assets,171019000.0,171.019,USD_millions,stock,1,https://www.sec.gov/Archives/edgar/data/1701758/000162828022007882/,2026-08-05T17:49:37+00:00,0001701758,USD,2022,CY2020Q4I,True,latest_valid_restated_sec_companyfacts,Latest valid filing available as of 2026-08-05; configured source-tag priority breaks valid same-filing ties.
love,LOVE,0001628280-24-015804,10-K,2024-04-11,,2021-01-31,2021,FY,,total_equity,us-gaap,StockholdersEquity,107946000.0,107.946,USD_millions,stock,1,https://www.sec.gov/Archives/edgar/data/1701758/000162828024015804/,2026-08-05T17:49:37+00:00,0001701758,USD,2024,CY2020Q4I,True,latest_valid_restated_sec_companyfacts,Latest valid filing available as of 2026-08-05; configured source-tag priority breaks valid same-filing ties.
love,LOVE,0001628280-22-007882,10-K,2022-03-30,,2021-01-31,2021,FY,,total_liabilities,us-gaap,Liabilities,63073000.0,63.073,USD_millions,stock,1,https://www.sec.gov/Archives/edgar/data/1701758/000162828022007882/,2026-08-05T17:49:37+00:00,0001701758,USD,2022,CY2020Q4I,True,latest_valid_restated_sec_companyfacts,Latest valid filing available as of 2026-08-05; configured source-tag priority breaks valid same-filing ties.
love,LOVE,0001628280-24-015804,10-K,2024-04-11,2021-02-01,2022-01-30,2022,FY,363.0,capital_expenditure,us-gaap,PaymentsToAcquirePropertyPlantAndEquipment,14615000.0,14.615,USD_millions,flow,1,https://www.sec.gov/Archives/edgar/data/1701758/000162828024015804/,2026-08-05T17:49:37+00:00,0001701758,USD,2024,CY2021,True,latest_valid_restated_sec_companyfacts,Latest valid filing available as of 2026-08-05; configured source-tag priority breaks valid same-filing ties.
love,LOVE,0001628280-23-040367,10-K/A,2023-11-30,,2022-01-30,2022,FY,,cash_and_equivalents,us-gaap,CashAndCashEquivalentsAtCarryingValue,92392000.0,92.392,USD_millions,stock,1,https://www.sec.gov/Archives/edgar/data/1701758/000162828023040367/,2026-08-05T17:49:37+00:00,0001701758,USD,2023,CY2021Q4I,True,latest_valid_restated_sec_companyfacts,Latest valid filing available as of 2026-08-05; configured source-tag priority breaks valid same-filing ties.
love,LOVE,0001628280-23-040367,10-K/A,2023-11-30,,2022-01-30,2022,FY,,current_assets,us-gaap,AssetsCurrent,221731000.0,221.731,USD_millions,stock,1,https://www.sec.gov/Archives/edgar/data/1701758/000162828023040367/,2026-08-05T17:49:37+00:00,0001701758,USD,2023,CY2021Q4I,True,latest_valid_restated_sec_companyfacts,Latest valid filing available as of 2026-08-05; configured source-tag priority breaks valid same-filing ties.
love,LOVE,0001628280-23-040367,10-K/A,2023-11-30,,2022-01-30,2022,FY,,current_liabilities,us-gaap,LiabilitiesCurrent,114696000.0,114.696,USD_millions,stock,1,https://www.sec.gov/Archives/edgar/data/1701758/000162828023040367/,2026-08-05T17:49:37+00:00,0001701758,USD,2023,CY2021Q4I,True,latest_valid_restated_sec_companyfacts,Latest valid filing available as of 2026-08-05; configured source-tag priority breaks valid same-filing ties.
love,LOVE,0001628280-24-015804,10-K,2024-04-11,2021-02-01,2022-01-30,2022,FY,363.0,free_cash_flow,project,derived:OperatingCashFlow-CapitalExpenditure,,18.033,USD,flow,0,https://www.sec.gov/Archives/edgar/data/1701758/000162828024015804/,2026-08-05T17:49:37+00:00,0001701758,USD,2024,CY2021,True,derived_from_latest_valid_components,Operating cash flow minus positive CapEx outflow.
love,LOVE,0001628280-24-015804,10-K,2024-04-11,2021-02-01,2022-01-30,2022,FY,363.0,net_income,us-gaap,NetIncomeLoss,47488000.0,47.488,USD_millions,flow,1,https://www.sec.gov/Archives/edgar/data/1701758/000162828024015804/,2026-08-05T17:49:37+00:00,0001701758,USD,2024,,True,latest_valid_restated_sec_companyfacts,Latest valid filing available as of 2026-08-05; configured source-tag priority breaks valid same-filing ties.
love,LOVE,0001628280-24-015804,10-K,2024-04-11,2021-02-01,2022-01-30,2022,FY,363.0,operating_cash_flow,us-gaap,NetCashProvidedByUsedInOperatingActivities,32648000.0,32.648,USD_millions,flow,1,https://www.sec.gov/Archives/edgar/data/1701758/000162828024015804/,2026-08-05T17:49:37+00:00,0001701758,USD,2024,CY2021,True,latest_valid_restated_sec_companyfacts,Latest valid filing available as of 2026-08-05; configured source-tag priority breaks valid same-filing ties.
love,LOVE,0001628280-24-015804,10-K,2024-04-11,2021-02-01,2022-01-30,2022,FY,363.0,operating_income,us-gaap,OperatingIncomeLoss,40578000.0,40.578,USD_millions,flow,1,https://www.sec.gov/Archives/edgar/data/1701758/000162828024015804/,2026-08-05T17:49:37+00:00,0001701758,USD,2024,CY2021,True,latest_valid_restated_sec_companyfacts,Latest valid filing available as of 2026-08-05; configured source-tag priority breaks valid same-filing ties.
love,LOVE,0001628280-24-015804,10-K,2024-04-11,2021-02-01,2022-01-30,2022,FY,363.0,revenue,us-gaap,RevenueFromContractWithCustomerExcludingAssessedTax,498239000.0,498.239,USD_millions,flow,1,https://www.sec.gov/Archives/edgar/data/1701758/000162828024015804/,2026-08-05T17:49:37+00:00,0001701758,USD,2024,CY2021,True,latest_valid_restated_sec_companyfacts,Latest valid filing available as of 2026-08-05; configured source-tag priority breaks valid same-filing ties.
love,LOVE,0001628280-23-040367,10-K/A,2023-11-30,,2022-01-30,2022,FY,,total_assets,us-gaap,Assets,369084000.0,369.084,USD_millions,stock,1,https://www.sec.gov/Archives/edgar/data/1701758/000162828023040367/,2026-08-05T17:49:37+00:00,0001701758,USD,2023,CY2021Q4I,True,latest_valid_restated_sec_companyfacts,Latest valid filing available as of 2026-08-05; configured source-tag priority breaks valid same-filing ties.
love,LOVE,0001628280-25-017241,10-K,2025-04-10,,2022-01-30,2022,FY,,total_equity,us-gaap,StockholdersEquity,157814000.0,157.814,USD_millions,stock,1,https://www.sec.gov/Archives/edgar/data/1701758/000162828025017241/,2026-08-05T17:49:37+00:00,0001701758,USD,2025,CY2021Q4I,True,latest_valid_restated_sec_companyfacts,Latest valid filing available as of 2026-08-05; configured source-tag priority breaks valid same-filing ties.
love,LOVE,0001628280-23-040367,10-K/A,2023-11-30,,2022-01-30,2022,FY,,total_liabilities,us-gaap,Liabilities,211270000.0,211.27,USD_millions,stock,1,https://www.sec.gov/Archives/edgar/data/1701758/000162828023040367/,2026-08-05T17:49:37+00:00,0001701758,USD,2023,CY2021Q4I,True,latest_valid_restated_sec_companyfacts,Latest valid filing available as of 2026-08-05; configured source-tag priority breaks valid same-filing ties.
love,LOVE,0001628280-25-017241,10-K,2025-04-10,2022-01-31,2023-01-29,2023,FY,363.0,capital_expenditure,us-gaap,PaymentsToAcquirePropertyPlantAndEquipment,25242000.0,25.242,USD_millions,flow,1,https://www.sec.gov/Archives/edgar/data/1701758/000162828025017241/,2026-08-05T17:49:37+00:00,0001701758,USD,2025,CY2022,True,latest_valid_restated_sec_companyfacts,Latest valid filing available as of 2026-08-05; configured source-tag priority breaks valid same-filing ties.
love,LOVE,0001628280-24-015804,10-K,2024-04-11,,2023-01-29,2023,FY,,cash_and_equivalents,us-gaap,CashAndCashEquivalentsAtCarryingValue,43533000.0,43.533,USD_millions,stock,1,https://www.sec.gov/Archives/edgar/data/1701758/000162828024015804/,2026-08-05T17:49:37+00:00,0001701758,USD,2024,CY2022Q4I,True,latest_valid_restated_sec_companyfacts,Latest valid filing available as of 2026-08-05; configured source-tag priority breaks valid same-filing ties.
love,LOVE,0001628280-24-015804,10-K,2024-04-11,,2023-01-29,2023,FY,,current_assets,us-gaap,AssetsCurrent,187715000.0,187.715,USD_millions,stock,1,https://www.sec.gov/Archives/edgar/data/1701758/000162828024015804/,2026-08-05T17:49:37+00:00,0001701758,USD,2024,CY2022Q4I,True,latest_valid_restated_sec_companyfacts,Latest valid filing available as of 2026-08-05; configured source-tag priority breaks valid same-filing ties.
love,LOVE,0001628280-24-015804,10-K,2024-04-11,,2023-01-29,2023,FY,,current_liabilities,us-gaap,LiabilitiesCurrent,82041000.0,82.041,USD_millions,stock,1,https://www.sec.gov/Archives/edgar/data/1701758/000162828024015804/,2026-08-05T17:49:37+00:00,0001701758,USD,2024,CY2022Q4I,True,latest_valid_restated_sec_companyfacts,Latest valid filing available as of 2026-08-05; configured source-tag priority breaks valid same-filing ties.
love,LOVE,0001628280-25-017241,10-K,2025-04-10,2022-01-31,2023-01-29,2023,FY,363.0,free_cash_flow,project,derived:OperatingCashFlow-CapitalExpenditure,,-46.617000000000004,USD,flow,0,https://www.sec.gov/Archives/edgar/data/1701758/000162828025017241/,2026-08-05T17:49:37+00:00,0001701758,USD,2025,CY2022,True,derived_from_latest_valid_components,Operating cash flow minus positive CapEx outflow.
love,LOVE,0001628280-25-017241,10-K,2025-04-10,2022-01-31,2023-01-29,2023,FY,363.0,net_income,us-gaap,NetIncomeLoss,26488000.0,26.488,USD_millions,flow,1,https://www.sec.gov/Archives/edgar/data/1701758/000162828025017241/,2026-08-05T17:49:37+00:00,0001701758,USD,2025,,True,latest_valid_restated_sec_companyfacts,Latest valid filing available as of 2026-08-05; configured source-tag priority breaks valid same-filing ties.
love,LOVE,0001628280-25-017241,10-K,2025-04-10,2022-01-31,2023-01-29,2023,FY,363.0,operating_cash_flow,us-gaap,NetCashProvidedByUsedInOperatingActivities,-21375000.0,-21.375,USD_millions,flow,1,https://www.sec.gov/Archives/edgar/data/1701758/000162828025017241/,2026-08-05T17:49:37+00:00,0001701758,USD,2025,CY2022,True,latest_valid_restated_sec_companyfacts,Latest valid filing available as of 2026-08-05; configured source-tag priority breaks valid same-filing ties.
love,LOVE,0001628280-25-017241,10-K,2025-04-10,2022-01-31,2023-01-29,2023,FY,363.0,operating_income,us-gaap,OperatingIncomeLoss,36966000.0,36.966,USD_millions,flow,1,https://www.sec.gov/Archives/edgar/data/1701758/000162828025017241/,2026-08-05T17:49:37+00:00,0001701758,USD,2025,CY2022,True,latest_valid_restated_sec_companyfacts,Latest valid filing available as of 2026-08-05; configured source-tag priority breaks valid same-filing ties.
love,LOVE,0001628280-25-017241,10-K,2025-04-10,2022-01-31,2023-01-29,2023,FY,363.0,revenue,us-gaap,RevenueFromContractWithCustomerExcludingAssessedTax,651179000.0,651.179,USD_millions,flow,1,https://www.sec.gov/Archives/edgar/data/1701758/000162828025017241/,2026-08-05T17:49:37+00:00,0001701758,USD,2025,CY2022,True,latest_valid_restated_sec_companyfacts,Latest valid filing available as of 2026-08-05; configured source-tag priority breaks valid same-filing ties.
love,LOVE,0001628280-24-015804,10-K,2024-04-11,,2023-01-29,2023,FY,,total_assets,us-gaap,Assets,408626000.0,408.626,USD_millions,stock,1,https://www.sec.gov/Archives/edgar/data/1701758/000162828024015804/,2026-08-05T17:49:37+00:00,0001701758,USD,2024,CY2022Q4I,True,latest_valid_restated_sec_companyfacts,Latest valid filing available as of 2026-08-05; configured source-tag priority breaks valid same-filing ties.
love,LOVE,0001628280-26-022929,10-K,2026-04-02,,2023-01-29,2023,FY,,total_equity,us-gaap,StockholdersEquity,193094000.0,193.094,USD_millions,stock,1,https://www.sec.gov/Archives/edgar/data/1701758/000162828026022929/,2026-08-05T17:49:37+00:00,0001701758,USD,2026,CY2022Q4I,True,latest_valid_restated_sec_companyfacts,Latest valid filing available as of 2026-08-05; configured source-tag priority breaks valid same-filing ties.
love,LOVE,0001628280-24-015804,10-K,2024-04-11,,2023-01-29,2023,FY,,total_liabilities,us-gaap,Liabilities,215532000.0,215.532,USD_millions,stock,1,https://www.sec.gov/Archives/edgar/data/1701758/000162828024015804/,2026-08-05T17:49:37+00:00,0001701758,USD,2024,CY2022Q4I,True,latest_valid_restated_sec_companyfacts,Latest valid filing available as of 2026-08-05; configured source-tag priority breaks valid same-filing ties.
love,LOVE,0001628280-26-022929,10-K,2026-04-02,2023-01-30,2024-02-04,2024,FY,370.0,capital_expenditure,us-gaap,PaymentsToAcquirePropertyPlantAndEquipment,28736000.0,28.736,USD_millions,flow,1,https://www.sec.gov/Archives/edgar/data/1701758/000162828026022929/,2026-08-05T17:49:37+00:00,0001701758,USD,2026,CY2023,True,latest_valid_restated_sec_companyfacts,Latest valid filing available as of 2026-08-05; configured source-tag priority breaks valid same-filing ties.
love,LOVE,0001628280-25-017241,10-K,2025-04-10,,2024-02-04,2024,FY,,cash_and_equivalents,us-gaap,CashAndCashEquivalentsAtCarryingValue,87036000.0,87.036,USD_millions,stock,1,https://www.sec.gov/Archives/edgar/data/1701758/000162828025017241/,2026-08-05T17:49:37+00:00,0001701758,USD,2025,CY2023Q4I,True,latest_valid_restated_sec_companyfacts,Latest valid filing available as of 2026-08-05; configured source-tag priority breaks valid same-filing ties.
love,LOVE,0001628280-25-017241,10-K,2025-04-10,,2024-02-04,2024,FY,,current_assets,us-gaap,AssetsCurrent,214448000.0,214.448,USD_millions,stock,1,https://www.sec.gov/Archives/edgar/data/1701758/000162828025017241/,2026-08-05T17:49:37+00:00,0001701758,USD,2025,CY2023Q4I,True,latest_valid_restated_sec_companyfacts,Latest valid filing available as of 2026-08-05; configured source-tag priority breaks valid same-filing ties.
love,LOVE,0001628280-25-017241,10-K,2025-04-10,,2024-02-04,2024,FY,,current_liabilities,us-gaap,LiabilitiesCurrent,106356000.0,106.356,USD_millions,stock,1,https://www.sec.gov/Archives/edgar/data/1701758/000162828025017241/,2026-08-05T17:49:37+00:00,0001701758,USD,2025,CY2023Q4I,True,latest_valid_restated_sec_companyfacts,Latest valid filing available as of 2026-08-05; configured source-tag priority breaks valid same-filing ties.
love,LOVE,0001628280-26-022929,10-K,2026-04-02,2023-01-30,2024-02-04,2024,FY,370.0,free_cash_flow,project,derived:OperatingCashFlow-CapitalExpenditure,,47.705,USD,flow,0,https://www.sec.gov/Archives/edgar/data/1701758/000162828026022929/,2026-08-05T17:49:37+00:00,0001701758,USD,2026,CY2023,True,derived_from_latest_valid_components,Operating cash flow minus positive CapEx outflow.
love,LOVE,0001628280-26-022929,10-K,2026-04-02,2023-01-30,2024-02-04,2024,FY,370.0,net_income,us-gaap,NetIncomeLoss,23861000.0,23.861,USD_millions,flow,1,https://www.sec.gov/Archives/edgar/data/1701758/000162828026022929/,2026-08-05T17:49:37+00:00,0001701758,USD,2026,,True,latest_valid_restated_sec_companyfacts,Latest valid filing available as of 2026-08-05; configured source-tag priority breaks valid same-filing ties.
love,LOVE,0001628280-26-022929,10-K,2026-04-02,2023-01-30,2024-02-04,2024,FY,370.0,operating_cash_flow,us-gaap,NetCashProvidedByUsedInOperatingActivities,76441000.0,76.441,USD_millions,flow,1,https://www.sec.gov/Archives/edgar/data/1701758/000162828026022929/,2026-08-05T17:49:37+00:00,0001701758,USD,2026,CY2023,True,latest_valid_restated_sec_companyfacts,Latest valid filing available as of 2026-08-05; configured source-tag priority breaks valid same-filing ties.
love,LOVE,0001628280-26-022929,10-K,2026-04-02,2023-01-30,2024-02-04,2024,FY,370.0,operating_income,us-gaap,OperatingIncomeLoss,30076000.0,30.076,USD_millions,flow,1,https://www.sec.gov/Archives/edgar/data/1701758/000162828026022929/,2026-08-05T17:49:37+00:00,0001701758,USD,2026,CY2023,True,latest_valid_restated_sec_companyfacts,Latest valid filing available as of 2026-08-05; configured source-tag priority breaks valid same-filing ties.
love,LOVE,0001628280-26-022929,10-K,2026-04-02,2023-01-30,2024-02-04,2024,FY,370.0,revenue,us-gaap,RevenueFromContractWithCustomerExcludingAssessedTax,700265000.0,700.265,USD_millions,flow,1,https://www.sec.gov/Archives/edgar/data/1701758/000162828026022929/,2026-08-05T17:49:37+00:00,0001701758,USD,2026,CY2023,True,latest_valid_restated_sec_companyfacts,Latest valid filing available as of 2026-08-05; configured source-tag priority breaks valid same-filing ties.
love,LOVE,0001628280-25-017241,10-K,2025-04-10,,2024-02-04,2024,FY,,total_assets,us-gaap,Assets,482180000.0,482.18,USD_millions,stock,1,https://www.sec.gov/Archives/edgar/data/1701758/000162828025017241/,2026-08-05T17:49:37+00:00,0001701758,USD,2025,CY2023Q4I,True,latest_valid_restated_sec_companyfacts,Latest valid filing available as of 2026-08-05; configured source-tag priority breaks valid same-filing ties.
love,LOVE,0001628280-26-022929,10-K,2026-04-02,,2024-02-04,2024,FY,,total_equity,us-gaap,StockholdersEquity,217496000.0,217.496,USD_millions,stock,1,https://www.sec.gov/Archives/edgar/data/1701758/000162828026022929/,2026-08-05T17:49:37+00:00,0001701758,USD,2026,CY2023Q4I,True,latest_valid_restated_sec_companyfacts,Latest valid filing available as of 2026-08-05; configured source-tag priority breaks valid same-filing ties.
love,LOVE,0001628280-25-017241,10-K,2025-04-10,,2024-02-04,2024,FY,,total_liabilities,us-gaap,Liabilities,264684000.0,264.684,USD_millions,stock,1,https://www.sec.gov/Archives/edgar/data/1701758/000162828025017241/,2026-08-05T17:49:37+00:00,0001701758,USD,2025,CY2023Q4I,True,latest_valid_restated_sec_companyfacts,Latest valid filing available as of 2026-08-05; configured source-tag priority breaks valid same-filing ties.
pton,PTON,0001639825-20-000122,10-K,2020-09-11,2017-07-01,2018-06-30,2018,FY,364.0,capital_expenditure,us-gaap,PaymentsToAcquirePropertyPlantAndEquipment,28000000.0,28.0,USD_millions,flow,1,https://www.sec.gov/Archives/edgar/data/1639825/000163982520000122/,2026-08-05T17:49:37+00:00,0001639825,USD,2020,CY2018,True,latest_valid_restated_sec_companyfacts,Latest valid filing available as of 2026-08-05; configured source-tag priority breaks valid same-filing ties.
pton,PTON,0001639825-20-000122,10-K,2020-09-11,2017-07-01,2018-06-30,2018,FY,364.0,free_cash_flow,project,derived:OperatingCashFlow-CapitalExpenditure,,21.700000000000003,USD,flow,0,https://www.sec.gov/Archives/edgar/data/1639825/000163982520000122/,2026-08-05T17:49:37+00:00,0001639825,USD,2020,CY2018,True,derived_from_latest_valid_components,Operating cash flow minus positive CapEx outflow.
pton,PTON,0001639825-20-000122,10-K,2020-09-11,2017-07-01,2018-06-30,2018,FY,364.0,net_income,us-gaap,NetIncomeLoss,-47900000.0,-47.9,USD_millions,flow,1,https://www.sec.gov/Archives/edgar/data/1639825/000163982520000122/,2026-08-05T17:49:37+00:00,0001639825,USD,2020,CY2018,True,latest_valid_restated_sec_companyfacts,Latest valid filing available as of 2026-08-05; configured source-tag priority breaks valid same-filing ties.
pton,PTON,0001639825-20-000122,10-K,2020-09-11,2017-07-01,2018-06-30,2018,FY,364.0,operating_cash_flow,us-gaap,NetCashProvidedByUsedInOperatingActivities,49700000.0,49.7,USD_millions,flow,1,https://www.sec.gov/Archives/edgar/data/1639825/000163982520000122/,2026-08-05T17:49:37+00:00,0001639825,USD,2020,CY2018,True,latest_valid_restated_sec_companyfacts,Latest valid filing available as of 2026-08-05; configured source-tag priority breaks valid same-filing ties.
pton,PTON,0001639825-20-000122,10-K,2020-09-11,2017-07-01,2018-06-30,2018,FY,364.0,operating_income,us-gaap,OperatingIncomeLoss,-47500000.0,-47.5,USD_millions,flow,1,https://www.sec.gov/Archives/edgar/data/1639825/000163982520000122/,2026-08-05T17:49:37+00:00,0001639825,USD,2020,CY2018,True,latest_valid_restated_sec_companyfacts,Latest valid filing available as of 2026-08-05; configured source-tag priority breaks valid same-filing ties.
pton,PTON,0001639825-20-000122,10-K,2020-09-11,2017-07-01,2018-06-30,2018,FY,364.0,revenue,us-gaap,RevenueFromContractWithCustomerExcludingAssessedTax,435000000.0,435.0,USD_millions,flow,1,https://www.sec.gov/Archives/edgar/data/1639825/000163982520000122/,2026-08-05T17:49:37+00:00,0001639825,USD,2020,CY2018,True,latest_valid_restated_sec_companyfacts,Latest valid filing available as of 2026-08-05; configured source-tag priority breaks valid same-filing ties.
pton,PTON,0001639825-21-000256,10-K,2021-08-27,,2018-06-30,2018,FY,,total_equity,us-gaap,StockholdersEquity,-315600000.0,-315.6,USD_millions,stock,1,https://www.sec.gov/Archives/edgar/data/1639825/000163982521000256/,2026-08-05T17:49:37+00:00,0001639825,USD,2021,CY2018Q2I,True,latest_valid_restated_sec_companyfacts,Latest valid filing available as of 2026-08-05; configured source-tag priority breaks valid same-filing ties.
pton,PTON,0001639825-21-000256,10-K,2021-08-27,2018-07-01,2019-06-30,2019,FY,364.0,capital_expenditure,us-gaap,PaymentsToAcquirePropertyPlantAndEquipment,83000000.0,83.0,USD_millions,flow,1,https://www.sec.gov/Archives/edgar/data/1639825/000163982521000256/,2026-08-05T17:49:37+00:00,0001639825,USD,2021,CY2019,True,latest_valid_restated_sec_companyfacts,Latest valid filing available as of 2026-08-05; configured source-tag priority breaks valid same-filing ties.
pton,PTON,0001639825-20-000122,10-K,2020-09-11,,2019-06-30,2019,FY,,cash_and_equivalents,us-gaap,CashAndCashEquivalentsAtCarryingValue,162100000.0,162.1,USD_millions,stock,1,https://www.sec.gov/Archives/edgar/data/1639825/000163982520000122/,2026-08-05T17:49:37+00:00,0001639825,USD,2020,CY2019Q2I,True,latest_valid_restated_sec_companyfacts,Latest valid filing available as of 2026-08-05; configured source-tag priority breaks valid same-filing ties.
pton,PTON,0001639825-20-000122,10-K,2020-09-11,,2019-06-30,2019,FY,,current_assets,us-gaap,AssetsCurrent,581700000.0,581.7,USD_millions,stock,1,https://www.sec.gov/Archives/edgar/data/1639825/000163982520000122/,2026-08-05T17:49:37+00:00,0001639825,USD,2020,CY2019Q2I,True,latest_valid_restated_sec_companyfacts,Latest valid filing available as of 2026-08-05; configured source-tag priority breaks valid same-filing ties.
pton,PTON,0001639825-20-000122,10-K,2020-09-11,,2019-06-30,2019,FY,,current_liabilities,us-gaap,LiabilitiesCurrent,290800000.0,290.8,USD_millions,stock,1,https://www.sec.gov/Archives/edgar/data/1639825/000163982520000122/,2026-08-05T17:49:37+00:00,0001639825,USD,2020,CY2019Q2I,True,latest_valid_restated_sec_companyfacts,Latest valid filing available as of 2026-08-05; configured source-tag priority breaks valid same-filing ties.
pton,PTON,0001639825-21-000256,10-K,2021-08-27,2018-07-01,2019-06-30,2019,FY,364.0,free_cash_flow,project,derived:OperatingCashFlow-CapitalExpenditure,,-191.6,USD,flow,0,https://www.sec.gov/Archives/edgar/data/1639825/000163982521000256/,2026-08-05T17:49:37+00:00,0001639825,USD,2021,CY2019,True,derived_from_latest_valid_components,Operating cash flow minus positive CapEx outflow.
pton,PTON,0001639825-20-000122,10-K,2020-09-11,,2019-06-30,2019,FY,,inventory,us-gaap,InventoryNet,136600000.0,136.6,USD_millions,stock,1,https://www.sec.gov/Archives/edgar/data/1639825/000163982520000122/,2026-08-05T17:49:37+00:00,0001639825,USD,2020,CY2019Q2I,True,latest_valid_restated_sec_companyfacts,Latest valid filing available as of 2026-08-05; configured source-tag priority breaks valid same-filing ties.
pton,PTON,0001639825-21-000256,10-K,2021-08-27,2018-07-01,2019-06-30,2019,FY,364.0,net_income,us-gaap,NetIncomeLoss,-195600000.0,-195.6,USD_millions,flow,1,https://www.sec.gov/Archives/edgar/data/1639825/000163982521000256/,2026-08-05T17:49:37+00:00,0001639825,USD,2021,CY2019,True,latest_valid_restated_sec_companyfacts,Latest valid filing available as of 2026-08-05; configured source-tag priority breaks valid same-filing ties.
pton,PTON,0001639825-21-000256,10-K,2021-08-27,2018-07-01,2019-06-30,2019,FY,364.0,operating_cash_flow,us-gaap,NetCashProvidedByUsedInOperatingActivities,-108600000.0,-108.6,USD_millions,flow,1,https://www.sec.gov/Archives/edgar/data/1639825/000163982521000256/,2026-08-05T17:49:37+00:00,0001639825,USD,2021,CY2019,True,latest_valid_restated_sec_companyfacts,Latest valid filing available as of 2026-08-05; configured source-tag priority breaks valid same-filing ties.
pton,PTON,0001639825-21-000256,10-K,2021-08-27,2018-07-01,2019-06-30,2019,FY,364.0,operating_income,us-gaap,OperatingIncomeLoss,-202300000.0,-202.3,USD_millions,flow,1,https://www.sec.gov/Archives/edgar/data/1639825/000163982521000256/,2026-08-05T17:49:37+00:00,0001639825,USD,2021,CY2019,True,latest_valid_restated_sec_companyfacts,Latest valid filing available as of 2026-08-05; configured source-tag priority breaks valid same-filing ties.
pton,PTON,0001639825-21-000256,10-K,2021-08-27,2018-07-01,2019-06-30,2019,FY,364.0,revenue,us-gaap,RevenueFromContractWithCustomerExcludingAssessedTax,915000000.0,915.0,USD_millions,flow,1,https://www.sec.gov/Archives/edgar/data/1639825/000163982521000256/,2026-08-05T17:49:37+00:00,0001639825,USD,2021,CY2019,True,latest_valid_restated_sec_companyfacts,Latest valid filing available as of 2026-08-05; configured source-tag priority breaks valid same-filing ties.
pton,PTON,0001639825-20-000122,10-K,2020-09-11,,2019-06-30,2019,FY,,total_assets,us-gaap,Assets,864500000.0,864.5,USD_millions,stock,1,https://www.sec.gov/Archives/edgar/data/1639825/000163982520000122/,2026-08-05T17:49:37+00:00,0001639825,USD,2020,CY2019Q2I,True,latest_valid_restated_sec_companyfacts,Latest valid filing available as of 2026-08-05; configured source-tag priority breaks valid same-filing ties.
pton,PTON,0001639825-22-000117,10-K,2022-09-07,,2019-06-30,2019,FY,,total_equity,us-gaap,StockholdersEquity,-538600000.0,-538.6,USD_millions,stock,1,https://www.sec.gov/Archives/edgar/data/1639825/000163982522000117/,2026-08-05T17:49:37+00:00,0001639825,USD,2022,CY2019Q2I,True,latest_valid_restated_sec_companyfacts,Latest valid filing available as of 2026-08-05; configured source-tag priority breaks valid same-filing ties.
pton,PTON,0001639825-20-000122,10-K,2020-09-11,,2019-06-30,2019,FY,,total_liabilities,us-gaap,Liabilities,462000000.0,462.0,USD_millions,stock,1,https://www.sec.gov/Archives/edgar/data/1639825/000163982520000122/,2026-08-05T17:49:37+00:00,0001639825,USD,2020,CY2019Q2I,True,latest_valid_restated_sec_companyfacts,Latest valid filing available as of 2026-08-05; configured source-tag priority breaks valid same-filing ties.
pton,PTON,0001639825-22-000117,10-K,2022-09-07,2019-07-01,2020-06-30,2020,FY,365.0,capital_expenditure,us-gaap,PaymentsToAcquireProductiveAssets,156500000.0,156.5,USD_millions,flow,2,https://www.sec.gov/Archives/edgar/data/1639825/000163982522000117/,2026-08-05T17:49:37+00:00,0001639825,USD,2022,CY2020,True,latest_valid_restated_sec_companyfacts,Latest valid filing available as of 2026-08-05; configured source-tag priority breaks valid same-filing ties.
pton,PTON,0001639825-21-000256,10-K,2021-08-27,,2020-06-30,2020,FY,,cash_and_equivalents,us-gaap,CashAndCashEquivalentsAtCarryingValue,1035500000.0,1035.5,USD_millions,stock,1,https://www.sec.gov/Archives/edgar/data/1639825/000163982521000256/,2026-08-05T17:49:37+00:00,0001639825,USD,2021,CY2020Q2I,True,latest_valid_restated_sec_companyfacts,Latest valid filing available as of 2026-08-05; configured source-tag priority breaks valid same-filing ties.
pton,PTON,0001639825-21-000256,10-K,2021-08-27,,2020-06-30,2020,FY,,current_assets,us-gaap,AssetsCurrent,2158600000.0,2158.6,USD_millions,stock,1,https://www.sec.gov/Archives/edgar/data/1639825/000163982521000256/,2026-08-05T17:49:37+00:00,0001639825,USD,2021,CY2020Q2I,True,latest_valid_restated_sec_companyfacts,Latest valid filing available as of 2026-08-05; configured source-tag priority breaks valid same-filing ties.
pton,PTON,0001639825-21-000256,10-K,2021-08-27,,2020-06-30,2020,FY,,current_liabilities,us-gaap,LiabilitiesCurrent,772200000.0,772.2,USD_millions,stock,1,https://www.sec.gov/Archives/edgar/data/1639825/000163982521000256/,2026-08-05T17:49:37+00:00,0001639825,USD,2021,CY2020Q2I,True,latest_valid_restated_sec_companyfacts,Latest valid filing available as of 2026-08-05; configured source-tag priority breaks valid same-filing ties.
pton,PTON,0001639825-22-000117,10-K,2022-09-07,2019-07-01,2020-06-30,2020,FY,365.0,free_cash_flow,project,derived:OperatingCashFlow-CapitalExpenditure,,219.89999999999998,USD,flow,0,https://www.sec.gov/Archives/edgar/data/1639825/000163982522000117/,2026-08-05T17:49:37+00:00,0001639825,USD,2022,CY2020,True,derived_from_latest_valid_components,Operating cash flow minus positive CapEx outflow.
pton,PTON,0001639825-21-000256,10-K,2021-08-27,,2020-06-30,2020,FY,,inventory,us-gaap,InventoryNet,244500000.0,244.5,USD_millions,stock,1,https://www.sec.gov/Archives/edgar/data/1639825/000163982521000256/,2026-08-05T17:49:37+00:00,0001639825,USD,2021,CY2020Q2I,True,latest_valid_restated_sec_companyfacts,Latest valid filing available as of 2026-08-05; configured source-tag priority breaks valid same-filing ties.
pton,PTON,0001639825-22-000117,10-K,2022-09-07,2019-07-01,2020-06-30,2020,FY,365.0,net_income,us-gaap,NetIncomeLoss,-71600000.0,-71.6,USD_millions,flow,1,https://www.sec.gov/Archives/edgar/data/1639825/000163982522000117/,2026-08-05T17:49:37+00:00,0001639825,USD,2022,CY2020,True,latest_valid_restated_sec_companyfacts,Latest valid filing available as of 2026-08-05; configured source-tag priority breaks valid same-filing ties.
pton,PTON,0001639825-22-000117,10-K,2022-09-07,2019-07-01,2020-06-30,2020,FY,365.0,operating_cash_flow,us-gaap,NetCashProvidedByUsedInOperatingActivities,376400000.0,376.4,USD_millions,flow,1,https://www.sec.gov/Archives/edgar/data/1639825/000163982522000117/,2026-08-05T17:49:37+00:00,0001639825,USD,2022,CY2020,True,latest_valid_restated_sec_companyfacts,Latest valid filing available as of 2026-08-05; configured source-tag priority breaks valid same-filing ties.
pton,PTON,0001639825-22-000117,10-K,2022-09-07,2019-07-01,2020-06-30,2020,FY,365.0,operating_income,us-gaap,OperatingIncomeLoss,-80700000.0,-80.7,USD_millions,flow,1,https://www.sec.gov/Archives/edgar/data/1639825/000163982522000117/,2026-08-05T17:49:37+00:00,0001639825,USD,2022,CY2020,True,latest_valid_restated_sec_companyfacts,Latest valid filing available as of 2026-08-05; configured source-tag priority breaks valid same-filing ties.
pton,PTON,0001639825-22-000117,10-K,2022-09-07,2019-07-01,2020-06-30,2020,FY,365.0,revenue,us-gaap,RevenueFromContractWithCustomerExcludingAssessedTax,1825900000.0,1825.9,USD_millions,flow,1,https://www.sec.gov/Archives/edgar/data/1639825/000163982522000117/,2026-08-05T17:49:37+00:00,0001639825,USD,2022,CY2020,True,latest_valid_restated_sec_companyfacts,Latest valid filing available as of 2026-08-05; configured source-tag priority breaks valid same-filing ties.
pton,PTON,0001639825-21-000256,10-K,2021-08-27,,2020-06-30,2020,FY,,total_assets,us-gaap,Assets,2981800000.0,2981.8,USD_millions,stock,1,https://www.sec.gov/Archives/edgar/data/1639825/000163982521000256/,2026-08-05T17:49:37+00:00,0001639825,USD,2021,CY2020Q2I,True,latest_valid_restated_sec_companyfacts,Latest valid filing available as of 2026-08-05; configured source-tag priority breaks valid same-filing ties.
pton,PTON,0001639825-23-000132,10-K,2023-08-23,,2020-06-30,2020,FY,,total_equity,us-gaap,StockholdersEquity,1678000000.0,1678.0,USD_millions,stock,1,https://www.sec.gov/Archives/edgar/data/1639825/000163982523000132/,2026-08-05T17:49:37+00:00,0001639825,USD,2023,CY2020Q2I,True,latest_valid_restated_sec_companyfacts,Latest valid filing available as of 2026-08-05; configured source-tag priority breaks valid same-filing ties.
pton,PTON,0001639825-21-000256,10-K,2021-08-27,,2020-06-30,2020,FY,,total_liabilities,us-gaap,Liabilities,1303800000.0,1303.8,USD_millions,stock,1,https://www.sec.gov/Archives/edgar/data/1639825/000163982521000256/,2026-08-05T17:49:37+00:00,0001639825,USD,2021,CY2020Q2I,True,latest_valid_restated_sec_companyfacts,Latest valid filing available as of 2026-08-05; configured source-tag priority breaks valid same-filing ties.
pton,PTON,0001639825-23-000132,10-K,2023-08-23,2020-07-01,2021-06-30,2021,FY,364.0,capital_expenditure,us-gaap,PaymentsToAcquireProductiveAssets,252300000.0,252.3,USD_millions,flow,2,https://www.sec.gov/Archives/edgar/data/1639825/000163982523000132/,2026-08-05T17:49:37+00:00,0001639825,USD,2023,CY2021,True,latest_valid_restated_sec_companyfacts,Latest valid filing available as of 2026-08-05; configured source-tag priority breaks valid same-filing ties.
pton,PTON,0001639825-22-000117,10-K,2022-09-07,,2021-06-30,2021,FY,,cash_and_equivalents,us-gaap,CashAndCashEquivalentsAtCarryingValue,1134800000.0,1134.8,USD_millions,stock,1,https://www.sec.gov/Archives/edgar/data/1639825/000163982522000117/,2026-08-05T17:49:37+00:00,0001639825,USD,2022,CY2021Q2I,True,latest_valid_restated_sec_companyfacts,Latest valid filing available as of 2026-08-05; configured source-tag priority breaks valid same-filing ties.
pton,PTON,0001639825-22-000117,10-K,2022-09-07,,2021-06-30,2021,FY,,current_assets,us-gaap,AssetsCurrent,2818100000.0,2818.1,USD_millions,stock,1,https://www.sec.gov/Archives/edgar/data/1639825/000163982522000117/,2026-08-05T17:49:37+00:00,0001639825,USD,2022,CY2021Q2I,True,latest_valid_restated_sec_companyfacts,Latest valid filing available as of 2026-08-05; configured source-tag priority breaks valid same-filing ties.
pton,PTON,0001639825-22-000117,10-K,2022-09-07,,2021-06-30,2021,FY,,current_liabilities,us-gaap,LiabilitiesCurrent,1243000000.0,1243.0,USD_millions,stock,1,https://www.sec.gov/Archives/edgar/data/1639825/000163982522000117/,2026-08-05T17:49:37+00:00,0001639825,USD,2022,CY2021Q2I,True,latest_valid_restated_sec_companyfacts,Latest valid filing available as of 2026-08-05; configured source-tag priority breaks valid same-filing ties.
pton,PTON,0001639825-23-000132,10-K,2023-08-23,2020-07-01,2021-06-30,2021,FY,364.0,free_cash_flow,project,derived:OperatingCashFlow-CapitalExpenditure,,-492.0,USD,flow,0,https://www.sec.gov/Archives/edgar/data/1639825/000163982523000132/,2026-08-05T17:49:37+00:00,0001639825,USD,2023,CY2021,True,derived_from_latest_valid_components,Operating cash flow minus positive CapEx outflow.
pton,PTON,0001639825-22-000117,10-K,2022-09-07,,2021-06-30,2021,FY,,inventory,us-gaap,InventoryNet,937100000.0,937.1,USD_millions,stock,1,https://www.sec.gov/Archives/edgar/data/1639825/000163982522000117/,2026-08-05T17:49:37+00:00,0001639825,USD,2022,CY2021Q2I,True,latest_valid_restated_sec_companyfacts,Latest valid filing available as of 2026-08-05; configured source-tag priority breaks valid same-filing ties.
pton,PTON,0001639825-23-000132,10-K,2023-08-23,2020-07-01,2021-06-30,2021,FY,364.0,net_income,us-gaap,NetIncomeLoss,-189000000.0,-189.0,USD_millions,flow,1,https://www.sec.gov/Archives/edgar/data/1639825/000163982523000132/,2026-08-05T17:49:37+00:00,0001639825,USD,2023,CY2021,True,latest_valid_restated_sec_companyfacts,Latest valid filing available as of 2026-08-05; configured source-tag priority breaks valid same-filing ties.
pton,PTON,0001639825-23-000132,10-K,2023-08-23,2020-07-01,2021-06-30,2021,FY,364.0,operating_cash_flow,us-gaap,NetCashProvidedByUsedInOperatingActivities,-239700000.0,-239.7,USD_millions,flow,1,https://www.sec.gov/Archives/edgar/data/1639825/000163982523000132/,2026-08-05T17:49:37+00:00,0001639825,USD,2023,CY2021,True,latest_valid_restated_sec_companyfacts,Latest valid filing available as of 2026-08-05; configured source-tag priority breaks valid same-filing ties.
pton,PTON,0001639825-23-000132,10-K,2023-08-23,2020-07-01,2021-06-30,2021,FY,364.0,operating_income,us-gaap,OperatingIncomeLoss,-187800000.0,-187.8,USD_millions,flow,1,https://www.sec.gov/Archives/edgar/data/1639825/000163982523000132/,2026-08-05T17:49:37+00:00,0001639825,USD,2023,CY2021,True,latest_valid_restated_sec_companyfacts,Latest valid filing available as of 2026-08-05; configured source-tag priority breaks valid same-filing ties.
pton,PTON,0001639825-23-000132,10-K,2023-08-23,2020-07-01,2021-06-30,2021,FY,364.0,revenue,us-gaap,RevenueFromContractWithCustomerExcludingAssessedTax,4021800000.0,4021.8,USD_millions,flow,1,https://www.sec.gov/Archives/edgar/data/1639825/000163982523000132/,2026-08-05T17:49:37+00:00,0001639825,USD,2023,CY2021,True,latest_valid_restated_sec_companyfacts,Latest valid filing available as of 2026-08-05; configured source-tag priority breaks valid same-filing ties.
pton,PTON,0001639825-22-000117,10-K,2022-09-07,,2021-06-30,2021,FY,,total_assets,us-gaap,Assets,4485600000.0,4485.6,USD_millions,stock,1,https://www.sec.gov/Archives/edgar/data/1639825/000163982522000117/,2026-08-05T17:49:37+00:00,0001639825,USD,2022,CY2021Q2I,True,latest_valid_restated_sec_companyfacts,Latest valid filing available as of 2026-08-05; configured source-tag priority breaks valid same-filing ties.
pton,PTON,0001639825-24-000128,10-K,2024-08-22,,2021-06-30,2021,FY,,total_equity,us-gaap,StockholdersEquity,1754100000.0,1754.1,USD_millions,stock,1,https://www.sec.gov/Archives/edgar/data/1639825/000163982524000128/,2026-08-05T17:49:37+00:00,0001639825,USD,2024,CY2021Q2I,True,latest_valid_restated_sec_companyfacts,Latest valid filing available as of 2026-08-05; configured source-tag priority breaks valid same-filing ties.
pton,PTON,0001639825-22-000117,10-K,2022-09-07,,2021-06-30,2021,FY,,total_liabilities,us-gaap,Liabilities,2731500000.0,2731.5,USD_millions,stock,1,https://www.sec.gov/Archives/edgar/data/1639825/000163982522000117/,2026-08-05T17:49:37+00:00,0001639825,USD,2022,CY2021Q2I,True,latest_valid_restated_sec_companyfacts,Latest valid filing available as of 2026-08-05; configured source-tag priority breaks valid same-filing ties.
pton,PTON,0001639825-24-000128,10-K,2024-08-22,2021-07-01,2022-06-30,2022,FY,364.0,capital_expenditure,us-gaap,PaymentsToAcquireProductiveAssets,337300000.0,337.3,USD_millions,flow,2,https://www.sec.gov/Archives/edgar/data/1639825/000163982524000128/,2026-08-05T17:49:37+00:00,0001639825,USD,2024,CY2022,True,latest_valid_restated_sec_companyfacts,Latest valid filing available as of 2026-08-05; configured source-tag priority breaks valid same-filing ties.
pton,PTON,0001639825-23-000132,10-K,2023-08-23,,2022-06-30,2022,FY,,cash_and_equivalents,us-gaap,CashAndCashEquivalentsAtCarryingValue,1253900000.0,1253.9,USD_millions,stock,1,https://www.sec.gov/Archives/edgar/data/1639825/000163982523000132/,2026-08-05T17:49:37+00:00,0001639825,USD,2023,CY2022Q2I,True,latest_valid_restated_sec_companyfacts,Latest valid filing available as of 2026-08-05; configured source-tag priority breaks valid same-filing ties.
pton,PTON,0001639825-23-000132,10-K,2023-08-23,,2022-06-30,2022,FY,,current_assets,us-gaap,AssetsCurrent,2634600000.0,2634.6,USD_millions,stock,1,https://www.sec.gov/Archives/edgar/data/1639825/000163982523000132/,2026-08-05T17:49:37+00:00,0001639825,USD,2023,CY2022Q2I,True,latest_valid_restated_sec_companyfacts,Latest valid filing available as of 2026-08-05; configured source-tag priority breaks valid same-filing ties.
pton,PTON,0001639825-23-000132,10-K,2023-08-23,,2022-06-30,2022,FY,,current_liabilities,us-gaap,LiabilitiesCurrent,1105500000.0,1105.5,USD_millions,stock,1,https://www.sec.gov/Archives/edgar/data/1639825/000163982523000132/,2026-08-05T17:49:37+00:00,0001639825,USD,2023,CY2022Q2I,True,latest_valid_restated_sec_companyfacts,Latest valid filing available as of 2026-08-05; configured source-tag priority breaks valid same-filing ties.
pton,PTON,0001639825-24-000128,10-K,2024-08-22,2021-07-01,2022-06-30,2022,FY,364.0,free_cash_flow,project,derived:OperatingCashFlow-CapitalExpenditure,,-2357.3,USD,flow,0,https://www.sec.gov/Archives/edgar/data/1639825/000163982524000128/,2026-08-05T17:49:37+00:00,0001639825,USD,2024,CY2022,True,derived_from_latest_valid_components,Operating cash flow minus positive CapEx outflow.
pton,PTON,0001639825-23-000132,10-K,2023-08-23,,2022-06-30,2022,FY,,inventory,us-gaap,InventoryNet,1104500000.0,1104.5,USD_millions,stock,1,https://www.sec.gov/Archives/edgar/data/1639825/000163982523000132/,2026-08-05T17:49:37+00:00,0001639825,USD,2023,CY2022Q2I,True,latest_valid_restated_sec_companyfacts,Latest valid filing available as of 2026-08-05; configured source-tag priority breaks valid same-filing ties.
pton,PTON,0001639825-24-000128,10-K,2024-08-22,2021-07-01,2022-06-30,2022,FY,364.0,net_income,us-gaap,NetIncomeLoss,-2827700000.0,-2827.7,USD_millions,flow,1,https://www.sec.gov/Archives/edgar/data/1639825/000163982524000128/,2026-08-05T17:49:37+00:00,0001639825,USD,2024,CY2022,True,latest_valid_restated_sec_companyfacts,Latest valid filing available as of 2026-08-05; configured source-tag priority breaks valid same-filing ties.
pton,PTON,0001639825-24-000128,10-K,2024-08-22,2021-07-01,2022-06-30,2022,FY,364.0,operating_cash_flow,us-gaap,NetCashProvidedByUsedInOperatingActivities,-2020000000.0,-2020.0,USD_millions,flow,1,https://www.sec.gov/Archives/edgar/data/1639825/000163982524000128/,2026-08-05T17:49:37+00:00,0001639825,USD,2024,CY2022,True,latest_valid_restated_sec_companyfacts,Latest valid filing available as of 2026-08-05; configured source-tag priority breaks valid same-filing ties.
pton,PTON,0001639825-24-000128,10-K,2024-08-22,2021-07-01,2022-06-30,2022,FY,364.0,operating_income,us-gaap,OperatingIncomeLoss,-2734000000.0,-2734.0,USD_millions,flow,1,https://www.sec.gov/Archives/edgar/data/1639825/000163982524000128/,2026-08-05T17:49:37+00:00,0001639825,USD,2024,CY2022,True,latest_valid_restated_sec_companyfacts,Latest valid filing available as of 2026-08-05; configured source-tag priority breaks valid same-filing ties.
pton,PTON,0001639825-24-000128,10-K,2024-08-22,2021-07-01,2022-06-30,2022,FY,364.0,revenue,us-gaap,RevenueFromContractWithCustomerExcludingAssessedTax,3582100000.0,3582.1,USD_millions,flow,1,https://www.sec.gov/Archives/edgar/data/1639825/000163982524000128/,2026-08-05T17:49:37+00:00,0001639825,USD,2024,CY2022,True,latest_valid_restated_sec_companyfacts,Latest valid filing available as of 2026-08-05; configured source-tag priority breaks valid same-filing ties.
pton,PTON,0001639825-23-000132,10-K,2023-08-23,,2022-06-30,2022,FY,,total_assets,us-gaap,Assets,4028500000.0,4028.5,USD_millions,stock,1,https://www.sec.gov/Archives/edgar/data/1639825/000163982523000132/,2026-08-05T17:49:37+00:00,0001639825,USD,2023,CY2022Q2I,True,latest_valid_restated_sec_companyfacts,Latest valid filing available as of 2026-08-05; configured source-tag priority breaks valid same-filing ties.
pton,PTON,0001639825-25-000138,10-K,2025-08-07,,2022-06-30,2022,FY,,total_equity,us-gaap,StockholdersEquity,592900000.0,592.9,USD_millions,stock,1,https://www.sec.gov/Archives/edgar/data/1639825/000163982525000138/,2026-08-05T17:49:37+00:00,0001639825,USD,2025,CY2022Q2I,True,latest_valid_restated_sec_companyfacts,Latest valid filing available as of 2026-08-05; configured source-tag priority breaks valid same-filing ties.
pton,PTON,0001639825-23-000132,10-K,2023-08-23,,2022-06-30,2022,FY,,total_liabilities,us-gaap,Liabilities,3435600000.0,3435.6,USD_millions,stock,1,https://www.sec.gov/Archives/edgar/data/1639825/000163982523000132/,2026-08-05T17:49:37+00:00,0001639825,USD,2023,CY2022Q2I,True,latest_valid_restated_sec_companyfacts,Latest valid filing available as of 2026-08-05; configured source-tag priority breaks valid same-filing ties.
pton,PTON,0001639825-25-000138,10-K,2025-08-07,2022-07-01,2023-06-30,2023,FY,364.0,capital_expenditure,us-gaap,PaymentsToAcquireProductiveAssets,82400000.0,82.4,USD_millions,flow,2,https://www.sec.gov/Archives/edgar/data/1639825/000163982525000138/,2026-08-05T17:49:37+00:00,0001639825,USD,2025,CY2023,True,latest_valid_restated_sec_companyfacts,Latest valid filing available as of 2026-08-05; configured source-tag priority breaks valid same-filing ties.
pton,PTON,0001639825-24-000128,10-K,2024-08-22,,2023-06-30,2023,FY,,cash_and_equivalents,us-gaap,CashAndCashEquivalentsAtCarryingValue,813900000.0,813.9,USD_millions,stock,1,https://www.sec.gov/Archives/edgar/data/1639825/000163982524000128/,2026-08-05T17:49:37+00:00,0001639825,USD,2024,CY2023Q2I,True,latest_valid_restated_sec_companyfacts,Latest valid filing available as of 2026-08-05; configured source-tag priority breaks valid same-filing ties.
pton,PTON,0001639825-24-000128,10-K,2024-08-22,,2023-06-30,2023,FY,,current_assets,us-gaap,AssetsCurrent,1639100000.0,1639.1,USD_millions,stock,1,https://www.sec.gov/Archives/edgar/data/1639825/000163982524000128/,2026-08-05T17:49:37+00:00,0001639825,USD,2024,CY2023Q2I,True,latest_valid_restated_sec_companyfacts,Latest valid filing available as of 2026-08-05; configured source-tag priority breaks valid same-filing ties.
pton,PTON,0001639825-24-000128,10-K,2024-08-22,,2023-06-30,2023,FY,,current_liabilities,us-gaap,LiabilitiesCurrent,761400000.0,761.4,USD_millions,stock,1,https://www.sec.gov/Archives/edgar/data/1639825/000163982524000128/,2026-08-05T17:49:37+00:00,0001639825,USD,2024,CY2023Q2I,True,latest_valid_restated_sec_companyfacts,Latest valid filing available as of 2026-08-05; configured source-tag priority breaks valid same-filing ties.
pton,PTON,0001639825-25-000138,10-K,2025-08-07,2022-07-01,2023-06-30,2023,FY,364.0,free_cash_flow,project,derived:OperatingCashFlow-CapitalExpenditure,,-470.0,USD,flow,0,https://www.sec.gov/Archives/edgar/data/1639825/000163982525000138/,2026-08-05T17:49:37+00:00,0001639825,USD,2025,CY2023,True,derived_from_latest_valid_components,Operating cash flow minus positive CapEx outflow.
pton,PTON,0001639825-24-000128,10-K,2024-08-22,,2023-06-30,2023,FY,,inventory,us-gaap,InventoryNet,522600000.0,522.6,USD_millions,stock,1,https://www.sec.gov/Archives/edgar/data/1639825/000163982524000128/,2026-08-05T17:49:37+00:00,0001639825,USD,2024,CY2023Q2I,True,latest_valid_restated_sec_companyfacts,Latest valid filing available as of 2026-08-05; configured source-tag priority breaks valid same-filing ties.
pton,PTON,0001639825-25-000138,10-K,2025-08-07,2022-07-01,2023-06-30,2023,FY,364.0,net_income,us-gaap,NetIncomeLoss,-1261700000.0,-1261.7,USD_millions,flow,1,https://www.sec.gov/Archives/edgar/data/1639825/000163982525000138/,2026-08-05T17:49:37+00:00,0001639825,USD,2025,CY2023,True,latest_valid_restated_sec_companyfacts,Latest valid filing available as of 2026-08-05; configured source-tag priority breaks valid same-filing ties.
pton,PTON,0001639825-25-000138,10-K,2025-08-07,2022-07-01,2023-06-30,2023,FY,364.0,operating_cash_flow,us-gaap,NetCashProvidedByUsedInOperatingActivities,-387600000.0,-387.6,USD_millions,flow,1,https://www.sec.gov/Archives/edgar/data/1639825/000163982525000138/,2026-08-05T17:49:37+00:00,0001639825,USD,2025,CY2023,True,latest_valid_restated_sec_companyfacts,Latest valid filing available as of 2026-08-05; configured source-tag priority breaks valid same-filing ties.
pton,PTON,0001639825-25-000138,10-K,2025-08-07,2022-07-01,2023-06-30,2023,FY,364.0,operating_income,us-gaap,OperatingIncomeLoss,-1197100000.0,-1197.1,USD_millions,flow,1,https://www.sec.gov/Archives/edgar/data/1639825/000163982525000138/,2026-08-05T17:49:37+00:00,0001639825,USD,2025,CY2023,True,latest_valid_restated_sec_companyfacts,Latest valid filing available as of 2026-08-05; configured source-tag priority breaks valid same-filing ties.
pton,PTON,0001639825-25-000138,10-K,2025-08-07,2022-07-01,2023-06-30,2023,FY,364.0,revenue,us-gaap,RevenueFromContractWithCustomerExcludingAssessedTax,2800200000.0,2800.2,USD_millions,flow,1,https://www.sec.gov/Archives/edgar/data/1639825/000163982525000138/,2026-08-05T17:49:37+00:00,0001639825,USD,2025,CY2023,True,latest_valid_restated_sec_companyfacts,Latest valid filing available as of 2026-08-05; configured source-tag priority breaks valid same-filing ties.
pton,PTON,0001639825-24-000128,10-K,2024-08-22,,2023-06-30,2023,FY,,total_assets,us-gaap,Assets,2769100000.0,2769.1,USD_millions,stock,1,https://www.sec.gov/Archives/edgar/data/1639825/000163982524000128/,2026-08-05T17:49:37+00:00,0001639825,USD,2024,CY2023Q2I,True,latest_valid_restated_sec_companyfacts,Latest valid filing available as of 2026-08-05; configured source-tag priority breaks valid same-filing ties.
pton,PTON,0001639825-25-000138,10-K,2025-08-07,,2023-06-30,2023,FY,,total_equity,us-gaap,StockholdersEquity,-295100000.0,-295.1,USD_millions,stock,1,https://www.sec.gov/Archives/edgar/data/1639825/000163982525000138/,2026-08-05T17:49:37+00:00,0001639825,USD,2025,CY2023Q2I,True,latest_valid_restated_sec_companyfacts,Latest valid filing available as of 2026-08-05; configured source-tag priority breaks valid same-filing ties.
pton,PTON,0001639825-24-000128,10-K,2024-08-22,,2023-06-30,2023,FY,,total_liabilities,us-gaap,Liabilities,3064200000.0,3064.2,USD_millions,stock,1,https://www.sec.gov/Archives/edgar/data/1639825/000163982524000128/,2026-08-05T17:49:37+00:00,0001639825,USD,2024,CY2023Q2I,True,latest_valid_restated_sec_companyfacts,Latest valid filing available as of 2026-08-05; configured source-tag priority breaks valid same-filing ties.
pton,PTON,0001639825-25-000138,10-K,2025-08-07,2023-07-01,2024-06-30,2024,FY,365.0,capital_expenditure,us-gaap,PaymentsToAcquireProductiveAssets,19700000.0,19.7,USD_millions,flow,2,https://www.sec.gov/Archives/edgar/data/1639825/000163982525000138/,2026-08-05T17:49:37+00:00,0001639825,USD,2025,CY2024,True,latest_valid_restated_sec_companyfacts,Latest valid filing available as of 2026-08-05; configured source-tag priority breaks valid same-filing ties.
pton,PTON,0001639825-25-000138,10-K,2025-08-07,,2024-06-30,2024,FY,,cash_and_equivalents,us-gaap,CashAndCashEquivalentsAtCarryingValue,697600000.0,697.6,USD_millions,stock,1,https://www.sec.gov/Archives/edgar/data/1639825/000163982525000138/,2026-08-05T17:49:37+00:00,0001639825,USD,2025,CY2024Q2I,True,latest_valid_restated_sec_companyfacts,Latest valid filing available as of 2026-08-05; configured source-tag priority breaks valid same-filing ties.
pton,PTON,0001639825-25-000138,10-K,2025-08-07,,2024-06-30,2024,FY,,current_assets,us-gaap,AssetsCurrent,1266000000.0,1266.0,USD_millions,stock,1,https://www.sec.gov/Archives/edgar/data/1639825/000163982525000138/,2026-08-05T17:49:37+00:00,0001639825,USD,2025,CY2024Q2I,True,latest_valid_restated_sec_companyfacts,Latest valid filing available as of 2026-08-05; configured source-tag priority breaks valid same-filing ties.
pton,PTON,0001639825-25-000138,10-K,2025-08-07,,2024-06-30,2024,FY,,current_liabilities,us-gaap,LiabilitiesCurrent,685200000.0,685.2,USD_millions,stock,1,https://www.sec.gov/Archives/edgar/data/1639825/000163982525000138/,2026-08-05T17:49:37+00:00,0001639825,USD,2025,CY2024Q2I,True,latest_valid_restated_sec_companyfacts,Latest valid filing available as of 2026-08-05; configured source-tag priority breaks valid same-filing ties.
pton,PTON,0001639825-25-000138,10-K,2025-08-07,2023-07-01,2024-06-30,2024,FY,365.0,free_cash_flow,project,derived:OperatingCashFlow-CapitalExpenditure,,-85.8,USD,flow,0,https://www.sec.gov/Archives/edgar/data/1639825/000163982525000138/,2026-08-05T17:49:37+00:00,0001639825,USD,2025,CY2024,True,derived_from_latest_valid_components,Operating cash flow minus positive CapEx outflow.
pton,PTON,0001639825-25-000138,10-K,2025-08-07,,2024-06-30,2024,FY,,inventory,us-gaap,InventoryNet,329700000.0,329.7,USD_millions,stock,1,https://www.sec.gov/Archives/edgar/data/1639825/000163982525000138/,2026-08-05T17:49:37+00:00,0001639825,USD,2025,CY2024Q2I,True,latest_valid_restated_sec_companyfacts,Latest valid filing available as of 2026-08-05; configured source-tag priority breaks valid same-filing ties.
pton,PTON,0001639825-25-000138,10-K,2025-08-07,2023-07-01,2024-06-30,2024,FY,365.0,net_income,us-gaap,NetIncomeLoss,-551900000.0,-551.9,USD_millions,flow,1,https://www.sec.gov/Archives/edgar/data/1639825/000163982525000138/,2026-08-05T17:49:37+00:00,0001639825,USD,2025,CY2024,True,latest_valid_restated_sec_companyfacts,Latest valid filing available as of 2026-08-05; configured source-tag priority breaks valid same-filing ties.
pton,PTON,0001639825-25-000138,10-K,2025-08-07,2023-07-01,2024-06-30,2024,FY,365.0,operating_cash_flow,us-gaap,NetCashProvidedByUsedInOperatingActivities,-66100000.0,-66.1,USD_millions,flow,1,https://www.sec.gov/Archives/edgar/data/1639825/000163982525000138/,2026-08-05T17:49:37+00:00,0001639825,USD,2025,CY2024,True,latest_valid_restated_sec_companyfacts,Latest valid filing available as of 2026-08-05; configured source-tag priority breaks valid same-filing ties.
pton,PTON,0001639825-25-000138,10-K,2025-08-07,2023-07-01,2024-06-30,2024,FY,365.0,operating_income,us-gaap,OperatingIncomeLoss,-529000000.0,-529.0,USD_millions,flow,1,https://www.sec.gov/Archives/edgar/data/1639825/000163982525000138/,2026-08-05T17:49:37+00:00,0001639825,USD,2025,CY2024,True,latest_valid_restated_sec_companyfacts,Latest valid filing available as of 2026-08-05; configured source-tag priority breaks valid same-filing ties.
pton,PTON,0001639825-25-000138,10-K,2025-08-07,2023-07-01,2024-06-30,2024,FY,365.0,revenue,us-gaap,RevenueFromContractWithCustomerExcludingAssessedTax,2700500000.0,2700.5,USD_millions,flow,1,https://www.sec.gov/Archives/edgar/data/1639825/000163982525000138/,2026-08-05T17:49:37+00:00,0001639825,USD,2025,CY2024,True,latest_valid_restated_sec_companyfacts,Latest valid filing available as of 2026-08-05; configured source-tag priority breaks valid same-filing ties.
pton,PTON,0001639825-25-000138,10-K,2025-08-07,,2024-06-30,2024,FY,,total_assets,us-gaap,Assets,2185200000.0,2185.2,USD_millions,stock,1,https://www.sec.gov/Archives/edgar/data/1639825/000163982525000138/,2026-08-05T17:49:37+00:00,0001639825,USD,2025,CY2024Q2I,True,latest_valid_restated_sec_companyfacts,Latest valid filing available as of 2026-08-05; configured source-tag priority breaks valid same-filing ties.
pton,PTON,0001639825-25-000138,10-K,2025-08-07,,2024-06-30,2024,FY,,total_equity,us-gaap,StockholdersEquity,-519100000.0,-519.1,USD_millions,stock,1,https://www.sec.gov/Archives/edgar/data/1639825/000163982525000138/,2026-08-05T17:49:37+00:00,0001639825,USD,2025,,True,latest_valid_restated_sec_companyfacts,Latest valid filing available as of 2026-08-05; configured source-tag priority breaks valid same-filing ties.
pton,PTON,0001639825-25-000138,10-K,2025-08-07,,2024-06-30,2024,FY,,total_liabilities,us-gaap,Liabilities,2704300000.0,2704.3,USD_millions,stock,1,https://www.sec.gov/Archives/edgar/data/1639825/000163982525000138/,2026-08-05T17:49:37+00:00,0001639825,USD,2025,CY2024Q2I,True,latest_valid_restated_sec_companyfacts,Latest valid filing available as of 2026-08-05; configured source-tag priority breaks valid same-filing ties.
qvcga,QVCGA,0001558370-20-001490,10-K,2020-02-26,2017-01-01,2017-12-31,2017,FY,364.0,capital_expenditure,us-gaap,PaymentsToAcquireProductiveAssets,204000000.0,204.0,USD_millions,flow,2,https://www.sec.gov/Archives/edgar/data/1355096/000155837020001490/,2026-08-05T17:49:37+00:00,0001355096,USD,2019,CY2017,True,latest_valid_restated_sec_companyfacts,Latest valid filing available as of 2026-08-05; configured source-tag priority breaks valid same-filing ties.
qvcga,QVCGA,0001558370-19-001344,10-K,2019-02-28,,2017-12-31,2017,FY,,cash_and_equivalents,us-gaap,CashAndCashEquivalentsAtCarryingValue,903000000.0,903.0,USD_millions,stock,1,https://www.sec.gov/Archives/edgar/data/1355096/000155837019001344/,2026-08-05T17:49:37+00:00,0001355096,USD,2018,CY2017Q4I,True,latest_valid_restated_sec_companyfacts,Latest valid filing available as of 2026-08-05; configured source-tag priority breaks valid same-filing ties.
qvcga,QVCGA,0001558370-19-001344,10-K,2019-02-28,,2017-12-31,2017,FY,,current_assets,us-gaap,AssetsCurrent,4165000000.0,4165.0,USD_millions,stock,1,https://www.sec.gov/Archives/edgar/data/1355096/000155837019001344/,2026-08-05T17:49:37+00:00,0001355096,USD,2018,CY2017Q4I,True,latest_valid_restated_sec_companyfacts,Latest valid filing available as of 2026-08-05; configured source-tag priority breaks valid same-filing ties.
qvcga,QVCGA,0001558370-19-001344,10-K,2019-02-28,,2017-12-31,2017,FY,,current_liabilities,us-gaap,LiabilitiesCurrent,3441000000.0,3441.0,USD_millions,stock,1,https://www.sec.gov/Archives/edgar/data/1355096/000155837019001344/,2026-08-05T17:49:37+00:00,0001355096,USD,2018,CY2017Q4I,True,latest_valid_restated_sec_companyfacts,Latest valid filing available as of 2026-08-05; configured source-tag priority breaks valid same-filing ties.
qvcga,QVCGA,0001558370-20-001490,10-K,2020-02-26,2017-01-01,2017-12-31,2017,FY,364.0,free_cash_flow,project,derived:OperatingCashFlow-CapitalExpenditure,,1286.0,USD,flow,0,https://www.sec.gov/Archives/edgar/data/1355096/000155837020001490/,2026-08-05T17:49:37+00:00,0001355096,USD,2019,CY2017,True,derived_from_latest_valid_components,Operating cash flow minus positive CapEx outflow.
qvcga,QVCGA,0001558370-19-001344,10-K,2019-02-28,,2017-12-31,2017,FY,,inventory,us-gaap,InventoryNet,1411000000.0,1411.0,USD_millions,stock,1,https://www.sec.gov/Archives/edgar/data/1355096/000155837019001344/,2026-08-05T17:49:37+00:00,0001355096,USD,2018,CY2017Q4I,True,latest_valid_restated_sec_companyfacts,Latest valid filing available as of 2026-08-05; configured source-tag priority breaks valid same-filing ties.
qvcga,QVCGA,0001558370-20-001490,10-K,2020-02-26,2017-01-01,2017-12-31,2017,FY,364.0,net_income,us-gaap,NetIncomeLoss,2441000000.0,2441.0,USD_millions,flow,1,https://www.sec.gov/Archives/edgar/data/1355096/000155837020001490/,2026-08-05T17:49:37+00:00,0001355096,USD,2019,CY2017,True,latest_valid_restated_sec_companyfacts,Latest valid filing available as of 2026-08-05; configured source-tag priority breaks valid same-filing ties.
qvcga,QVCGA,0001558370-20-001490,10-K,2020-02-26,2017-01-01,2017-12-31,2017,FY,364.0,operating_cash_flow,us-gaap,NetCashProvidedByUsedInOperatingActivities,1490000000.0,1490.0,USD_millions,flow,1,https://www.sec.gov/Archives/edgar/data/1355096/000155837020001490/,2026-08-05T17:49:37+00:00,0001355096,USD,2019,CY2017,True,latest_valid_restated_sec_companyfacts,Latest valid filing available as of 2026-08-05; configured source-tag priority breaks valid same-filing ties.
qvcga,QVCGA,0001558370-20-001490,10-K,2020-02-26,2017-01-01,2017-12-31,2017,FY,364.0,operating_income,us-gaap,OperatingIncomeLoss,1043000000.0,1043.0,USD_millions,flow,1,https://www.sec.gov/Archives/edgar/data/1355096/000155837020001490/,2026-08-05T17:49:37+00:00,0001355096,USD,2019,CY2017,True,latest_valid_restated_sec_companyfacts,Latest valid filing available as of 2026-08-05; configured source-tag priority breaks valid same-filing ties.
qvcga,QVCGA,0001558370-20-001490,10-K,2020-02-26,2017-01-01,2017-12-31,2017,FY,364.0,revenue,us-gaap,RevenueFromContractWithCustomerExcludingAssessedTax,10404000000.0,10404.0,USD_millions,flow,1,https://www.sec.gov/Archives/edgar/data/1355096/000155837020001490/,2026-08-05T17:49:37+00:00,0001355096,USD,2019,CY2017,True,latest_valid_restated_sec_companyfacts,Latest valid filing available as of 2026-08-05; configured source-tag priority breaks valid same-filing ties.
qvcga,QVCGA,0001558370-19-001344,10-K,2019-02-28,,2017-12-31,2017,FY,,total_assets,us-gaap,Assets,24122000000.0,24122.0,USD_millions,stock,1,https://www.sec.gov/Archives/edgar/data/1355096/000155837019001344/,2026-08-05T17:49:37+00:00,0001355096,USD,2018,CY2017Q4I,True,latest_valid_restated_sec_companyfacts,Latest valid filing available as of 2026-08-05; configured source-tag priority breaks valid same-filing ties.
qvcga,QVCGA,0001558370-21-001983,10-K,2021-02-26,,2017-12-31,2017,FY,,total_equity,us-gaap,StockholdersEquityIncludingPortionAttributableToNoncontrollingInterest,10083000000.0,10083.0,USD_millions,stock,2,https://www.sec.gov/Archives/edgar/data/1355096/000155837021001983/,2026-08-05T17:49:37+00:00,0001355096,USD,2020,CY2017Q4I,True,latest_valid_restated_sec_companyfacts,Latest valid filing available as of 2026-08-05; configured source-tag priority breaks valid same-filing ties.
qvcga,QVCGA,0001558370-19-001344,10-K,2019-02-28,,2017-12-31,2017,FY,,total_liabilities,us-gaap,Liabilities,14039000000.0,14039.0,USD_millions,stock,1,https://www.sec.gov/Archives/edgar/data/1355096/000155837019001344/,2026-08-05T17:49:37+00:00,0001355096,USD,2018,CY2017Q4I,True,latest_valid_restated_sec_companyfacts,Latest valid filing available as of 2026-08-05; configured source-tag priority breaks valid same-filing ties.
qvcga,QVCGA,0001558370-21-001983,10-K,2021-02-26,2018-01-01,2018-12-31,2018,FY,364.0,capital_expenditure,us-gaap,PaymentsToAcquireProductiveAssets,275000000.0,275.0,USD_millions,flow,2,https://www.sec.gov/Archives/edgar/data/1355096/000155837021001983/,2026-08-05T17:49:37+00:00,0001355096,USD,2020,CY2018,True,latest_valid_restated_sec_companyfacts,Latest valid filing available as of 2026-08-05; configured source-tag priority breaks valid same-filing ties.
qvcga,QVCGA,0001558370-20-001490,10-K,2020-02-26,,2018-12-31,2018,FY,,cash_and_equivalents,us-gaap,CashAndCashEquivalentsAtCarryingValue,653000000.0,653.0,USD_millions,stock,1,https://www.sec.gov/Archives/edgar/data/1355096/000155837020001490/,2026-08-05T17:49:37+00:00,0001355096,USD,2019,CY2018Q4I,True,latest_valid_restated_sec_companyfacts,Latest valid filing available as of 2026-08-05; configured source-tag priority breaks valid same-filing ties.
qvcga,QVCGA,0001558370-20-001490,10-K,2020-02-26,,2018-12-31,2018,FY,,current_assets,us-gaap,AssetsCurrent,4186000000.0,4186.0,USD_millions,stock,1,https://www.sec.gov/Archives/edgar/data/1355096/000155837020001490/,2026-08-05T17:49:37+00:00,0001355096,USD,2019,CY2018Q4I,True,latest_valid_restated_sec_companyfacts,Latest valid filing available as of 2026-08-05; configured source-tag priority breaks valid same-filing ties.
qvcga,QVCGA,0001558370-20-001490,10-K,2020-02-26,,2018-12-31,2018,FY,,current_liabilities,us-gaap,LiabilitiesCurrent,3951000000.0,3951.0,USD_millions,stock,1,https://www.sec.gov/Archives/edgar/data/1355096/000155837020001490/,2026-08-05T17:49:37+00:00,0001355096,USD,2019,CY2018Q4I,True,latest_valid_restated_sec_companyfacts,Latest valid filing available as of 2026-08-05; configured source-tag priority breaks valid same-filing ties.
qvcga,QVCGA,0001558370-21-001983,10-K,2021-02-26,2018-01-01,2018-12-31,2018,FY,364.0,free_cash_flow,project,derived:OperatingCashFlow-CapitalExpenditure,,998.0,USD,flow,0,https://www.sec.gov/Archives/edgar/data/1355096/000155837021001983/,2026-08-05T17:49:37+00:00,0001355096,USD,2020,CY2018,True,derived_from_latest_valid_components,Operating cash flow minus positive CapEx outflow.
qvcga,QVCGA,0001558370-20-001490,10-K,2020-02-26,,2018-12-31,2018,FY,,inventory,us-gaap,InventoryNet,1474000000.0,1474.0,USD_millions,stock,1,https://www.sec.gov/Archives/edgar/data/1355096/000155837020001490/,2026-08-05T17:49:37+00:00,0001355096,USD,2019,CY2018Q4I,True,latest_valid_restated_sec_companyfacts,Latest valid filing available as of 2026-08-05; configured source-tag priority breaks valid same-filing ties.
qvcga,QVCGA,0001558370-21-001983,10-K,2021-02-26,2018-01-01,2018-12-31,2018,FY,364.0,net_income,us-gaap,NetIncomeLoss,916000000.0,916.0,USD_millions,flow,1,https://www.sec.gov/Archives/edgar/data/1355096/000155837021001983/,2026-08-05T17:49:37+00:00,0001355096,USD,2020,CY2018,True,latest_valid_restated_sec_companyfacts,Latest valid filing available as of 2026-08-05; configured source-tag priority breaks valid same-filing ties.
qvcga,QVCGA,0001558370-21-001983,10-K,2021-02-26,2018-01-01,2018-12-31,2018,FY,364.0,operating_cash_flow,us-gaap,NetCashProvidedByUsedInOperatingActivities,1273000000.0,1273.0,USD_millions,flow,1,https://www.sec.gov/Archives/edgar/data/1355096/000155837021001983/,2026-08-05T17:49:37+00:00,0001355096,USD,2020,CY2018,True,latest_valid_restated_sec_companyfacts,Latest valid filing available as of 2026-08-05; configured source-tag priority breaks valid same-filing ties.
qvcga,QVCGA,0001558370-21-001983,10-K,2021-02-26,2018-01-01,2018-12-31,2018,FY,364.0,operating_income,us-gaap,OperatingIncomeLoss,1324000000.0,1324.0,USD_millions,flow,1,https://www.sec.gov/Archives/edgar/data/1355096/000155837021001983/,2026-08-05T17:49:37+00:00,0001355096,USD,2020,CY2018,True,latest_valid_restated_sec_companyfacts,Latest valid filing available as of 2026-08-05; configured source-tag priority breaks valid same-filing ties.
qvcga,QVCGA,0001558370-21-001983,10-K,2021-02-26,2018-01-01,2018-12-31,2018,FY,364.0,revenue,us-gaap,RevenueFromContractWithCustomerExcludingAssessedTax,14070000000.0,14070.0,USD_millions,flow,1,https://www.sec.gov/Archives/edgar/data/1355096/000155837021001983/,2026-08-05T17:49:37+00:00,0001355096,USD,2020,CY2018,True,latest_valid_restated_sec_companyfacts,Latest valid filing available as of 2026-08-05; configured source-tag priority breaks valid same-filing ties.
qvcga,QVCGA,0001558370-20-001490,10-K,2020-02-26,,2018-12-31,2018,FY,,total_assets,us-gaap,Assets,17841000000.0,17841.0,USD_millions,stock,1,https://www.sec.gov/Archives/edgar/data/1355096/000155837020001490/,2026-08-05T17:49:37+00:00,0001355096,USD,2019,CY2018Q4I,True,latest_valid_restated_sec_companyfacts,Latest valid filing available as of 2026-08-05; configured source-tag priority breaks valid same-filing ties.
qvcga,QVCGA,0001558370-22-002174,10-K,2022-02-25,,2018-12-31,2018,FY,,total_equity,us-gaap,StockholdersEquityIncludingPortionAttributableToNoncontrollingInterest,5744000000.0,5744.0,USD_millions,stock,2,https://www.sec.gov/Archives/edgar/data/1355096/000155837022002174/,2026-08-05T17:49:37+00:00,0001355096,USD,2021,CY2018Q4I,True,latest_valid_restated_sec_companyfacts,Latest valid filing available as of 2026-08-05; configured source-tag priority breaks valid same-filing ties.
qvcga,QVCGA,0001558370-20-001490,10-K,2020-02-26,,2018-12-31,2018,FY,,total_liabilities,us-gaap,Liabilities,12097000000.0,12097.0,USD_millions,stock,1,https://www.sec.gov/Archives/edgar/data/1355096/000155837020001490/,2026-08-05T17:49:37+00:00,0001355096,USD,2019,CY2018Q4I,True,latest_valid_restated_sec_companyfacts,Latest valid filing available as of 2026-08-05; configured source-tag priority breaks valid same-filing ties.
qvcga,QVCGA,0001558370-22-002174,10-K,2022-02-25,2019-01-01,2019-12-31,2019,FY,364.0,capital_expenditure,us-gaap,PaymentsToAcquireProductiveAssets,325000000.0,325.0,USD_millions,flow,2,https://www.sec.gov/Archives/edgar/data/1355096/000155837022002174/,2026-08-05T17:49:37+00:00,0001355096,USD,2021,CY2019,True,latest_valid_restated_sec_companyfacts,Latest valid filing available as of 2026-08-05; configured source-tag priority breaks valid same-filing ties.
qvcga,QVCGA,0001558370-21-001983,10-K,2021-02-26,,2019-12-31,2019,FY,,cash_and_equivalents,us-gaap,CashAndCashEquivalentsAtCarryingValue,673000000.0,673.0,USD_millions,stock,1,https://www.sec.gov/Archives/edgar/data/1355096/000155837021001983/,2026-08-05T17:49:37+00:00,0001355096,USD,2020,CY2019Q4I,True,latest_valid_restated_sec_companyfacts,Latest valid filing available as of 2026-08-05; configured source-tag priority breaks valid same-filing ties.
qvcga,QVCGA,0001558370-21-001983,10-K,2021-02-26,,2019-12-31,2019,FY,,current_assets,us-gaap,AssetsCurrent,4576000000.0,4576.0,USD_millions,stock,1,https://www.sec.gov/Archives/edgar/data/1355096/000155837021001983/,2026-08-05T17:49:37+00:00,0001355096,USD,2020,CY2019Q4I,True,latest_valid_restated_sec_companyfacts,Latest valid filing available as of 2026-08-05; configured source-tag priority breaks valid same-filing ties.
qvcga,QVCGA,0001558370-21-001983,10-K,2021-02-26,,2019-12-31,2019,FY,,current_liabilities,us-gaap,LiabilitiesCurrent,4001000000.0,4001.0,USD_millions,stock,1,https://www.sec.gov/Archives/edgar/data/1355096/000155837021001983/,2026-08-05T17:49:37+00:00,0001355096,USD,2020,CY2019Q4I,True,latest_valid_restated_sec_companyfacts,Latest valid filing available as of 2026-08-05; configured source-tag priority breaks valid same-filing ties.
qvcga,QVCGA,0001558370-22-002174,10-K,2022-02-25,2019-01-01,2019-12-31,2019,FY,364.0,free_cash_flow,project,derived:OperatingCashFlow-CapitalExpenditure,,959.0,USD,flow,0,https://www.sec.gov/Archives/edgar/data/1355096/000155837022002174/,2026-08-05T17:49:37+00:00,0001355096,USD,2021,CY2019,True,derived_from_latest_valid_components,Operating cash flow minus positive CapEx outflow.
qvcga,QVCGA,0001558370-21-001983,10-K,2021-02-26,,2019-12-31,2019,FY,,inventory,us-gaap,InventoryNet,1413000000.0,1413.0,USD_millions,stock,1,https://www.sec.gov/Archives/edgar/data/1355096/000155837021001983/,2026-08-05T17:49:37+00:00,0001355096,USD,2020,CY2019Q4I,True,latest_valid_restated_sec_companyfacts,Latest valid filing available as of 2026-08-05; configured source-tag priority breaks valid same-filing ties.
qvcga,QVCGA,0001558370-22-002174,10-K,2022-02-25,2019-01-01,2019-12-31,2019,FY,364.0,net_income,us-gaap,NetIncomeLoss,-456000000.0,-456.0,USD_millions,flow,1,https://www.sec.gov/Archives/edgar/data/1355096/000155837022002174/,2026-08-05T17:49:37+00:00,0001355096,USD,2021,CY2019,True,latest_valid_restated_sec_companyfacts,Latest valid filing available as of 2026-08-05; configured source-tag priority breaks valid same-filing ties.
qvcga,QVCGA,0001558370-22-002174,10-K,2022-02-25,2019-01-01,2019-12-31,2019,FY,364.0,operating_cash_flow,us-gaap,NetCashProvidedByUsedInOperatingActivities,1284000000.0,1284.0,USD_millions,flow,1,https://www.sec.gov/Archives/edgar/data/1355096/000155837022002174/,2026-08-05T17:49:37+00:00,0001355096,USD,2021,CY2019,True,latest_valid_restated_sec_companyfacts,Latest valid filing available as of 2026-08-05; configured source-tag priority breaks valid same-filing ties.
qvcga,QVCGA,0001558370-22-002174,10-K,2022-02-25,2019-01-01,2019-12-31,2019,FY,364.0,operating_income,us-gaap,OperatingIncomeLoss,184000000.0,184.0,USD_millions,flow,1,https://www.sec.gov/Archives/edgar/data/1355096/000155837022002174/,2026-08-05T17:49:37+00:00,0001355096,USD,2021,CY2019,True,latest_valid_restated_sec_companyfacts,Latest valid filing available as of 2026-08-05; configured source-tag priority breaks valid same-filing ties.
qvcga,QVCGA,0001558370-22-002174,10-K,2022-02-25,2019-01-01,2019-12-31,2019,FY,364.0,revenue,us-gaap,RevenueFromContractWithCustomerExcludingAssessedTax,13458000000.0,13458.0,USD_millions,flow,1,https://www.sec.gov/Archives/edgar/data/1355096/000155837022002174/,2026-08-05T17:49:37+00:00,0001355096,USD,2021,CY2019,True,latest_valid_restated_sec_companyfacts,Latest valid filing available as of 2026-08-05; configured source-tag priority breaks valid same-filing ties.
qvcga,QVCGA,0001558370-21-001983,10-K,2021-02-26,,2019-12-31,2019,FY,,total_assets,us-gaap,Assets,17305000000.0,17305.0,USD_millions,stock,1,https://www.sec.gov/Archives/edgar/data/1355096/000155837021001983/,2026-08-05T17:49:37+00:00,0001355096,USD,2020,CY2019Q4I,True,latest_valid_restated_sec_companyfacts,Latest valid filing available as of 2026-08-05; configured source-tag priority breaks valid same-filing ties.
qvcga,QVCGA,0001558370-23-002572,10-K,2023-03-01,,2019-12-31,2019,FY,,total_equity,us-gaap,StockholdersEquityIncludingPortionAttributableToNoncontrollingInterest,4936000000.0,4936.0,USD_millions,stock,2,https://www.sec.gov/Archives/edgar/data/1355096/000155837023002572/,2026-08-05T17:49:37+00:00,0001355096,USD,2022,CY2019Q4I,True,latest_valid_restated_sec_companyfacts,Latest valid filing available as of 2026-08-05; configured source-tag priority breaks valid same-filing ties.
qvcga,QVCGA,0001558370-21-001983,10-K,2021-02-26,,2019-12-31,2019,FY,,total_liabilities,us-gaap,Liabilities,12333000000.0,12333.0,USD_millions,stock,1,https://www.sec.gov/Archives/edgar/data/1355096/000155837021001983/,2026-08-05T17:49:37+00:00,0001355096,USD,2020,CY2019Q4I,True,latest_valid_restated_sec_companyfacts,Latest valid filing available as of 2026-08-05; configured source-tag priority breaks valid same-filing ties.
qvcga,QVCGA,0001558370-23-002572,10-K,2023-03-01,2020-01-01,2020-12-31,2020,FY,365.0,capital_expenditure,us-gaap,PaymentsToAcquireProductiveAssets,257000000.0,257.0,USD_millions,flow,2,https://www.sec.gov/Archives/edgar/data/1355096/000155837023002572/,2026-08-05T17:49:37+00:00,0001355096,USD,2022,CY2020,True,latest_valid_restated_sec_companyfacts,Latest valid filing available as of 2026-08-05; configured source-tag priority breaks valid same-filing ties.
qvcga,QVCGA,0001558370-22-002174,10-K,2022-02-25,,2020-12-31,2020,FY,,cash_and_equivalents,us-gaap,CashAndCashEquivalentsAtCarryingValue,806000000.0,806.0,USD_millions,stock,1,https://www.sec.gov/Archives/edgar/data/1355096/000155837022002174/,2026-08-05T17:49:37+00:00,0001355096,USD,2021,CY2020Q4I,True,latest_valid_restated_sec_companyfacts,Latest valid filing available as of 2026-08-05; configured source-tag priority breaks valid same-filing ties.
qvcga,QVCGA,0001558370-22-002174,10-K,2022-02-25,,2020-12-31,2020,FY,,current_assets,us-gaap,AssetsCurrent,4565000000.0,4565.0,USD_millions,stock,1,https://www.sec.gov/Archives/edgar/data/1355096/000155837022002174/,2026-08-05T17:49:37+00:00,0001355096,USD,2021,CY2020Q4I,True,latest_valid_restated_sec_companyfacts,Latest valid filing available as of 2026-08-05; configured source-tag priority breaks valid same-filing ties.
qvcga,QVCGA,0001558370-22-002174,10-K,2022-02-25,,2020-12-31,2020,FY,,current_liabilities,us-gaap,LiabilitiesCurrent,4704000000.0,4704.0,USD_millions,stock,1,https://www.sec.gov/Archives/edgar/data/1355096/000155837022002174/,2026-08-05T17:49:37+00:00,0001355096,USD,2021,CY2020Q4I,True,latest_valid_restated_sec_companyfacts,Latest valid filing available as of 2026-08-05; configured source-tag priority breaks valid same-filing ties.
qvcga,QVCGA,0001558370-23-002572,10-K,2023-03-01,2020-01-01,2020-12-31,2020,FY,365.0,free_cash_flow,project,derived:OperatingCashFlow-CapitalExpenditure,,2198.0,USD,flow,0,https://www.sec.gov/Archives/edgar/data/1355096/000155837023002572/,2026-08-05T17:49:37+00:00,0001355096,USD,2022,CY2020,True,derived_from_latest_valid_components,Operating cash flow minus positive CapEx outflow.
qvcga,QVCGA,0001558370-22-002174,10-K,2022-02-25,,2020-12-31,2020,FY,,inventory,us-gaap,InventoryNet,1301000000.0,1301.0,USD_millions,stock,1,https://www.sec.gov/Archives/edgar/data/1355096/000155837022002174/,2026-08-05T17:49:37+00:00,0001355096,USD,2021,CY2020Q4I,True,latest_valid_restated_sec_companyfacts,Latest valid filing available as of 2026-08-05; configured source-tag priority breaks valid same-filing ties.
qvcga,QVCGA,0001558370-23-002572,10-K,2023-03-01,2020-01-01,2020-12-31,2020,FY,365.0,net_income,us-gaap,NetIncomeLoss,1196000000.0,1196.0,USD_millions,flow,1,https://www.sec.gov/Archives/edgar/data/1355096/000155837023002572/,2026-08-05T17:49:37+00:00,0001355096,USD,2022,CY2020,True,latest_valid_restated_sec_companyfacts,Latest valid filing available as of 2026-08-05; configured source-tag priority breaks valid same-filing ties.
qvcga,QVCGA,0001558370-23-002572,10-K,2023-03-01,2020-01-01,2020-12-31,2020,FY,365.0,operating_cash_flow,us-gaap,NetCashProvidedByUsedInOperatingActivities,2455000000.0,2455.0,USD_millions,flow,1,https://www.sec.gov/Archives/edgar/data/1355096/000155837023002572/,2026-08-05T17:49:37+00:00,0001355096,USD,2022,CY2020,True,latest_valid_restated_sec_companyfacts,Latest valid filing available as of 2026-08-05; configured source-tag priority breaks valid same-filing ties.
qvcga,QVCGA,0001558370-23-002572,10-K,2023-03-01,2020-01-01,2020-12-31,2020,FY,365.0,operating_income,us-gaap,OperatingIncomeLoss,1572000000.0,1572.0,USD_millions,flow,1,https://www.sec.gov/Archives/edgar/data/1355096/000155837023002572/,2026-08-05T17:49:37+00:00,0001355096,USD,2022,CY2020,True,latest_valid_restated_sec_companyfacts,Latest valid filing available as of 2026-08-05; configured source-tag priority breaks valid same-filing ties.
qvcga,QVCGA,0001558370-23-002572,10-K,2023-03-01,2020-01-01,2020-12-31,2020,FY,365.0,revenue,us-gaap,RevenueFromContractWithCustomerExcludingAssessedTax,14177000000.0,14177.0,USD_millions,flow,1,https://www.sec.gov/Archives/edgar/data/1355096/000155837023002572/,2026-08-05T17:49:37+00:00,0001355096,USD,2022,CY2020,True,latest_valid_restated_sec_companyfacts,Latest valid filing available as of 2026-08-05; configured source-tag priority breaks valid same-filing ties.
qvcga,QVCGA,0001558370-22-002174,10-K,2022-02-25,,2020-12-31,2020,FY,,total_assets,us-gaap,Assets,16999000000.0,16999.0,USD_millions,stock,1,https://www.sec.gov/Archives/edgar/data/1355096/000155837022002174/,2026-08-05T17:49:37+00:00,0001355096,USD,2021,CY2020Q4I,True,latest_valid_restated_sec_companyfacts,Latest valid filing available as of 2026-08-05; configured source-tag priority breaks valid same-filing ties.
qvcga,QVCGA,0001558370-24-002032,10-K,2024-02-28,,2020-12-31,2020,FY,,total_equity,us-gaap,StockholdersEquityIncludingPortionAttributableToNoncontrollingInterest,3689000000.0,3689.0,USD_millions,stock,2,https://www.sec.gov/Archives/edgar/data/1355096/000155837024002032/,2026-08-05T17:49:37+00:00,0001355096,USD,2023,CY2020Q4I,True,latest_valid_restated_sec_companyfacts,Latest valid filing available as of 2026-08-05; configured source-tag priority breaks valid same-filing ties.
qvcga,QVCGA,0001558370-22-002174,10-K,2022-02-25,,2020-12-31,2020,FY,,total_liabilities,us-gaap,Liabilities,13266000000.0,13266.0,USD_millions,stock,1,https://www.sec.gov/Archives/edgar/data/1355096/000155837022002174/,2026-08-05T17:49:37+00:00,0001355096,USD,2021,CY2020Q4I,True,latest_valid_restated_sec_companyfacts,Latest valid filing available as of 2026-08-05; configured source-tag priority breaks valid same-filing ties.
qvcga,QVCGA,0001558370-24-002032,10-K,2024-02-28,2021-01-01,2021-12-31,2021,FY,364.0,capital_expenditure,us-gaap,PaymentsToAcquireProductiveAssets,244000000.0,244.0,USD_millions,flow,2,https://www.sec.gov/Archives/edgar/data/1355096/000155837024002032/,2026-08-05T17:49:37+00:00,0001355096,USD,2023,CY2021,True,latest_valid_restated_sec_companyfacts,Latest valid filing available as of 2026-08-05; configured source-tag priority breaks valid same-filing ties.
qvcga,QVCGA,0001558370-23-002572,10-K,2023-03-01,,2021-12-31,2021,FY,,cash_and_equivalents,us-gaap,CashAndCashEquivalentsAtCarryingValue,587000000.0,587.0,USD_millions,stock,1,https://www.sec.gov/Archives/edgar/data/1355096/000155837023002572/,2026-08-05T17:49:37+00:00,0001355096,USD,2022,CY2021Q4I,True,latest_valid_restated_sec_companyfacts,Latest valid filing available as of 2026-08-05; configured source-tag priority breaks valid same-filing ties.
qvcga,QVCGA,0001558370-23-002572,10-K,2023-03-01,,2021-12-31,2021,FY,,current_assets,us-gaap,AssetsCurrent,4448000000.0,4448.0,USD_millions,stock,1,https://www.sec.gov/Archives/edgar/data/1355096/000155837023002572/,2026-08-05T17:49:37+00:00,0001355096,USD,2022,CY2021Q4I,True,latest_valid_restated_sec_companyfacts,Latest valid filing available as of 2026-08-05; configured source-tag priority breaks valid same-filing ties.
qvcga,QVCGA,0001558370-23-002572,10-K,2023-03-01,,2021-12-31,2021,FY,,current_liabilities,us-gaap,LiabilitiesCurrent,4224000000.0,4224.0,USD_millions,stock,1,https://www.sec.gov/Archives/edgar/data/1355096/000155837023002572/,2026-08-05T17:49:37+00:00,0001355096,USD,2022,CY2021Q4I,True,latest_valid_restated_sec_companyfacts,Latest valid filing available as of 2026-08-05; configured source-tag priority breaks valid same-filing ties.
qvcga,QVCGA,0001558370-24-002032,10-K,2024-02-28,2021-01-01,2021-12-31,2021,FY,364.0,free_cash_flow,project,derived:OperatingCashFlow-CapitalExpenditure,,981.0,USD,flow,0,https://www.sec.gov/Archives/edgar/data/1355096/000155837024002032/,2026-08-05T17:49:37+00:00,0001355096,USD,2023,CY2021,True,derived_from_latest_valid_components,Operating cash flow minus positive CapEx outflow.
qvcga,QVCGA,0001558370-23-002572,10-K,2023-03-01,,2021-12-31,2021,FY,,inventory,us-gaap,InventoryNet,1623000000.0,1623.0,USD_millions,stock,1,https://www.sec.gov/Archives/edgar/data/1355096/000155837023002572/,2026-08-05T17:49:37+00:00,0001355096,USD,2022,CY2021Q4I,True,latest_valid_restated_sec_companyfacts,Latest valid filing available as of 2026-08-05; configured source-tag priority breaks valid same-filing ties.
qvcga,QVCGA,0001558370-24-002032,10-K,2024-02-28,2021-01-01,2021-12-31,2021,FY,364.0,net_income,us-gaap,NetIncomeLoss,340000000.0,340.0,USD_millions,flow,1,https://www.sec.gov/Archives/edgar/data/1355096/000155837024002032/,2026-08-05T17:49:37+00:00,0001355096,USD,2023,CY2021,True,latest_valid_restated_sec_companyfacts,Latest valid filing available as of 2026-08-05; configured source-tag priority breaks valid same-filing ties.
qvcga,QVCGA,0001558370-24-002032,10-K,2024-02-28,2021-01-01,2021-12-31,2021,FY,364.0,operating_cash_flow,us-gaap,NetCashProvidedByUsedInOperatingActivities,1225000000.0,1225.0,USD_millions,flow,1,https://www.sec.gov/Archives/edgar/data/1355096/000155837024002032/,2026-08-05T17:49:37+00:00,0001355096,USD,2023,CY2021,True,latest_valid_restated_sec_companyfacts,Latest valid filing available as of 2026-08-05; configured source-tag priority breaks valid same-filing ties.
qvcga,QVCGA,0001558370-24-002032,10-K,2024-02-28,2021-01-01,2021-12-31,2021,FY,364.0,operating_income,us-gaap,OperatingIncomeLoss,1087000000.0,1087.0,USD_millions,flow,1,https://www.sec.gov/Archives/edgar/data/1355096/000155837024002032/,2026-08-05T17:49:37+00:00,0001355096,USD,2023,CY2021,True,latest_valid_restated_sec_companyfacts,Latest valid filing available as of 2026-08-05; configured source-tag priority breaks valid same-filing ties.
qvcga,QVCGA,0001558370-24-002032,10-K,2024-02-28,2021-01-01,2021-12-31,2021,FY,364.0,revenue,us-gaap,RevenueFromContractWithCustomerExcludingAssessedTax,14044000000.0,14044.0,USD_millions,flow,1,https://www.sec.gov/Archives/edgar/data/1355096/000155837024002032/,2026-08-05T17:49:37+00:00,0001355096,USD,2023,CY2021,True,latest_valid_restated_sec_companyfacts,Latest valid filing available as of 2026-08-05; configured source-tag priority breaks valid same-filing ties.
qvcga,QVCGA,0001558370-23-002572,10-K,2023-03-01,,2021-12-31,2021,FY,,total_assets,us-gaap,Assets,16202000000.0,16202.0,USD_millions,stock,1,https://www.sec.gov/Archives/edgar/data/1355096/000155837023002572/,2026-08-05T17:49:37+00:00,0001355096,USD,2022,CY2021Q4I,True,latest_valid_restated_sec_companyfacts,Latest valid filing available as of 2026-08-05; configured source-tag priority breaks valid same-filing ties.
qvcga,QVCGA,0001558370-25-001837,10-K,2025-02-27,,2021-12-31,2021,FY,,total_equity,us-gaap,StockholdersEquityIncludingPortionAttributableToNoncontrollingInterest,2986000000.0,2986.0,USD_millions,stock,2,https://www.sec.gov/Archives/edgar/data/1355096/000155837025001837/,2026-08-05T17:49:37+00:00,0001355096,USD,2024,CY2021Q4I,True,latest_valid_restated_sec_companyfacts,Latest valid filing available as of 2026-08-05; configured source-tag priority breaks valid same-filing ties.
qvcga,QVCGA,0001558370-23-002572,10-K,2023-03-01,,2021-12-31,2021,FY,,total_liabilities,us-gaap,Liabilities,13216000000.0,13216.0,USD_millions,stock,1,https://www.sec.gov/Archives/edgar/data/1355096/000155837023002572/,2026-08-05T17:49:37+00:00,0001355096,USD,2022,CY2021Q4I,True,latest_valid_restated_sec_companyfacts,Latest valid filing available as of 2026-08-05; configured source-tag priority breaks valid same-filing ties.
qvcga,QVCGA,0001558370-25-001837,10-K,2025-02-27,2022-01-01,2022-12-31,2022,FY,364.0,capital_expenditure,us-gaap,PaymentsToAcquireProductiveAssets,268000000.0,268.0,USD_millions,flow,2,https://www.sec.gov/Archives/edgar/data/1355096/000155837025001837/,2026-08-05T17:49:37+00:00,0001355096,USD,2024,CY2022,True,latest_valid_restated_sec_companyfacts,Latest valid filing available as of 2026-08-05; configured source-tag priority breaks valid same-filing ties.
qvcga,QVCGA,0001558370-24-002032,10-K,2024-02-28,,2022-12-31,2022,FY,,cash_and_equivalents,us-gaap,CashAndCashEquivalentsAtCarryingValue,1275000000.0,1275.0,USD_millions,stock,1,https://www.sec.gov/Archives/edgar/data/1355096/000155837024002032/,2026-08-05T17:49:37+00:00,0001355096,USD,2023,CY2022Q4I,True,latest_valid_restated_sec_companyfacts,Latest valid filing available as of 2026-08-05; configured source-tag priority breaks valid same-filing ties.
qvcga,QVCGA,0001558370-24-002032,10-K,2024-02-28,,2022-12-31,2022,FY,,current_assets,us-gaap,AssetsCurrent,4275000000.0,4275.0,USD_millions,stock,1,https://www.sec.gov/Archives/edgar/data/1355096/000155837024002032/,2026-08-05T17:49:37+00:00,0001355096,USD,2023,CY2022Q4I,True,latest_valid_restated_sec_companyfacts,Latest valid filing available as of 2026-08-05; configured source-tag priority breaks valid same-filing ties.
qvcga,QVCGA,0001558370-24-002032,10-K,2024-02-28,,2022-12-31,2022,FY,,current_liabilities,us-gaap,LiabilitiesCurrent,3099000000.0,3099.0,USD_millions,stock,1,https://www.sec.gov/Archives/edgar/data/1355096/000155837024002032/,2026-08-05T17:49:37+00:00,0001355096,USD,2023,CY2022Q4I,True,latest_valid_restated_sec_companyfacts,Latest valid filing available as of 2026-08-05; configured source-tag priority breaks valid same-filing ties.
qvcga,QVCGA,0001558370-25-001837,10-K,2025-02-27,2022-01-01,2022-12-31,2022,FY,364.0,free_cash_flow,project,derived:OperatingCashFlow-CapitalExpenditure,,-74.0,USD,flow,0,https://www.sec.gov/Archives/edgar/data/1355096/000155837025001837/,2026-08-05T17:49:37+00:00,0001355096,USD,2024,CY2022,True,derived_from_latest_valid_components,Operating cash flow minus positive CapEx outflow.
qvcga,QVCGA,0001558370-24-002032,10-K,2024-02-28,,2022-12-31,2022,FY,,inventory,us-gaap,InventoryNet,1346000000.0,1346.0,USD_millions,stock,1,https://www.sec.gov/Archives/edgar/data/1355096/000155837024002032/,2026-08-05T17:49:37+00:00,0001355096,USD,2023,CY2022Q4I,True,latest_valid_restated_sec_companyfacts,Latest valid filing available as of 2026-08-05; configured source-tag priority breaks valid same-filing ties.
qvcga,QVCGA,0001558370-25-001837,10-K,2025-02-27,2022-01-01,2022-12-31,2022,FY,364.0,net_income,us-gaap,NetIncomeLoss,-2594000000.0,-2594.0,USD_millions,flow,1,https://www.sec.gov/Archives/edgar/data/1355096/000155837025001837/,2026-08-05T17:49:37+00:00,0001355096,USD,2024,CY2022,True,latest_valid_restated_sec_companyfacts,Latest valid filing available as of 2026-08-05; configured source-tag priority breaks valid same-filing ties.
qvcga,QVCGA,0001558370-25-001837,10-K,2025-02-27,2022-01-01,2022-12-31,2022,FY,364.0,operating_cash_flow,us-gaap,NetCashProvidedByUsedInOperatingActivities,194000000.0,194.0,USD_millions,flow,1,https://www.sec.gov/Archives/edgar/data/1355096/000155837025001837/,2026-08-05T17:49:37+00:00,0001355096,USD,2024,CY2022,True,latest_valid_restated_sec_companyfacts,Latest valid filing available as of 2026-08-05; configured source-tag priority breaks valid same-filing ties.
qvcga,QVCGA,0001558370-25-001837,10-K,2025-02-27,2022-01-01,2022-12-31,2022,FY,364.0,operating_income,us-gaap,OperatingIncomeLoss,-2041000000.0,-2041.0,USD_millions,flow,1,https://www.sec.gov/Archives/edgar/data/1355096/000155837025001837/,2026-08-05T17:49:37+00:00,0001355096,USD,2024,CY2022,True,latest_valid_restated_sec_companyfacts,Latest valid filing available as of 2026-08-05; configured source-tag priority breaks valid same-filing ties.
qvcga,QVCGA,0001558370-25-001837,10-K,2025-02-27,2022-01-01,2022-12-31,2022,FY,364.0,revenue,us-gaap,RevenueFromContractWithCustomerExcludingAssessedTax,12106000000.0,12106.0,USD_millions,flow,1,https://www.sec.gov/Archives/edgar/data/1355096/000155837025001837/,2026-08-05T17:49:37+00:00,0001355096,USD,2024,CY2022,True,latest_valid_restated_sec_companyfacts,Latest valid filing available as of 2026-08-05; configured source-tag priority breaks valid same-filing ties.
qvcga,QVCGA,0001558370-24-002032,10-K,2024-02-28,,2022-12-31,2022,FY,,total_assets,us-gaap,Assets,12571000000.0,12571.0,USD_millions,stock,1,https://www.sec.gov/Archives/edgar/data/1355096/000155837024002032/,2026-08-05T17:49:37+00:00,0001355096,USD,2023,CY2022Q4I,True,latest_valid_restated_sec_companyfacts,Latest valid filing available as of 2026-08-05; configured source-tag priority breaks valid same-filing ties.
qvcga,QVCGA,0001355096-26-000010,10-K,2026-04-15,,2022-12-31,2022,FY,,total_equity,us-gaap,StockholdersEquityIncludingPortionAttributableToNoncontrollingInterest,525000000.0,525.0,USD_millions,stock,2,https://www.sec.gov/Archives/edgar/data/1355096/000135509626000010/,2026-08-05T17:49:37+00:00,0001355096,USD,2025,CY2022Q4I,True,latest_valid_restated_sec_companyfacts,Latest valid filing available as of 2026-08-05; configured source-tag priority breaks valid same-filing ties.
qvcga,QVCGA,0001558370-24-002032,10-K,2024-02-28,,2022-12-31,2022,FY,,total_liabilities,us-gaap,Liabilities,12046000000.0,12046.0,USD_millions,stock,1,https://www.sec.gov/Archives/edgar/data/1355096/000155837024002032/,2026-08-05T17:49:37+00:00,0001355096,USD,2023,CY2022Q4I,True,latest_valid_restated_sec_companyfacts,Latest valid filing available as of 2026-08-05; configured source-tag priority breaks valid same-filing ties.
qvcga,QVCGA,0001355096-26-000010,10-K,2026-04-15,2023-01-01,2023-12-31,2023,FY,364.0,capital_expenditure,us-gaap,PaymentsToAcquireProductiveAssets,230000000.0,230.0,USD_millions,flow,2,https://www.sec.gov/Archives/edgar/data/1355096/000135509626000010/,2026-08-05T17:49:37+00:00,0001355096,USD,2025,CY2023,True,latest_valid_restated_sec_companyfacts,Latest valid filing available as of 2026-08-05; configured source-tag priority breaks valid same-filing ties.
qvcga,QVCGA,0001558370-25-001837,10-K,2025-02-27,,2023-12-31,2023,FY,,cash_and_equivalents,us-gaap,CashAndCashEquivalentsAtCarryingValue,1121000000.0,1121.0,USD_millions,stock,1,https://www.sec.gov/Archives/edgar/data/1355096/000155837025001837/,2026-08-05T17:49:37+00:00,0001355096,USD,2024,CY2023Q4I,True,latest_valid_restated_sec_companyfacts,Latest valid filing available as of 2026-08-05; configured source-tag priority breaks valid same-filing ties.
qvcga,QVCGA,0001558370-25-001837,10-K,2025-02-27,,2023-12-31,2023,FY,,current_assets,us-gaap,AssetsCurrent,3682000000.0,3682.0,USD_millions,stock,1,https://www.sec.gov/Archives/edgar/data/1355096/000155837025001837/,2026-08-05T17:49:37+00:00,0001355096,USD,2024,CY2023Q4I,True,latest_valid_restated_sec_companyfacts,Latest valid filing available as of 2026-08-05; configured source-tag priority breaks valid same-filing ties.
qvcga,QVCGA,0001558370-25-001837,10-K,2025-02-27,,2023-12-31,2023,FY,,current_liabilities,us-gaap,LiabilitiesCurrent,2617000000.0,2617.0,USD_millions,stock,1,https://www.sec.gov/Archives/edgar/data/1355096/000155837025001837/,2026-08-05T17:49:37+00:00,0001355096,USD,2024,CY2023Q4I,True,latest_valid_restated_sec_companyfacts,Latest valid filing available as of 2026-08-05; configured source-tag priority breaks valid same-filing ties.
qvcga,QVCGA,0001355096-26-000010,10-K,2026-04-15,2023-01-01,2023-12-31,2023,FY,364.0,free_cash_flow,project,derived:OperatingCashFlow-CapitalExpenditure,,689.0,USD,flow,0,https://www.sec.gov/Archives/edgar/data/1355096/000135509626000010/,2026-08-05T17:49:37+00:00,0001355096,USD,2025,CY2023,True,derived_from_latest_valid_components,Operating cash flow minus positive CapEx outflow.
qvcga,QVCGA,0001558370-25-001837,10-K,2025-02-27,,2023-12-31,2023,FY,,inventory,us-gaap,InventoryNet,1044000000.0,1044.0,USD_millions,stock,1,https://www.sec.gov/Archives/edgar/data/1355096/000155837025001837/,2026-08-05T17:49:37+00:00,0001355096,USD,2024,CY2023Q4I,True,latest_valid_restated_sec_companyfacts,Latest valid filing available as of 2026-08-05; configured source-tag priority breaks valid same-filing ties.
qvcga,QVCGA,0001355096-26-000010,10-K,2026-04-15,2023-01-01,2023-12-31,2023,FY,364.0,net_income,us-gaap,NetIncomeLoss,-145000000.0,-145.0,USD_millions,flow,1,https://www.sec.gov/Archives/edgar/data/1355096/000135509626000010/,2026-08-05T17:49:37+00:00,0001355096,USD,2025,CY2023,True,latest_valid_restated_sec_companyfacts,Latest valid filing available as of 2026-08-05; configured source-tag priority breaks valid same-filing ties.
qvcga,QVCGA,0001355096-26-000010,10-K,2026-04-15,2023-01-01,2023-12-31,2023,FY,364.0,operating_cash_flow,us-gaap,NetCashProvidedByUsedInOperatingActivities,919000000.0,919.0,USD_millions,flow,1,https://www.sec.gov/Archives/edgar/data/1355096/000135509626000010/,2026-08-05T17:49:37+00:00,0001355096,USD,2025,CY2023,True,latest_valid_restated_sec_companyfacts,Latest valid filing available as of 2026-08-05; configured source-tag priority breaks valid same-filing ties.
qvcga,QVCGA,0001355096-26-000010,10-K,2026-04-15,2023-01-01,2023-12-31,2023,FY,364.0,operating_income,us-gaap,OperatingIncomeLoss,590000000.0,590.0,USD_millions,flow,1,https://www.sec.gov/Archives/edgar/data/1355096/000135509626000010/,2026-08-05T17:49:37+00:00,0001355096,USD,2025,CY2023,True,latest_valid_restated_sec_companyfacts,Latest valid filing available as of 2026-08-05; configured source-tag priority breaks valid same-filing ties.
qvcga,QVCGA,0001355096-26-000010,10-K,2026-04-15,2023-01-01,2023-12-31,2023,FY,364.0,revenue,us-gaap,RevenueFromContractWithCustomerExcludingAssessedTax,10915000000.0,10915.0,USD_millions,flow,1,https://www.sec.gov/Archives/edgar/data/1355096/000135509626000010/,2026-08-05T17:49:37+00:00,0001355096,USD,2025,CY2023,True,latest_valid_restated_sec_companyfacts,Latest valid filing available as of 2026-08-05; configured source-tag priority breaks valid same-filing ties.
qvcga,QVCGA,0001558370-25-001837,10-K,2025-02-27,,2023-12-31,2023,FY,,total_assets,us-gaap,Assets,11368000000.0,11368.0,USD_millions,stock,1,https://www.sec.gov/Archives/edgar/data/1355096/000155837025001837/,2026-08-05T17:49:37+00:00,0001355096,USD,2024,CY2023Q4I,True,latest_valid_restated_sec_companyfacts,Latest valid filing available as of 2026-08-05; configured source-tag priority breaks valid same-filing ties.
qvcga,QVCGA,0001355096-26-000010,10-K,2026-04-15,,2023-12-31,2023,FY,,total_equity,us-gaap,StockholdersEquityIncludingPortionAttributableToNoncontrollingInterest,489000000.0,489.0,USD_millions,stock,2,https://www.sec.gov/Archives/edgar/data/1355096/000135509626000010/,2026-08-05T17:49:37+00:00,0001355096,USD,2025,CY2023Q4I,True,latest_valid_restated_sec_companyfacts,Latest valid filing available as of 2026-08-05; configured source-tag priority breaks valid same-filing ties.
qvcga,QVCGA,0001558370-25-001837,10-K,2025-02-27,,2023-12-31,2023,FY,,total_liabilities,us-gaap,Liabilities,10879000000.0,10879.0,USD_millions,stock,1,https://www.sec.gov/Archives/edgar/data/1355096/000155837025001837/,2026-08-05T17:49:37+00:00,0001355096,USD,2024,CY2023Q4I,True,latest_valid_restated_sec_companyfacts,Latest valid filing available as of 2026-08-05; configured source-tag priority breaks valid same-filing ties.
qvcga,QVCGA,0001355096-26-000010,10-K,2026-04-15,2024-01-01,2024-12-31,2024,FY,365.0,capital_expenditure,us-gaap,PaymentsToAcquireProductiveAssets,199000000.0,199.0,USD_millions,flow,2,https://www.sec.gov/Archives/edgar/data/1355096/000135509626000010/,2026-08-05T17:49:37+00:00,0001355096,USD,2025,CY2024,True,latest_valid_restated_sec_companyfacts,Latest valid filing available as of 2026-08-05; configured source-tag priority breaks valid same-filing ties.
qvcga,QVCGA,0001355096-26-000010,10-K,2026-04-15,,2024-12-31,2024,FY,,cash_and_equivalents,us-gaap,CashAndCashEquivalentsAtCarryingValue,905000000.0,905.0,USD_millions,stock,1,https://www.sec.gov/Archives/edgar/data/1355096/000135509626000010/,2026-08-05T17:49:37+00:00,0001355096,USD,2025,CY2024Q4I,True,latest_valid_restated_sec_companyfacts,Latest valid filing available as of 2026-08-05; configured source-tag priority breaks valid same-filing ties.
qvcga,QVCGA,0001355096-26-000010,10-K,2026-04-15,,2024-12-31,2024,FY,,current_assets,us-gaap,AssetsCurrent,3299000000.0,3299.0,USD_millions,stock,1,https://www.sec.gov/Archives/edgar/data/1355096/000135509626000010/,2026-08-05T17:49:37+00:00,0001355096,USD,2025,CY2024Q4I,True,latest_valid_restated_sec_companyfacts,Latest valid filing available as of 2026-08-05; configured source-tag priority breaks valid same-filing ties.
qvcga,QVCGA,0001355096-26-000010,10-K,2026-04-15,,2024-12-31,2024,FY,,current_liabilities,us-gaap,LiabilitiesCurrent,2724000000.0,2724.0,USD_millions,stock,1,https://www.sec.gov/Archives/edgar/data/1355096/000135509626000010/,2026-08-05T17:49:37+00:00,0001355096,USD,2025,CY2024Q4I,True,latest_valid_restated_sec_companyfacts,Latest valid filing available as of 2026-08-05; configured source-tag priority breaks valid same-filing ties.
qvcga,QVCGA,0001355096-26-000010,10-K,2026-04-15,2024-01-01,2024-12-31,2024,FY,365.0,free_cash_flow,project,derived:OperatingCashFlow-CapitalExpenditure,,326.0,USD,flow,0,https://www.sec.gov/Archives/edgar/data/1355096/000135509626000010/,2026-08-05T17:49:37+00:00,0001355096,USD,2025,CY2024,True,derived_from_latest_valid_components,Operating cash flow minus positive CapEx outflow.
qvcga,QVCGA,0001355096-26-000010,10-K,2026-04-15,,2024-12-31,2024,FY,,inventory,us-gaap,InventoryNet,1061000000.0,1061.0,USD_millions,stock,1,https://www.sec.gov/Archives/edgar/data/1355096/000135509626000010/,2026-08-05T17:49:37+00:00,0001355096,USD,2025,CY2024Q4I,True,latest_valid_restated_sec_companyfacts,Latest valid filing available as of 2026-08-05; configured source-tag priority breaks valid same-filing ties.
qvcga,QVCGA,0001355096-26-000010,10-K,2026-04-15,2024-01-01,2024-12-31,2024,FY,365.0,net_income,us-gaap,NetIncomeLoss,-1290000000.0,-1290.0,USD_millions,flow,1,https://www.sec.gov/Archives/edgar/data/1355096/000135509626000010/,2026-08-05T17:49:37+00:00,0001355096,USD,2025,CY2024,True,latest_valid_restated_sec_companyfacts,Latest valid filing available as of 2026-08-05; configured source-tag priority breaks valid same-filing ties.
qvcga,QVCGA,0001355096-26-000010,10-K,2026-04-15,2024-01-01,2024-12-31,2024,FY,365.0,operating_cash_flow,us-gaap,NetCashProvidedByUsedInOperatingActivities,525000000.0,525.0,USD_millions,flow,1,https://www.sec.gov/Archives/edgar/data/1355096/000135509626000010/,2026-08-05T17:49:37+00:00,0001355096,USD,2025,CY2024,True,latest_valid_restated_sec_companyfacts,Latest valid filing available as of 2026-08-05; configured source-tag priority breaks valid same-filing ties.
qvcga,QVCGA,0001355096-26-000010,10-K,2026-04-15,2024-01-01,2024-12-31,2024,FY,365.0,operating_income,us-gaap,OperatingIncomeLoss,-809000000.0,-809.0,USD_millions,flow,1,https://www.sec.gov/Archives/edgar/data/1355096/000135509626000010/,2026-08-05T17:49:37+00:00,0001355096,USD,2025,CY2024,True,latest_valid_restated_sec_companyfacts,Latest valid filing available as of 2026-08-05; configured source-tag priority breaks valid same-filing ties.
qvcga,QVCGA,0001355096-26-000010,10-K,2026-04-15,2024-01-01,2024-12-31,2024,FY,365.0,revenue,us-gaap,RevenueFromContractWithCustomerExcludingAssessedTax,10037000000.0,10037.0,USD_millions,flow,1,https://www.sec.gov/Archives/edgar/data/1355096/000135509626000010/,2026-08-05T17:49:37+00:00,0001355096,USD,2025,CY2024,True,latest_valid_restated_sec_companyfacts,Latest valid filing available as of 2026-08-05; configured source-tag priority breaks valid same-filing ties.
qvcga,QVCGA,0001355096-26-000010,10-K,2026-04-15,,2024-12-31,2024,FY,,total_assets,us-gaap,Assets,9243000000.0,9243.0,USD_millions,stock,1,https://www.sec.gov/Archives/edgar/data/1355096/000135509626000010/,2026-08-05T17:49:37+00:00,0001355096,USD,2025,CY2024Q4I,True,latest_valid_restated_sec_companyfacts,Latest valid filing available as of 2026-08-05; configured source-tag priority breaks valid same-filing ties.
qvcga,QVCGA,0001355096-26-000010,10-K,2026-04-15,,2024-12-31,2024,FY,,total_debt,us-gaap,LongTermDebtAndCapitalLeaseObligations,4101000000.0,4101.0,USD_millions,stock,3,https://www.sec.gov/Archives/edgar/data/1355096/000135509626000010/,2026-08-05T17:49:37+00:00,0001355096,USD,2025,CY2024Q4I,True,latest_valid_restated_sec_companyfacts,Latest valid filing available as of 2026-08-05; configured source-tag priority breaks valid same-filing ties.
qvcga,QVCGA,0001355096-26-000010,10-K,2026-04-15,,2024-12-31,2024,FY,,total_equity,us-gaap,StockholdersEquity,-971000000.0,-971.0,USD_millions,stock,1,https://www.sec.gov/Archives/edgar/data/1355096/000135509626000010/,2026-08-05T17:49:37+00:00,0001355096,USD,2025,CY2024Q4I,True,latest_valid_restated_sec_companyfacts,Latest valid filing available as of 2026-08-05; configured source-tag priority breaks valid same-filing ties.
qvcga,QVCGA,0001355096-26-000010,10-K,2026-04-15,,2024-12-31,2024,FY,,total_liabilities,us-gaap,Liabilities,10128000000.0,10128.0,USD_millions,stock,1,https://www.sec.gov/Archives/edgar/data/1355096/000135509626000010/,2026-08-05T17:49:37+00:00,0001355096,USD,2025,CY2024Q4I,True,latest_valid_restated_sec_companyfacts,Latest valid filing available as of 2026-08-05; configured source-tag priority breaks valid same-filing ties.
rvlv,RVLV,0001564590-20-006806,10-K,2020-02-26,2017-01-01,2017-12-31,2017,FY,364.0,capital_expenditure,us-gaap,PaymentsToAcquirePropertyPlantAndEquipment,2262000.0,2.262,USD_millions,flow,1,https://www.sec.gov/Archives/edgar/data/1746618/000156459020006806/,2026-08-05T17:49:37+00:00,0001746618,USD,2019,CY2017,True,latest_valid_restated_sec_companyfacts,Latest valid filing available as of 2026-08-05; configured source-tag priority breaks valid same-filing ties.
rvlv,RVLV,0001564590-20-006806,10-K,2020-02-26,2017-01-01,2017-12-31,2017,FY,364.0,free_cash_flow,project,derived:OperatingCashFlow-CapitalExpenditure,,14.216999999999999,USD,flow,0,https://www.sec.gov/Archives/edgar/data/1746618/000156459020006806/,2026-08-05T17:49:37+00:00,0001746618,USD,2019,CY2017,True,derived_from_latest_valid_components,Operating cash flow minus positive CapEx outflow.
rvlv,RVLV,0001564590-20-006806,10-K,2020-02-26,2017-01-01,2017-12-31,2017,FY,364.0,net_income,us-gaap,NetIncomeLoss,5347000.0,5.347,USD_millions,flow,1,https://www.sec.gov/Archives/edgar/data/1746618/000156459020006806/,2026-08-05T17:49:37+00:00,0001746618,USD,2019,CY2017,True,latest_valid_restated_sec_companyfacts,Latest valid filing available as of 2026-08-05; configured source-tag priority breaks valid same-filing ties.
rvlv,RVLV,0001564590-20-006806,10-K,2020-02-26,2017-01-01,2017-12-31,2017,FY,364.0,operating_cash_flow,us-gaap,NetCashProvidedByUsedInOperatingActivities,16479000.0,16.479,USD_millions,flow,1,https://www.sec.gov/Archives/edgar/data/1746618/000156459020006806/,2026-08-05T17:49:37+00:00,0001746618,USD,2019,CY2017,True,latest_valid_restated_sec_companyfacts,Latest valid filing available as of 2026-08-05; configured source-tag priority breaks valid same-filing ties.
rvlv,RVLV,0001564590-20-006806,10-K,2020-02-26,2017-01-01,2017-12-31,2017,FY,364.0,operating_income,us-gaap,OperatingIncomeLoss,20522000.0,20.522,USD_millions,flow,1,https://www.sec.gov/Archives/edgar/data/1746618/000156459020006806/,2026-08-05T17:49:37+00:00,0001746618,USD,2019,CY2017,True,latest_valid_restated_sec_companyfacts,Latest valid filing available as of 2026-08-05; configured source-tag priority breaks valid same-filing ties.
rvlv,RVLV,0001564590-20-006806,10-K,2020-02-26,2017-01-01,2017-12-31,2017,FY,364.0,revenue,us-gaap,RevenueFromContractWithCustomerExcludingAssessedTax,399597000.0,399.597,USD_millions,flow,1,https://www.sec.gov/Archives/edgar/data/1746618/000156459020006806/,2026-08-05T17:49:37+00:00,0001746618,USD,2019,CY2017,True,latest_valid_restated_sec_companyfacts,Latest valid filing available as of 2026-08-05; configured source-tag priority breaks valid same-filing ties.
rvlv,RVLV,0001564590-21-008799,10-K,2021-02-25,,2017-12-31,2017,FY,,total_equity,us-gaap,StockholdersEquity,47988000.0,47.988,USD_millions,stock,1,https://www.sec.gov/Archives/edgar/data/1746618/000156459021008799/,2026-08-05T17:49:37+00:00,0001746618,USD,2020,CY2017Q4I,True,latest_valid_restated_sec_companyfacts,Latest valid filing available as of 2026-08-05; configured source-tag priority breaks valid same-filing ties.
rvlv,RVLV,0001564590-21-008799,10-K,2021-02-25,2018-01-01,2018-12-31,2018,FY,364.0,capital_expenditure,us-gaap,PaymentsToAcquirePropertyPlantAndEquipment,3045000.0,3.045,USD_millions,flow,1,https://www.sec.gov/Archives/edgar/data/1746618/000156459021008799/,2026-08-05T17:49:37+00:00,0001746618,USD,2020,CY2018,True,latest_valid_restated_sec_companyfacts,Latest valid filing available as of 2026-08-05; configured source-tag priority breaks valid same-filing ties.
rvlv,RVLV,0001564590-20-006806,10-K,2020-02-26,,2018-12-31,2018,FY,,cash_and_equivalents,us-gaap,CashAndCashEquivalentsAtCarryingValue,16369000.0,16.369,USD_millions,stock,1,https://www.sec.gov/Archives/edgar/data/1746618/000156459020006806/,2026-08-05T17:49:37+00:00,0001746618,USD,2019,CY2018Q4I,True,latest_valid_restated_sec_companyfacts,Latest valid filing available as of 2026-08-05; configured source-tag priority breaks valid same-filing ties.
rvlv,RVLV,0001564590-20-006806,10-K,2020-02-26,,2018-12-31,2018,FY,,current_assets,us-gaap,AssetsCurrent,139153000.0,139.153,USD_millions,stock,1,https://www.sec.gov/Archives/edgar/data/1746618/000156459020006806/,2026-08-05T17:49:37+00:00,0001746618,USD,2019,CY2018Q4I,True,latest_valid_restated_sec_companyfacts,Latest valid filing available as of 2026-08-05; configured source-tag priority breaks valid same-filing ties.
rvlv,RVLV,0001564590-20-006806,10-K,2020-02-26,,2018-12-31,2018,FY,,current_liabilities,us-gaap,LiabilitiesCurrent,82256000.0,82.256,USD_millions,stock,1,https://www.sec.gov/Archives/edgar/data/1746618/000156459020006806/,2026-08-05T17:49:37+00:00,0001746618,USD,2019,CY2018Q4I,True,latest_valid_restated_sec_companyfacts,Latest valid filing available as of 2026-08-05; configured source-tag priority breaks valid same-filing ties.
rvlv,RVLV,0001564590-21-008799,10-K,2021-02-25,2018-01-01,2018-12-31,2018,FY,364.0,free_cash_flow,project,derived:OperatingCashFlow-CapitalExpenditure,,23.61,USD,flow,0,https://www.sec.gov/Archives/edgar/data/1746618/000156459021008799/,2026-08-05T17:49:37+00:00,0001746618,USD,2020,CY2018,True,derived_from_latest_valid_components,Operating cash flow minus positive CapEx outflow.
rvlv,RVLV,0001564590-20-006806,10-K,2020-02-26,,2018-12-31,2018,FY,,inventory,us-gaap,InventoryNet,102220000.0,102.22,USD_millions,stock,1,https://www.sec.gov/Archives/edgar/data/1746618/000156459020006806/,2026-08-05T17:49:37+00:00,0001746618,USD,2019,CY2018Q4I,True,latest_valid_restated_sec_companyfacts,Latest valid filing available as of 2026-08-05; configured source-tag priority breaks valid same-filing ties.
rvlv,RVLV,0001564590-21-008799,10-K,2021-02-25,2018-01-01,2018-12-31,2018,FY,364.0,net_income,us-gaap,NetIncomeLoss,30685000.0,30.685,USD_millions,flow,1,https://www.sec.gov/Archives/edgar/data/1746618/000156459021008799/,2026-08-05T17:49:37+00:00,0001746618,USD,2020,CY2018,True,latest_valid_restated_sec_companyfacts,Latest valid filing available as of 2026-08-05; configured source-tag priority breaks valid same-filing ties.
rvlv,RVLV,0001564590-21-008799,10-K,2021-02-25,2018-01-01,2018-12-31,2018,FY,364.0,operating_cash_flow,us-gaap,NetCashProvidedByUsedInOperatingActivities,26655000.0,26.655,USD_millions,flow,1,https://www.sec.gov/Archives/edgar/data/1746618/000156459021008799/,2026-08-05T17:49:37+00:00,0001746618,USD,2020,CY2018,True,latest_valid_restated_sec_companyfacts,Latest valid filing available as of 2026-08-05; configured source-tag priority breaks valid same-filing ties.
rvlv,RVLV,0001564590-21-008799,10-K,2021-02-25,2018-01-01,2018-12-31,2018,FY,364.0,operating_income,us-gaap,OperatingIncomeLoss,41798000.0,41.798,USD_millions,flow,1,https://www.sec.gov/Archives/edgar/data/1746618/000156459021008799/,2026-08-05T17:49:37+00:00,0001746618,USD,2020,CY2018,True,latest_valid_restated_sec_companyfacts,Latest valid filing available as of 2026-08-05; configured source-tag priority breaks valid same-filing ties.
rvlv,RVLV,0001564590-21-008799,10-K,2021-02-25,2018-01-01,2018-12-31,2018,FY,364.0,revenue,us-gaap,RevenueFromContractWithCustomerExcludingAssessedTax,498739000.0,498.739,USD_millions,flow,1,https://www.sec.gov/Archives/edgar/data/1746618/000156459021008799/,2026-08-05T17:49:37+00:00,0001746618,USD,2020,CY2018,True,latest_valid_restated_sec_companyfacts,Latest valid filing available as of 2026-08-05; configured source-tag priority breaks valid same-filing ties.
rvlv,RVLV,0001564590-20-006806,10-K,2020-02-26,,2018-12-31,2018,FY,,total_assets,us-gaap,Assets,162074000.0,162.074,USD_millions,stock,1,https://www.sec.gov/Archives/edgar/data/1746618/000156459020006806/,2026-08-05T17:49:37+00:00,0001746618,USD,2019,CY2018Q4I,True,latest_valid_restated_sec_companyfacts,Latest valid filing available as of 2026-08-05; configured source-tag priority breaks valid same-filing ties.
rvlv,RVLV,0000950170-22-002309,10-K,2022-02-28,,2018-12-31,2018,FY,,total_equity,us-gaap,StockholdersEquity,79818000.0,79.818,USD_millions,stock,1,https://www.sec.gov/Archives/edgar/data/1746618/000095017022002309/,2026-08-05T17:49:37+00:00,0001746618,USD,2021,CY2018Q4I,True,latest_valid_restated_sec_companyfacts,Latest valid filing available as of 2026-08-05; configured source-tag priority breaks valid same-filing ties.
rvlv,RVLV,0001564590-20-006806,10-K,2020-02-26,,2018-12-31,2018,FY,,total_liabilities,project,derived:Assets-StockholdersEquity,82256000.0,82.25600000000001,USD_millions,stock,99,https://www.sec.gov/Archives/edgar/data/1746618/000156459020006806/,2026-08-05T17:49:37+00:00,0001746618,USD,2019,CY2018Q4I,True,latest_valid_restated_sec_companyfacts,Latest valid filing available as of 2026-08-05; configured source-tag priority breaks valid same-filing ties.
rvlv,RVLV,0000950170-22-002309,10-K,2022-02-28,2019-01-01,2019-12-31,2019,FY,364.0,capital_expenditure,us-gaap,PaymentsToAcquirePropertyPlantAndEquipment,12455000.0,12.455,USD_millions,flow,1,https://www.sec.gov/Archives/edgar/data/1746618/000095017022002309/,2026-08-05T17:49:37+00:00,0001746618,USD,2021,CY2019,True,latest_valid_restated_sec_companyfacts,Latest valid filing available as of 2026-08-05; configured source-tag priority breaks valid same-filing ties.
rvlv,RVLV,0001564590-21-008799,10-K,2021-02-25,,2019-12-31,2019,FY,,cash_and_equivalents,us-gaap,CashAndCashEquivalentsAtCarryingValue,65418000.0,65.418,USD_millions,stock,1,https://www.sec.gov/Archives/edgar/data/1746618/000156459021008799/,2026-08-05T17:49:37+00:00,0001746618,USD,2020,CY2019Q4I,True,latest_valid_restated_sec_companyfacts,Latest valid filing available as of 2026-08-05; configured source-tag priority breaks valid same-filing ties.
rvlv,RVLV,0001564590-21-008799,10-K,2021-02-25,,2019-12-31,2019,FY,,current_assets,us-gaap,AssetsCurrent,199342000.0,199.342,USD_millions,stock,1,https://www.sec.gov/Archives/edgar/data/1746618/000156459021008799/,2026-08-05T17:49:37+00:00,0001746618,USD,2020,CY2019Q4I,True,latest_valid_restated_sec_companyfacts,Latest valid filing available as of 2026-08-05; configured source-tag priority breaks valid same-filing ties.
rvlv,RVLV,0001564590-21-008799,10-K,2021-02-25,,2019-12-31,2019,FY,,current_liabilities,us-gaap,LiabilitiesCurrent,101526000.0,101.526,USD_millions,stock,1,https://www.sec.gov/Archives/edgar/data/1746618/000156459021008799/,2026-08-05T17:49:37+00:00,0001746618,USD,2020,CY2019Q4I,True,latest_valid_restated_sec_companyfacts,Latest valid filing available as of 2026-08-05; configured source-tag priority breaks valid same-filing ties.
rvlv,RVLV,0000950170-22-002309,10-K,2022-02-28,2019-01-01,2019-12-31,2019,FY,364.0,free_cash_flow,project,derived:OperatingCashFlow-CapitalExpenditure,,33.602000000000004,USD,flow,0,https://www.sec.gov/Archives/edgar/data/1746618/000095017022002309/,2026-08-05T17:49:37+00:00,0001746618,USD,2021,CY2019,True,derived_from_latest_valid_components,Operating cash flow minus positive CapEx outflow.
rvlv,RVLV,0001564590-21-008799,10-K,2021-02-25,,2019-12-31,2019,FY,,inventory,us-gaap,InventoryNet,104257000.0,104.257,USD_millions,stock,1,https://www.sec.gov/Archives/edgar/data/1746618/000156459021008799/,2026-08-05T17:49:37+00:00,0001746618,USD,2020,CY2019Q4I,True,latest_valid_restated_sec_companyfacts,Latest valid filing available as of 2026-08-05; configured source-tag priority breaks valid same-filing ties.
rvlv,RVLV,0000950170-22-002309,10-K,2022-02-28,2019-01-01,2019-12-31,2019,FY,364.0,net_income,us-gaap,NetIncomeLoss,35667000.0,35.667,USD_millions,flow,1,https://www.sec.gov/Archives/edgar/data/1746618/000095017022002309/,2026-08-05T17:49:37+00:00,0001746618,USD,2021,CY2019,True,latest_valid_restated_sec_companyfacts,Latest valid filing available as of 2026-08-05; configured source-tag priority breaks valid same-filing ties.
rvlv,RVLV,0000950170-22-002309,10-K,2022-02-28,2019-01-01,2019-12-31,2019,FY,364.0,operating_cash_flow,us-gaap,NetCashProvidedByUsedInOperatingActivities,46057000.0,46.057,USD_millions,flow,1,https://www.sec.gov/Archives/edgar/data/1746618/000095017022002309/,2026-08-05T17:49:37+00:00,0001746618,USD,2021,CY2019,True,latest_valid_restated_sec_companyfacts,Latest valid filing available as of 2026-08-05; configured source-tag priority breaks valid same-filing ties.
rvlv,RVLV,0000950170-22-002309,10-K,2022-02-28,2019-01-01,2019-12-31,2019,FY,364.0,operating_income,us-gaap,OperatingIncomeLoss,48098000.0,48.098,USD_millions,flow,1,https://www.sec.gov/Archives/edgar/data/1746618/000095017022002309/,2026-08-05T17:49:37+00:00,0001746618,USD,2021,CY2019,True,latest_valid_restated_sec_companyfacts,Latest valid filing available as of 2026-08-05; configured source-tag priority breaks valid same-filing ties.
rvlv,RVLV,0000950170-22-002309,10-K,2022-02-28,2019-01-01,2019-12-31,2019,FY,364.0,revenue,us-gaap,RevenueFromContractWithCustomerExcludingAssessedTax,600993000.0,600.993,USD_millions,flow,1,https://www.sec.gov/Archives/edgar/data/1746618/000095017022002309/,2026-08-05T17:49:37+00:00,0001746618,USD,2021,CY2019,True,latest_valid_restated_sec_companyfacts,Latest valid filing available as of 2026-08-05; configured source-tag priority breaks valid same-filing ties.
rvlv,RVLV,0001564590-21-008799,10-K,2021-02-25,,2019-12-31,2019,FY,,total_assets,us-gaap,Assets,232290000.0,232.29,USD_millions,stock,1,https://www.sec.gov/Archives/edgar/data/1746618/000156459021008799/,2026-08-05T17:49:37+00:00,0001746618,USD,2020,CY2019Q4I,True,latest_valid_restated_sec_companyfacts,Latest valid filing available as of 2026-08-05; configured source-tag priority breaks valid same-filing ties.
rvlv,RVLV,0000950170-23-004138,10-K,2023-02-23,,2019-12-31,2019,FY,,total_equity,us-gaap,StockholdersEquity,130764000.0,130.764,USD_millions,stock,1,https://www.sec.gov/Archives/edgar/data/1746618/000095017023004138/,2026-08-05T17:49:37+00:00,0001746618,USD,2022,CY2019Q4I,True,latest_valid_restated_sec_companyfacts,Latest valid filing available as of 2026-08-05; configured source-tag priority breaks valid same-filing ties.
rvlv,RVLV,0001564590-21-008799,10-K,2021-02-25,,2019-12-31,2019,FY,,total_liabilities,project,derived:Assets-StockholdersEquity,101526000.0,101.52599999999998,USD_millions,stock,99,https://www.sec.gov/Archives/edgar/data/1746618/000156459021008799/,2026-08-05T17:49:37+00:00,0001746618,USD,2020,CY2019Q4I,True,latest_valid_restated_sec_companyfacts,Latest valid filing available as of 2026-08-05; configured source-tag priority breaks valid same-filing ties.
rvlv,RVLV,0000950170-23-004138,10-K,2023-02-23,2020-01-01,2020-12-31,2020,FY,365.0,capital_expenditure,us-gaap,PaymentsToAcquirePropertyPlantAndEquipment,2324000.0,2.324,USD_millions,flow,1,https://www.sec.gov/Archives/edgar/data/1746618/000095017023004138/,2026-08-05T17:49:37+00:00,0001746618,USD,2022,CY2020,True,latest_valid_restated_sec_companyfacts,Latest valid filing available as of 2026-08-05; configured source-tag priority breaks valid same-filing ties.
rvlv,RVLV,0000950170-22-002309,10-K,2022-02-28,,2020-12-31,2020,FY,,cash_and_equivalents,us-gaap,CashAndCashEquivalentsAtCarryingValue,146013000.0,146.013,USD_millions,stock,1,https://www.sec.gov/Archives/edgar/data/1746618/000095017022002309/,2026-08-05T17:49:37+00:00,0001746618,USD,2021,CY2020Q4I,True,latest_valid_restated_sec_companyfacts,Latest valid filing available as of 2026-08-05; configured source-tag priority breaks valid same-filing ties.
rvlv,RVLV,0000950170-22-002309,10-K,2022-02-28,,2020-12-31,2020,FY,,current_assets,us-gaap,AssetsCurrent,276925000.0,276.925,USD_millions,stock,1,https://www.sec.gov/Archives/edgar/data/1746618/000095017022002309/,2026-08-05T17:49:37+00:00,0001746618,USD,2021,CY2020Q4I,True,latest_valid_restated_sec_companyfacts,Latest valid filing available as of 2026-08-05; configured source-tag priority breaks valid same-filing ties.
rvlv,RVLV,0000950170-22-002309,10-K,2022-02-28,,2020-12-31,2020,FY,,current_liabilities,us-gaap,LiabilitiesCurrent,105688000.0,105.688,USD_millions,stock,1,https://www.sec.gov/Archives/edgar/data/1746618/000095017022002309/,2026-08-05T17:49:37+00:00,0001746618,USD,2021,CY2020Q4I,True,latest_valid_restated_sec_companyfacts,Latest valid filing available as of 2026-08-05; configured source-tag priority breaks valid same-filing ties.
rvlv,RVLV,0000950170-23-004138,10-K,2023-02-23,2020-01-01,2020-12-31,2020,FY,365.0,free_cash_flow,project,derived:OperatingCashFlow-CapitalExpenditure,,71.449,USD,flow,0,https://www.sec.gov/Archives/edgar/data/1746618/000095017023004138/,2026-08-05T17:49:37+00:00,0001746618,USD,2022,CY2020,True,derived_from_latest_valid_components,Operating cash flow minus positive CapEx outflow.
rvlv,RVLV,0000950170-22-002309,10-K,2022-02-28,,2020-12-31,2020,FY,,inventory,us-gaap,InventoryNet,95272000.0,95.272,USD_millions,stock,1,https://www.sec.gov/Archives/edgar/data/1746618/000095017022002309/,2026-08-05T17:49:37+00:00,0001746618,USD,2021,CY2020Q4I,True,latest_valid_restated_sec_companyfacts,Latest valid filing available as of 2026-08-05; configured source-tag priority breaks valid same-filing ties.
rvlv,RVLV,0000950170-23-004138,10-K,2023-02-23,2020-01-01,2020-12-31,2020,FY,365.0,net_income,us-gaap,NetIncomeLoss,56790000.0,56.79,USD_millions,flow,1,https://www.sec.gov/Archives/edgar/data/1746618/000095017023004138/,2026-08-05T17:49:37+00:00,0001746618,USD,2022,CY2020,True,latest_valid_restated_sec_companyfacts,Latest valid filing available as of 2026-08-05; configured source-tag priority breaks valid same-filing ties.
rvlv,RVLV,0000950170-23-004138,10-K,2023-02-23,2020-01-01,2020-12-31,2020,FY,365.0,operating_cash_flow,us-gaap,NetCashProvidedByUsedInOperatingActivities,73773000.0,73.773,USD_millions,flow,1,https://www.sec.gov/Archives/edgar/data/1746618/000095017023004138/,2026-08-05T17:49:37+00:00,0001746618,USD,2022,CY2020,True,latest_valid_restated_sec_companyfacts,Latest valid filing available as of 2026-08-05; configured source-tag priority breaks valid same-filing ties.
rvlv,RVLV,0000950170-23-004138,10-K,2023-02-23,2020-01-01,2020-12-31,2020,FY,365.0,operating_income,us-gaap,OperatingIncomeLoss,61066000.0,61.066,USD_millions,flow,1,https://www.sec.gov/Archives/edgar/data/1746618/000095017023004138/,2026-08-05T17:49:37+00:00,0001746618,USD,2022,CY2020,True,latest_valid_restated_sec_companyfacts,Latest valid filing available as of 2026-08-05; configured source-tag priority breaks valid same-filing ties.
rvlv,RVLV,0000950170-23-004138,10-K,2023-02-23,2020-01-01,2020-12-31,2020,FY,365.0,revenue,us-gaap,RevenueFromContractWithCustomerExcludingAssessedTax,580649000.0,580.649,USD_millions,flow,1,https://www.sec.gov/Archives/edgar/data/1746618/000095017023004138/,2026-08-05T17:49:37+00:00,0001746618,USD,2022,CY2020,True,latest_valid_restated_sec_companyfacts,Latest valid filing available as of 2026-08-05; configured source-tag priority breaks valid same-filing ties.
rvlv,RVLV,0000950170-22-002309,10-K,2022-02-28,,2020-12-31,2020,FY,,total_assets,us-gaap,Assets,305752000.0,305.752,USD_millions,stock,1,https://www.sec.gov/Archives/edgar/data/1746618/000095017022002309/,2026-08-05T17:49:37+00:00,0001746618,USD,2021,CY2020Q4I,True,latest_valid_restated_sec_companyfacts,Latest valid filing available as of 2026-08-05; configured source-tag priority breaks valid same-filing ties.
rvlv,RVLV,0000950170-24-021244,10-K,2024-02-27,,2020-12-31,2020,FY,,total_equity,us-gaap,StockholdersEquity,200064000.0,200.064,USD_millions,stock,1,https://www.sec.gov/Archives/edgar/data/1746618/000095017024021244/,2026-08-05T17:49:37+00:00,0001746618,USD,2023,CY2020Q4I,True,latest_valid_restated_sec_companyfacts,Latest valid filing available as of 2026-08-05; configured source-tag priority breaks valid same-filing ties.
rvlv,RVLV,0000950170-22-002309,10-K,2022-02-28,,2020-12-31,2020,FY,,total_liabilities,us-gaap,Liabilities,105688000.0,105.688,USD_millions,stock,1,https://www.sec.gov/Archives/edgar/data/1746618/000095017022002309/,2026-08-05T17:49:37+00:00,0001746618,USD,2021,CY2020Q4I,True,latest_valid_restated_sec_companyfacts,Latest valid filing available as of 2026-08-05; configured source-tag priority breaks valid same-filing ties.
rvlv,RVLV,0000950170-24-021244,10-K,2024-02-27,2021-01-01,2021-12-31,2021,FY,364.0,capital_expenditure,us-gaap,PaymentsToAcquirePropertyPlantAndEquipment,2195000.0,2.195,USD_millions,flow,1,https://www.sec.gov/Archives/edgar/data/1746618/000095017024021244/,2026-08-05T17:49:37+00:00,0001746618,USD,2023,CY2021,True,latest_valid_restated_sec_companyfacts,Latest valid filing available as of 2026-08-05; configured source-tag priority breaks valid same-filing ties.
rvlv,RVLV,0000950170-23-004138,10-K,2023-02-23,,2021-12-31,2021,FY,,cash_and_equivalents,us-gaap,CashAndCashEquivalentsAtCarryingValue,218455000.0,218.455,USD_millions,stock,1,https://www.sec.gov/Archives/edgar/data/1746618/000095017023004138/,2026-08-05T17:49:37+00:00,0001746618,USD,2022,CY2021Q4I,True,latest_valid_restated_sec_companyfacts,Latest valid filing available as of 2026-08-05; configured source-tag priority breaks valid same-filing ties.
rvlv,RVLV,0000950170-23-004138,10-K,2023-02-23,,2021-12-31,2021,FY,,current_assets,us-gaap,AssetsCurrent,439842000.0,439.842,USD_millions,stock,1,https://www.sec.gov/Archives/edgar/data/1746618/000095017023004138/,2026-08-05T17:49:37+00:00,0001746618,USD,2022,CY2021Q4I,True,latest_valid_restated_sec_companyfacts,Latest valid filing available as of 2026-08-05; configured source-tag priority breaks valid same-filing ties.
rvlv,RVLV,0000950170-23-004138,10-K,2023-02-23,,2021-12-31,2021,FY,,current_liabilities,us-gaap,LiabilitiesCurrent,160222000.0,160.222,USD_millions,stock,1,https://www.sec.gov/Archives/edgar/data/1746618/000095017023004138/,2026-08-05T17:49:37+00:00,0001746618,USD,2022,CY2021Q4I,True,latest_valid_restated_sec_companyfacts,Latest valid filing available as of 2026-08-05; configured source-tag priority breaks valid same-filing ties.
rvlv,RVLV,0000950170-24-021244,10-K,2024-02-27,2021-01-01,2021-12-31,2021,FY,364.0,free_cash_flow,project,derived:OperatingCashFlow-CapitalExpenditure,,60.118,USD,flow,0,https://www.sec.gov/Archives/edgar/data/1746618/000095017024021244/,2026-08-05T17:49:37+00:00,0001746618,USD,2023,CY2021,True,derived_from_latest_valid_components,Operating cash flow minus positive CapEx outflow.
rvlv,RVLV,0000950170-23-004138,10-K,2023-02-23,,2021-12-31,2021,FY,,inventory,us-gaap,InventoryNet,171259000.0,171.259,USD_millions,stock,1,https://www.sec.gov/Archives/edgar/data/1746618/000095017023004138/,2026-08-05T17:49:37+00:00,0001746618,USD,2022,CY2021Q4I,True,latest_valid_restated_sec_companyfacts,Latest valid filing available as of 2026-08-05; configured source-tag priority breaks valid same-filing ties.
rvlv,RVLV,0000950170-24-021244,10-K,2024-02-27,2021-01-01,2021-12-31,2021,FY,364.0,net_income,us-gaap,NetIncomeLoss,99840000.0,99.84,USD_millions,flow,1,https://www.sec.gov/Archives/edgar/data/1746618/000095017024021244/,2026-08-05T17:49:37+00:00,0001746618,USD,2023,CY2021,True,latest_valid_restated_sec_companyfacts,Latest valid filing available as of 2026-08-05; configured source-tag priority breaks valid same-filing ties.
rvlv,RVLV,0000950170-24-021244,10-K,2024-02-27,2021-01-01,2021-12-31,2021,FY,364.0,operating_cash_flow,us-gaap,NetCashProvidedByUsedInOperatingActivities,62313000.0,62.313,USD_millions,flow,1,https://www.sec.gov/Archives/edgar/data/1746618/000095017024021244/,2026-08-05T17:49:37+00:00,0001746618,USD,2023,CY2021,True,latest_valid_restated_sec_companyfacts,Latest valid filing available as of 2026-08-05; configured source-tag priority breaks valid same-filing ties.
rvlv,RVLV,0000950170-24-021244,10-K,2024-02-27,2021-01-01,2021-12-31,2021,FY,364.0,operating_income,us-gaap,OperatingIncomeLoss,105291000.0,105.291,USD_millions,flow,1,https://www.sec.gov/Archives/edgar/data/1746618/000095017024021244/,2026-08-05T17:49:37+00:00,0001746618,USD,2023,CY2021,True,latest_valid_restated_sec_companyfacts,Latest valid filing available as of 2026-08-05; configured source-tag priority breaks valid same-filing ties.
rvlv,RVLV,0000950170-24-021244,10-K,2024-02-27,2021-01-01,2021-12-31,2021,FY,364.0,revenue,us-gaap,RevenueFromContractWithCustomerExcludingAssessedTax,891390000.0,891.39,USD_millions,flow,1,https://www.sec.gov/Archives/edgar/data/1746618/000095017024021244/,2026-08-05T17:49:37+00:00,0001746618,USD,2023,CY2021,True,latest_valid_restated_sec_companyfacts,Latest valid filing available as of 2026-08-05; configured source-tag priority breaks valid same-filing ties.
rvlv,RVLV,0000950170-23-004138,10-K,2023-02-23,,2021-12-31,2021,FY,,total_assets,us-gaap,Assets,480413000.0,480.413,USD_millions,stock,1,https://www.sec.gov/Archives/edgar/data/1746618/000095017023004138/,2026-08-05T17:49:37+00:00,0001746618,USD,2022,CY2021Q4I,True,latest_valid_restated_sec_companyfacts,Latest valid filing available as of 2026-08-05; configured source-tag priority breaks valid same-filing ties.
rvlv,RVLV,0000950170-25-026748,10-K,2025-02-25,,2021-12-31,2021,FY,,total_equity,us-gaap,StockholdersEquityIncludingPortionAttributableToNoncontrollingInterest,317014000.0,317.014,USD_millions,stock,2,https://www.sec.gov/Archives/edgar/data/1746618/000095017025026748/,2026-08-05T17:49:37+00:00,0001746618,USD,2024,CY2021Q4I,True,latest_valid_restated_sec_companyfacts,Latest valid filing available as of 2026-08-05; configured source-tag priority breaks valid same-filing ties.
rvlv,RVLV,0000950170-23-004138,10-K,2023-02-23,,2021-12-31,2021,FY,,total_liabilities,us-gaap,Liabilities,163399000.0,163.399,USD_millions,stock,1,https://www.sec.gov/Archives/edgar/data/1746618/000095017023004138/,2026-08-05T17:49:37+00:00,0001746618,USD,2022,CY2021Q4I,True,latest_valid_restated_sec_companyfacts,Latest valid filing available as of 2026-08-05; configured source-tag priority breaks valid same-filing ties.
rvlv,RVLV,0000950170-25-026748,10-K,2025-02-25,2022-01-01,2022-12-31,2022,FY,364.0,capital_expenditure,us-gaap,PaymentsToAcquirePropertyPlantAndEquipment,5167000.0,5.167,USD_millions,flow,1,https://www.sec.gov/Archives/edgar/data/1746618/000095017025026748/,2026-08-05T17:49:37+00:00,0001746618,USD,2024,CY2022,True,latest_valid_restated_sec_companyfacts,Latest valid filing available as of 2026-08-05; configured source-tag priority breaks valid same-filing ties.
rvlv,RVLV,0000950170-24-021244,10-K,2024-02-27,,2022-12-31,2022,FY,,cash_and_equivalents,us-gaap,CashAndCashEquivalentsAtCarryingValue,234724000.0,234.724,USD_millions,stock,1,https://www.sec.gov/Archives/edgar/data/1746618/000095017024021244/,2026-08-05T17:49:37+00:00,0001746618,USD,2023,CY2022Q4I,True,latest_valid_restated_sec_companyfacts,Latest valid filing available as of 2026-08-05; configured source-tag priority breaks valid same-filing ties.
rvlv,RVLV,0000950170-24-021244,10-K,2024-02-27,,2022-12-31,2022,FY,,current_assets,us-gaap,AssetsCurrent,518217000.0,518.217,USD_millions,stock,1,https://www.sec.gov/Archives/edgar/data/1746618/000095017024021244/,2026-08-05T17:49:37+00:00,0001746618,USD,2023,CY2022Q4I,True,latest_valid_restated_sec_companyfacts,Latest valid filing available as of 2026-08-05; configured source-tag priority breaks valid same-filing ties.
rvlv,RVLV,0000950170-24-021244,10-K,2024-02-27,,2022-12-31,2022,FY,,current_liabilities,us-gaap,LiabilitiesCurrent,181086000.0,181.086,USD_millions,stock,1,https://www.sec.gov/Archives/edgar/data/1746618/000095017024021244/,2026-08-05T17:49:37+00:00,0001746618,USD,2023,CY2022Q4I,True,latest_valid_restated_sec_companyfacts,Latest valid filing available as of 2026-08-05; configured source-tag priority breaks valid same-filing ties.
rvlv,RVLV,0000950170-25-026748,10-K,2025-02-25,2022-01-01,2022-12-31,2022,FY,364.0,free_cash_flow,project,derived:OperatingCashFlow-CapitalExpenditure,,18.269,USD,flow,0,https://www.sec.gov/Archives/edgar/data/1746618/000095017025026748/,2026-08-05T17:49:37+00:00,0001746618,USD,2024,CY2022,True,derived_from_latest_valid_components,Operating cash flow minus positive CapEx outflow.
rvlv,RVLV,0000950170-24-021244,10-K,2024-02-27,,2022-12-31,2022,FY,,inventory,us-gaap,InventoryNet,215224000.0,215.224,USD_millions,stock,1,https://www.sec.gov/Archives/edgar/data/1746618/000095017024021244/,2026-08-05T17:49:37+00:00,0001746618,USD,2023,CY2022Q4I,True,latest_valid_restated_sec_companyfacts,Latest valid filing available as of 2026-08-05; configured source-tag priority breaks valid same-filing ties.
rvlv,RVLV,0000950170-25-026748,10-K,2025-02-25,2022-01-01,2022-12-31,2022,FY,364.0,net_income,us-gaap,NetIncomeLoss,58697000.0,58.697,USD_millions,flow,1,https://www.sec.gov/Archives/edgar/data/1746618/000095017025026748/,2026-08-05T17:49:37+00:00,0001746618,USD,2024,CY2022,True,latest_valid_restated_sec_companyfacts,Latest valid filing available as of 2026-08-05; configured source-tag priority breaks valid same-filing ties.
rvlv,RVLV,0000950170-25-026748,10-K,2025-02-25,2022-01-01,2022-12-31,2022,FY,364.0,operating_cash_flow,us-gaap,NetCashProvidedByUsedInOperatingActivities,23436000.0,23.436,USD_millions,flow,1,https://www.sec.gov/Archives/edgar/data/1746618/000095017025026748/,2026-08-05T17:49:37+00:00,0001746618,USD,2024,CY2022,True,latest_valid_restated_sec_companyfacts,Latest valid filing available as of 2026-08-05; configured source-tag priority breaks valid same-filing ties.
rvlv,RVLV,0000950170-25-026748,10-K,2025-02-25,2022-01-01,2022-12-31,2022,FY,364.0,operating_income,us-gaap,OperatingIncomeLoss,73140000.0,73.14,USD_millions,flow,1,https://www.sec.gov/Archives/edgar/data/1746618/000095017025026748/,2026-08-05T17:49:37+00:00,0001746618,USD,2024,CY2022,True,latest_valid_restated_sec_companyfacts,Latest valid filing available as of 2026-08-05; configured source-tag priority breaks valid same-filing ties.
rvlv,RVLV,0000950170-25-026748,10-K,2025-02-25,2022-01-01,2022-12-31,2022,FY,364.0,revenue,us-gaap,RevenueFromContractWithCustomerExcludingAssessedTax,1101416000.0,1101.416,USD_millions,flow,1,https://www.sec.gov/Archives/edgar/data/1746618/000095017025026748/,2026-08-05T17:49:37+00:00,0001746618,USD,2024,CY2022,True,latest_valid_restated_sec_companyfacts,Latest valid filing available as of 2026-08-05; configured source-tag priority breaks valid same-filing ties.
rvlv,RVLV,0000950170-24-021244,10-K,2024-02-27,,2022-12-31,2022,FY,,total_assets,us-gaap,Assets,579318000.0,579.318,USD_millions,stock,1,https://www.sec.gov/Archives/edgar/data/1746618/000095017024021244/,2026-08-05T17:49:37+00:00,0001746618,USD,2023,CY2022Q4I,True,latest_valid_restated_sec_companyfacts,Latest valid filing available as of 2026-08-05; configured source-tag priority breaks valid same-filing ties.
rvlv,RVLV,0001193125-26-071307,10-K,2026-02-25,,2022-12-31,2022,FY,,total_equity,us-gaap,StockholdersEquityIncludingPortionAttributableToNoncontrollingInterest,379573000.0,379.573,USD_millions,stock,2,https://www.sec.gov/Archives/edgar/data/1746618/000119312526071307/,2026-08-05T17:49:37+00:00,0001746618,USD,2025,CY2022Q4I,True,latest_valid_restated_sec_companyfacts,Latest valid filing available as of 2026-08-05; configured source-tag priority breaks valid same-filing ties.
rvlv,RVLV,0000950170-24-021244,10-K,2024-02-27,,2022-12-31,2022,FY,,total_liabilities,us-gaap,Liabilities,199745000.0,199.745,USD_millions,stock,1,https://www.sec.gov/Archives/edgar/data/1746618/000095017024021244/,2026-08-05T17:49:37+00:00,0001746618,USD,2023,CY2022Q4I,True,latest_valid_restated_sec_companyfacts,Latest valid filing available as of 2026-08-05; configured source-tag priority breaks valid same-filing ties.
rvlv,RVLV,0001193125-26-071307,10-K,2026-02-25,2023-01-01,2023-12-31,2023,FY,364.0,capital_expenditure,us-gaap,PaymentsToAcquirePropertyPlantAndEquipment,4198000.0,4.198,USD_millions,flow,1,https://www.sec.gov/Archives/edgar/data/1746618/000119312526071307/,2026-08-05T17:49:37+00:00,0001746618,USD,2025,CY2023,True,latest_valid_restated_sec_companyfacts,Latest valid filing available as of 2026-08-05; configured source-tag priority breaks valid same-filing ties.
rvlv,RVLV,0000950170-25-026748,10-K,2025-02-25,,2023-12-31,2023,FY,,cash_and_equivalents,us-gaap,CashAndCashEquivalentsAtCarryingValue,245449000.0,245.449,USD_millions,stock,1,https://www.sec.gov/Archives/edgar/data/1746618/000095017025026748/,2026-08-05T17:49:37+00:00,0001746618,USD,2024,CY2023Q4I,True,latest_valid_restated_sec_companyfacts,Latest valid filing available as of 2026-08-05; configured source-tag priority breaks valid same-filing ties.
rvlv,RVLV,0000950170-25-026748,10-K,2025-02-25,,2023-12-31,2023,FY,,current_assets,us-gaap,AssetsCurrent,528589000.0,528.589,USD_millions,stock,1,https://www.sec.gov/Archives/edgar/data/1746618/000095017025026748/,2026-08-05T17:49:37+00:00,0001746618,USD,2024,CY2023Q4I,True,latest_valid_restated_sec_companyfacts,Latest valid filing available as of 2026-08-05; configured source-tag priority breaks valid same-filing ties.
rvlv,RVLV,0000950170-25-026748,10-K,2025-02-25,,2023-12-31,2023,FY,,current_liabilities,us-gaap,LiabilitiesCurrent,189620000.0,189.62,USD_millions,stock,1,https://www.sec.gov/Archives/edgar/data/1746618/000095017025026748/,2026-08-05T17:49:37+00:00,0001746618,USD,2024,CY2023Q4I,True,latest_valid_restated_sec_companyfacts,Latest valid filing available as of 2026-08-05; configured source-tag priority breaks valid same-filing ties.
rvlv,RVLV,0001193125-26-071307,10-K,2026-02-25,2023-01-01,2023-12-31,2023,FY,364.0,free_cash_flow,project,derived:OperatingCashFlow-CapitalExpenditure,,39.144,USD,flow,0,https://www.sec.gov/Archives/edgar/data/1746618/000119312526071307/,2026-08-05T17:49:37+00:00,0001746618,USD,2025,CY2023,True,derived_from_latest_valid_components,Operating cash flow minus positive CapEx outflow.
rvlv,RVLV,0000950170-25-026748,10-K,2025-02-25,,2023-12-31,2023,FY,,inventory,us-gaap,InventoryNet,203587000.0,203.587,USD_millions,stock,1,https://www.sec.gov/Archives/edgar/data/1746618/000095017025026748/,2026-08-05T17:49:37+00:00,0001746618,USD,2024,CY2023Q4I,True,latest_valid_restated_sec_companyfacts,Latest valid filing available as of 2026-08-05; configured source-tag priority breaks valid same-filing ties.
rvlv,RVLV,0001193125-26-071307,10-K,2026-02-25,2023-01-01,2023-12-31,2023,FY,364.0,net_income,us-gaap,NetIncomeLoss,28147000.0,28.147,USD_millions,flow,1,https://www.sec.gov/Archives/edgar/data/1746618/000119312526071307/,2026-08-05T17:49:37+00:00,0001746618,USD,2025,CY2023,True,latest_valid_restated_sec_companyfacts,Latest valid filing available as of 2026-08-05; configured source-tag priority breaks valid same-filing ties.
rvlv,RVLV,0001193125-26-071307,10-K,2026-02-25,2023-01-01,2023-12-31,2023,FY,364.0,operating_cash_flow,us-gaap,NetCashProvidedByUsedInOperatingActivities,43342000.0,43.342,USD_millions,flow,1,https://www.sec.gov/Archives/edgar/data/1746618/000119312526071307/,2026-08-05T17:49:37+00:00,0001746618,USD,2025,CY2023,True,latest_valid_restated_sec_companyfacts,Latest valid filing available as of 2026-08-05; configured source-tag priority breaks valid same-filing ties.
rvlv,RVLV,0001193125-26-071307,10-K,2026-02-25,2023-01-01,2023-12-31,2023,FY,364.0,operating_income,us-gaap,OperatingIncomeLoss,22134000.0,22.134,USD_millions,flow,1,https://www.sec.gov/Archives/edgar/data/1746618/000119312526071307/,2026-08-05T17:49:37+00:00,0001746618,USD,2025,CY2023,True,latest_valid_restated_sec_companyfacts,Latest valid filing available as of 2026-08-05; configured source-tag priority breaks valid same-filing ties.
rvlv,RVLV,0001193125-26-071307,10-K,2026-02-25,2023-01-01,2023-12-31,2023,FY,364.0,revenue,us-gaap,RevenueFromContractWithCustomerExcludingAssessedTax,1068719000.0,1068.719,USD_millions,flow,1,https://www.sec.gov/Archives/edgar/data/1746618/000119312526071307/,2026-08-05T17:49:37+00:00,0001746618,USD,2025,CY2023,True,latest_valid_restated_sec_companyfacts,Latest valid filing available as of 2026-08-05; configured source-tag priority breaks valid same-filing ties.
rvlv,RVLV,0000950170-25-026748,10-K,2025-02-25,,2023-12-31,2023,FY,,total_assets,us-gaap,Assets,608886000.0,608.886,USD_millions,stock,1,https://www.sec.gov/Archives/edgar/data/1746618/000095017025026748/,2026-08-05T17:49:37+00:00,0001746618,USD,2024,CY2023Q4I,True,latest_valid_restated_sec_companyfacts,Latest valid filing available as of 2026-08-05; configured source-tag priority breaks valid same-filing ties.
rvlv,RVLV,0001193125-26-071307,10-K,2026-02-25,,2023-12-31,2023,FY,,total_equity,us-gaap,StockholdersEquityIncludingPortionAttributableToNoncontrollingInterest,385140000.0,385.14,USD_millions,stock,2,https://www.sec.gov/Archives/edgar/data/1746618/000119312526071307/,2026-08-05T17:49:37+00:00,0001746618,USD,2025,CY2023Q4I,True,latest_valid_restated_sec_companyfacts,Latest valid filing available as of 2026-08-05; configured source-tag priority breaks valid same-filing ties.
rvlv,RVLV,0000950170-25-026748,10-K,2025-02-25,,2023-12-31,2023,FY,,total_liabilities,us-gaap,Liabilities,223746000.0,223.746,USD_millions,stock,1,https://www.sec.gov/Archives/edgar/data/1746618/000095017025026748/,2026-08-05T17:49:37+00:00,0001746618,USD,2024,CY2023Q4I,True,latest_valid_restated_sec_companyfacts,Latest valid filing available as of 2026-08-05; configured source-tag priority breaks valid same-filing ties.
rvlv,RVLV,0001193125-26-071307,10-K,2026-02-25,2024-01-01,2024-12-31,2024,FY,365.0,capital_expenditure,us-gaap,PaymentsToAcquirePropertyPlantAndEquipment,5649000.0,5.649,USD_millions,flow,1,https://www.sec.gov/Archives/edgar/data/1746618/000119312526071307/,2026-08-05T17:49:37+00:00,0001746618,USD,2025,CY2024,True,latest_valid_restated_sec_companyfacts,Latest valid filing available as of 2026-08-05; configured source-tag priority breaks valid same-filing ties.
rvlv,RVLV,0001193125-26-071307,10-K,2026-02-25,,2024-12-31,2024,FY,,cash_and_equivalents,us-gaap,CashAndCashEquivalentsAtCarryingValue,256600000.0,256.6,USD_millions,stock,1,https://www.sec.gov/Archives/edgar/data/1746618/000119312526071307/,2026-08-05T17:49:37+00:00,0001746618,USD,2025,CY2024Q4I,True,latest_valid_restated_sec_companyfacts,Latest valid filing available as of 2026-08-05; configured source-tag priority breaks valid same-filing ties.
rvlv,RVLV,0001193125-26-071307,10-K,2026-02-25,,2024-12-31,2024,FY,,current_assets,us-gaap,AssetsCurrent,561088000.0,561.088,USD_millions,stock,1,https://www.sec.gov/Archives/edgar/data/1746618/000119312526071307/,2026-08-05T17:49:37+00:00,0001746618,USD,2025,CY2024Q4I,True,latest_valid_restated_sec_companyfacts,Latest valid filing available as of 2026-08-05; configured source-tag priority breaks valid same-filing ties.
rvlv,RVLV,0001193125-26-071307,10-K,2026-02-25,,2024-12-31,2024,FY,,current_liabilities,us-gaap,LiabilitiesCurrent,196097000.0,196.097,USD_millions,stock,1,https://www.sec.gov/Archives/edgar/data/1746618/000119312526071307/,2026-08-05T17:49:37+00:00,0001746618,USD,2025,CY2024Q4I,True,latest_valid_restated_sec_companyfacts,Latest valid filing available as of 2026-08-05; configured source-tag priority breaks valid same-filing ties.
rvlv,RVLV,0001193125-26-071307,10-K,2026-02-25,2024-01-01,2024-12-31,2024,FY,365.0,free_cash_flow,project,derived:OperatingCashFlow-CapitalExpenditure,,21.043,USD,flow,0,https://www.sec.gov/Archives/edgar/data/1746618/000119312526071307/,2026-08-05T17:49:37+00:00,0001746618,USD,2025,CY2024,True,derived_from_latest_valid_components,Operating cash flow minus positive CapEx outflow.
rvlv,RVLV,0001193125-26-071307,10-K,2026-02-25,,2024-12-31,2024,FY,,inventory,us-gaap,InventoryNet,229244000.0,229.244,USD_millions,stock,1,https://www.sec.gov/Archives/edgar/data/1746618/000119312526071307/,2026-08-05T17:49:37+00:00,0001746618,USD,2025,CY2024Q4I,True,latest_valid_restated_sec_companyfacts,Latest valid filing available as of 2026-08-05; configured source-tag priority breaks valid same-filing ties.
rvlv,RVLV,0001193125-26-071307,10-K,2026-02-25,2024-01-01,2024-12-31,2024,FY,365.0,net_income,us-gaap,NetIncomeLoss,49557000.0,49.557,USD_millions,flow,1,https://www.sec.gov/Archives/edgar/data/1746618/000119312526071307/,2026-08-05T17:49:37+00:00,0001746618,USD,2025,CY2024,True,latest_valid_restated_sec_companyfacts,Latest valid filing available as of 2026-08-05; configured source-tag priority breaks valid same-filing ties.
rvlv,RVLV,0001193125-26-071307,10-K,2026-02-25,2024-01-01,2024-12-31,2024,FY,365.0,operating_cash_flow,us-gaap,NetCashProvidedByUsedInOperatingActivities,26692000.0,26.692,USD_millions,flow,1,https://www.sec.gov/Archives/edgar/data/1746618/000119312526071307/,2026-08-05T17:49:37+00:00,0001746618,USD,2025,CY2024,True,latest_valid_restated_sec_companyfacts,Latest valid filing available as of 2026-08-05; configured source-tag priority breaks valid same-filing ties.
rvlv,RVLV,0001193125-26-071307,10-K,2026-02-25,2024-01-01,2024-12-31,2024,FY,365.0,operating_income,us-gaap,OperatingIncomeLoss,51417000.0,51.417,USD_millions,flow,1,https://www.sec.gov/Archives/edgar/data/1746618/000119312526071307/,2026-08-05T17:49:37+00:00,0001746618,USD,2025,CY2024,True,latest_valid_restated_sec_companyfacts,Latest valid filing available as of 2026-08-05; configured source-tag priority breaks valid same-filing ties.
rvlv,RVLV,0001193125-26-071307,10-K,2026-02-25,2024-01-01,2024-12-31,2024,FY,365.0,revenue,us-gaap,RevenueFromContractWithCustomerExcludingAssessedTax,1129911000.0,1129.911,USD_millions,flow,1,https://www.sec.gov/Archives/edgar/data/1746618/000119312526071307/,2026-08-05T17:49:37+00:00,0001746618,USD,2025,CY2024,True,latest_valid_restated_sec_companyfacts,Latest valid filing available as of 2026-08-05; configured source-tag priority breaks valid same-filing ties.
rvlv,RVLV,0001193125-26-071307,10-K,2026-02-25,,2024-12-31,2024,FY,,total_assets,us-gaap,Assets,665547000.0,665.547,USD_millions,stock,1,https://www.sec.gov/Archives/edgar/data/1746618/000119312526071307/,2026-08-05T17:49:37+00:00,0001746618,USD,2025,CY2024Q4I,True,latest_valid_restated_sec_companyfacts,Latest valid filing available as of 2026-08-05; configured source-tag priority breaks valid same-filing ties.
rvlv,RVLV,0001193125-26-071307,10-K,2026-02-25,,2024-12-31,2024,FY,,total_equity,us-gaap,StockholdersEquityIncludingPortionAttributableToNoncontrollingInterest,437785000.0,437.785,USD_millions,stock,2,https://www.sec.gov/Archives/edgar/data/1746618/000119312526071307/,2026-08-05T17:49:37+00:00,0001746618,USD,2025,,True,latest_valid_restated_sec_companyfacts,Latest valid filing available as of 2026-08-05; configured source-tag priority breaks valid same-filing ties.
rvlv,RVLV,0001193125-26-071307,10-K,2026-02-25,,2024-12-31,2024,FY,,total_liabilities,us-gaap,Liabilities,227762000.0,227.762,USD_millions,stock,1,https://www.sec.gov/Archives/edgar/data/1746618/000119312526071307/,2026-08-05T17:49:37+00:00,0001746618,USD,2025,CY2024Q4I,True,latest_valid_restated_sec_companyfacts,Latest valid filing available as of 2026-08-05; configured source-tag priority breaks valid same-filing ties.
sfix,SFIX,0001576942-19-000013,10-K,2019-10-02,2016-07-31,2017-07-29,2017,FY,363.0,capital_expenditure,us-gaap,PaymentsToAcquirePropertyPlantAndEquipment,17130000.0,17.13,USD_millions,flow,1,https://www.sec.gov/Archives/edgar/data/1576942/000157694219000013/,2026-08-05T17:49:37+00:00,0001576942,USD,2019,CY2017,True,latest_valid_restated_sec_companyfacts,Latest valid filing available as of 2026-08-05; configured source-tag priority breaks valid same-filing ties.
sfix,SFIX,0001576942-19-000013,10-K,2019-10-02,,2017-07-29,2017,FY,,cash_and_equivalents,us-gaap,CashAndCashEquivalentsAtCarryingValue,110608000.0,110.608,USD_millions,stock,1,https://www.sec.gov/Archives/edgar/data/1576942/000157694219000013/,2026-08-05T17:49:37+00:00,0001576942,USD,2019,CY2017Q2I,True,latest_valid_restated_sec_companyfacts,Latest valid filing available as of 2026-08-05; configured source-tag priority breaks valid same-filing ties.
sfix,SFIX,0001576942-18-000003,10-K,2018-10-03,,2017-07-29,2017,FY,,current_assets,us-gaap,AssetsCurrent,197762000.0,197.762,USD_millions,stock,1,https://www.sec.gov/Archives/edgar/data/1576942/000157694218000003/,2026-08-05T17:49:37+00:00,0001576942,USD,2018,CY2017Q2I,True,latest_valid_restated_sec_companyfacts,Latest valid filing available as of 2026-08-05; configured source-tag priority breaks valid same-filing ties.
sfix,SFIX,0001576942-18-000003,10-K,2018-10-03,,2017-07-29,2017,FY,,current_liabilities,us-gaap,LiabilitiesCurrent,133918000.0,133.918,USD_millions,stock,1,https://www.sec.gov/Archives/edgar/data/1576942/000157694218000003/,2026-08-05T17:49:37+00:00,0001576942,USD,2018,CY2017Q2I,True,latest_valid_restated_sec_companyfacts,Latest valid filing available as of 2026-08-05; configured source-tag priority breaks valid same-filing ties.
sfix,SFIX,0001576942-19-000013,10-K,2019-10-02,2016-07-31,2017-07-29,2017,FY,363.0,free_cash_flow,project,derived:OperatingCashFlow-CapitalExpenditure,,21.494000000000003,USD,flow,0,https://www.sec.gov/Archives/edgar/data/1576942/000157694219000013/,2026-08-05T17:49:37+00:00,0001576942,USD,2019,CY2017,True,derived_from_latest_valid_components,Operating cash flow minus positive CapEx outflow.
sfix,SFIX,0001576942-18-000003,10-K,2018-10-03,,2017-07-29,2017,FY,,inventory,us-gaap,InventoryNet,67592000.0,67.592,USD_millions,stock,1,https://www.sec.gov/Archives/edgar/data/1576942/000157694218000003/,2026-08-05T17:49:37+00:00,0001576942,USD,2018,CY2017Q2I,True,latest_valid_restated_sec_companyfacts,Latest valid filing available as of 2026-08-05; configured source-tag priority breaks valid same-filing ties.
sfix,SFIX,0001576942-19-000013,10-K,2019-10-02,2016-07-31,2017-07-29,2017,FY,363.0,net_income,us-gaap,NetIncomeLoss,-594000.0,-0.594,USD_millions,flow,1,https://www.sec.gov/Archives/edgar/data/1576942/000157694219000013/,2026-08-05T17:49:37+00:00,0001576942,USD,2019,CY2017,True,latest_valid_restated_sec_companyfacts,Latest valid filing available as of 2026-08-05; configured source-tag priority breaks valid same-filing ties.
sfix,SFIX,0001576942-19-000013,10-K,2019-10-02,2016-07-31,2017-07-29,2017,FY,363.0,operating_cash_flow,us-gaap,NetCashProvidedByUsedInOperatingActivities,38624000.0,38.624,USD_millions,flow,1,https://www.sec.gov/Archives/edgar/data/1576942/000157694219000013/,2026-08-05T17:49:37+00:00,0001576942,USD,2019,CY2017,True,latest_valid_restated_sec_companyfacts,Latest valid filing available as of 2026-08-05; configured source-tag priority breaks valid same-filing ties.
sfix,SFIX,0001576942-19-000013,10-K,2019-10-02,2016-07-31,2017-07-29,2017,FY,363.0,operating_income,us-gaap,OperatingIncomeLoss,31640000.0,31.64,USD_millions,flow,1,https://www.sec.gov/Archives/edgar/data/1576942/000157694219000013/,2026-08-05T17:49:37+00:00,0001576942,USD,2019,CY2017,True,latest_valid_restated_sec_companyfacts,Latest valid filing available as of 2026-08-05; configured source-tag priority breaks valid same-filing ties.
sfix,SFIX,0001576942-19-000013,10-K,2019-10-02,2016-07-31,2017-07-29,2017,FY,363.0,revenue,us-gaap,RevenueFromContractWithCustomerExcludingAssessedTax,977139000.0,977.139,USD_millions,flow,1,https://www.sec.gov/Archives/edgar/data/1576942/000157694219000013/,2026-08-05T17:49:37+00:00,0001576942,USD,2019,CY2017,True,latest_valid_restated_sec_companyfacts,Latest valid filing available as of 2026-08-05; configured source-tag priority breaks valid same-filing ties.
sfix,SFIX,0001576942-18-000003,10-K,2018-10-03,,2017-07-29,2017,FY,,total_assets,us-gaap,Assets,257205000.0,257.205,USD_millions,stock,1,https://www.sec.gov/Archives/edgar/data/1576942/000157694218000003/,2026-08-05T17:49:37+00:00,0001576942,USD,2018,CY2017Q2I,True,latest_valid_restated_sec_companyfacts,Latest valid filing available as of 2026-08-05; configured source-tag priority breaks valid same-filing ties.
sfix,SFIX,0001576942-20-000077,10-K,2020-09-25,,2017-07-29,2017,FY,,total_equity,us-gaap,StockholdersEquity,61861000.0,61.861,USD_millions,stock,1,https://www.sec.gov/Archives/edgar/data/1576942/000157694220000077/,2026-08-05T17:49:37+00:00,0001576942,USD,2020,CY2017Q2I,True,latest_valid_restated_sec_companyfacts,Latest valid filing available as of 2026-08-05; configured source-tag priority breaks valid same-filing ties.
sfix,SFIX,0001576942-18-000003,10-K,2018-10-03,,2017-07-29,2017,FY,,total_liabilities,us-gaap,Liabilities,153122000.0,153.122,USD_millions,stock,1,https://www.sec.gov/Archives/edgar/data/1576942/000157694218000003/,2026-08-05T17:49:37+00:00,0001576942,USD,2018,CY2017Q2I,True,latest_valid_restated_sec_companyfacts,Latest valid filing available as of 2026-08-05; configured source-tag priority breaks valid same-filing ties.
sfix,SFIX,0001576942-20-000077,10-K,2020-09-25,2017-07-30,2018-07-28,2018,FY,363.0,capital_expenditure,us-gaap,PaymentsToAcquirePropertyPlantAndEquipment,16565000.0,16.565,USD_millions,flow,1,https://www.sec.gov/Archives/edgar/data/1576942/000157694220000077/,2026-08-05T17:49:37+00:00,0001576942,USD,2020,CY2018,True,latest_valid_restated_sec_companyfacts,Latest valid filing available as of 2026-08-05; configured source-tag priority breaks valid same-filing ties.
sfix,SFIX,0001576942-20-000077,10-K,2020-09-25,,2018-07-28,2018,FY,,cash_and_equivalents,us-gaap,CashAndCashEquivalentsAtCarryingValue,297516000.0,297.516,USD_millions,stock,1,https://www.sec.gov/Archives/edgar/data/1576942/000157694220000077/,2026-08-05T17:49:37+00:00,0001576942,USD,2020,CY2018Q2I,True,latest_valid_restated_sec_companyfacts,Latest valid filing available as of 2026-08-05; configured source-tag priority breaks valid same-filing ties.
sfix,SFIX,0001576942-19-000013,10-K,2019-10-02,,2018-07-28,2018,FY,,current_assets,us-gaap,AssetsCurrent,417006000.0,417.006,USD_millions,stock,1,https://www.sec.gov/Archives/edgar/data/1576942/000157694219000013/,2026-08-05T17:49:37+00:00,0001576942,USD,2019,CY2018Q2I,True,latest_valid_restated_sec_companyfacts,Latest valid filing available as of 2026-08-05; configured source-tag priority breaks valid same-filing ties.
sfix,SFIX,0001576942-19-000013,10-K,2019-10-02,,2018-07-28,2018,FY,,current_liabilities,us-gaap,LiabilitiesCurrent,142232000.0,142.232,USD_millions,stock,1,https://www.sec.gov/Archives/edgar/data/1576942/000157694219000013/,2026-08-05T17:49:37+00:00,0001576942,USD,2019,CY2018Q2I,True,latest_valid_restated_sec_companyfacts,Latest valid filing available as of 2026-08-05; configured source-tag priority breaks valid same-filing ties.
sfix,SFIX,0001576942-20-000077,10-K,2020-09-25,2017-07-30,2018-07-28,2018,FY,363.0,free_cash_flow,project,derived:OperatingCashFlow-CapitalExpenditure,,55.613,USD,flow,0,https://www.sec.gov/Archives/edgar/data/1576942/000157694220000077/,2026-08-05T17:49:37+00:00,0001576942,USD,2020,CY2018,True,derived_from_latest_valid_components,Operating cash flow minus positive CapEx outflow.
sfix,SFIX,0001576942-19-000013,10-K,2019-10-02,,2018-07-28,2018,FY,,inventory,us-gaap,InventoryNet,85092000.0,85.092,USD_millions,stock,1,https://www.sec.gov/Archives/edgar/data/1576942/000157694219000013/,2026-08-05T17:49:37+00:00,0001576942,USD,2019,CY2018Q2I,True,latest_valid_restated_sec_companyfacts,Latest valid filing available as of 2026-08-05; configured source-tag priority breaks valid same-filing ties.
sfix,SFIX,0001576942-20-000077,10-K,2020-09-25,2017-07-30,2018-07-28,2018,FY,363.0,net_income,us-gaap,NetIncomeLoss,44900000.0,44.9,USD_millions,flow,1,https://www.sec.gov/Archives/edgar/data/1576942/000157694220000077/,2026-08-05T17:49:37+00:00,0001576942,USD,2020,CY2018,True,latest_valid_restated_sec_companyfacts,Latest valid filing available as of 2026-08-05; configured source-tag priority breaks valid same-filing ties.
sfix,SFIX,0001576942-20-000077,10-K,2020-09-25,2017-07-30,2018-07-28,2018,FY,363.0,operating_cash_flow,us-gaap,NetCashProvidedByUsedInOperatingActivities,72178000.0,72.178,USD_millions,flow,1,https://www.sec.gov/Archives/edgar/data/1576942/000157694220000077/,2026-08-05T17:49:37+00:00,0001576942,USD,2020,CY2018,True,latest_valid_restated_sec_companyfacts,Latest valid filing available as of 2026-08-05; configured source-tag priority breaks valid same-filing ties.
sfix,SFIX,0001576942-20-000077,10-K,2020-09-25,2017-07-30,2018-07-28,2018,FY,363.0,operating_income,us-gaap,OperatingIncomeLoss,43024000.0,43.024,USD_millions,flow,1,https://www.sec.gov/Archives/edgar/data/1576942/000157694220000077/,2026-08-05T17:49:37+00:00,0001576942,USD,2020,CY2018,True,latest_valid_restated_sec_companyfacts,Latest valid filing available as of 2026-08-05; configured source-tag priority breaks valid same-filing ties.
sfix,SFIX,0001576942-20-000077,10-K,2020-09-25,2017-07-30,2018-07-28,2018,FY,363.0,revenue,us-gaap,RevenueFromContractWithCustomerExcludingAssessedTax,1226505000.0,1226.505,USD_millions,flow,1,https://www.sec.gov/Archives/edgar/data/1576942/000157694220000077/,2026-08-05T17:49:37+00:00,0001576942,USD,2020,CY2018,True,latest_valid_restated_sec_companyfacts,Latest valid filing available as of 2026-08-05; configured source-tag priority breaks valid same-filing ties.
sfix,SFIX,0001576942-19-000013,10-K,2019-10-02,,2018-07-28,2018,FY,,total_assets,us-gaap,Assets,481585000.0,481.585,USD_millions,stock,1,https://www.sec.gov/Archives/edgar/data/1576942/000157694219000013/,2026-08-05T17:49:37+00:00,0001576942,USD,2019,CY2018Q2I,True,latest_valid_restated_sec_companyfacts,Latest valid filing available as of 2026-08-05; configured source-tag priority breaks valid same-filing ties.
sfix,SFIX,0001576942-21-000121,10-K,2021-09-27,,2018-07-28,2018,FY,,total_equity,us-gaap,StockholdersEquity,315072000.0,315.072,USD_millions,stock,1,https://www.sec.gov/Archives/edgar/data/1576942/000157694221000121/,2026-08-05T17:49:37+00:00,0001576942,USD,2021,CY2018Q2I,True,latest_valid_restated_sec_companyfacts,Latest valid filing available as of 2026-08-05; configured source-tag priority breaks valid same-filing ties.
sfix,SFIX,0001576942-19-000013,10-K,2019-10-02,,2018-07-28,2018,FY,,total_liabilities,us-gaap,Liabilities,166513000.0,166.513,USD_millions,stock,1,https://www.sec.gov/Archives/edgar/data/1576942/000157694219000013/,2026-08-05T17:49:37+00:00,0001576942,USD,2019,CY2018Q2I,True,latest_valid_restated_sec_companyfacts,Latest valid filing available as of 2026-08-05; configured source-tag priority breaks valid same-filing ties.
sfix,SFIX,0001576942-21-000121,10-K,2021-09-27,2018-07-29,2019-08-03,2019,FY,370.0,capital_expenditure,us-gaap,PaymentsToAcquirePropertyPlantAndEquipment,30825000.0,30.825,USD_millions,flow,1,https://www.sec.gov/Archives/edgar/data/1576942/000157694221000121/,2026-08-05T17:49:37+00:00,0001576942,USD,2021,CY2019,True,latest_valid_restated_sec_companyfacts,Latest valid filing available as of 2026-08-05; configured source-tag priority breaks valid same-filing ties.
sfix,SFIX,0001576942-20-000077,10-K,2020-09-25,,2019-08-03,2019,FY,,cash_and_equivalents,us-gaap,CashAndCashEquivalentsAtCarryingValue,170932000.0,170.932,USD_millions,stock,1,https://www.sec.gov/Archives/edgar/data/1576942/000157694220000077/,2026-08-05T17:49:37+00:00,0001576942,USD,2020,CY2019Q2I,True,latest_valid_restated_sec_companyfacts,Latest valid filing available as of 2026-08-05; configured source-tag priority breaks valid same-filing ties.
sfix,SFIX,0001576942-20-000077,10-K,2020-09-25,,2019-08-03,2019,FY,,current_assets,us-gaap,AssetsCurrent,482404000.0,482.404,USD_millions,stock,1,https://www.sec.gov/Archives/edgar/data/1576942/000157694220000077/,2026-08-05T17:49:37+00:00,0001576942,USD,2020,CY2019Q2I,True,latest_valid_restated_sec_companyfacts,Latest valid filing available as of 2026-08-05; configured source-tag priority breaks valid same-filing ties.
sfix,SFIX,0001576942-20-000077,10-K,2020-09-25,,2019-08-03,2019,FY,,current_liabilities,us-gaap,LiabilitiesCurrent,182631000.0,182.631,USD_millions,stock,1,https://www.sec.gov/Archives/edgar/data/1576942/000157694220000077/,2026-08-05T17:49:37+00:00,0001576942,USD,2020,CY2019Q2I,True,latest_valid_restated_sec_companyfacts,Latest valid filing available as of 2026-08-05; configured source-tag priority breaks valid same-filing ties.
sfix,SFIX,0001576942-21-000121,10-K,2021-09-27,2018-07-29,2019-08-03,2019,FY,370.0,free_cash_flow,project,derived:OperatingCashFlow-CapitalExpenditure,,47.76899999999999,USD,flow,0,https://www.sec.gov/Archives/edgar/data/1576942/000157694221000121/,2026-08-05T17:49:37+00:00,0001576942,USD,2021,CY2019,True,derived_from_latest_valid_components,Operating cash flow minus positive CapEx outflow.
sfix,SFIX,0001576942-20-000077,10-K,2020-09-25,,2019-08-03,2019,FY,,inventory,us-gaap,InventoryNet,118216000.0,118.216,USD_millions,stock,1,https://www.sec.gov/Archives/edgar/data/1576942/000157694220000077/,2026-08-05T17:49:37+00:00,0001576942,USD,2020,CY2019Q2I,True,latest_valid_restated_sec_companyfacts,Latest valid filing available as of 2026-08-05; configured source-tag priority breaks valid same-filing ties.
sfix,SFIX,0001576942-21-000121,10-K,2021-09-27,2018-07-29,2019-08-03,2019,FY,370.0,net_income,us-gaap,NetIncomeLoss,36881000.0,36.881,USD_millions,flow,1,https://www.sec.gov/Archives/edgar/data/1576942/000157694221000121/,2026-08-05T17:49:37+00:00,0001576942,USD,2021,CY2019,True,latest_valid_restated_sec_companyfacts,Latest valid filing available as of 2026-08-05; configured source-tag priority breaks valid same-filing ties.
sfix,SFIX,0001576942-21-000121,10-K,2021-09-27,2018-07-29,2019-08-03,2019,FY,370.0,operating_cash_flow,us-gaap,NetCashProvidedByUsedInOperatingActivities,78594000.0,78.594,USD_millions,flow,1,https://www.sec.gov/Archives/edgar/data/1576942/000157694221000121/,2026-08-05T17:49:37+00:00,0001576942,USD,2021,CY2019,True,latest_valid_restated_sec_companyfacts,Latest valid filing available as of 2026-08-05; configured source-tag priority breaks valid same-filing ties.
sfix,SFIX,0001576942-21-000121,10-K,2021-09-27,2018-07-29,2019-08-03,2019,FY,370.0,operating_income,us-gaap,OperatingIncomeLoss,23495000.0,23.495,USD_millions,flow,1,https://www.sec.gov/Archives/edgar/data/1576942/000157694221000121/,2026-08-05T17:49:37+00:00,0001576942,USD,2021,CY2019,True,latest_valid_restated_sec_companyfacts,Latest valid filing available as of 2026-08-05; configured source-tag priority breaks valid same-filing ties.
sfix,SFIX,0001576942-21-000121,10-K,2021-09-27,2018-07-29,2019-08-03,2019,FY,370.0,revenue,us-gaap,RevenueFromContractWithCustomerExcludingAssessedTax,1577558000.0,1577.558,USD_millions,flow,1,https://www.sec.gov/Archives/edgar/data/1576942/000157694221000121/,2026-08-05T17:49:37+00:00,0001576942,USD,2021,CY2019,True,latest_valid_restated_sec_companyfacts,Latest valid filing available as of 2026-08-05; configured source-tag priority breaks valid same-filing ties.
sfix,SFIX,0001576942-20-000077,10-K,2020-09-25,,2019-08-03,2019,FY,,total_assets,us-gaap,Assets,616066000.0,616.066,USD_millions,stock,1,https://www.sec.gov/Archives/edgar/data/1576942/000157694220000077/,2026-08-05T17:49:37+00:00,0001576942,USD,2020,CY2019Q2I,True,latest_valid_restated_sec_companyfacts,Latest valid filing available as of 2026-08-05; configured source-tag priority breaks valid same-filing ties.
sfix,SFIX,0001576942-22-000077,10-K,2022-09-21,,2019-08-03,2019,FY,,total_equity,us-gaap,StockholdersEquity,396000000.0,396.0,USD_millions,stock,1,https://www.sec.gov/Archives/edgar/data/1576942/000157694222000077/,2026-08-05T17:49:37+00:00,0001576942,USD,2022,CY2019Q2I,True,latest_valid_restated_sec_companyfacts,Latest valid filing available as of 2026-08-05; configured source-tag priority breaks valid same-filing ties.
sfix,SFIX,0001576942-20-000077,10-K,2020-09-25,,2019-08-03,2019,FY,,total_liabilities,us-gaap,Liabilities,220066000.0,220.066,USD_millions,stock,1,https://www.sec.gov/Archives/edgar/data/1576942/000157694220000077/,2026-08-05T17:49:37+00:00,0001576942,USD,2020,CY2019Q2I,True,latest_valid_restated_sec_companyfacts,Latest valid filing available as of 2026-08-05; configured source-tag priority breaks valid same-filing ties.
sfix,SFIX,0001576942-22-000077,10-K,2022-09-21,2019-08-04,2020-08-01,2020,FY,363.0,capital_expenditure,us-gaap,PaymentsToAcquirePropertyPlantAndEquipment,30207000.0,30.207,USD_millions,flow,1,https://www.sec.gov/Archives/edgar/data/1576942/000157694222000077/,2026-08-05T17:49:37+00:00,0001576942,USD,2022,CY2020,True,latest_valid_restated_sec_companyfacts,Latest valid filing available as of 2026-08-05; configured source-tag priority breaks valid same-filing ties.
sfix,SFIX,0001576942-21-000121,10-K,2021-09-27,,2020-08-01,2020,FY,,cash_and_equivalents,us-gaap,CashAndCashEquivalentsAtCarryingValue,143455000.0,143.455,USD_millions,stock,1,https://www.sec.gov/Archives/edgar/data/1576942/000157694221000121/,2026-08-05T17:49:37+00:00,0001576942,USD,2021,CY2020Q2I,True,latest_valid_restated_sec_companyfacts,Latest valid filing available as of 2026-08-05; configured source-tag priority breaks valid same-filing ties.
sfix,SFIX,0001576942-21-000121,10-K,2021-09-27,,2020-08-01,2020,FY,,current_assets,us-gaap,AssetsCurrent,466310000.0,466.31,USD_millions,stock,1,https://www.sec.gov/Archives/edgar/data/1576942/000157694221000121/,2026-08-05T17:49:37+00:00,0001576942,USD,2021,CY2020Q2I,True,latest_valid_restated_sec_companyfacts,Latest valid filing available as of 2026-08-05; configured source-tag priority breaks valid same-filing ties.
sfix,SFIX,0001576942-21-000121,10-K,2021-09-27,,2020-08-01,2020,FY,,current_liabilities,us-gaap,LiabilitiesCurrent,212155000.0,212.155,USD_millions,stock,1,https://www.sec.gov/Archives/edgar/data/1576942/000157694221000121/,2026-08-05T17:49:37+00:00,0001576942,USD,2021,CY2020Q2I,True,latest_valid_restated_sec_companyfacts,Latest valid filing available as of 2026-08-05; configured source-tag priority breaks valid same-filing ties.
sfix,SFIX,0001576942-22-000077,10-K,2022-09-21,2019-08-04,2020-08-01,2020,FY,363.0,free_cash_flow,project,derived:OperatingCashFlow-CapitalExpenditure,,12.670000000000002,USD,flow,0,https://www.sec.gov/Archives/edgar/data/1576942/000157694222000077/,2026-08-05T17:49:37+00:00,0001576942,USD,2022,CY2020,True,derived_from_latest_valid_components,Operating cash flow minus positive CapEx outflow.
sfix,SFIX,0001576942-21-000121,10-K,2021-09-27,,2020-08-01,2020,FY,,inventory,us-gaap,InventoryNet,124816000.0,124.816,USD_millions,stock,1,https://www.sec.gov/Archives/edgar/data/1576942/000157694221000121/,2026-08-05T17:49:37+00:00,0001576942,USD,2021,CY2020Q2I,True,latest_valid_restated_sec_companyfacts,Latest valid filing available as of 2026-08-05; configured source-tag priority breaks valid same-filing ties.
sfix,SFIX,0001576942-22-000077,10-K,2022-09-21,2019-08-04,2020-08-01,2020,FY,363.0,net_income,us-gaap,NetIncomeLoss,-67117000.0,-67.117,USD_millions,flow,1,https://www.sec.gov/Archives/edgar/data/1576942/000157694222000077/,2026-08-05T17:49:37+00:00,0001576942,USD,2022,CY2020,True,latest_valid_restated_sec_companyfacts,Latest valid filing available as of 2026-08-05; configured source-tag priority breaks valid same-filing ties.
sfix,SFIX,0001576942-22-000077,10-K,2022-09-21,2019-08-04,2020-08-01,2020,FY,363.0,operating_cash_flow,us-gaap,NetCashProvidedByUsedInOperatingActivities,42877000.0,42.877,USD_millions,flow,1,https://www.sec.gov/Archives/edgar/data/1576942/000157694222000077/,2026-08-05T17:49:37+00:00,0001576942,USD,2022,CY2020,True,latest_valid_restated_sec_companyfacts,Latest valid filing available as of 2026-08-05; configured source-tag priority breaks valid same-filing ties.
sfix,SFIX,0001576942-22-000077,10-K,2022-09-21,2019-08-04,2020-08-01,2020,FY,363.0,operating_income,us-gaap,OperatingIncomeLoss,-51664000.0,-51.664,USD_millions,flow,1,https://www.sec.gov/Archives/edgar/data/1576942/000157694222000077/,2026-08-05T17:49:37+00:00,0001576942,USD,2022,CY2020,True,latest_valid_restated_sec_companyfacts,Latest valid filing available as of 2026-08-05; configured source-tag priority breaks valid same-filing ties.
sfix,SFIX,0001576942-22-000077,10-K,2022-09-21,2019-08-04,2020-08-01,2020,FY,363.0,revenue,us-gaap,RevenueFromContractWithCustomerExcludingAssessedTax,1711733000.0,1711.733,USD_millions,flow,1,https://www.sec.gov/Archives/edgar/data/1576942/000157694222000077/,2026-08-05T17:49:37+00:00,0001576942,USD,2022,CY2020,True,latest_valid_restated_sec_companyfacts,Latest valid filing available as of 2026-08-05; configured source-tag priority breaks valid same-filing ties.
sfix,SFIX,0001576942-21-000121,10-K,2021-09-27,,2020-08-01,2020,FY,,total_assets,us-gaap,Assets,769429000.0,769.429,USD_millions,stock,1,https://www.sec.gov/Archives/edgar/data/1576942/000157694221000121/,2026-08-05T17:49:37+00:00,0001576942,USD,2021,CY2020Q2I,True,latest_valid_restated_sec_companyfacts,Latest valid filing available as of 2026-08-05; configured source-tag priority breaks valid same-filing ties.
sfix,SFIX,0001576942-23-000114,10-K,2023-09-20,,2020-08-01,2020,FY,,total_equity,us-gaap,StockholdersEquity,401037000.0,401.037,USD_millions,stock,1,https://www.sec.gov/Archives/edgar/data/1576942/000157694223000114/,2026-08-05T17:49:37+00:00,0001576942,USD,2023,CY2020Q2I,True,latest_valid_restated_sec_companyfacts,Latest valid filing available as of 2026-08-05; configured source-tag priority breaks valid same-filing ties.
sfix,SFIX,0001576942-21-000121,10-K,2021-09-27,,2020-08-01,2020,FY,,total_liabilities,us-gaap,Liabilities,368392000.0,368.392,USD_millions,stock,1,https://www.sec.gov/Archives/edgar/data/1576942/000157694221000121/,2026-08-05T17:49:37+00:00,0001576942,USD,2021,CY2020Q2I,True,latest_valid_restated_sec_companyfacts,Latest valid filing available as of 2026-08-05; configured source-tag priority breaks valid same-filing ties.
sfix,SFIX,0001576942-23-000114,10-K,2023-09-20,2020-08-02,2021-07-31,2021,FY,363.0,capital_expenditure,us-gaap,PaymentsToAcquirePropertyPlantAndEquipment,35256000.0,35.256,USD_millions,flow,1,https://www.sec.gov/Archives/edgar/data/1576942/000157694223000114/,2026-08-05T17:49:37+00:00,0001576942,USD,2023,CY2021,True,latest_valid_restated_sec_companyfacts,Latest valid filing available as of 2026-08-05; configured source-tag priority breaks valid same-filing ties.
sfix,SFIX,0001576942-22-000077,10-K,2022-09-21,,2021-07-31,2021,FY,,cash_and_equivalents,us-gaap,CashAndCashEquivalentsAtCarryingValue,129785000.0,129.785,USD_millions,stock,1,https://www.sec.gov/Archives/edgar/data/1576942/000157694222000077/,2026-08-05T17:49:37+00:00,0001576942,USD,2022,CY2021Q2I,True,latest_valid_restated_sec_companyfacts,Latest valid filing available as of 2026-08-05; configured source-tag priority breaks valid same-filing ties.
sfix,SFIX,0001576942-22-000077,10-K,2022-09-21,,2021-07-31,2021,FY,,current_assets,us-gaap,AssetsCurrent,521804000.0,521.804,USD_millions,stock,1,https://www.sec.gov/Archives/edgar/data/1576942/000157694222000077/,2026-08-05T17:49:37+00:00,0001576942,USD,2022,CY2021Q2I,True,latest_valid_restated_sec_companyfacts,Latest valid filing available as of 2026-08-05; configured source-tag priority breaks valid same-filing ties.
sfix,SFIX,0001576942-22-000077,10-K,2022-09-21,,2021-07-31,2021,FY,,current_liabilities,us-gaap,LiabilitiesCurrent,228313000.0,228.313,USD_millions,stock,1,https://www.sec.gov/Archives/edgar/data/1576942/000157694222000077/,2026-08-05T17:49:37+00:00,0001576942,USD,2022,CY2021Q2I,True,latest_valid_restated_sec_companyfacts,Latest valid filing available as of 2026-08-05; configured source-tag priority breaks valid same-filing ties.
sfix,SFIX,0001576942-23-000114,10-K,2023-09-20,2020-08-02,2021-07-31,2021,FY,363.0,free_cash_flow,project,derived:OperatingCashFlow-CapitalExpenditure,,-50.931,USD,flow,0,https://www.sec.gov/Archives/edgar/data/1576942/000157694223000114/,2026-08-05T17:49:37+00:00,0001576942,USD,2023,CY2021,True,derived_from_latest_valid_components,Operating cash flow minus positive CapEx outflow.
sfix,SFIX,0001576942-22-000077,10-K,2022-09-21,,2021-07-31,2021,FY,,inventory,us-gaap,InventoryNet,212294000.0,212.294,USD_millions,stock,1,https://www.sec.gov/Archives/edgar/data/1576942/000157694222000077/,2026-08-05T17:49:37+00:00,0001576942,USD,2022,CY2021Q2I,True,latest_valid_restated_sec_companyfacts,Latest valid filing available as of 2026-08-05; configured source-tag priority breaks valid same-filing ties.
sfix,SFIX,0001576942-23-000114,10-K,2023-09-20,2020-08-02,2021-07-31,2021,FY,363.0,net_income,us-gaap,NetIncomeLoss,-8876000.0,-8.876,USD_millions,flow,1,https://www.sec.gov/Archives/edgar/data/1576942/000157694223000114/,2026-08-05T17:49:37+00:00,0001576942,USD,2023,CY2021,True,latest_valid_restated_sec_companyfacts,Latest valid filing available as of 2026-08-05; configured source-tag priority breaks valid same-filing ties.
sfix,SFIX,0001576942-23-000114,10-K,2023-09-20,2020-08-02,2021-07-31,2021,FY,363.0,operating_cash_flow,us-gaap,NetCashProvidedByUsedInOperatingActivities,-15675000.0,-15.675,USD_millions,flow,1,https://www.sec.gov/Archives/edgar/data/1576942/000157694223000114/,2026-08-05T17:49:37+00:00,0001576942,USD,2023,CY2021,True,latest_valid_restated_sec_companyfacts,Latest valid filing available as of 2026-08-05; configured source-tag priority breaks valid same-filing ties.
sfix,SFIX,0001576942-23-000114,10-K,2023-09-20,2020-08-02,2021-07-31,2021,FY,363.0,operating_income,us-gaap,OperatingIncomeLoss,-63361000.0,-63.361,USD_millions,flow,1,https://www.sec.gov/Archives/edgar/data/1576942/000157694223000114/,2026-08-05T17:49:37+00:00,0001576942,USD,2023,CY2021,True,latest_valid_restated_sec_companyfacts,Latest valid filing available as of 2026-08-05; configured source-tag priority breaks valid same-filing ties.
sfix,SFIX,0001576942-23-000114,10-K,2023-09-20,2020-08-02,2021-07-31,2021,FY,363.0,revenue,us-gaap,RevenueFromContractWithCustomerExcludingAssessedTax,2101258000.0,2101.258,USD_millions,flow,1,https://www.sec.gov/Archives/edgar/data/1576942/000157694223000114/,2026-08-05T17:49:37+00:00,0001576942,USD,2023,CY2021,True,latest_valid_restated_sec_companyfacts,Latest valid filing available as of 2026-08-05; configured source-tag priority breaks valid same-filing ties.
sfix,SFIX,0001576942-22-000077,10-K,2022-09-21,,2021-07-31,2021,FY,,total_assets,us-gaap,Assets,819149000.0,819.149,USD_millions,stock,1,https://www.sec.gov/Archives/edgar/data/1576942/000157694222000077/,2026-08-05T17:49:37+00:00,0001576942,USD,2022,CY2021Q2I,True,latest_valid_restated_sec_companyfacts,Latest valid filing available as of 2026-08-05; configured source-tag priority breaks valid same-filing ties.
sfix,SFIX,0001576942-24-000099,10-K,2024-09-25,,2021-07-31,2021,FY,,total_equity,us-gaap,StockholdersEquity,460849000.0,460.849,USD_millions,stock,1,https://www.sec.gov/Archives/edgar/data/1576942/000157694224000099/,2026-08-05T17:49:37+00:00,0001576942,USD,2024,CY2021Q2I,True,latest_valid_restated_sec_companyfacts,Latest valid filing available as of 2026-08-05; configured source-tag priority breaks valid same-filing ties.
sfix,SFIX,0001576942-22-000077,10-K,2022-09-21,,2021-07-31,2021,FY,,total_liabilities,us-gaap,Liabilities,358300000.0,358.3,USD_millions,stock,1,https://www.sec.gov/Archives/edgar/data/1576942/000157694222000077/,2026-08-05T17:49:37+00:00,0001576942,USD,2022,CY2021Q2I,True,latest_valid_restated_sec_companyfacts,Latest valid filing available as of 2026-08-05; configured source-tag priority breaks valid same-filing ties.
sfix,SFIX,0001576942-24-000099,10-K,2024-09-25,2021-08-01,2022-07-30,2022,FY,363.0,capital_expenditure,us-gaap,PaymentsToAcquirePropertyPlantAndEquipment,44957000.0,44.957,USD_millions,flow,1,https://www.sec.gov/Archives/edgar/data/1576942/000157694224000099/,2026-08-05T17:49:37+00:00,0001576942,USD,2024,CY2022,True,latest_valid_restated_sec_companyfacts,Latest valid filing available as of 2026-08-05; configured source-tag priority breaks valid same-filing ties.
sfix,SFIX,0001576942-23-000114,10-K,2023-09-20,,2022-07-30,2022,FY,,cash_and_equivalents,us-gaap,CashAndCashEquivalentsAtCarryingValue,130935000.0,130.935,USD_millions,stock,1,https://www.sec.gov/Archives/edgar/data/1576942/000157694223000114/,2026-08-05T17:49:37+00:00,0001576942,USD,2023,CY2022Q2I,True,latest_valid_restated_sec_companyfacts,Latest valid filing available as of 2026-08-05; configured source-tag priority breaks valid same-filing ties.
sfix,SFIX,0001576942-23-000114,10-K,2023-09-20,,2022-07-30,2022,FY,,current_assets,us-gaap,AssetsCurrent,477252000.0,477.252,USD_millions,stock,1,https://www.sec.gov/Archives/edgar/data/1576942/000157694223000114/,2026-08-05T17:49:37+00:00,0001576942,USD,2023,CY2022Q2I,True,latest_valid_restated_sec_companyfacts,Latest valid filing available as of 2026-08-05; configured source-tag priority breaks valid same-filing ties.
sfix,SFIX,0001576942-23-000114,10-K,2023-09-20,,2022-07-30,2022,FY,,current_liabilities,us-gaap,LiabilitiesCurrent,295570000.0,295.57,USD_millions,stock,1,https://www.sec.gov/Archives/edgar/data/1576942/000157694223000114/,2026-08-05T17:49:37+00:00,0001576942,USD,2023,CY2022Q2I,True,latest_valid_restated_sec_companyfacts,Latest valid filing available as of 2026-08-05; configured source-tag priority breaks valid same-filing ties.
sfix,SFIX,0001576942-24-000099,10-K,2024-09-25,2021-08-01,2022-07-30,2022,FY,363.0,free_cash_flow,project,derived:OperatingCashFlow-CapitalExpenditure,,30.259999999999998,USD,flow,0,https://www.sec.gov/Archives/edgar/data/1576942/000157694224000099/,2026-08-05T17:49:37+00:00,0001576942,USD,2024,CY2022,True,derived_from_latest_valid_components,Operating cash flow minus positive CapEx outflow.
sfix,SFIX,0001576942-23-000114,10-K,2023-09-20,,2022-07-30,2022,FY,,inventory,us-gaap,InventoryNet,197251000.0,197.251,USD_millions,stock,1,https://www.sec.gov/Archives/edgar/data/1576942/000157694223000114/,2026-08-05T17:49:37+00:00,0001576942,USD,2023,CY2022Q2I,True,latest_valid_restated_sec_companyfacts,Latest valid filing available as of 2026-08-05; configured source-tag priority breaks valid same-filing ties.
sfix,SFIX,0001576942-24-000099,10-K,2024-09-25,2021-08-01,2022-07-30,2022,FY,363.0,net_income,us-gaap,NetIncomeLoss,-207121000.0,-207.121,USD_millions,flow,1,https://www.sec.gov/Archives/edgar/data/1576942/000157694224000099/,2026-08-05T17:49:37+00:00,0001576942,USD,2024,CY2022,True,latest_valid_restated_sec_companyfacts,Latest valid filing available as of 2026-08-05; configured source-tag priority breaks valid same-filing ties.
sfix,SFIX,0001576942-24-000099,10-K,2024-09-25,2021-08-01,2022-07-30,2022,FY,363.0,operating_cash_flow,us-gaap,NetCashProvidedByUsedInOperatingActivities,75217000.0,75.217,USD_millions,flow,1,https://www.sec.gov/Archives/edgar/data/1576942/000157694224000099/,2026-08-05T17:49:37+00:00,0001576942,USD,2024,CY2022,True,latest_valid_restated_sec_companyfacts,Latest valid filing available as of 2026-08-05; configured source-tag priority breaks valid same-filing ties.
sfix,SFIX,0001576942-24-000099,10-K,2024-09-25,2021-08-01,2022-07-30,2022,FY,363.0,operating_income,us-gaap,OperatingIncomeLoss,-184470000.0,-184.47,USD_millions,flow,1,https://www.sec.gov/Archives/edgar/data/1576942/000157694224000099/,2026-08-05T17:49:37+00:00,0001576942,USD,2024,CY2022,True,latest_valid_restated_sec_companyfacts,Latest valid filing available as of 2026-08-05; configured source-tag priority breaks valid same-filing ties.
sfix,SFIX,0001576942-24-000099,10-K,2024-09-25,2021-08-01,2022-07-30,2022,FY,363.0,revenue,us-gaap,RevenueFromContractWithCustomerExcludingAssessedTax,2017804000.0,2017.804,USD_millions,flow,1,https://www.sec.gov/Archives/edgar/data/1576942/000157694224000099/,2026-08-05T17:49:37+00:00,0001576942,USD,2024,CY2022,True,latest_valid_restated_sec_companyfacts,Latest valid filing available as of 2026-08-05; configured source-tag priority breaks valid same-filing ties.
sfix,SFIX,0001576942-23-000114,10-K,2023-09-20,,2022-07-30,2022,FY,,total_assets,us-gaap,Assets,764535000.0,764.535,USD_millions,stock,1,https://www.sec.gov/Archives/edgar/data/1576942/000157694223000114/,2026-08-05T17:49:37+00:00,0001576942,USD,2023,CY2022Q2I,True,latest_valid_restated_sec_companyfacts,Latest valid filing available as of 2026-08-05; configured source-tag priority breaks valid same-filing ties.
sfix,SFIX,0001628280-25-042782,10-K,2025-09-25,,2022-07-30,2022,FY,,total_equity,us-gaap,StockholdersEquity,322651000.0,322.651,USD_millions,stock,1,https://www.sec.gov/Archives/edgar/data/1576942/000162828025042782/,2026-08-05T17:49:37+00:00,0001576942,USD,2025,CY2022Q2I,True,latest_valid_restated_sec_companyfacts,Latest valid filing available as of 2026-08-05; configured source-tag priority breaks valid same-filing ties.
sfix,SFIX,0001576942-23-000114,10-K,2023-09-20,,2022-07-30,2022,FY,,total_liabilities,us-gaap,Liabilities,441884000.0,441.884,USD_millions,stock,1,https://www.sec.gov/Archives/edgar/data/1576942/000157694223000114/,2026-08-05T17:49:37+00:00,0001576942,USD,2023,CY2022Q2I,True,latest_valid_restated_sec_companyfacts,Latest valid filing available as of 2026-08-05; configured source-tag priority breaks valid same-filing ties.
sfix,SFIX,0001628280-25-042782,10-K,2025-09-25,2022-07-31,2023-07-29,2023,FY,363.0,capital_expenditure,us-gaap,PaymentsToAcquirePropertyPlantAndEquipment,18863000.0,18.863,USD_millions,flow,1,https://www.sec.gov/Archives/edgar/data/1576942/000162828025042782/,2026-08-05T17:49:37+00:00,0001576942,USD,2025,CY2023,True,latest_valid_restated_sec_companyfacts,Latest valid filing available as of 2026-08-05; configured source-tag priority breaks valid same-filing ties.
sfix,SFIX,0001576942-24-000099,10-K,2024-09-25,,2023-07-29,2023,FY,,cash_and_equivalents,us-gaap,CashAndCashEquivalentsAtCarryingValue,239437000.0,239.437,USD_millions,stock,1,https://www.sec.gov/Archives/edgar/data/1576942/000157694224000099/,2026-08-05T17:49:37+00:00,0001576942,USD,2024,CY2023Q2I,True,latest_valid_restated_sec_companyfacts,Latest valid filing available as of 2026-08-05; configured source-tag priority breaks valid same-filing ties.
sfix,SFIX,0001576942-24-000099,10-K,2024-09-25,,2023-07-29,2023,FY,,current_assets,us-gaap,AssetsCurrent,425461000.0,425.461,USD_millions,stock,1,https://www.sec.gov/Archives/edgar/data/1576942/000157694224000099/,2026-08-05T17:49:37+00:00,0001576942,USD,2024,CY2023Q2I,True,latest_valid_restated_sec_companyfacts,Latest valid filing available as of 2026-08-05; configured source-tag priority breaks valid same-filing ties.
sfix,SFIX,0001576942-24-000099,10-K,2024-09-25,,2023-07-29,2023,FY,,current_liabilities,us-gaap,LiabilitiesCurrent,238111000.0,238.111,USD_millions,stock,1,https://www.sec.gov/Archives/edgar/data/1576942/000157694224000099/,2026-08-05T17:49:37+00:00,0001576942,USD,2024,CY2023Q2I,True,latest_valid_restated_sec_companyfacts,Latest valid filing available as of 2026-08-05; configured source-tag priority breaks valid same-filing ties.
sfix,SFIX,0001576942-24-000099,10-K,2024-09-25,2022-07-31,2023-07-29,2023,FY,363.0,free_cash_flow,project,derived:OperatingCashFlow-CapitalExpenditure,,54.367000000000004,USD,flow,0,https://www.sec.gov/Archives/edgar/data/1576942/000157694224000099/,2026-08-05T17:49:37+00:00,0001576942,USD,2024,CY2023,True,derived_from_latest_valid_components,Operating cash flow minus positive CapEx outflow.
sfix,SFIX,0001576942-24-000099,10-K,2024-09-25,,2023-07-29,2023,FY,,inventory,us-gaap,InventoryNet,130548000.0,130.548,USD_millions,stock,1,https://www.sec.gov/Archives/edgar/data/1576942/000157694224000099/,2026-08-05T17:49:37+00:00,0001576942,USD,2024,CY2023Q2I,True,latest_valid_restated_sec_companyfacts,Latest valid filing available as of 2026-08-05; configured source-tag priority breaks valid same-filing ties.
sfix,SFIX,0001628280-25-042782,10-K,2025-09-25,2022-07-31,2023-07-29,2023,FY,363.0,net_income,us-gaap,NetIncomeLoss,-171973000.0,-171.973,USD_millions,flow,1,https://www.sec.gov/Archives/edgar/data/1576942/000162828025042782/,2026-08-05T17:49:37+00:00,0001576942,USD,2025,CY2023,True,latest_valid_restated_sec_companyfacts,Latest valid filing available as of 2026-08-05; configured source-tag priority breaks valid same-filing ties.
sfix,SFIX,0001576942-24-000099,10-K,2024-09-25,2022-07-31,2023-07-29,2023,FY,363.0,operating_cash_flow,us-gaap,NetCashProvidedByUsedInOperatingActivities,73230000.0,73.23,USD_millions,flow,1,https://www.sec.gov/Archives/edgar/data/1576942/000157694224000099/,2026-08-05T17:49:37+00:00,0001576942,USD,2024,CY2023,True,latest_valid_restated_sec_companyfacts,Latest valid filing available as of 2026-08-05; configured source-tag priority breaks valid same-filing ties.
sfix,SFIX,0001628280-25-042782,10-K,2025-09-25,2022-07-31,2023-07-29,2023,FY,363.0,operating_income,us-gaap,OperatingIncomeLoss,-155281000.0,-155.281,USD_millions,flow,1,https://www.sec.gov/Archives/edgar/data/1576942/000162828025042782/,2026-08-05T17:49:37+00:00,0001576942,USD,2025,CY2023,True,latest_valid_restated_sec_companyfacts,Latest valid filing available as of 2026-08-05; configured source-tag priority breaks valid same-filing ties.
sfix,SFIX,0001628280-25-042782,10-K,2025-09-25,2022-07-31,2023-07-29,2023,FY,363.0,revenue,us-gaap,RevenueFromContractWithCustomerExcludingAssessedTax,1592521000.0,1592.521,USD_millions,flow,1,https://www.sec.gov/Archives/edgar/data/1576942/000162828025042782/,2026-08-05T17:49:37+00:00,0001576942,USD,2025,CY2023,True,latest_valid_restated_sec_companyfacts,Latest valid filing available as of 2026-08-05; configured source-tag priority breaks valid same-filing ties.
sfix,SFIX,0001576942-24-000099,10-K,2024-09-25,,2023-07-29,2023,FY,,total_assets,us-gaap,Assets,614478000.0,614.478,USD_millions,stock,1,https://www.sec.gov/Archives/edgar/data/1576942/000157694224000099/,2026-08-05T17:49:37+00:00,0001576942,USD,2024,CY2023Q2I,True,latest_valid_restated_sec_companyfacts,Latest valid filing available as of 2026-08-05; configured source-tag priority breaks valid same-filing ties.
sfix,SFIX,0001628280-25-042782,10-K,2025-09-25,,2023-07-29,2023,FY,,total_equity,us-gaap,StockholdersEquity,247310000.0,247.31,USD_millions,stock,1,https://www.sec.gov/Archives/edgar/data/1576942/000162828025042782/,2026-08-05T17:49:37+00:00,0001576942,USD,2025,CY2023Q2I,True,latest_valid_restated_sec_companyfacts,Latest valid filing available as of 2026-08-05; configured source-tag priority breaks valid same-filing ties.
sfix,SFIX,0001576942-24-000099,10-K,2024-09-25,,2023-07-29,2023,FY,,total_liabilities,us-gaap,Liabilities,367168000.0,367.168,USD_millions,stock,1,https://www.sec.gov/Archives/edgar/data/1576942/000157694224000099/,2026-08-05T17:49:37+00:00,0001576942,USD,2024,CY2023Q2I,True,latest_valid_restated_sec_companyfacts,Latest valid filing available as of 2026-08-05; configured source-tag priority breaks valid same-filing ties.
sfix,SFIX,0001628280-25-042782,10-K,2025-09-25,2023-07-30,2024-08-03,2024,FY,370.0,capital_expenditure,us-gaap,PaymentsToAcquirePropertyPlantAndEquipment,13965000.0,13.965,USD_millions,flow,1,https://www.sec.gov/Archives/edgar/data/1576942/000162828025042782/,2026-08-05T17:49:37+00:00,0001576942,USD,2025,CY2024,True,latest_valid_restated_sec_companyfacts,Latest valid filing available as of 2026-08-05; configured source-tag priority breaks valid same-filing ties.
sfix,SFIX,0001628280-25-042782,10-K,2025-09-25,,2024-08-03,2024,FY,,cash_and_equivalents,us-gaap,CashAndCashEquivalentsAtCarryingValue,162862000.0,162.862,USD_millions,stock,1,https://www.sec.gov/Archives/edgar/data/1576942/000162828025042782/,2026-08-05T17:49:37+00:00,0001576942,USD,2025,CY2024Q2I,True,latest_valid_restated_sec_companyfacts,Latest valid filing available as of 2026-08-05; configured source-tag priority breaks valid same-filing ties.
sfix,SFIX,0001628280-25-042782,10-K,2025-09-25,,2024-08-03,2024,FY,,current_assets,us-gaap,AssetsCurrent,366710000.0,366.71,USD_millions,stock,1,https://www.sec.gov/Archives/edgar/data/1576942/000162828025042782/,2026-08-05T17:49:37+00:00,0001576942,USD,2025,CY2024Q2I,True,latest_valid_restated_sec_companyfacts,Latest valid filing available as of 2026-08-05; configured source-tag priority breaks valid same-filing ties.
sfix,SFIX,0001628280-25-042782,10-K,2025-09-25,,2024-08-03,2024,FY,,current_liabilities,us-gaap,LiabilitiesCurrent,203551000.0,203.551,USD_millions,stock,1,https://www.sec.gov/Archives/edgar/data/1576942/000162828025042782/,2026-08-05T17:49:37+00:00,0001576942,USD,2025,CY2024Q2I,True,latest_valid_restated_sec_companyfacts,Latest valid filing available as of 2026-08-05; configured source-tag priority breaks valid same-filing ties.
sfix,SFIX,0001576942-24-000099,10-K,2024-09-25,2023-07-30,2024-08-03,2024,FY,370.0,free_cash_flow,project,derived:OperatingCashFlow-CapitalExpenditure,,14.242,USD,flow,0,https://www.sec.gov/Archives/edgar/data/1576942/000157694224000099/,2026-08-05T17:49:37+00:00,0001576942,USD,2024,CY2024,True,derived_from_latest_valid_components,Operating cash flow minus positive CapEx outflow.
sfix,SFIX,0001628280-25-042782,10-K,2025-09-25,,2024-08-03,2024,FY,,inventory,us-gaap,InventoryNet,97903000.0,97.903,USD_millions,stock,1,https://www.sec.gov/Archives/edgar/data/1576942/000162828025042782/,2026-08-05T17:49:37+00:00,0001576942,USD,2025,CY2024Q2I,True,latest_valid_restated_sec_companyfacts,Latest valid filing available as of 2026-08-05; configured source-tag priority breaks valid same-filing ties.
sfix,SFIX,0001628280-25-042782,10-K,2025-09-25,2023-07-30,2024-08-03,2024,FY,370.0,net_income,us-gaap,NetIncomeLoss,-128840000.0,-128.84,USD_millions,flow,1,https://www.sec.gov/Archives/edgar/data/1576942/000162828025042782/,2026-08-05T17:49:37+00:00,0001576942,USD,2025,CY2024,True,latest_valid_restated_sec_companyfacts,Latest valid filing available as of 2026-08-05; configured source-tag priority breaks valid same-filing ties.
sfix,SFIX,0001576942-24-000099,10-K,2024-09-25,2023-07-30,2024-08-03,2024,FY,370.0,operating_cash_flow,us-gaap,NetCashProvidedByUsedInOperatingActivities,28207000.0,28.207,USD_millions,flow,1,https://www.sec.gov/Archives/edgar/data/1576942/000157694224000099/,2026-08-05T17:49:37+00:00,0001576942,USD,2024,CY2024,True,latest_valid_restated_sec_companyfacts,Latest valid filing available as of 2026-08-05; configured source-tag priority breaks valid same-filing ties.
sfix,SFIX,0001628280-25-042782,10-K,2025-09-25,2023-07-30,2024-08-03,2024,FY,370.0,operating_income,us-gaap,OperatingIncomeLoss,-133427000.0,-133.427,USD_millions,flow,1,https://www.sec.gov/Archives/edgar/data/1576942/000162828025042782/,2026-08-05T17:49:37+00:00,0001576942,USD,2025,CY2024,True,latest_valid_restated_sec_companyfacts,Latest valid filing available as of 2026-08-05; configured source-tag priority breaks valid same-filing ties.
sfix,SFIX,0001628280-25-042782,10-K,2025-09-25,2023-07-30,2024-08-03,2024,FY,370.0,revenue,us-gaap,RevenueFromContractWithCustomerExcludingAssessedTax,1337468000.0,1337.468,USD_millions,flow,1,https://www.sec.gov/Archives/edgar/data/1576942/000162828025042782/,2026-08-05T17:49:37+00:00,0001576942,USD,2025,CY2024,True,latest_valid_restated_sec_companyfacts,Latest valid filing available as of 2026-08-05; configured source-tag priority breaks valid same-filing ties.
sfix,SFIX,0001628280-25-042782,10-K,2025-09-25,,2024-08-03,2024,FY,,total_assets,us-gaap,Assets,486864000.0,486.864,USD_millions,stock,1,https://www.sec.gov/Archives/edgar/data/1576942/000162828025042782/,2026-08-05T17:49:37+00:00,0001576942,USD,2025,CY2024Q2I,True,latest_valid_restated_sec_companyfacts,Latest valid filing available as of 2026-08-05; configured source-tag priority breaks valid same-filing ties.
sfix,SFIX,0001628280-25-042782,10-K,2025-09-25,,2024-08-03,2024,FY,,total_equity,us-gaap,StockholdersEquity,187022000.0,187.022,USD_millions,stock,1,https://www.sec.gov/Archives/edgar/data/1576942/000162828025042782/,2026-08-05T17:49:37+00:00,0001576942,USD,2025,,True,latest_valid_restated_sec_companyfacts,Latest valid filing available as of 2026-08-05; configured source-tag priority breaks valid same-filing ties.
sfix,SFIX,0001628280-25-042782,10-K,2025-09-25,,2024-08-03,2024,FY,,total_liabilities,us-gaap,Liabilities,299842000.0,299.842,USD_millions,stock,1,https://www.sec.gov/Archives/edgar/data/1576942/000162828025042782/,2026-08-05T17:49:37+00:00,0001576942,USD,2025,CY2024Q2I,True,latest_valid_restated_sec_companyfacts,Latest valid filing available as of 2026-08-05; configured source-tag priority breaks valid same-filing ties.
snbr,SNBR,0001564590-20-006396,10-K,2020-02-25,2017-01-01,2017-12-30,2017,FY,363.0,capital_expenditure,us-gaap,PaymentsToAcquirePropertyPlantAndEquipment,59829000.0,59.829,USD_millions,flow,1,https://www.sec.gov/Archives/edgar/data/827187/000156459020006396/,2026-08-05T17:49:37+00:00,0000827187,USD,2019,CY2017,True,latest_valid_restated_sec_companyfacts,Latest valid filing available as of 2026-08-05; configured source-tag priority breaks valid same-filing ties.
snbr,SNBR,0001564590-19-004499,10-K,2019-02-26,,2017-12-30,2017,FY,,cash_and_equivalents,us-gaap,CashAndCashEquivalentsAtCarryingValue,3651000.0,3.651,USD_millions,stock,1,https://www.sec.gov/Archives/edgar/data/827187/000156459019004499/,2026-08-05T17:49:37+00:00,0000827187,USD,2018,CY2017Q4I,True,latest_valid_restated_sec_companyfacts,Latest valid filing available as of 2026-08-05; configured source-tag priority breaks valid same-filing ties.
snbr,SNBR,0001564590-19-004499,10-K,2019-02-26,,2017-12-30,2017,FY,,current_assets,us-gaap,AssetsCurrent,152491000.0,152.491,USD_millions,stock,1,https://www.sec.gov/Archives/edgar/data/827187/000156459019004499/,2026-08-05T17:49:37+00:00,0000827187,USD,2018,CY2017Q4I,True,latest_valid_restated_sec_companyfacts,Latest valid filing available as of 2026-08-05; configured source-tag priority breaks valid same-filing ties.
snbr,SNBR,0001564590-19-004499,10-K,2019-02-26,,2017-12-30,2017,FY,,current_liabilities,us-gaap,LiabilitiesCurrent,306389000.0,306.389,USD_millions,stock,1,https://www.sec.gov/Archives/edgar/data/827187/000156459019004499/,2026-08-05T17:49:37+00:00,0000827187,USD,2018,CY2017Q4I,True,latest_valid_restated_sec_companyfacts,Latest valid filing available as of 2026-08-05; configured source-tag priority breaks valid same-filing ties.
snbr,SNBR,0001564590-20-006396,10-K,2020-02-25,2017-01-01,2017-12-30,2017,FY,363.0,free_cash_flow,project,derived:OperatingCashFlow-CapitalExpenditure,,112.77799999999999,USD,flow,0,https://www.sec.gov/Archives/edgar/data/827187/000156459020006396/,2026-08-05T17:49:37+00:00,0000827187,USD,2019,CY2017,True,derived_from_latest_valid_components,Operating cash flow minus positive CapEx outflow.
snbr,SNBR,0001564590-19-004499,10-K,2019-02-26,,2017-12-30,2017,FY,,inventory,us-gaap,InventoryNet,84298000.0,84.298,USD_millions,stock,1,https://www.sec.gov/Archives/edgar/data/827187/000156459019004499/,2026-08-05T17:49:37+00:00,0000827187,USD,2018,CY2017Q4I,True,latest_valid_restated_sec_companyfacts,Latest valid filing available as of 2026-08-05; configured source-tag priority breaks valid same-filing ties.
snbr,SNBR,0001564590-20-006396,10-K,2020-02-25,2017-01-01,2017-12-30,2017,FY,363.0,net_income,us-gaap,NetIncomeLoss,65077000.0,65.077,USD_millions,flow,1,https://www.sec.gov/Archives/edgar/data/827187/000156459020006396/,2026-08-05T17:49:37+00:00,0000827187,USD,2019,CY2017,True,latest_valid_restated_sec_companyfacts,Latest valid filing available as of 2026-08-05; configured source-tag priority breaks valid same-filing ties.
snbr,SNBR,0001564590-20-006396,10-K,2020-02-25,2017-01-01,2017-12-30,2017,FY,363.0,operating_cash_flow,us-gaap,NetCashProvidedByUsedInOperatingActivities,172607000.0,172.607,USD_millions,flow,1,https://www.sec.gov/Archives/edgar/data/827187/000156459020006396/,2026-08-05T17:49:37+00:00,0000827187,USD,2019,CY2017,True,latest_valid_restated_sec_companyfacts,Latest valid filing available as of 2026-08-05; configured source-tag priority breaks valid same-filing ties.
snbr,SNBR,0001564590-20-006396,10-K,2020-02-25,2017-01-01,2017-12-30,2017,FY,363.0,operating_income,us-gaap,OperatingIncomeLoss,91915000.0,91.915,USD_millions,flow,1,https://www.sec.gov/Archives/edgar/data/827187/000156459020006396/,2026-08-05T17:49:37+00:00,0000827187,USD,2019,CY2017,True,latest_valid_restated_sec_companyfacts,Latest valid filing available as of 2026-08-05; configured source-tag priority breaks valid same-filing ties.
snbr,SNBR,0001564590-20-006396,10-K,2020-02-25,2017-01-01,2017-12-30,2017,FY,363.0,revenue,us-gaap,RevenueFromContractWithCustomerExcludingAssessedTax,1444497000.0,1444.497,USD_millions,flow,1,https://www.sec.gov/Archives/edgar/data/827187/000156459020006396/,2026-08-05T17:49:37+00:00,0000827187,USD,2019,CY2017,True,latest_valid_restated_sec_companyfacts,Latest valid filing available as of 2026-08-05; configured source-tag priority breaks valid same-filing ties.
snbr,SNBR,0001564590-19-004499,10-K,2019-02-26,,2017-12-30,2017,FY,,total_assets,us-gaap,Assets,471834000.0,471.834,USD_millions,stock,1,https://www.sec.gov/Archives/edgar/data/827187/000156459019004499/,2026-08-05T17:49:37+00:00,0000827187,USD,2018,CY2017Q4I,True,latest_valid_restated_sec_companyfacts,Latest valid filing available as of 2026-08-05; configured source-tag priority breaks valid same-filing ties.
snbr,SNBR,0001564590-20-006396,10-K,2020-02-25,,2017-12-30,2017,FY,,total_equity,us-gaap,StockholdersEquity,89156000.0,89.156,USD_millions,stock,1,https://www.sec.gov/Archives/edgar/data/827187/000156459020006396/,2026-08-05T17:49:37+00:00,0000827187,USD,2019,,True,latest_valid_restated_sec_companyfacts,Latest valid filing available as of 2026-08-05; configured source-tag priority breaks valid same-filing ties.
snbr,SNBR,0001564590-19-004499,10-K,2019-02-26,,2017-12-30,2017,FY,,total_liabilities,us-gaap,Liabilities,382678000.0,382.678,USD_millions,stock,1,https://www.sec.gov/Archives/edgar/data/827187/000156459019004499/,2026-08-05T17:49:37+00:00,0000827187,USD,2018,CY2017Q4I,True,latest_valid_restated_sec_companyfacts,Latest valid filing available as of 2026-08-05; configured source-tag priority breaks valid same-filing ties.
snbr,SNBR,0000827187-21-000011,10-K,2021-03-02,2018-01-01,2018-12-29,2018,FY,362.0,capital_expenditure,us-gaap,PaymentsToAcquirePropertyPlantAndEquipment,45515000.0,45.515,USD_millions,flow,1,https://www.sec.gov/Archives/edgar/data/827187/000082718721000011/,2026-08-05T17:49:37+00:00,0000827187,USD,2020,,True,latest_valid_restated_sec_companyfacts,Latest valid filing available as of 2026-08-05; configured source-tag priority breaks valid same-filing ties.
snbr,SNBR,0001564590-20-006396,10-K,2020-02-25,,2018-12-29,2018,FY,,cash_and_equivalents,us-gaap,CashAndCashEquivalentsAtCarryingValue,1612000.0,1.612,USD_millions,stock,1,https://www.sec.gov/Archives/edgar/data/827187/000156459020006396/,2026-08-05T17:49:37+00:00,0000827187,USD,2019,CY2018Q4I,True,latest_valid_restated_sec_companyfacts,Latest valid filing available as of 2026-08-05; configured source-tag priority breaks valid same-filing ties.
snbr,SNBR,0001564590-20-006396,10-K,2020-02-25,,2018-12-29,2018,FY,,current_assets,us-gaap,AssetsCurrent,150857000.0,150.857,USD_millions,stock,1,https://www.sec.gov/Archives/edgar/data/827187/000156459020006396/,2026-08-05T17:49:37+00:00,0000827187,USD,2019,CY2018Q4I,True,latest_valid_restated_sec_companyfacts,Latest valid filing available as of 2026-08-05; configured source-tag priority breaks valid same-filing ties.
snbr,SNBR,0001564590-20-006396,10-K,2020-02-25,,2018-12-29,2018,FY,,current_liabilities,us-gaap,LiabilitiesCurrent,488668000.0,488.668,USD_millions,stock,1,https://www.sec.gov/Archives/edgar/data/827187/000156459020006396/,2026-08-05T17:49:37+00:00,0000827187,USD,2019,CY2018Q4I,True,latest_valid_restated_sec_companyfacts,Latest valid filing available as of 2026-08-05; configured source-tag priority breaks valid same-filing ties.
snbr,SNBR,0000827187-21-000011,10-K,2021-03-02,2018-01-01,2018-12-29,2018,FY,362.0,free_cash_flow,project,derived:OperatingCashFlow-CapitalExpenditure,,86.02499999999999,USD,flow,0,https://www.sec.gov/Archives/edgar/data/827187/000082718721000011/,2026-08-05T17:49:37+00:00,0000827187,USD,2020,,True,derived_from_latest_valid_components,Operating cash flow minus positive CapEx outflow.
snbr,SNBR,0001564590-20-006396,10-K,2020-02-25,,2018-12-29,2018,FY,,inventory,us-gaap,InventoryNet,84882000.0,84.882,USD_millions,stock,1,https://www.sec.gov/Archives/edgar/data/827187/000156459020006396/,2026-08-05T17:49:37+00:00,0000827187,USD,2019,CY2018Q4I,True,latest_valid_restated_sec_companyfacts,Latest valid filing available as of 2026-08-05; configured source-tag priority breaks valid same-filing ties.
snbr,SNBR,0000827187-21-000011,10-K,2021-03-02,2018-01-01,2018-12-29,2018,FY,362.0,net_income,us-gaap,NetIncomeLoss,69539000.0,69.539,USD_millions,flow,1,https://www.sec.gov/Archives/edgar/data/827187/000082718721000011/,2026-08-05T17:49:37+00:00,0000827187,USD,2020,,True,latest_valid_restated_sec_companyfacts,Latest valid filing available as of 2026-08-05; configured source-tag priority breaks valid same-filing ties.
snbr,SNBR,0000827187-21-000011,10-K,2021-03-02,2018-01-01,2018-12-29,2018,FY,362.0,operating_cash_flow,us-gaap,NetCashProvidedByUsedInOperatingActivities,131540000.0,131.54,USD_millions,flow,1,https://www.sec.gov/Archives/edgar/data/827187/000082718721000011/,2026-08-05T17:49:37+00:00,0000827187,USD,2020,,True,latest_valid_restated_sec_companyfacts,Latest valid filing available as of 2026-08-05; configured source-tag priority breaks valid same-filing ties.
snbr,SNBR,0000827187-21-000011,10-K,2021-03-02,2018-01-01,2018-12-29,2018,FY,362.0,operating_income,us-gaap,OperatingIncomeLoss,92428000.0,92.428,USD_millions,flow,1,https://www.sec.gov/Archives/edgar/data/827187/000082718721000011/,2026-08-05T17:49:37+00:00,0000827187,USD,2020,,True,latest_valid_restated_sec_companyfacts,Latest valid filing available as of 2026-08-05; configured source-tag priority breaks valid same-filing ties.
snbr,SNBR,0000827187-21-000011,10-K,2021-03-02,2018-01-01,2018-12-29,2018,FY,362.0,revenue,us-gaap,RevenueFromContractWithCustomerExcludingAssessedTax,1531575000.0,1531.575,USD_millions,flow,1,https://www.sec.gov/Archives/edgar/data/827187/000082718721000011/,2026-08-05T17:49:37+00:00,0000827187,USD,2020,,True,latest_valid_restated_sec_companyfacts,Latest valid filing available as of 2026-08-05; configured source-tag priority breaks valid same-filing ties.
snbr,SNBR,0001564590-20-006396,10-K,2020-02-25,,2018-12-29,2018,FY,,total_assets,us-gaap,Assets,470138000.0,470.138,USD_millions,stock,1,https://www.sec.gov/Archives/edgar/data/827187/000156459020006396/,2026-08-05T17:49:37+00:00,0000827187,USD,2019,CY2018Q4I,True,latest_valid_restated_sec_companyfacts,Latest valid filing available as of 2026-08-05; configured source-tag priority breaks valid same-filing ties.
snbr,SNBR,0000827187-22-000012,10-K,2022-03-01,,2018-12-29,2018,FY,,total_equity,us-gaap,StockholdersEquity,-109550000.0,-109.55,USD_millions,stock,1,https://www.sec.gov/Archives/edgar/data/827187/000082718722000012/,2026-08-05T17:49:37+00:00,0000827187,USD,2021,CY2018Q4I,True,latest_valid_restated_sec_companyfacts,Latest valid filing available as of 2026-08-05; configured source-tag priority breaks valid same-filing ties.
snbr,SNBR,0001564590-20-006396,10-K,2020-02-25,,2018-12-29,2018,FY,,total_liabilities,us-gaap,Liabilities,579688000.0,579.688,USD_millions,stock,1,https://www.sec.gov/Archives/edgar/data/827187/000156459020006396/,2026-08-05T17:49:37+00:00,0000827187,USD,2019,CY2018Q4I,True,latest_valid_restated_sec_companyfacts,Latest valid filing available as of 2026-08-05; configured source-tag priority breaks valid same-filing ties.
snbr,SNBR,0000827187-22-000012,10-K,2022-03-01,2018-12-30,2019-12-28,2019,FY,363.0,capital_expenditure,us-gaap,PaymentsToAcquirePropertyPlantAndEquipment,59239000.0,59.239,USD_millions,flow,1,https://www.sec.gov/Archives/edgar/data/827187/000082718722000012/,2026-08-05T17:49:37+00:00,0000827187,USD,2021,CY2019,True,latest_valid_restated_sec_companyfacts,Latest valid filing available as of 2026-08-05; configured source-tag priority breaks valid same-filing ties.
snbr,SNBR,0000827187-21-000011,10-K,2021-03-02,,2019-12-28,2019,FY,,cash_and_equivalents,us-gaap,CashAndCashEquivalentsAtCarryingValue,1593000.0,1.593,USD_millions,stock,1,https://www.sec.gov/Archives/edgar/data/827187/000082718721000011/,2026-08-05T17:49:37+00:00,0000827187,USD,2020,CY2019Q4I,True,latest_valid_restated_sec_companyfacts,Latest valid filing available as of 2026-08-05; configured source-tag priority breaks valid same-filing ties.
snbr,SNBR,0000827187-21-000011,10-K,2021-03-02,,2019-12-28,2019,FY,,current_assets,us-gaap,AssetsCurrent,160368000.0,160.368,USD_millions,stock,1,https://www.sec.gov/Archives/edgar/data/827187/000082718721000011/,2026-08-05T17:49:37+00:00,0000827187,USD,2020,CY2019Q4I,True,latest_valid_restated_sec_companyfacts,Latest valid filing available as of 2026-08-05; configured source-tag priority breaks valid same-filing ties.
snbr,SNBR,0000827187-21-000011,10-K,2021-03-02,,2019-12-28,2019,FY,,current_liabilities,us-gaap,LiabilitiesCurrent,594774000.0,594.774,USD_millions,stock,1,https://www.sec.gov/Archives/edgar/data/827187/000082718721000011/,2026-08-05T17:49:37+00:00,0000827187,USD,2020,CY2019Q4I,True,latest_valid_restated_sec_companyfacts,Latest valid filing available as of 2026-08-05; configured source-tag priority breaks valid same-filing ties.
snbr,SNBR,0000827187-22-000012,10-K,2022-03-01,2018-12-30,2019-12-28,2019,FY,363.0,free_cash_flow,project,derived:OperatingCashFlow-CapitalExpenditure,,129.921,USD,flow,0,https://www.sec.gov/Archives/edgar/data/827187/000082718722000012/,2026-08-05T17:49:37+00:00,0000827187,USD,2021,CY2019,True,derived_from_latest_valid_components,Operating cash flow minus positive CapEx outflow.
snbr,SNBR,0000827187-21-000011,10-K,2021-03-02,,2019-12-28,2019,FY,,inventory,us-gaap,InventoryNet,87065000.0,87.065,USD_millions,stock,1,https://www.sec.gov/Archives/edgar/data/827187/000082718721000011/,2026-08-05T17:49:37+00:00,0000827187,USD,2020,CY2019Q4I,True,latest_valid_restated_sec_companyfacts,Latest valid filing available as of 2026-08-05; configured source-tag priority breaks valid same-filing ties.
snbr,SNBR,0000827187-22-000012,10-K,2022-03-01,2018-12-30,2019-12-28,2019,FY,363.0,net_income,us-gaap,NetIncomeLoss,81845000.0,81.845,USD_millions,flow,1,https://www.sec.gov/Archives/edgar/data/827187/000082718722000012/,2026-08-05T17:49:37+00:00,0000827187,USD,2021,CY2019,True,latest_valid_restated_sec_companyfacts,Latest valid filing available as of 2026-08-05; configured source-tag priority breaks valid same-filing ties.
snbr,SNBR,0000827187-22-000012,10-K,2022-03-01,2018-12-30,2019-12-28,2019,FY,363.0,operating_cash_flow,us-gaap,NetCashProvidedByUsedInOperatingActivities,189160000.0,189.16,USD_millions,flow,1,https://www.sec.gov/Archives/edgar/data/827187/000082718722000012/,2026-08-05T17:49:37+00:00,0000827187,USD,2021,CY2019,True,latest_valid_restated_sec_companyfacts,Latest valid filing available as of 2026-08-05; configured source-tag priority breaks valid same-filing ties.
snbr,SNBR,0000827187-22-000012,10-K,2022-03-01,2018-12-30,2019-12-28,2019,FY,363.0,operating_income,us-gaap,OperatingIncomeLoss,112095000.0,112.095,USD_millions,flow,1,https://www.sec.gov/Archives/edgar/data/827187/000082718722000012/,2026-08-05T17:49:37+00:00,0000827187,USD,2021,CY2019,True,latest_valid_restated_sec_companyfacts,Latest valid filing available as of 2026-08-05; configured source-tag priority breaks valid same-filing ties.
snbr,SNBR,0000827187-22-000012,10-K,2022-03-01,2018-12-30,2019-12-28,2019,FY,363.0,revenue,us-gaap,RevenueFromContractWithCustomerExcludingAssessedTax,1698352000.0,1698.352,USD_millions,flow,1,https://www.sec.gov/Archives/edgar/data/827187/000082718722000012/,2026-08-05T17:49:37+00:00,0000827187,USD,2021,CY2019,True,latest_valid_restated_sec_companyfacts,Latest valid filing available as of 2026-08-05; configured source-tag priority breaks valid same-filing ties.
snbr,SNBR,0000827187-21-000011,10-K,2021-03-02,,2019-12-28,2019,FY,,total_assets,us-gaap,Assets,806043000.0,806.043,USD_millions,stock,1,https://www.sec.gov/Archives/edgar/data/827187/000082718721000011/,2026-08-05T17:49:37+00:00,0000827187,USD,2020,CY2019Q4I,True,latest_valid_restated_sec_companyfacts,Latest valid filing available as of 2026-08-05; configured source-tag priority breaks valid same-filing ties.
snbr,SNBR,0000827187-23-000019,10-K,2023-02-24,,2019-12-28,2019,FY,,total_equity,us-gaap,StockholdersEquity,-159431000.0,-159.431,USD_millions,stock,1,https://www.sec.gov/Archives/edgar/data/827187/000082718723000019/,2026-08-05T17:49:37+00:00,0000827187,USD,2022,CY2019Q4I,True,latest_valid_restated_sec_companyfacts,Latest valid filing available as of 2026-08-05; configured source-tag priority breaks valid same-filing ties.
snbr,SNBR,0000827187-21-000011,10-K,2021-03-02,,2019-12-28,2019,FY,,total_liabilities,us-gaap,Liabilities,965474000.0,965.474,USD_millions,stock,1,https://www.sec.gov/Archives/edgar/data/827187/000082718721000011/,2026-08-05T17:49:37+00:00,0000827187,USD,2020,CY2019Q4I,True,latest_valid_restated_sec_companyfacts,Latest valid filing available as of 2026-08-05; configured source-tag priority breaks valid same-filing ties.
snbr,SNBR,0000827187-23-000019,10-K,2023-02-24,2019-12-29,2021-01-02,2020,FY,370.0,capital_expenditure,us-gaap,PaymentsToAcquirePropertyPlantAndEquipment,37100000.0,37.1,USD_millions,flow,1,https://www.sec.gov/Archives/edgar/data/827187/000082718723000019/,2026-08-05T17:49:37+00:00,0000827187,USD,2022,CY2020,True,latest_valid_restated_sec_companyfacts,Latest valid filing available as of 2026-08-05; configured source-tag priority breaks valid same-filing ties.
snbr,SNBR,0000827187-22-000012,10-K,2022-03-01,,2021-01-02,2020,FY,,cash_and_equivalents,us-gaap,CashAndCashEquivalentsAtCarryingValue,4243000.0,4.243,USD_millions,stock,1,https://www.sec.gov/Archives/edgar/data/827187/000082718722000012/,2026-08-05T17:49:37+00:00,0000827187,USD,2021,CY2020Q4I,True,latest_valid_restated_sec_companyfacts,Latest valid filing available as of 2026-08-05; configured source-tag priority breaks valid same-filing ties.
snbr,SNBR,0000827187-22-000012,10-K,2022-03-01,,2021-01-02,2020,FY,,current_assets,us-gaap,AssetsCurrent,181804000.0,181.804,USD_millions,stock,1,https://www.sec.gov/Archives/edgar/data/827187/000082718722000012/,2026-08-05T17:49:37+00:00,0000827187,USD,2021,CY2020Q4I,True,latest_valid_restated_sec_companyfacts,Latest valid filing available as of 2026-08-05; configured source-tag priority breaks valid same-filing ties.
snbr,SNBR,0000827187-22-000012,10-K,2022-03-01,,2021-01-02,2020,FY,,current_liabilities,us-gaap,LiabilitiesCurrent,655944000.0,655.944,USD_millions,stock,1,https://www.sec.gov/Archives/edgar/data/827187/000082718722000012/,2026-08-05T17:49:37+00:00,0000827187,USD,2021,CY2020Q4I,True,latest_valid_restated_sec_companyfacts,Latest valid filing available as of 2026-08-05; configured source-tag priority breaks valid same-filing ties.
snbr,SNBR,0000827187-23-000019,10-K,2023-02-24,2019-12-29,2021-01-02,2020,FY,370.0,free_cash_flow,project,derived:OperatingCashFlow-CapitalExpenditure,,242.561,USD,flow,0,https://www.sec.gov/Archives/edgar/data/827187/000082718723000019/,2026-08-05T17:49:37+00:00,0000827187,USD,2022,CY2020,True,derived_from_latest_valid_components,Operating cash flow minus positive CapEx outflow.
snbr,SNBR,0000827187-22-000012,10-K,2022-03-01,,2021-01-02,2020,FY,,inventory,us-gaap,InventoryNet,81362000.0,81.362,USD_millions,stock,1,https://www.sec.gov/Archives/edgar/data/827187/000082718722000012/,2026-08-05T17:49:37+00:00,0000827187,USD,2021,CY2020Q4I,True,latest_valid_restated_sec_companyfacts,Latest valid filing available as of 2026-08-05; configured source-tag priority breaks valid same-filing ties.
snbr,SNBR,0000827187-23-000019,10-K,2023-02-24,2019-12-29,2021-01-02,2020,FY,370.0,net_income,us-gaap,NetIncomeLoss,139189000.0,139.189,USD_millions,flow,1,https://www.sec.gov/Archives/edgar/data/827187/000082718723000019/,2026-08-05T17:49:37+00:00,0000827187,USD,2022,CY2020,True,latest_valid_restated_sec_companyfacts,Latest valid filing available as of 2026-08-05; configured source-tag priority breaks valid same-filing ties.
snbr,SNBR,0000827187-23-000019,10-K,2023-02-24,2019-12-29,2021-01-02,2020,FY,370.0,operating_cash_flow,us-gaap,NetCashProvidedByUsedInOperatingActivities,279661000.0,279.661,USD_millions,flow,1,https://www.sec.gov/Archives/edgar/data/827187/000082718723000019/,2026-08-05T17:49:37+00:00,0000827187,USD,2022,CY2020,True,latest_valid_restated_sec_companyfacts,Latest valid filing available as of 2026-08-05; configured source-tag priority breaks valid same-filing ties.
snbr,SNBR,0000827187-23-000019,10-K,2023-02-24,2019-12-29,2021-01-02,2020,FY,370.0,operating_income,us-gaap,OperatingIncomeLoss,184896000.0,184.896,USD_millions,flow,1,https://www.sec.gov/Archives/edgar/data/827187/000082718723000019/,2026-08-05T17:49:37+00:00,0000827187,USD,2022,CY2020,True,latest_valid_restated_sec_companyfacts,Latest valid filing available as of 2026-08-05; configured source-tag priority breaks valid same-filing ties.
snbr,SNBR,0000827187-23-000019,10-K,2023-02-24,2019-12-29,2021-01-02,2020,FY,370.0,revenue,us-gaap,RevenueFromContractWithCustomerExcludingAssessedTax,1856555000.0,1856.555,USD_millions,flow,1,https://www.sec.gov/Archives/edgar/data/827187/000082718723000019/,2026-08-05T17:49:37+00:00,0000827187,USD,2022,CY2020,True,latest_valid_restated_sec_companyfacts,Latest valid filing available as of 2026-08-05; configured source-tag priority breaks valid same-filing ties.
snbr,SNBR,0000827187-22-000012,10-K,2022-03-01,,2021-01-02,2020,FY,,total_assets,us-gaap,Assets,800136000.0,800.136,USD_millions,stock,1,https://www.sec.gov/Archives/edgar/data/827187/000082718722000012/,2026-08-05T17:49:37+00:00,0000827187,USD,2021,CY2020Q4I,True,latest_valid_restated_sec_companyfacts,Latest valid filing available as of 2026-08-05; configured source-tag priority breaks valid same-filing ties.
snbr,SNBR,0000827187-24-000011,10-K,2024-02-23,,2021-01-02,2020,FY,,total_equity,us-gaap,StockholdersEquity,-223978000.0,-223.978,USD_millions,stock,1,https://www.sec.gov/Archives/edgar/data/827187/000082718724000011/,2026-08-05T17:49:37+00:00,0000827187,USD,2023,CY2020Q4I,True,latest_valid_restated_sec_companyfacts,Latest valid filing available as of 2026-08-05; configured source-tag priority breaks valid same-filing ties.
snbr,SNBR,0000827187-22-000012,10-K,2022-03-01,,2021-01-02,2020,FY,,total_liabilities,us-gaap,Liabilities,1024114000.0,1024.114,USD_millions,stock,1,https://www.sec.gov/Archives/edgar/data/827187/000082718722000012/,2026-08-05T17:49:37+00:00,0000827187,USD,2021,CY2020Q4I,True,latest_valid_restated_sec_companyfacts,Latest valid filing available as of 2026-08-05; configured source-tag priority breaks valid same-filing ties.
snbr,SNBR,0000827187-24-000011,10-K,2024-02-23,2021-01-03,2022-01-01,2021,FY,363.0,capital_expenditure,us-gaap,PaymentsToAcquirePropertyPlantAndEquipment,66900000.0,66.9,USD_millions,flow,1,https://www.sec.gov/Archives/edgar/data/827187/000082718724000011/,2026-08-05T17:49:37+00:00,0000827187,USD,2023,CY2021,True,latest_valid_restated_sec_companyfacts,Latest valid filing available as of 2026-08-05; configured source-tag priority breaks valid same-filing ties.
snbr,SNBR,0000827187-23-000019,10-K,2023-02-24,,2022-01-01,2021,FY,,cash_and_equivalents,us-gaap,CashAndCashEquivalentsAtCarryingValue,2389000.0,2.389,USD_millions,stock,1,https://www.sec.gov/Archives/edgar/data/827187/000082718723000019/,2026-08-05T17:49:37+00:00,0000827187,USD,2022,CY2021Q4I,True,latest_valid_restated_sec_companyfacts,Latest valid filing available as of 2026-08-05; configured source-tag priority breaks valid same-filing ties.
snbr,SNBR,0000827187-23-000019,10-K,2023-02-24,,2022-01-01,2021,FY,,current_assets,us-gaap,AssetsCurrent,207621000.0,207.621,USD_millions,stock,1,https://www.sec.gov/Archives/edgar/data/827187/000082718723000019/,2026-08-05T17:49:37+00:00,0000827187,USD,2022,CY2021Q4I,True,latest_valid_restated_sec_companyfacts,Latest valid filing available as of 2026-08-05; configured source-tag priority breaks valid same-filing ties.
snbr,SNBR,0000827187-23-000019,10-K,2023-02-24,,2022-01-01,2021,FY,,current_liabilities,us-gaap,LiabilitiesCurrent,906778000.0,906.778,USD_millions,stock,1,https://www.sec.gov/Archives/edgar/data/827187/000082718723000019/,2026-08-05T17:49:37+00:00,0000827187,USD,2022,CY2021Q4I,True,latest_valid_restated_sec_companyfacts,Latest valid filing available as of 2026-08-05; configured source-tag priority breaks valid same-filing ties.
snbr,SNBR,0000827187-24-000011,10-K,2024-02-23,2021-01-03,2022-01-01,2021,FY,363.0,free_cash_flow,project,derived:OperatingCashFlow-CapitalExpenditure,,233.10999999999999,USD,flow,0,https://www.sec.gov/Archives/edgar/data/827187/000082718724000011/,2026-08-05T17:49:37+00:00,0000827187,USD,2023,CY2021,True,derived_from_latest_valid_components,Operating cash flow minus positive CapEx outflow.
snbr,SNBR,0000827187-23-000019,10-K,2023-02-24,,2022-01-01,2021,FY,,inventory,us-gaap,InventoryNet,105644000.0,105.644,USD_millions,stock,1,https://www.sec.gov/Archives/edgar/data/827187/000082718723000019/,2026-08-05T17:49:37+00:00,0000827187,USD,2022,CY2021Q4I,True,latest_valid_restated_sec_companyfacts,Latest valid filing available as of 2026-08-05; configured source-tag priority breaks valid same-filing ties.
snbr,SNBR,0000827187-24-000011,10-K,2024-02-23,2021-01-03,2022-01-01,2021,FY,363.0,net_income,us-gaap,NetIncomeLoss,153746000.0,153.746,USD_millions,flow,1,https://www.sec.gov/Archives/edgar/data/827187/000082718724000011/,2026-08-05T17:49:37+00:00,0000827187,USD,2023,,True,latest_valid_restated_sec_companyfacts,Latest valid filing available as of 2026-08-05; configured source-tag priority breaks valid same-filing ties.
snbr,SNBR,0000827187-24-000011,10-K,2024-02-23,2021-01-03,2022-01-01,2021,FY,363.0,operating_cash_flow,us-gaap,NetCashProvidedByUsedInOperatingActivities,300010000.0,300.01,USD_millions,flow,1,https://www.sec.gov/Archives/edgar/data/827187/000082718724000011/,2026-08-05T17:49:37+00:00,0000827187,USD,2023,CY2021,True,latest_valid_restated_sec_companyfacts,Latest valid filing available as of 2026-08-05; configured source-tag priority breaks valid same-filing ties.
snbr,SNBR,0000827187-24-000011,10-K,2024-02-23,2021-01-03,2022-01-01,2021,FY,363.0,operating_income,us-gaap,OperatingIncomeLoss,193536000.0,193.536,USD_millions,flow,1,https://www.sec.gov/Archives/edgar/data/827187/000082718724000011/,2026-08-05T17:49:37+00:00,0000827187,USD,2023,CY2021,True,latest_valid_restated_sec_companyfacts,Latest valid filing available as of 2026-08-05; configured source-tag priority breaks valid same-filing ties.
snbr,SNBR,0000827187-24-000011,10-K,2024-02-23,2021-01-03,2022-01-01,2021,FY,363.0,revenue,us-gaap,RevenueFromContractWithCustomerExcludingAssessedTax,2184949000.0,2184.949,USD_millions,flow,1,https://www.sec.gov/Archives/edgar/data/827187/000082718724000011/,2026-08-05T17:49:37+00:00,0000827187,USD,2023,CY2021,True,latest_valid_restated_sec_companyfacts,Latest valid filing available as of 2026-08-05; configured source-tag priority breaks valid same-filing ties.
snbr,SNBR,0000827187-23-000019,10-K,2023-02-24,,2022-01-01,2021,FY,,total_assets,us-gaap,Assets,919540000.0,919.54,USD_millions,stock,1,https://www.sec.gov/Archives/edgar/data/827187/000082718723000019/,2026-08-05T17:49:37+00:00,0000827187,USD,2022,CY2021Q4I,True,latest_valid_restated_sec_companyfacts,Latest valid filing available as of 2026-08-05; configured source-tag priority breaks valid same-filing ties.
snbr,SNBR,0000827187-25-000018,10-K,2025-03-07,,2022-01-01,2021,FY,,total_equity,us-gaap,StockholdersEquity,-424953000.0,-424.953,USD_millions,stock,1,https://www.sec.gov/Archives/edgar/data/827187/000082718725000018/,2026-08-05T17:49:37+00:00,0000827187,USD,2024,CY2021Q4I,True,latest_valid_restated_sec_companyfacts,Latest valid filing available as of 2026-08-05; configured source-tag priority breaks valid same-filing ties.
snbr,SNBR,0000827187-23-000019,10-K,2023-02-24,,2022-01-01,2021,FY,,total_liabilities,us-gaap,Liabilities,1344493000.0,1344.493,USD_millions,stock,1,https://www.sec.gov/Archives/edgar/data/827187/000082718723000019/,2026-08-05T17:49:37+00:00,0000827187,USD,2022,CY2021Q4I,True,latest_valid_restated_sec_companyfacts,Latest valid filing available as of 2026-08-05; configured source-tag priority breaks valid same-filing ties.
snbr,SNBR,0000827187-25-000018,10-K,2025-03-07,2022-01-02,2022-12-31,2022,FY,363.0,capital_expenditure,us-gaap,PaymentsToAcquirePropertyPlantAndEquipment,69454000.0,69.454,USD_millions,flow,1,https://www.sec.gov/Archives/edgar/data/827187/000082718725000018/,2026-08-05T17:49:37+00:00,0000827187,USD,2024,CY2022,True,latest_valid_restated_sec_companyfacts,Latest valid filing available as of 2026-08-05; configured source-tag priority breaks valid same-filing ties.
snbr,SNBR,0000827187-24-000011,10-K,2024-02-23,,2022-12-31,2022,FY,,cash_and_equivalents,us-gaap,CashAndCashEquivalentsAtCarryingValue,1792000.0,1.792,USD_millions,stock,1,https://www.sec.gov/Archives/edgar/data/827187/000082718724000011/,2026-08-05T17:49:37+00:00,0000827187,USD,2023,CY2022Q4I,True,latest_valid_restated_sec_companyfacts,Latest valid filing available as of 2026-08-05; configured source-tag priority breaks valid same-filing ties.
snbr,SNBR,0000827187-24-000011,10-K,2024-02-23,,2022-12-31,2022,FY,,current_assets,us-gaap,AssetsCurrent,197758000.0,197.758,USD_millions,stock,1,https://www.sec.gov/Archives/edgar/data/827187/000082718724000011/,2026-08-05T17:49:37+00:00,0000827187,USD,2023,CY2022Q4I,True,latest_valid_restated_sec_companyfacts,Latest valid filing available as of 2026-08-05; configured source-tag priority breaks valid same-filing ties.
snbr,SNBR,0000827187-24-000011,10-K,2024-02-23,,2022-12-31,2022,FY,,current_liabilities,us-gaap,LiabilitiesCurrent,929813000.0,929.813,USD_millions,stock,1,https://www.sec.gov/Archives/edgar/data/827187/000082718724000011/,2026-08-05T17:49:37+00:00,0000827187,USD,2023,CY2022Q4I,True,latest_valid_restated_sec_companyfacts,Latest valid filing available as of 2026-08-05; configured source-tag priority breaks valid same-filing ties.
snbr,SNBR,0000827187-25-000018,10-K,2025-03-07,2022-01-02,2022-12-31,2022,FY,363.0,free_cash_flow,project,derived:OperatingCashFlow-CapitalExpenditure,,-33.315999999999995,USD,flow,0,https://www.sec.gov/Archives/edgar/data/827187/000082718725000018/,2026-08-05T17:49:37+00:00,0000827187,USD,2024,CY2022,True,derived_from_latest_valid_components,Operating cash flow minus positive CapEx outflow.
snbr,SNBR,0000827187-24-000011,10-K,2024-02-23,,2022-12-31,2022,FY,,inventory,us-gaap,InventoryNet,114034000.0,114.034,USD_millions,stock,1,https://www.sec.gov/Archives/edgar/data/827187/000082718724000011/,2026-08-05T17:49:37+00:00,0000827187,USD,2023,CY2022Q4I,True,latest_valid_restated_sec_companyfacts,Latest valid filing available as of 2026-08-05; configured source-tag priority breaks valid same-filing ties.
snbr,SNBR,0000827187-25-000018,10-K,2025-03-07,2022-01-02,2022-12-31,2022,FY,363.0,net_income,us-gaap,NetIncomeLoss,36610000.0,36.61,USD_millions,flow,1,https://www.sec.gov/Archives/edgar/data/827187/000082718725000018/,2026-08-05T17:49:37+00:00,0000827187,USD,2024,,True,latest_valid_restated_sec_companyfacts,Latest valid filing available as of 2026-08-05; configured source-tag priority breaks valid same-filing ties.
snbr,SNBR,0000827187-25-000018,10-K,2025-03-07,2022-01-02,2022-12-31,2022,FY,363.0,operating_cash_flow,us-gaap,NetCashProvidedByUsedInOperatingActivities,36138000.0,36.138,USD_millions,flow,1,https://www.sec.gov/Archives/edgar/data/827187/000082718725000018/,2026-08-05T17:49:37+00:00,0000827187,USD,2024,CY2022,True,latest_valid_restated_sec_companyfacts,Latest valid filing available as of 2026-08-05; configured source-tag priority breaks valid same-filing ties.
snbr,SNBR,0000827187-25-000018,10-K,2025-03-07,2022-01-02,2022-12-31,2022,FY,363.0,operating_income,us-gaap,OperatingIncomeLoss,67880000.0,67.88,USD_millions,flow,1,https://www.sec.gov/Archives/edgar/data/827187/000082718725000018/,2026-08-05T17:49:37+00:00,0000827187,USD,2024,CY2022,True,latest_valid_restated_sec_companyfacts,Latest valid filing available as of 2026-08-05; configured source-tag priority breaks valid same-filing ties.
snbr,SNBR,0000827187-25-000018,10-K,2025-03-07,2022-01-02,2022-12-31,2022,FY,363.0,revenue,us-gaap,RevenueFromContractWithCustomerExcludingAssessedTax,2114297000.0,2114.297,USD_millions,flow,1,https://www.sec.gov/Archives/edgar/data/827187/000082718725000018/,2026-08-05T17:49:37+00:00,0000827187,USD,2024,CY2022,True,latest_valid_restated_sec_companyfacts,Latest valid filing available as of 2026-08-05; configured source-tag priority breaks valid same-filing ties.
snbr,SNBR,0000827187-24-000011,10-K,2024-02-23,,2022-12-31,2022,FY,,total_assets,us-gaap,Assets,953936000.0,953.936,USD_millions,stock,1,https://www.sec.gov/Archives/edgar/data/827187/000082718724000011/,2026-08-05T17:49:37+00:00,0000827187,USD,2023,CY2022Q4I,True,latest_valid_restated_sec_companyfacts,Latest valid filing available as of 2026-08-05; configured source-tag priority breaks valid same-filing ties.
snbr,SNBR,0000827187-26-000014,10-K,2026-03-12,,2022-12-31,2022,FY,,total_equity,us-gaap,StockholdersEquity,-438177000.0,-438.177,USD_millions,stock,1,https://www.sec.gov/Archives/edgar/data/827187/000082718726000014/,2026-08-05T17:49:37+00:00,0000827187,USD,2025,CY2022Q4I,True,latest_valid_restated_sec_companyfacts,Latest valid filing available as of 2026-08-05; configured source-tag priority breaks valid same-filing ties.
snbr,SNBR,0000827187-24-000011,10-K,2024-02-23,,2022-12-31,2022,FY,,total_liabilities,us-gaap,Liabilities,1392113000.0,1392.113,USD_millions,stock,1,https://www.sec.gov/Archives/edgar/data/827187/000082718724000011/,2026-08-05T17:49:37+00:00,0000827187,USD,2023,CY2022Q4I,True,latest_valid_restated_sec_companyfacts,Latest valid filing available as of 2026-08-05; configured source-tag priority breaks valid same-filing ties.
snbr,SNBR,0000827187-26-000014,10-K,2026-03-12,2023-01-01,2023-12-30,2023,FY,363.0,capital_expenditure,us-gaap,PaymentsToAcquirePropertyPlantAndEquipment,57056000.0,57.056,USD_millions,flow,1,https://www.sec.gov/Archives/edgar/data/827187/000082718726000014/,2026-08-05T17:49:37+00:00,0000827187,USD,2025,CY2023,True,latest_valid_restated_sec_companyfacts,Latest valid filing available as of 2026-08-05; configured source-tag priority breaks valid same-filing ties.
snbr,SNBR,0000827187-25-000018,10-K,2025-03-07,,2023-12-30,2023,FY,,cash_and_equivalents,us-gaap,CashAndCashEquivalentsAtCarryingValue,2539000.0,2.539,USD_millions,stock,1,https://www.sec.gov/Archives/edgar/data/827187/000082718725000018/,2026-08-05T17:49:37+00:00,0000827187,USD,2024,CY2023Q4I,True,latest_valid_restated_sec_companyfacts,Latest valid filing available as of 2026-08-05; configured source-tag priority breaks valid same-filing ties.
snbr,SNBR,0000827187-25-000018,10-K,2025-03-07,,2023-12-30,2023,FY,,current_assets,us-gaap,AssetsCurrent,206128000.0,206.128,USD_millions,stock,1,https://www.sec.gov/Archives/edgar/data/827187/000082718725000018/,2026-08-05T17:49:37+00:00,0000827187,USD,2024,CY2023Q4I,True,latest_valid_restated_sec_companyfacts,Latest valid filing available as of 2026-08-05; configured source-tag priority breaks valid same-filing ties.
snbr,SNBR,0000827187-25-000018,10-K,2025-03-07,,2023-12-30,2023,FY,,current_liabilities,us-gaap,LiabilitiesCurrent,936071000.0,936.071,USD_millions,stock,1,https://www.sec.gov/Archives/edgar/data/827187/000082718725000018/,2026-08-05T17:49:37+00:00,0000827187,USD,2024,CY2023Q4I,True,latest_valid_restated_sec_companyfacts,Latest valid filing available as of 2026-08-05; configured source-tag priority breaks valid same-filing ties.
snbr,SNBR,0000827187-26-000014,10-K,2026-03-12,2023-01-01,2023-12-30,2023,FY,363.0,free_cash_flow,project,derived:OperatingCashFlow-CapitalExpenditure,,-66.084,USD,flow,0,https://www.sec.gov/Archives/edgar/data/827187/000082718726000014/,2026-08-05T17:49:37+00:00,0000827187,USD,2025,CY2023,True,derived_from_latest_valid_components,Operating cash flow minus positive CapEx outflow.
snbr,SNBR,0000827187-25-000018,10-K,2025-03-07,,2023-12-30,2023,FY,,inventory,us-gaap,InventoryNet,115433000.0,115.433,USD_millions,stock,1,https://www.sec.gov/Archives/edgar/data/827187/000082718725000018/,2026-08-05T17:49:37+00:00,0000827187,USD,2024,CY2023Q4I,True,latest_valid_restated_sec_companyfacts,Latest valid filing available as of 2026-08-05; configured source-tag priority breaks valid same-filing ties.
snbr,SNBR,0000827187-26-000014,10-K,2026-03-12,2023-01-01,2023-12-30,2023,FY,363.0,net_income,us-gaap,NetIncomeLoss,-15287000.0,-15.287,USD_millions,flow,1,https://www.sec.gov/Archives/edgar/data/827187/000082718726000014/,2026-08-05T17:49:37+00:00,0000827187,USD,2025,,True,latest_valid_restated_sec_companyfacts,Latest valid filing available as of 2026-08-05; configured source-tag priority breaks valid same-filing ties.
snbr,SNBR,0000827187-26-000014,10-K,2026-03-12,2023-01-01,2023-12-30,2023,FY,363.0,operating_cash_flow,us-gaap,NetCashProvidedByUsedInOperatingActivities,-9028000.0,-9.028,USD_millions,flow,1,https://www.sec.gov/Archives/edgar/data/827187/000082718726000014/,2026-08-05T17:49:37+00:00,0000827187,USD,2025,CY2023,True,latest_valid_restated_sec_companyfacts,Latest valid filing available as of 2026-08-05; configured source-tag priority breaks valid same-filing ties.
snbr,SNBR,0000827187-26-000014,10-K,2026-03-12,2023-01-01,2023-12-30,2023,FY,363.0,operating_income,us-gaap,OperatingIncomeLoss,22942000.0,22.942,USD_millions,flow,1,https://www.sec.gov/Archives/edgar/data/827187/000082718726000014/,2026-08-05T17:49:37+00:00,0000827187,USD,2025,CY2023,True,latest_valid_restated_sec_companyfacts,Latest valid filing available as of 2026-08-05; configured source-tag priority breaks valid same-filing ties.
snbr,SNBR,0000827187-26-000014,10-K,2026-03-12,2023-01-01,2023-12-30,2023,FY,363.0,revenue,us-gaap,RevenueFromContractWithCustomerExcludingAssessedTax,1887482000.0,1887.482,USD_millions,flow,1,https://www.sec.gov/Archives/edgar/data/827187/000082718726000014/,2026-08-05T17:49:37+00:00,0000827187,USD,2025,CY2023,True,latest_valid_restated_sec_companyfacts,Latest valid filing available as of 2026-08-05; configured source-tag priority breaks valid same-filing ties.
snbr,SNBR,0000827187-25-000018,10-K,2025-03-07,,2023-12-30,2023,FY,,total_assets,us-gaap,Assets,950880000.0,950.88,USD_millions,stock,1,https://www.sec.gov/Archives/edgar/data/827187/000082718725000018/,2026-08-05T17:49:37+00:00,0000827187,USD,2024,CY2023Q4I,True,latest_valid_restated_sec_companyfacts,Latest valid filing available as of 2026-08-05; configured source-tag priority breaks valid same-filing ties.
snbr,SNBR,0000827187-26-000014,10-K,2026-03-12,,2023-12-30,2023,FY,,total_equity,us-gaap,StockholdersEquity,-441928000.0,-441.928,USD_millions,stock,1,https://www.sec.gov/Archives/edgar/data/827187/000082718726000014/,2026-08-05T17:49:37+00:00,0000827187,USD,2025,CY2023Q4I,True,latest_valid_restated_sec_companyfacts,Latest valid filing available as of 2026-08-05; configured source-tag priority breaks valid same-filing ties.
snbr,SNBR,0000827187-25-000018,10-K,2025-03-07,,2023-12-30,2023,FY,,total_liabilities,us-gaap,Liabilities,1392808000.0,1392.808,USD_millions,stock,1,https://www.sec.gov/Archives/edgar/data/827187/000082718725000018/,2026-08-05T17:49:37+00:00,0000827187,USD,2024,CY2023Q4I,True,latest_valid_restated_sec_companyfacts,Latest valid filing available as of 2026-08-05; configured source-tag priority breaks valid same-filing ties.
snbr,SNBR,0000827187-26-000014,10-K,2026-03-12,2023-12-31,2024-12-28,2024,FY,363.0,capital_expenditure,us-gaap,PaymentsToAcquirePropertyPlantAndEquipment,23505000.0,23.505,USD_millions,flow,1,https://www.sec.gov/Archives/edgar/data/827187/000082718726000014/,2026-08-05T17:49:37+00:00,0000827187,USD,2025,CY2024,True,latest_valid_restated_sec_companyfacts,Latest valid filing available as of 2026-08-05; configured source-tag priority breaks valid same-filing ties.
snbr,SNBR,0000827187-26-000014,10-K,2026-03-12,,2024-12-28,2024,FY,,cash_and_equivalents,us-gaap,CashAndCashEquivalentsAtCarryingValue,1950000.0,1.95,USD_millions,stock,1,https://www.sec.gov/Archives/edgar/data/827187/000082718726000014/,2026-08-05T17:49:37+00:00,0000827187,USD,2025,CY2024Q4I,True,latest_valid_restated_sec_companyfacts,Latest valid filing available as of 2026-08-05; configured source-tag priority breaks valid same-filing ties.
snbr,SNBR,0000827187-26-000014,10-K,2026-03-12,,2024-12-28,2024,FY,,current_assets,us-gaap,AssetsCurrent,181284000.0,181.284,USD_millions,stock,1,https://www.sec.gov/Archives/edgar/data/827187/000082718726000014/,2026-08-05T17:49:37+00:00,0000827187,USD,2025,CY2024Q4I,True,latest_valid_restated_sec_companyfacts,Latest valid filing available as of 2026-08-05; configured source-tag priority breaks valid same-filing ties.
snbr,SNBR,0000827187-26-000014,10-K,2026-03-12,,2024-12-28,2024,FY,,current_liabilities,us-gaap,LiabilitiesCurrent,908012000.0,908.012,USD_millions,stock,1,https://www.sec.gov/Archives/edgar/data/827187/000082718726000014/,2026-08-05T17:49:37+00:00,0000827187,USD,2025,CY2024Q4I,True,latest_valid_restated_sec_companyfacts,Latest valid filing available as of 2026-08-05; configured source-tag priority breaks valid same-filing ties.
snbr,SNBR,0000827187-26-000014,10-K,2026-03-12,2023-12-31,2024-12-28,2024,FY,363.0,free_cash_flow,project,derived:OperatingCashFlow-CapitalExpenditure,,3.6380000000000017,USD,flow,0,https://www.sec.gov/Archives/edgar/data/827187/000082718726000014/,2026-08-05T17:49:37+00:00,0000827187,USD,2025,CY2024,True,derived_from_latest_valid_components,Operating cash flow minus positive CapEx outflow.
snbr,SNBR,0000827187-26-000014,10-K,2026-03-12,,2024-12-28,2024,FY,,inventory,us-gaap,InventoryNet,103152000.0,103.152,USD_millions,stock,1,https://www.sec.gov/Archives/edgar/data/827187/000082718726000014/,2026-08-05T17:49:37+00:00,0000827187,USD,2025,CY2024Q4I,True,latest_valid_restated_sec_companyfacts,Latest valid filing available as of 2026-08-05; configured source-tag priority breaks valid same-filing ties.
snbr,SNBR,0000827187-26-000014,10-K,2026-03-12,2023-12-31,2024-12-28,2024,FY,363.0,net_income,us-gaap,NetIncomeLoss,-20334000.0,-20.334,USD_millions,flow,1,https://www.sec.gov/Archives/edgar/data/827187/000082718726000014/,2026-08-05T17:49:37+00:00,0000827187,USD,2025,CY2024,True,latest_valid_restated_sec_companyfacts,Latest valid filing available as of 2026-08-05; configured source-tag priority breaks valid same-filing ties.
snbr,SNBR,0000827187-26-000014,10-K,2026-03-12,2023-12-31,2024-12-28,2024,FY,363.0,operating_cash_flow,us-gaap,NetCashProvidedByUsedInOperatingActivities,27143000.0,27.143,USD_millions,flow,1,https://www.sec.gov/Archives/edgar/data/827187/000082718726000014/,2026-08-05T17:49:37+00:00,0000827187,USD,2025,CY2024,True,latest_valid_restated_sec_companyfacts,Latest valid filing available as of 2026-08-05; configured source-tag priority breaks valid same-filing ties.
snbr,SNBR,0000827187-26-000014,10-K,2026-03-12,2023-12-31,2024-12-28,2024,FY,363.0,operating_income,us-gaap,OperatingIncomeLoss,22872000.0,22.872,USD_millions,flow,1,https://www.sec.gov/Archives/edgar/data/827187/000082718726000014/,2026-08-05T17:49:37+00:00,0000827187,USD,2025,CY2024,True,latest_valid_restated_sec_companyfacts,Latest valid filing available as of 2026-08-05; configured source-tag priority breaks valid same-filing ties.
snbr,SNBR,0000827187-26-000014,10-K,2026-03-12,2023-12-31,2024-12-28,2024,FY,363.0,revenue,us-gaap,RevenueFromContractWithCustomerExcludingAssessedTax,1682296000.0,1682.296,USD_millions,flow,1,https://www.sec.gov/Archives/edgar/data/827187/000082718726000014/,2026-08-05T17:49:37+00:00,0000827187,USD,2025,CY2024,True,latest_valid_restated_sec_companyfacts,Latest valid filing available as of 2026-08-05; configured source-tag priority breaks valid same-filing ties.
snbr,SNBR,0000827187-26-000014,10-K,2026-03-12,,2024-12-28,2024,FY,,total_assets,us-gaap,Assets,860810000.0,860.81,USD_millions,stock,1,https://www.sec.gov/Archives/edgar/data/827187/000082718726000014/,2026-08-05T17:49:37+00:00,0000827187,USD,2025,CY2024Q4I,True,latest_valid_restated_sec_companyfacts,Latest valid filing available as of 2026-08-05; configured source-tag priority breaks valid same-filing ties.
snbr,SNBR,0000827187-26-000014,10-K,2026-03-12,,2024-12-28,2024,FY,,total_equity,us-gaap,StockholdersEquity,-451586000.0,-451.586,USD_millions,stock,1,https://www.sec.gov/Archives/edgar/data/827187/000082718726000014/,2026-08-05T17:49:37+00:00,0000827187,USD,2025,,True,latest_valid_restated_sec_companyfacts,Latest valid filing available as of 2026-08-05; configured source-tag priority breaks valid same-filing ties.
snbr,SNBR,0000827187-26-000014,10-K,2026-03-12,,2024-12-28,2024,FY,,total_liabilities,us-gaap,Liabilities,1312396000.0,1312.396,USD_millions,stock,1,https://www.sec.gov/Archives/edgar/data/827187/000082718726000014/,2026-08-05T17:49:37+00:00,0000827187,USD,2025,CY2024Q4I,True,latest_valid_restated_sec_companyfacts,Latest valid filing available as of 2026-08-05; configured source-tag priority breaks valid same-filing ties.
vrm,VRM,0001564590-21-010584,10-K,2021-03-03,2018-01-01,2018-12-31,2018,FY,364.0,capital_expenditure,us-gaap,PaymentsToAcquirePropertyPlantAndEquipment,2062000.0,2.062,USD_millions,flow,1,https://www.sec.gov/Archives/edgar/data/1580864/000156459021010584/,2026-08-05T17:49:37+00:00,0001580864,USD,2020,CY2018,True,latest_valid_restated_sec_companyfacts,Latest valid filing available as of 2026-08-05; configured source-tag priority breaks valid same-filing ties.
vrm,VRM,0001564590-21-010584,10-K,2021-03-03,2018-01-01,2018-12-31,2018,FY,364.0,free_cash_flow,project,derived:OperatingCashFlow-CapitalExpenditure,,-66.973,USD,flow,0,https://www.sec.gov/Archives/edgar/data/1580864/000156459021010584/,2026-08-05T17:49:37+00:00,0001580864,USD,2020,CY2018,True,derived_from_latest_valid_components,Operating cash flow minus positive CapEx outflow.
vrm,VRM,0001564590-21-010584,10-K,2021-03-03,2018-01-01,2018-12-31,2018,FY,364.0,net_income,us-gaap,NetIncomeLoss,-85178000.0,-85.178,USD_millions,flow,1,https://www.sec.gov/Archives/edgar/data/1580864/000156459021010584/,2026-08-05T17:49:37+00:00,0001580864,USD,2020,CY2018,True,latest_valid_restated_sec_companyfacts,Latest valid filing available as of 2026-08-05; configured source-tag priority breaks valid same-filing ties.
vrm,VRM,0001564590-21-010584,10-K,2021-03-03,2018-01-01,2018-12-31,2018,FY,364.0,operating_cash_flow,us-gaap,NetCashProvidedByUsedInOperatingActivities,-64911000.0,-64.911,USD_millions,flow,1,https://www.sec.gov/Archives/edgar/data/1580864/000156459021010584/,2026-08-05T17:49:37+00:00,0001580864,USD,2020,CY2018,True,latest_valid_restated_sec_companyfacts,Latest valid filing available as of 2026-08-05; configured source-tag priority breaks valid same-filing ties.
vrm,VRM,0001564590-21-010584,10-K,2021-03-03,2018-01-01,2018-12-31,2018,FY,364.0,operating_income,us-gaap,OperatingIncomeLoss,-79892000.0,-79.892,USD_millions,flow,1,https://www.sec.gov/Archives/edgar/data/1580864/000156459021010584/,2026-08-05T17:49:37+00:00,0001580864,USD,2020,CY2018,True,latest_valid_restated_sec_companyfacts,Latest valid filing available as of 2026-08-05; configured source-tag priority breaks valid same-filing ties.
vrm,VRM,0001564590-21-010584,10-K,2021-03-03,2018-01-01,2018-12-31,2018,FY,364.0,revenue,us-gaap,RevenueFromContractWithCustomerExcludingAssessedTax,855429000.0,855.429,USD_millions,flow,1,https://www.sec.gov/Archives/edgar/data/1580864/000156459021010584/,2026-08-05T17:49:37+00:00,0001580864,USD,2020,CY2018,True,latest_valid_restated_sec_companyfacts,Latest valid filing available as of 2026-08-05; configured source-tag priority breaks valid same-filing ties.
vrm,VRM,0000950170-22-002352,10-K,2022-03-01,,2018-12-31,2018,FY,,total_equity,us-gaap,StockholdersEquity,-296866000.0,-296.866,USD_millions,stock,1,https://www.sec.gov/Archives/edgar/data/1580864/000095017022002352/,2026-08-05T17:49:37+00:00,0001580864,USD,2021,CY2018Q4I,True,latest_valid_restated_sec_companyfacts,Latest valid filing available as of 2026-08-05; configured source-tag priority breaks valid same-filing ties.
vrm,VRM,0000950170-22-002352,10-K,2022-03-01,2019-01-01,2019-12-31,2019,FY,364.0,capital_expenditure,us-gaap,PaymentsToAcquirePropertyPlantAndEquipment,3528000.0,3.528,USD_millions,flow,1,https://www.sec.gov/Archives/edgar/data/1580864/000095017022002352/,2026-08-05T17:49:37+00:00,0001580864,USD,2021,CY2019,True,latest_valid_restated_sec_companyfacts,Latest valid filing available as of 2026-08-05; configured source-tag priority breaks valid same-filing ties.
vrm,VRM,0001564590-21-010584,10-K,2021-03-03,,2019-12-31,2019,FY,,cash_and_equivalents,us-gaap,CashAndCashEquivalentsAtCarryingValue,217734000.0,217.734,USD_millions,stock,1,https://www.sec.gov/Archives/edgar/data/1580864/000156459021010584/,2026-08-05T17:49:37+00:00,0001580864,USD,2020,CY2019Q4I,True,latest_valid_restated_sec_companyfacts,Latest valid filing available as of 2026-08-05; configured source-tag priority breaks valid same-filing ties.
vrm,VRM,0001564590-21-010584,10-K,2021-03-03,,2019-12-31,2019,FY,,current_assets,us-gaap,AssetsCurrent,465330000.0,465.33,USD_millions,stock,1,https://www.sec.gov/Archives/edgar/data/1580864/000156459021010584/,2026-08-05T17:49:37+00:00,0001580864,USD,2020,CY2019Q4I,True,latest_valid_restated_sec_companyfacts,Latest valid filing available as of 2026-08-05; configured source-tag priority breaks valid same-filing ties.
vrm,VRM,0001564590-21-010584,10-K,2021-03-03,,2019-12-31,2019,FY,,current_liabilities,us-gaap,LiabilitiesCurrent,259834000.0,259.834,USD_millions,stock,1,https://www.sec.gov/Archives/edgar/data/1580864/000156459021010584/,2026-08-05T17:49:37+00:00,0001580864,USD,2020,CY2019Q4I,True,latest_valid_restated_sec_companyfacts,Latest valid filing available as of 2026-08-05; configured source-tag priority breaks valid same-filing ties.
vrm,VRM,0000950170-22-002352,10-K,2022-03-01,2019-01-01,2019-12-31,2019,FY,364.0,free_cash_flow,project,derived:OperatingCashFlow-CapitalExpenditure,,-219.164,USD,flow,0,https://www.sec.gov/Archives/edgar/data/1580864/000095017022002352/,2026-08-05T17:49:37+00:00,0001580864,USD,2021,CY2019,True,derived_from_latest_valid_components,Operating cash flow minus positive CapEx outflow.
vrm,VRM,0001564590-21-010584,10-K,2021-03-03,,2019-12-31,2019,FY,,inventory,us-gaap,InventoryNet,205746000.0,205.746,USD_millions,stock,1,https://www.sec.gov/Archives/edgar/data/1580864/000156459021010584/,2026-08-05T17:49:37+00:00,0001580864,USD,2020,CY2019Q4I,True,latest_valid_restated_sec_companyfacts,Latest valid filing available as of 2026-08-05; configured source-tag priority breaks valid same-filing ties.
vrm,VRM,0000950170-22-002352,10-K,2022-03-01,2019-01-01,2019-12-31,2019,FY,364.0,net_income,us-gaap,NetIncomeLoss,-142978000.0,-142.978,USD_millions,flow,1,https://www.sec.gov/Archives/edgar/data/1580864/000095017022002352/,2026-08-05T17:49:37+00:00,0001580864,USD,2021,CY2019,True,latest_valid_restated_sec_companyfacts,Latest valid filing available as of 2026-08-05; configured source-tag priority breaks valid same-filing ties.
vrm,VRM,0000950170-22-002352,10-K,2022-03-01,2019-01-01,2019-12-31,2019,FY,364.0,operating_cash_flow,us-gaap,NetCashProvidedByUsedInOperatingActivities,-215636000.0,-215.636,USD_millions,flow,1,https://www.sec.gov/Archives/edgar/data/1580864/000095017022002352/,2026-08-05T17:49:37+00:00,0001580864,USD,2021,CY2019,True,latest_valid_restated_sec_companyfacts,Latest valid filing available as of 2026-08-05; configured source-tag priority breaks valid same-filing ties.
vrm,VRM,0000950170-22-002352,10-K,2022-03-01,2019-01-01,2019-12-31,2019,FY,364.0,operating_income,us-gaap,OperatingIncomeLoss,-133148000.0,-133.148,USD_millions,flow,1,https://www.sec.gov/Archives/edgar/data/1580864/000095017022002352/,2026-08-05T17:49:37+00:00,0001580864,USD,2021,CY2019,True,latest_valid_restated_sec_companyfacts,Latest valid filing available as of 2026-08-05; configured source-tag priority breaks valid same-filing ties.
vrm,VRM,0000950170-22-002352,10-K,2022-03-01,2019-01-01,2019-12-31,2019,FY,364.0,revenue,us-gaap,RevenueFromContractWithCustomerExcludingAssessedTax,1191821000.0,1191.821,USD_millions,flow,1,https://www.sec.gov/Archives/edgar/data/1580864/000095017022002352/,2026-08-05T17:49:37+00:00,0001580864,USD,2021,CY2019,True,latest_valid_restated_sec_companyfacts,Latest valid filing available as of 2026-08-05; configured source-tag priority breaks valid same-filing ties.
vrm,VRM,0001564590-21-010584,10-K,2021-03-03,,2019-12-31,2019,FY,,total_assets,us-gaap,Assets,563387000.0,563.387,USD_millions,stock,1,https://www.sec.gov/Archives/edgar/data/1580864/000156459021010584/,2026-08-05T17:49:37+00:00,0001580864,USD,2020,CY2019Q4I,True,latest_valid_restated_sec_companyfacts,Latest valid filing available as of 2026-08-05; configured source-tag priority breaks valid same-filing ties.
vrm,VRM,0000950170-23-005820,10-K,2023-03-02,,2019-12-31,2019,FY,,total_equity,us-gaap,StockholdersEquity,-573852000.0,-573.852,USD_millions,stock,1,https://www.sec.gov/Archives/edgar/data/1580864/000095017023005820/,2026-08-05T17:49:37+00:00,0001580864,USD,2022,CY2019Q4I,True,latest_valid_restated_sec_companyfacts,Latest valid filing available as of 2026-08-05; configured source-tag priority breaks valid same-filing ties.
vrm,VRM,0001564590-21-010584,10-K,2021-03-03,,2019-12-31,2019,FY,,total_liabilities,us-gaap,Liabilities,262907000.0,262.907,USD_millions,stock,1,https://www.sec.gov/Archives/edgar/data/1580864/000156459021010584/,2026-08-05T17:49:37+00:00,0001580864,USD,2020,CY2019Q4I,True,latest_valid_restated_sec_companyfacts,Latest valid filing available as of 2026-08-05; configured source-tag priority breaks valid same-filing ties.
vrm,VRM,0000950170-23-005820,10-K,2023-03-02,2020-01-01,2020-12-31,2020,FY,365.0,capital_expenditure,us-gaap,PaymentsToAcquirePropertyPlantAndEquipment,11329000.0,11.329,USD_millions,flow,1,https://www.sec.gov/Archives/edgar/data/1580864/000095017023005820/,2026-08-05T17:49:37+00:00,0001580864,USD,2022,CY2020,True,latest_valid_restated_sec_companyfacts,Latest valid filing available as of 2026-08-05; configured source-tag priority breaks valid same-filing ties.
vrm,VRM,0000950170-22-002352,10-K,2022-03-01,,2020-12-31,2020,FY,,cash_and_equivalents,us-gaap,CashAndCashEquivalentsAtCarryingValue,1056213000.0,1056.213,USD_millions,stock,1,https://www.sec.gov/Archives/edgar/data/1580864/000095017022002352/,2026-08-05T17:49:37+00:00,0001580864,USD,2021,CY2020Q4I,True,latest_valid_restated_sec_companyfacts,Latest valid filing available as of 2026-08-05; configured source-tag priority breaks valid same-filing ties.
vrm,VRM,0000950170-22-002352,10-K,2022-03-01,,2020-12-31,2020,FY,,current_assets,us-gaap,AssetsCurrent,1597879000.0,1597.879,USD_millions,stock,1,https://www.sec.gov/Archives/edgar/data/1580864/000095017022002352/,2026-08-05T17:49:37+00:00,0001580864,USD,2021,CY2020Q4I,True,latest_valid_restated_sec_companyfacts,Latest valid filing available as of 2026-08-05; configured source-tag priority breaks valid same-filing ties.
vrm,VRM,0000950170-22-002352,10-K,2022-03-01,,2020-12-31,2020,FY,,current_liabilities,us-gaap,LiabilitiesCurrent,482710000.0,482.71,USD_millions,stock,1,https://www.sec.gov/Archives/edgar/data/1580864/000095017022002352/,2026-08-05T17:49:37+00:00,0001580864,USD,2021,CY2020Q4I,True,latest_valid_restated_sec_companyfacts,Latest valid filing available as of 2026-08-05; configured source-tag priority breaks valid same-filing ties.
vrm,VRM,0000950170-23-005820,10-K,2023-03-02,2020-01-01,2020-12-31,2020,FY,365.0,free_cash_flow,project,derived:OperatingCashFlow-CapitalExpenditure,,-366.583,USD,flow,0,https://www.sec.gov/Archives/edgar/data/1580864/000095017023005820/,2026-08-05T17:49:37+00:00,0001580864,USD,2022,CY2020,True,derived_from_latest_valid_components,Operating cash flow minus positive CapEx outflow.
vrm,VRM,0000950170-22-002352,10-K,2022-03-01,,2020-12-31,2020,FY,,inventory,us-gaap,InventoryNet,423647000.0,423.647,USD_millions,stock,1,https://www.sec.gov/Archives/edgar/data/1580864/000095017022002352/,2026-08-05T17:49:37+00:00,0001580864,USD,2021,CY2020Q4I,True,latest_valid_restated_sec_companyfacts,Latest valid filing available as of 2026-08-05; configured source-tag priority breaks valid same-filing ties.
vrm,VRM,0000950170-23-005820,10-K,2023-03-02,2020-01-01,2020-12-31,2020,FY,365.0,net_income,us-gaap,NetIncomeLoss,-202799000.0,-202.799,USD_millions,flow,1,https://www.sec.gov/Archives/edgar/data/1580864/000095017023005820/,2026-08-05T17:49:37+00:00,0001580864,USD,2022,CY2020,True,latest_valid_restated_sec_companyfacts,Latest valid filing available as of 2026-08-05; configured source-tag priority breaks valid same-filing ties.
vrm,VRM,0000950170-23-005820,10-K,2023-03-02,2020-01-01,2020-12-31,2020,FY,365.0,operating_cash_flow,us-gaap,NetCashProvidedByUsedInOperatingActivities,-355254000.0,-355.254,USD_millions,flow,1,https://www.sec.gov/Archives/edgar/data/1580864/000095017023005820/,2026-08-05T17:49:37+00:00,0001580864,USD,2022,CY2020,True,latest_valid_restated_sec_companyfacts,Latest valid filing available as of 2026-08-05; configured source-tag priority breaks valid same-filing ties.
vrm,VRM,0000950170-23-005820,10-K,2023-03-02,2020-01-01,2020-12-31,2020,FY,365.0,operating_income,us-gaap,OperatingIncomeLoss,-178599000.0,-178.599,USD_millions,flow,1,https://www.sec.gov/Archives/edgar/data/1580864/000095017023005820/,2026-08-05T17:49:37+00:00,0001580864,USD,2022,CY2020,True,latest_valid_restated_sec_companyfacts,Latest valid filing available as of 2026-08-05; configured source-tag priority breaks valid same-filing ties.
vrm,VRM,0000950170-23-005820,10-K,2023-03-02,2020-01-01,2020-12-31,2020,FY,365.0,revenue,us-gaap,RevenueFromContractWithCustomerExcludingAssessedTax,1357700000.0,1357.7,USD_millions,flow,1,https://www.sec.gov/Archives/edgar/data/1580864/000095017023005820/,2026-08-05T17:49:37+00:00,0001580864,USD,2022,CY2020,True,latest_valid_restated_sec_companyfacts,Latest valid filing available as of 2026-08-05; configured source-tag priority breaks valid same-filing ties.
vrm,VRM,0000950170-22-002352,10-K,2022-03-01,,2020-12-31,2020,FY,,total_assets,us-gaap,Assets,1724056000.0,1724.056,USD_millions,stock,1,https://www.sec.gov/Archives/edgar/data/1580864/000095017022002352/,2026-08-05T17:49:37+00:00,0001580864,USD,2021,CY2020Q4I,True,latest_valid_restated_sec_companyfacts,Latest valid filing available as of 2026-08-05; configured source-tag priority breaks valid same-filing ties.
vrm,VRM,0000950170-23-005820,10-K,2023-03-02,,2020-12-31,2020,FY,,total_equity,us-gaap,StockholdersEquity,1227102000.0,1227.102,USD_millions,stock,1,https://www.sec.gov/Archives/edgar/data/1580864/000095017023005820/,2026-08-05T17:49:37+00:00,0001580864,USD,2022,CY2020Q4I,True,latest_valid_restated_sec_companyfacts,Latest valid filing available as of 2026-08-05; configured source-tag priority breaks valid same-filing ties.
vrm,VRM,0000950170-22-002352,10-K,2022-03-01,,2020-12-31,2020,FY,,total_liabilities,us-gaap,Liabilities,496954000.0,496.954,USD_millions,stock,1,https://www.sec.gov/Archives/edgar/data/1580864/000095017022002352/,2026-08-05T17:49:37+00:00,0001580864,USD,2021,CY2020Q4I,True,latest_valid_restated_sec_companyfacts,Latest valid filing available as of 2026-08-05; configured source-tag priority breaks valid same-filing ties.
vrm,VRM,0000950170-23-005820,10-K,2023-03-02,2021-01-01,2021-12-31,2021,FY,364.0,capital_expenditure,us-gaap,PaymentsToAcquirePropertyPlantAndEquipment,28413000.0,28.413,USD_millions,flow,1,https://www.sec.gov/Archives/edgar/data/1580864/000095017023005820/,2026-08-05T17:49:37+00:00,0001580864,USD,2022,CY2021,True,latest_valid_restated_sec_companyfacts,Latest valid filing available as of 2026-08-05; configured source-tag priority breaks valid same-filing ties.
vrm,VRM,0000950170-23-005820,10-K,2023-03-02,,2021-12-31,2021,FY,,cash_and_equivalents,us-gaap,CashAndCashEquivalentsAtCarryingValue,1132325000.0,1132.325,USD_millions,stock,1,https://www.sec.gov/Archives/edgar/data/1580864/000095017023005820/,2026-08-05T17:49:37+00:00,0001580864,USD,2022,CY2021Q4I,True,latest_valid_restated_sec_companyfacts,Latest valid filing available as of 2026-08-05; configured source-tag priority breaks valid same-filing ties.
vrm,VRM,0000950170-23-005820,10-K,2023-03-02,,2021-12-31,2021,FY,,current_assets,us-gaap,AssetsCurrent,2102292000.0,2102.292,USD_millions,stock,1,https://www.sec.gov/Archives/edgar/data/1580864/000095017023005820/,2026-08-05T17:49:37+00:00,0001580864,USD,2022,CY2021Q4I,True,latest_valid_restated_sec_companyfacts,Latest valid filing available as of 2026-08-05; configured source-tag priority breaks valid same-filing ties.
vrm,VRM,0000950170-23-005820,10-K,2023-03-02,,2021-12-31,2021,FY,,current_liabilities,us-gaap,LiabilitiesCurrent,827256000.0,827.256,USD_millions,stock,1,https://www.sec.gov/Archives/edgar/data/1580864/000095017023005820/,2026-08-05T17:49:37+00:00,0001580864,USD,2022,CY2021Q4I,True,latest_valid_restated_sec_companyfacts,Latest valid filing available as of 2026-08-05; configured source-tag priority breaks valid same-filing ties.
vrm,VRM,0000950170-23-005820,10-K,2023-03-02,2021-01-01,2021-12-31,2021,FY,364.0,free_cash_flow,project,derived:OperatingCashFlow-CapitalExpenditure,,-597.101,USD,flow,0,https://www.sec.gov/Archives/edgar/data/1580864/000095017023005820/,2026-08-05T17:49:37+00:00,0001580864,USD,2022,CY2021,True,derived_from_latest_valid_components,Operating cash flow minus positive CapEx outflow.
vrm,VRM,0000950170-23-005820,10-K,2023-03-02,,2021-12-31,2021,FY,,inventory,us-gaap,InventoryNet,726384000.0,726.384,USD_millions,stock,1,https://www.sec.gov/Archives/edgar/data/1580864/000095017023005820/,2026-08-05T17:49:37+00:00,0001580864,USD,2022,CY2021Q4I,True,latest_valid_restated_sec_companyfacts,Latest valid filing available as of 2026-08-05; configured source-tag priority breaks valid same-filing ties.
vrm,VRM,0000950170-23-005820,10-K,2023-03-02,2021-01-01,2021-12-31,2021,FY,364.0,net_income,us-gaap,NetIncomeLoss,-370911000.0,-370.911,USD_millions,flow,1,https://www.sec.gov/Archives/edgar/data/1580864/000095017023005820/,2026-08-05T17:49:37+00:00,0001580864,USD,2022,CY2021,True,latest_valid_restated_sec_companyfacts,Latest valid filing available as of 2026-08-05; configured source-tag priority breaks valid same-filing ties.
vrm,VRM,0000950170-23-005820,10-K,2023-03-02,2021-01-01,2021-12-31,2021,FY,364.0,operating_cash_flow,us-gaap,NetCashProvidedByUsedInOperatingActivities,-568688000.0,-568.688,USD_millions,flow,1,https://www.sec.gov/Archives/edgar/data/1580864/000095017023005820/,2026-08-05T17:49:37+00:00,0001580864,USD,2022,CY2021,True,latest_valid_restated_sec_companyfacts,Latest valid filing available as of 2026-08-05; configured source-tag priority breaks valid same-filing ties.
vrm,VRM,0000950170-23-005820,10-K,2023-03-02,2021-01-01,2021-12-31,2021,FY,364.0,operating_income,us-gaap,OperatingIncomeLoss,-358615000.0,-358.615,USD_millions,flow,1,https://www.sec.gov/Archives/edgar/data/1580864/000095017023005820/,2026-08-05T17:49:37+00:00,0001580864,USD,2022,CY2021,True,latest_valid_restated_sec_companyfacts,Latest valid filing available as of 2026-08-05; configured source-tag priority breaks valid same-filing ties.
vrm,VRM,0000950170-23-005820,10-K,2023-03-02,2021-01-01,2021-12-31,2021,FY,364.0,revenue,us-gaap,RevenueFromContractWithCustomerExcludingAssessedTax,3184255000.0,3184.255,USD_millions,flow,1,https://www.sec.gov/Archives/edgar/data/1580864/000095017023005820/,2026-08-05T17:49:37+00:00,0001580864,USD,2022,CY2021,True,latest_valid_restated_sec_companyfacts,Latest valid filing available as of 2026-08-05; configured source-tag priority breaks valid same-filing ties.
vrm,VRM,0000950170-23-005820,10-K,2023-03-02,,2021-12-31,2021,FY,,total_assets,us-gaap,Assets,2366750000.0,2366.75,USD_millions,stock,1,https://www.sec.gov/Archives/edgar/data/1580864/000095017023005820/,2026-08-05T17:49:37+00:00,0001580864,USD,2022,CY2021Q4I,True,latest_valid_restated_sec_companyfacts,Latest valid filing available as of 2026-08-05; configured source-tag priority breaks valid same-filing ties.
vrm,VRM,0000950170-23-005820,10-K,2023-03-02,,2021-12-31,2021,FY,,total_debt,us-gaap,LongTermDebtAndCapitalLeaseObligations,610618000.0,610.618,USD_millions,stock,3,https://www.sec.gov/Archives/edgar/data/1580864/000095017023005820/,2026-08-05T17:49:37+00:00,0001580864,USD,2022,CY2021Q4I,True,latest_valid_restated_sec_companyfacts,Latest valid filing available as of 2026-08-05; configured source-tag priority breaks valid same-filing ties.
vrm,VRM,0000950170-24-030760,10-K,2024-03-13,,2021-12-31,2021,FY,,total_equity,us-gaap,StockholdersEquity,915194000.0,915.194,USD_millions,stock,1,https://www.sec.gov/Archives/edgar/data/1580864/000095017024030760/,2026-08-05T17:49:37+00:00,0001580864,USD,2023,CY2021Q4I,True,latest_valid_restated_sec_companyfacts,Latest valid filing available as of 2026-08-05; configured source-tag priority breaks valid same-filing ties.
vrm,VRM,0000950170-23-005820,10-K,2023-03-02,,2021-12-31,2021,FY,,total_liabilities,us-gaap,Liabilities,1451556000.0,1451.556,USD_millions,stock,1,https://www.sec.gov/Archives/edgar/data/1580864/000095017023005820/,2026-08-05T17:49:37+00:00,0001580864,USD,2022,CY2021Q4I,True,latest_valid_restated_sec_companyfacts,Latest valid filing available as of 2026-08-05; configured source-tag priority breaks valid same-filing ties.
vrm,VRM,0000950170-24-030760,10-K,2024-03-13,2022-01-01,2022-12-31,2022,FY,364.0,capital_expenditure,us-gaap,PaymentsToAcquirePropertyPlantAndEquipment,24234000.0,24.234,USD_millions,flow,1,https://www.sec.gov/Archives/edgar/data/1580864/000095017024030760/,2026-08-05T17:49:37+00:00,0001580864,USD,2023,CY2022,True,latest_valid_restated_sec_companyfacts,Latest valid filing available as of 2026-08-05; configured source-tag priority breaks valid same-filing ties.
vrm,VRM,0000950170-24-030760,10-K,2024-03-13,,2022-12-31,2022,FY,,cash_and_equivalents,us-gaap,CashAndCashEquivalentsAtCarryingValue,398915000.0,398.915,USD_millions,stock,1,https://www.sec.gov/Archives/edgar/data/1580864/000095017024030760/,2026-08-05T17:49:37+00:00,0001580864,USD,2023,,True,latest_valid_restated_sec_companyfacts,Latest valid filing available as of 2026-08-05; configured source-tag priority breaks valid same-filing ties.
vrm,VRM,0000950170-24-030760,10-K,2024-03-13,,2022-12-31,2022,FY,,current_assets,us-gaap,AssetsCurrent,1220109000.0,1220.109,USD_millions,stock,1,https://www.sec.gov/Archives/edgar/data/1580864/000095017024030760/,2026-08-05T17:49:37+00:00,0001580864,USD,2023,,True,latest_valid_restated_sec_companyfacts,Latest valid filing available as of 2026-08-05; configured source-tag priority breaks valid same-filing ties.
vrm,VRM,0000950170-24-030760,10-K,2024-03-13,,2022-12-31,2022,FY,,current_liabilities,us-gaap,LiabilitiesCurrent,703320000.0,703.32,USD_millions,stock,1,https://www.sec.gov/Archives/edgar/data/1580864/000095017024030760/,2026-08-05T17:49:37+00:00,0001580864,USD,2023,,True,latest_valid_restated_sec_companyfacts,Latest valid filing available as of 2026-08-05; configured source-tag priority breaks valid same-filing ties.
vrm,VRM,0000950170-24-030760,10-K,2024-03-13,2022-01-01,2022-12-31,2022,FY,364.0,free_cash_flow,project,derived:OperatingCashFlow-CapitalExpenditure,,-133.299,USD,flow,0,https://www.sec.gov/Archives/edgar/data/1580864/000095017024030760/,2026-08-05T17:49:37+00:00,0001580864,USD,2023,CY2022,True,derived_from_latest_valid_components,Operating cash flow minus positive CapEx outflow.
vrm,VRM,0000950170-24-030760,10-K,2024-03-13,,2022-12-31,2022,FY,,inventory,us-gaap,InventoryNet,320648000.0,320.648,USD_millions,stock,1,https://www.sec.gov/Archives/edgar/data/1580864/000095017024030760/,2026-08-05T17:49:37+00:00,0001580864,USD,2023,CY2022Q4I,True,latest_valid_restated_sec_companyfacts,Latest valid filing available as of 2026-08-05; configured source-tag priority breaks valid same-filing ties.
vrm,VRM,0000950170-24-030760,10-K,2024-03-13,2022-01-01,2022-12-31,2022,FY,364.0,net_income,us-gaap,NetIncomeLoss,-451910000.0,-451.91,USD_millions,flow,1,https://www.sec.gov/Archives/edgar/data/1580864/000095017024030760/,2026-08-05T17:49:37+00:00,0001580864,USD,2023,,True,latest_valid_restated_sec_companyfacts,Latest valid filing available as of 2026-08-05; configured source-tag priority breaks valid same-filing ties.
vrm,VRM,0000950170-24-030760,10-K,2024-03-13,2022-01-01,2022-12-31,2022,FY,364.0,operating_cash_flow,us-gaap,NetCashProvidedByUsedInOperatingActivities,-109065000.0,-109.065,USD_millions,flow,1,https://www.sec.gov/Archives/edgar/data/1580864/000095017024030760/,2026-08-05T17:49:37+00:00,0001580864,USD,2023,CY2022,True,latest_valid_restated_sec_companyfacts,Latest valid filing available as of 2026-08-05; configured source-tag priority breaks valid same-filing ties.
vrm,VRM,0000950170-24-030760,10-K,2024-03-13,2022-01-01,2022-12-31,2022,FY,364.0,operating_income,us-gaap,OperatingIncomeLoss,-571763000.0,-571.763,USD_millions,flow,1,https://www.sec.gov/Archives/edgar/data/1580864/000095017024030760/,2026-08-05T17:49:37+00:00,0001580864,USD,2023,CY2022,True,latest_valid_restated_sec_companyfacts,Latest valid filing available as of 2026-08-05; configured source-tag priority breaks valid same-filing ties.
vrm,VRM,0000950170-24-030760,10-K,2024-03-13,2022-01-01,2022-12-31,2022,FY,364.0,revenue,us-gaap,RevenueFromContractWithCustomerExcludingAssessedTax,1948901000.0,1948.901,USD_millions,flow,1,https://www.sec.gov/Archives/edgar/data/1580864/000095017024030760/,2026-08-05T17:49:37+00:00,0001580864,USD,2023,CY2022,True,latest_valid_restated_sec_companyfacts,Latest valid filing available as of 2026-08-05; configured source-tag priority breaks valid same-filing ties.
vrm,VRM,0000950170-24-030760,10-K,2024-03-13,,2022-12-31,2022,FY,,total_assets,us-gaap,Assets,1619027000.0,1619.027,USD_millions,stock,1,https://www.sec.gov/Archives/edgar/data/1580864/000095017024030760/,2026-08-05T17:49:37+00:00,0001580864,USD,2023,,True,latest_valid_restated_sec_companyfacts,Latest valid filing available as of 2026-08-05; configured source-tag priority breaks valid same-filing ties.
vrm,VRM,0000950170-24-030760,10-K,2024-03-13,,2022-12-31,2022,FY,,total_debt,us-gaap,LongTermDebtAndCapitalLeaseObligations,402154000.0,402.154,USD_millions,stock,3,https://www.sec.gov/Archives/edgar/data/1580864/000095017024030760/,2026-08-05T17:49:37+00:00,0001580864,USD,2023,CY2022Q4I,True,latest_valid_restated_sec_companyfacts,Latest valid filing available as of 2026-08-05; configured source-tag priority breaks valid same-filing ties.
vrm,VRM,0000950170-25-037265,10-K,2025-03-11,,2022-12-31,2022,FY,,total_equity,us-gaap,StockholdersEquity,479832000.0,479.832,USD_millions,stock,1,https://www.sec.gov/Archives/edgar/data/1580864/000095017025037265/,2026-08-05T17:49:37+00:00,0001580864,USD,2024,CY2022Q4I,True,latest_valid_restated_sec_companyfacts,Latest valid filing available as of 2026-08-05; configured source-tag priority breaks valid same-filing ties.
vrm,VRM,0000950170-24-030760,10-K,2024-03-13,,2022-12-31,2022,FY,,total_liabilities,us-gaap,Liabilities,1143786000.0,1143.786,USD_millions,stock,1,https://www.sec.gov/Archives/edgar/data/1580864/000095017024030760/,2026-08-05T17:49:37+00:00,0001580864,USD,2023,,True,latest_valid_restated_sec_companyfacts,Latest valid filing available as of 2026-08-05; configured source-tag priority breaks valid same-filing ties.
vrm,VRM,0000950170-25-037265,10-K,2025-03-11,2023-01-01,2023-12-31,2023,FY,364.0,capital_expenditure,us-gaap,PaymentsToAcquirePropertyPlantAndEquipment,2624000.0,2.624,USD_millions,flow,1,https://www.sec.gov/Archives/edgar/data/1580864/000095017025037265/,2026-08-05T17:49:37+00:00,0001580864,USD,2024,CY2023,True,latest_valid_restated_sec_companyfacts,Latest valid filing available as of 2026-08-05; configured source-tag priority breaks valid same-filing ties.
vrm,VRM,0000950170-25-037265,10-K,2025-03-11,,2023-12-31,2023,FY,,cash_and_equivalents,us-gaap,CashAndCashEquivalentsAtCarryingValue,135585000.0,135.585,USD_millions,stock,1,https://www.sec.gov/Archives/edgar/data/1580864/000095017025037265/,2026-08-05T17:49:37+00:00,0001580864,USD,2024,CY2023Q4I,True,latest_valid_restated_sec_companyfacts,Latest valid filing available as of 2026-08-05; configured source-tag priority breaks valid same-filing ties.
vrm,VRM,0000950170-24-030760,10-K,2024-03-13,,2023-12-31,2023,FY,,current_assets,us-gaap,AssetsCurrent,952639000.0,952.639,USD_millions,stock,1,https://www.sec.gov/Archives/edgar/data/1580864/000095017024030760/,2026-08-05T17:49:37+00:00,0001580864,USD,2023,CY2023Q4I,True,latest_valid_restated_sec_companyfacts,Latest valid filing available as of 2026-08-05; configured source-tag priority breaks valid same-filing ties.
vrm,VRM,0000950170-24-030760,10-K,2024-03-13,,2023-12-31,2023,FY,,current_liabilities,us-gaap,LiabilitiesCurrent,856806000.0,856.806,USD_millions,stock,1,https://www.sec.gov/Archives/edgar/data/1580864/000095017024030760/,2026-08-05T17:49:37+00:00,0001580864,USD,2023,CY2023Q4I,True,latest_valid_restated_sec_companyfacts,Latest valid filing available as of 2026-08-05; configured source-tag priority breaks valid same-filing ties.
vrm,VRM,0000950170-25-037265,10-K,2025-03-11,2023-01-01,2023-12-31,2023,FY,364.0,free_cash_flow,project,derived:OperatingCashFlow-CapitalExpenditure,,-536.308,USD,flow,0,https://www.sec.gov/Archives/edgar/data/1580864/000095017025037265/,2026-08-05T17:49:37+00:00,0001580864,USD,2024,CY2023,True,derived_from_latest_valid_components,Operating cash flow minus positive CapEx outflow.
vrm,VRM,0000950170-24-030760,10-K,2024-03-13,,2023-12-31,2023,FY,,inventory,us-gaap,InventoryNet,163250000.0,163.25,USD_millions,stock,1,https://www.sec.gov/Archives/edgar/data/1580864/000095017024030760/,2026-08-05T17:49:37+00:00,0001580864,USD,2023,CY2023Q4I,True,latest_valid_restated_sec_companyfacts,Latest valid filing available as of 2026-08-05; configured source-tag priority breaks valid same-filing ties.
vrm,VRM,0000950170-25-037265,10-K,2025-03-11,2023-01-01,2023-12-31,2023,FY,364.0,net_income,us-gaap,NetIncomeLoss,-364611000.0,-364.611,USD_millions,flow,1,https://www.sec.gov/Archives/edgar/data/1580864/000095017025037265/,2026-08-05T17:49:37+00:00,0001580864,USD,2024,,True,latest_valid_restated_sec_companyfacts,Latest valid filing available as of 2026-08-05; configured source-tag priority breaks valid same-filing ties.
vrm,VRM,0000950170-25-037265,10-K,2025-03-11,2023-01-01,2023-12-31,2023,FY,364.0,operating_cash_flow,us-gaap,NetCashProvidedByUsedInOperatingActivities,-533684000.0,-533.684,USD_millions,flow,1,https://www.sec.gov/Archives/edgar/data/1580864/000095017025037265/,2026-08-05T17:49:37+00:00,0001580864,USD,2024,CY2023,True,latest_valid_restated_sec_companyfacts,Latest valid filing available as of 2026-08-05; configured source-tag priority breaks valid same-filing ties.
vrm,VRM,0000950170-24-030760,10-K,2024-03-13,2023-01-01,2023-12-31,2023,FY,364.0,operating_income,us-gaap,OperatingIncomeLoss,-270227000.0,-270.227,USD_millions,flow,1,https://www.sec.gov/Archives/edgar/data/1580864/000095017024030760/,2026-08-05T17:49:37+00:00,0001580864,USD,2023,,True,latest_valid_restated_sec_companyfacts,Latest valid filing available as of 2026-08-05; configured source-tag priority breaks valid same-filing ties.
vrm,VRM,0000950170-24-030760,10-K,2024-03-13,2023-01-01,2023-12-31,2023,FY,364.0,revenue,us-gaap,RevenueFromContractWithCustomerExcludingAssessedTax,893203000.0,893.203,USD_millions,flow,1,https://www.sec.gov/Archives/edgar/data/1580864/000095017024030760/,2026-08-05T17:49:37+00:00,0001580864,USD,2023,CY2023,True,latest_valid_restated_sec_companyfacts,Latest valid filing available as of 2026-08-05; configured source-tag priority breaks valid same-filing ties.
vrm,VRM,0000950170-25-037265,10-K,2025-03-11,,2023-12-31,2023,FY,,total_assets,us-gaap,Assets,1475422000.0,1475.422,USD_millions,stock,1,https://www.sec.gov/Archives/edgar/data/1580864/000095017025037265/,2026-08-05T17:49:37+00:00,0001580864,USD,2024,CY2023Q4I,True,latest_valid_restated_sec_companyfacts,Latest valid filing available as of 2026-08-05; configured source-tag priority breaks valid same-filing ties.
vrm,VRM,0000950170-24-030760,10-K,2024-03-13,,2023-12-31,2023,FY,,total_debt,us-gaap,LongTermDebtAndCapitalLeaseObligations,454173000.0,454.173,USD_millions,stock,3,https://www.sec.gov/Archives/edgar/data/1580864/000095017024030760/,2026-08-05T17:49:37+00:00,0001580864,USD,2023,CY2023Q4I,True,latest_valid_restated_sec_companyfacts,Latest valid filing available as of 2026-08-05; configured source-tag priority breaks valid same-filing ties.
vrm,VRM,0001193125-26-126253,10-K,2026-03-26,,2023-12-31,2023,FY,,total_equity,us-gaap,StockholdersEquity,127671000.0,127.671,USD_millions,stock,1,https://www.sec.gov/Archives/edgar/data/1580864/000119312526126253/,2026-08-05T17:49:37+00:00,0001580864,USD,2025,CY2023Q4I,True,latest_valid_restated_sec_companyfacts,Latest valid filing available as of 2026-08-05; configured source-tag priority breaks valid same-filing ties.
vrm,VRM,0000950170-25-037265,10-K,2025-03-11,,2023-12-31,2023,FY,,total_liabilities,us-gaap,Liabilities,1347751000.0,1347.751,USD_millions,stock,1,https://www.sec.gov/Archives/edgar/data/1580864/000095017025037265/,2026-08-05T17:49:37+00:00,0001580864,USD,2024,CY2023Q4I,True,latest_valid_restated_sec_companyfacts,Latest valid filing available as of 2026-08-05; configured source-tag priority breaks valid same-filing ties.
vrm,VRM,0001193125-26-126253,10-K,2026-03-26,2024-01-01,2024-12-31,2024,FY,365.0,capital_expenditure,us-gaap,PaymentsToAcquirePropertyPlantAndEquipment,3487000.0,3.487,USD_millions,flow,1,https://www.sec.gov/Archives/edgar/data/1580864/000119312526126253/,2026-08-05T17:49:37+00:00,0001580864,USD,2025,CY2024,True,latest_valid_restated_sec_companyfacts,Latest valid filing available as of 2026-08-05; configured source-tag priority breaks valid same-filing ties.
vrm,VRM,0001193125-26-126253,10-K,2026-03-26,,2024-12-31,2024,FY,,cash_and_equivalents,us-gaap,CashAndCashEquivalentsAtCarryingValue,29343000.0,29.343,USD_millions,stock,1,https://www.sec.gov/Archives/edgar/data/1580864/000119312526126253/,2026-08-05T17:49:37+00:00,0001580864,USD,2025,CY2024Q4I,True,latest_valid_restated_sec_companyfacts,Latest valid filing available as of 2026-08-05; configured source-tag priority breaks valid same-filing ties.
vrm,VRM,0001193125-26-126253,10-K,2026-03-26,2024-01-01,2024-12-31,2024,FY,365.0,free_cash_flow,project,derived:OperatingCashFlow-CapitalExpenditure,,-100.524,USD,flow,0,https://www.sec.gov/Archives/edgar/data/1580864/000119312526126253/,2026-08-05T17:49:37+00:00,0001580864,USD,2025,CY2024,True,derived_from_latest_valid_components,Operating cash flow minus positive CapEx outflow.
vrm,VRM,0001193125-26-126253,10-K,2026-03-26,2024-01-01,2024-12-31,2024,FY,365.0,net_income,us-gaap,NetIncomeLoss,-165124000.0,-165.124,USD_millions,flow,1,https://www.sec.gov/Archives/edgar/data/1580864/000119312526126253/,2026-08-05T17:49:37+00:00,0001580864,USD,2025,,True,latest_valid_restated_sec_companyfacts,Latest valid filing available as of 2026-08-05; configured source-tag priority breaks valid same-filing ties.
vrm,VRM,0001193125-26-126253,10-K,2026-03-26,2024-01-01,2024-12-31,2024,FY,365.0,operating_cash_flow,us-gaap,NetCashProvidedByUsedInOperatingActivities,-97037000.0,-97.037,USD_millions,flow,1,https://www.sec.gov/Archives/edgar/data/1580864/000119312526126253/,2026-08-05T17:49:37+00:00,0001580864,USD,2025,CY2024,True,latest_valid_restated_sec_companyfacts,Latest valid filing available as of 2026-08-05; configured source-tag priority breaks valid same-filing ties.
vrm,VRM,0001193125-26-126253,10-K,2026-03-26,,2024-12-31,2024,FY,,total_assets,us-gaap,Assets,1066696000.0,1066.696,USD_millions,stock,1,https://www.sec.gov/Archives/edgar/data/1580864/000119312526126253/,2026-08-05T17:49:37+00:00,0001580864,USD,2025,CY2024Q4I,True,latest_valid_restated_sec_companyfacts,Latest valid filing available as of 2026-08-05; configured source-tag priority breaks valid same-filing ties.
vrm,VRM,0001193125-26-126253,10-K,2026-03-26,,2024-12-31,2024,FY,,total_equity,us-gaap,StockholdersEquity,-30945000.0,-30.945,USD_millions,stock,1,https://www.sec.gov/Archives/edgar/data/1580864/000119312526126253/,2026-08-05T17:49:37+00:00,0001580864,USD,2025,,True,latest_valid_restated_sec_companyfacts,Latest valid filing available as of 2026-08-05; configured source-tag priority breaks valid same-filing ties.
vrm,VRM,0001193125-26-126253,10-K,2026-03-26,,2024-12-31,2024,FY,,total_liabilities,us-gaap,Liabilities,1097641000.0,1097.641,USD_millions,stock,1,https://www.sec.gov/Archives/edgar/data/1580864/000119312526126253/,2026-08-05T17:49:37+00:00,0001580864,USD,2025,CY2024Q4I,True,latest_valid_restated_sec_companyfacts,Latest valid filing available as of 2026-08-05; configured source-tag priority breaks valid same-filing ties.
w,W,0001616707-20-000025,10-K,2020-02-28,2017-01-01,2017-12-31,2017,FY,364.0,capital_expenditure,us-gaap,PaymentsToAcquirePropertyPlantAndEquipment,100451000.0,100.451,USD_millions,flow,1,https://www.sec.gov/Archives/edgar/data/1616707/000161670720000025/,2026-08-05T17:49:37+00:00,0001616707,USD,2019,CY2017,True,latest_valid_restated_sec_companyfacts,Latest valid filing available as of 2026-08-05; configured source-tag priority breaks valid same-filing ties.
w,W,0001616707-19-000042,10-K,2019-02-25,,2017-12-31,2017,FY,,cash_and_equivalents,us-gaap,CashAndCashEquivalentsAtCarryingValue,558960000.0,558.96,USD_millions,stock,1,https://www.sec.gov/Archives/edgar/data/1616707/000161670719000042/,2026-08-05T17:49:37+00:00,0001616707,USD,2018,CY2017Q4I,True,latest_valid_restated_sec_companyfacts,Latest valid filing available as of 2026-08-05; configured source-tag priority breaks valid same-filing ties.
w,W,0001616707-19-000042,10-K,2019-02-25,,2017-12-31,2017,FY,,current_assets,us-gaap,AssetsCurrent,816820000.0,816.82,USD_millions,stock,1,https://www.sec.gov/Archives/edgar/data/1616707/000161670719000042/,2026-08-05T17:49:37+00:00,0001616707,USD,2018,CY2017Q4I,True,latest_valid_restated_sec_companyfacts,Latest valid filing available as of 2026-08-05; configured source-tag priority breaks valid same-filing ties.
w,W,0001616707-19-000042,10-K,2019-02-25,,2017-12-31,2017,FY,,current_liabilities,us-gaap,LiabilitiesCurrent,739755000.0,739.755,USD_millions,stock,1,https://www.sec.gov/Archives/edgar/data/1616707/000161670719000042/,2026-08-05T17:49:37+00:00,0001616707,USD,2018,CY2017Q4I,True,latest_valid_restated_sec_companyfacts,Latest valid filing available as of 2026-08-05; configured source-tag priority breaks valid same-filing ties.
w,W,0001616707-20-000025,10-K,2020-02-28,2017-01-01,2017-12-31,2017,FY,364.0,free_cash_flow,project,derived:OperatingCashFlow-CapitalExpenditure,,-66.817,USD,flow,0,https://www.sec.gov/Archives/edgar/data/1616707/000161670720000025/,2026-08-05T17:49:37+00:00,0001616707,USD,2019,CY2017,True,derived_from_latest_valid_components,Operating cash flow minus positive CapEx outflow.
w,W,0001616707-19-000042,10-K,2019-02-25,,2017-12-31,2017,FY,,inventory,us-gaap,InventoryNet,28042000.0,28.042,USD_millions,stock,1,https://www.sec.gov/Archives/edgar/data/1616707/000161670719000042/,2026-08-05T17:49:37+00:00,0001616707,USD,2018,CY2017Q4I,True,latest_valid_restated_sec_companyfacts,Latest valid filing available as of 2026-08-05; configured source-tag priority breaks valid same-filing ties.
w,W,0001616707-20-000025,10-K,2020-02-28,2017-01-01,2017-12-31,2017,FY,364.0,net_income,us-gaap,NetIncomeLoss,-244614000.0,-244.614,USD_millions,flow,1,https://www.sec.gov/Archives/edgar/data/1616707/000161670720000025/,2026-08-05T17:49:37+00:00,0001616707,USD,2019,CY2017,True,latest_valid_restated_sec_companyfacts,Latest valid filing available as of 2026-08-05; configured source-tag priority breaks valid same-filing ties.
w,W,0001616707-20-000025,10-K,2020-02-28,2017-01-01,2017-12-31,2017,FY,364.0,operating_cash_flow,us-gaap,NetCashProvidedByUsedInOperatingActivities,33634000.0,33.634,USD_millions,flow,1,https://www.sec.gov/Archives/edgar/data/1616707/000161670720000025/,2026-08-05T17:49:37+00:00,0001616707,USD,2019,CY2017,True,latest_valid_restated_sec_companyfacts,Latest valid filing available as of 2026-08-05; configured source-tag priority breaks valid same-filing ties.
w,W,0001616707-20-000025,10-K,2020-02-28,2017-01-01,2017-12-31,2017,FY,364.0,operating_income,us-gaap,OperatingIncomeLoss,-235453000.0,-235.453,USD_millions,flow,1,https://www.sec.gov/Archives/edgar/data/1616707/000161670720000025/,2026-08-05T17:49:37+00:00,0001616707,USD,2019,CY2017,True,latest_valid_restated_sec_companyfacts,Latest valid filing available as of 2026-08-05; configured source-tag priority breaks valid same-filing ties.
w,W,0001616707-20-000025,10-K,2020-02-28,2017-01-01,2017-12-31,2017,FY,364.0,revenue,us-gaap,RevenueFromContractWithCustomerExcludingAssessedTax,4720895000.0,4720.895,USD_millions,flow,1,https://www.sec.gov/Archives/edgar/data/1616707/000161670720000025/,2026-08-05T17:49:37+00:00,0001616707,USD,2019,CY2017,True,latest_valid_restated_sec_companyfacts,Latest valid filing available as of 2026-08-05; configured source-tag priority breaks valid same-filing ties.
w,W,0001616707-19-000042,10-K,2019-02-25,,2017-12-31,2017,FY,,total_assets,us-gaap,Assets,1213403000.0,1213.403,USD_millions,stock,1,https://www.sec.gov/Archives/edgar/data/1616707/000161670719000042/,2026-08-05T17:49:37+00:00,0001616707,USD,2018,CY2017Q4I,True,latest_valid_restated_sec_companyfacts,Latest valid filing available as of 2026-08-05; configured source-tag priority breaks valid same-filing ties.
w,W,0001616707-21-000064,10-K,2021-02-25,,2017-12-31,2017,FY,,total_equity,us-gaap,StockholdersEquity,-48329000.0,-48.329,USD_millions,stock,1,https://www.sec.gov/Archives/edgar/data/1616707/000161670721000064/,2026-08-05T17:49:37+00:00,0001616707,USD,2020,CY2017Q4I,True,latest_valid_restated_sec_companyfacts,Latest valid filing available as of 2026-08-05; configured source-tag priority breaks valid same-filing ties.
w,W,0001616707-19-000042,10-K,2019-02-25,,2017-12-31,2017,FY,,total_liabilities,us-gaap,Liabilities,1261732000.0,1261.732,USD_millions,stock,1,https://www.sec.gov/Archives/edgar/data/1616707/000161670719000042/,2026-08-05T17:49:37+00:00,0001616707,USD,2018,CY2017Q4I,True,latest_valid_restated_sec_companyfacts,Latest valid filing available as of 2026-08-05; configured source-tag priority breaks valid same-filing ties.
w,W,0001616707-21-000064,10-K,2021-02-25,2018-01-01,2018-12-31,2018,FY,364.0,capital_expenditure,us-gaap,PaymentsToAcquirePropertyPlantAndEquipment,159205000.0,159.205,USD_millions,flow,1,https://www.sec.gov/Archives/edgar/data/1616707/000161670721000064/,2026-08-05T17:49:37+00:00,0001616707,USD,2020,CY2018,True,latest_valid_restated_sec_companyfacts,Latest valid filing available as of 2026-08-05; configured source-tag priority breaks valid same-filing ties.
w,W,0001616707-19-000042,10-K,2019-02-25,,2018-12-31,2018,FY,,cash_and_equivalents,us-gaap,CashAndCashEquivalentsAtCarryingValue,849461000.0,849.461,USD_millions,stock,1,https://www.sec.gov/Archives/edgar/data/1616707/000161670719000042/,2026-08-05T17:49:37+00:00,0001616707,USD,2018,CY2018Q4I,True,latest_valid_restated_sec_companyfacts,Latest valid filing available as of 2026-08-05; configured source-tag priority breaks valid same-filing ties.
w,W,0001616707-20-000025,10-K,2020-02-28,,2018-12-31,2018,FY,,current_assets,us-gaap,AssetsCurrent,1255936000.0,1255.936,USD_millions,stock,1,https://www.sec.gov/Archives/edgar/data/1616707/000161670720000025/,2026-08-05T17:49:37+00:00,0001616707,USD,2019,CY2018Q4I,True,latest_valid_restated_sec_companyfacts,Latest valid filing available as of 2026-08-05; configured source-tag priority breaks valid same-filing ties.
w,W,0001616707-20-000025,10-K,2020-02-28,,2018-12-31,2018,FY,,current_liabilities,us-gaap,LiabilitiesCurrent,1139223000.0,1139.223,USD_millions,stock,1,https://www.sec.gov/Archives/edgar/data/1616707/000161670720000025/,2026-08-05T17:49:37+00:00,0001616707,USD,2019,CY2018Q4I,True,latest_valid_restated_sec_companyfacts,Latest valid filing available as of 2026-08-05; configured source-tag priority breaks valid same-filing ties.
w,W,0001616707-21-000064,10-K,2021-02-25,2018-01-01,2018-12-31,2018,FY,364.0,free_cash_flow,project,derived:OperatingCashFlow-CapitalExpenditure,,-74.34400000000001,USD,flow,0,https://www.sec.gov/Archives/edgar/data/1616707/000161670721000064/,2026-08-05T17:49:37+00:00,0001616707,USD,2020,CY2018,True,derived_from_latest_valid_components,Operating cash flow minus positive CapEx outflow.
w,W,0001616707-20-000025,10-K,2020-02-28,,2018-12-31,2018,FY,,inventory,us-gaap,InventoryNet,46164000.0,46.164,USD_millions,stock,1,https://www.sec.gov/Archives/edgar/data/1616707/000161670720000025/,2026-08-05T17:49:37+00:00,0001616707,USD,2019,CY2018Q4I,True,latest_valid_restated_sec_companyfacts,Latest valid filing available as of 2026-08-05; configured source-tag priority breaks valid same-filing ties.
w,W,0001616707-21-000064,10-K,2021-02-25,2018-01-01,2018-12-31,2018,FY,364.0,net_income,us-gaap,NetIncomeLoss,-504080000.0,-504.08,USD_millions,flow,1,https://www.sec.gov/Archives/edgar/data/1616707/000161670721000064/,2026-08-05T17:49:37+00:00,0001616707,USD,2020,CY2018,True,latest_valid_restated_sec_companyfacts,Latest valid filing available as of 2026-08-05; configured source-tag priority breaks valid same-filing ties.
w,W,0001616707-21-000064,10-K,2021-02-25,2018-01-01,2018-12-31,2018,FY,364.0,operating_cash_flow,us-gaap,NetCashProvidedByUsedInOperatingActivities,84861000.0,84.861,USD_millions,flow,1,https://www.sec.gov/Archives/edgar/data/1616707/000161670721000064/,2026-08-05T17:49:37+00:00,0001616707,USD,2020,CY2018,True,latest_valid_restated_sec_companyfacts,Latest valid filing available as of 2026-08-05; configured source-tag priority breaks valid same-filing ties.
w,W,0001616707-21-000064,10-K,2021-02-25,2018-01-01,2018-12-31,2018,FY,364.0,operating_income,us-gaap,OperatingIncomeLoss,-473279000.0,-473.279,USD_millions,flow,1,https://www.sec.gov/Archives/edgar/data/1616707/000161670721000064/,2026-08-05T17:49:37+00:00,0001616707,USD,2020,CY2018,True,latest_valid_restated_sec_companyfacts,Latest valid filing available as of 2026-08-05; configured source-tag priority breaks valid same-filing ties.
w,W,0001616707-21-000064,10-K,2021-02-25,2018-01-01,2018-12-31,2018,FY,364.0,revenue,us-gaap,RevenueFromContractWithCustomerExcludingAssessedTax,6779174000.0,6779.174,USD_millions,flow,1,https://www.sec.gov/Archives/edgar/data/1616707/000161670721000064/,2026-08-05T17:49:37+00:00,0001616707,USD,2020,CY2018,True,latest_valid_restated_sec_companyfacts,Latest valid filing available as of 2026-08-05; configured source-tag priority breaks valid same-filing ties.
w,W,0001616707-20-000025,10-K,2020-02-28,,2018-12-31,2018,FY,,total_assets,us-gaap,Assets,1890850000.0,1890.85,USD_millions,stock,1,https://www.sec.gov/Archives/edgar/data/1616707/000161670720000025/,2026-08-05T17:49:37+00:00,0001616707,USD,2019,CY2018Q4I,True,latest_valid_restated_sec_companyfacts,Latest valid filing available as of 2026-08-05; configured source-tag priority breaks valid same-filing ties.
w,W,0001616707-22-000031,10-K,2022-02-24,,2018-12-31,2018,FY,,total_equity,us-gaap,StockholdersEquity,-331000000.0,-331.0,USD_millions,stock,1,https://www.sec.gov/Archives/edgar/data/1616707/000161670722000031/,2026-08-05T17:49:37+00:00,0001616707,USD,2021,CY2018Q4I,True,latest_valid_restated_sec_companyfacts,Latest valid filing available as of 2026-08-05; configured source-tag priority breaks valid same-filing ties.
w,W,0001616707-20-000025,10-K,2020-02-28,,2018-12-31,2018,FY,,total_liabilities,us-gaap,Liabilities,2221571000.0,2221.571,USD_millions,stock,1,https://www.sec.gov/Archives/edgar/data/1616707/000161670720000025/,2026-08-05T17:49:37+00:00,0001616707,USD,2019,CY2018Q4I,True,latest_valid_restated_sec_companyfacts,Latest valid filing available as of 2026-08-05; configured source-tag priority breaks valid same-filing ties.
w,W,0001616707-22-000031,10-K,2022-02-24,2019-01-01,2019-12-31,2019,FY,364.0,capital_expenditure,us-gaap,PaymentsToAcquirePropertyPlantAndEquipment,272000000.0,272.0,USD_millions,flow,1,https://www.sec.gov/Archives/edgar/data/1616707/000161670722000031/,2026-08-05T17:49:37+00:00,0001616707,USD,2021,CY2019,True,latest_valid_restated_sec_companyfacts,Latest valid filing available as of 2026-08-05; configured source-tag priority breaks valid same-filing ties.
w,W,0001616707-21-000064,10-K,2021-02-25,,2019-12-31,2019,FY,,current_assets,us-gaap,AssetsCurrent,1377138000.0,1377.138,USD_millions,stock,1,https://www.sec.gov/Archives/edgar/data/1616707/000161670721000064/,2026-08-05T17:49:37+00:00,0001616707,USD,2020,CY2019Q4I,True,latest_valid_restated_sec_companyfacts,Latest valid filing available as of 2026-08-05; configured source-tag priority breaks valid same-filing ties.
w,W,0001616707-21-000064,10-K,2021-02-25,,2019-12-31,2019,FY,,current_liabilities,us-gaap,LiabilitiesCurrent,1611519000.0,1611.519,USD_millions,stock,1,https://www.sec.gov/Archives/edgar/data/1616707/000161670721000064/,2026-08-05T17:49:37+00:00,0001616707,USD,2020,CY2019Q4I,True,latest_valid_restated_sec_companyfacts,Latest valid filing available as of 2026-08-05; configured source-tag priority breaks valid same-filing ties.
w,W,0001616707-22-000031,10-K,2022-02-24,2019-01-01,2019-12-31,2019,FY,364.0,free_cash_flow,project,derived:OperatingCashFlow-CapitalExpenditure,,-469.0,USD,flow,0,https://www.sec.gov/Archives/edgar/data/1616707/000161670722000031/,2026-08-05T17:49:37+00:00,0001616707,USD,2021,CY2019,True,derived_from_latest_valid_components,Operating cash flow minus positive CapEx outflow.
w,W,0001616707-21-000064,10-K,2021-02-25,,2019-12-31,2019,FY,,inventory,us-gaap,InventoryNet,61692000.0,61.692,USD_millions,stock,1,https://www.sec.gov/Archives/edgar/data/1616707/000161670721000064/,2026-08-05T17:49:37+00:00,0001616707,USD,2020,CY2019Q4I,True,latest_valid_restated_sec_companyfacts,Latest valid filing available as of 2026-08-05; configured source-tag priority breaks valid same-filing ties.
w,W,0001616707-22-000031,10-K,2022-02-24,2019-01-01,2019-12-31,2019,FY,364.0,net_income,us-gaap,NetIncomeLoss,-985000000.0,-985.0,USD_millions,flow,1,https://www.sec.gov/Archives/edgar/data/1616707/000161670722000031/,2026-08-05T17:49:37+00:00,0001616707,USD,2021,CY2019,True,latest_valid_restated_sec_companyfacts,Latest valid filing available as of 2026-08-05; configured source-tag priority breaks valid same-filing ties.
w,W,0001616707-22-000031,10-K,2022-02-24,2019-01-01,2019-12-31,2019,FY,364.0,operating_cash_flow,us-gaap,NetCashProvidedByUsedInOperatingActivities,-197000000.0,-197.0,USD_millions,flow,1,https://www.sec.gov/Archives/edgar/data/1616707/000161670722000031/,2026-08-05T17:49:37+00:00,0001616707,USD,2021,CY2019,True,latest_valid_restated_sec_companyfacts,Latest valid filing available as of 2026-08-05; configured source-tag priority breaks valid same-filing ties.
w,W,0001616707-22-000031,10-K,2022-02-24,2019-01-01,2019-12-31,2019,FY,364.0,operating_income,us-gaap,OperatingIncomeLoss,-930000000.0,-930.0,USD_millions,flow,1,https://www.sec.gov/Archives/edgar/data/1616707/000161670722000031/,2026-08-05T17:49:37+00:00,0001616707,USD,2021,CY2019,True,latest_valid_restated_sec_companyfacts,Latest valid filing available as of 2026-08-05; configured source-tag priority breaks valid same-filing ties.
w,W,0001616707-22-000031,10-K,2022-02-24,2019-01-01,2019-12-31,2019,FY,364.0,revenue,us-gaap,RevenueFromContractWithCustomerExcludingAssessedTax,9127000000.0,9127.0,USD_millions,flow,1,https://www.sec.gov/Archives/edgar/data/1616707/000161670722000031/,2026-08-05T17:49:37+00:00,0001616707,USD,2021,CY2019,True,latest_valid_restated_sec_companyfacts,Latest valid filing available as of 2026-08-05; configured source-tag priority breaks valid same-filing ties.
w,W,0001616707-21-000064,10-K,2021-02-25,,2019-12-31,2019,FY,,total_assets,us-gaap,Assets,2953048000.0,2953.048,USD_millions,stock,1,https://www.sec.gov/Archives/edgar/data/1616707/000161670721000064/,2026-08-05T17:49:37+00:00,0001616707,USD,2020,CY2019Q4I,True,latest_valid_restated_sec_companyfacts,Latest valid filing available as of 2026-08-05; configured source-tag priority breaks valid same-filing ties.
w,W,0001616707-23-000037,10-K,2023-02-23,,2019-12-31,2019,FY,,total_equity,us-gaap,StockholdersEquity,-944000000.0,-944.0,USD_millions,stock,1,https://www.sec.gov/Archives/edgar/data/1616707/000161670723000037/,2026-08-05T17:49:37+00:00,0001616707,USD,2022,CY2019Q4I,True,latest_valid_restated_sec_companyfacts,Latest valid filing available as of 2026-08-05; configured source-tag priority breaks valid same-filing ties.
w,W,0001616707-21-000064,10-K,2021-02-25,,2019-12-31,2019,FY,,total_liabilities,us-gaap,Liabilities,3897256000.0,3897.256,USD_millions,stock,1,https://www.sec.gov/Archives/edgar/data/1616707/000161670721000064/,2026-08-05T17:49:37+00:00,0001616707,USD,2020,CY2019Q4I,True,latest_valid_restated_sec_companyfacts,Latest valid filing available as of 2026-08-05; configured source-tag priority breaks valid same-filing ties.
w,W,0001616707-23-000037,10-K,2023-02-23,2020-01-01,2020-12-31,2020,FY,365.0,capital_expenditure,us-gaap,PaymentsToAcquirePropertyPlantAndEquipment,186000000.0,186.0,USD_millions,flow,1,https://www.sec.gov/Archives/edgar/data/1616707/000161670723000037/,2026-08-05T17:49:37+00:00,0001616707,USD,2022,CY2020,True,latest_valid_restated_sec_companyfacts,Latest valid filing available as of 2026-08-05; configured source-tag priority breaks valid same-filing ties.
w,W,0001616707-22-000031,10-K,2022-02-24,,2020-12-31,2020,FY,,current_assets,us-gaap,AssetsCurrent,3046000000.0,3046.0,USD_millions,stock,1,https://www.sec.gov/Archives/edgar/data/1616707/000161670722000031/,2026-08-05T17:49:37+00:00,0001616707,USD,2021,CY2020Q4I,True,latest_valid_restated_sec_companyfacts,Latest valid filing available as of 2026-08-05; configured source-tag priority breaks valid same-filing ties.
w,W,0001616707-22-000031,10-K,2022-02-24,,2020-12-31,2020,FY,,current_liabilities,us-gaap,LiabilitiesCurrent,2166000000.0,2166.0,USD_millions,stock,1,https://www.sec.gov/Archives/edgar/data/1616707/000161670722000031/,2026-08-05T17:49:37+00:00,0001616707,USD,2021,CY2020Q4I,True,latest_valid_restated_sec_companyfacts,Latest valid filing available as of 2026-08-05; configured source-tag priority breaks valid same-filing ties.
w,W,0001616707-23-000037,10-K,2023-02-23,2020-01-01,2020-12-31,2020,FY,365.0,free_cash_flow,project,derived:OperatingCashFlow-CapitalExpenditure,,1231.0,USD,flow,0,https://www.sec.gov/Archives/edgar/data/1616707/000161670723000037/,2026-08-05T17:49:37+00:00,0001616707,USD,2022,CY2020,True,derived_from_latest_valid_components,Operating cash flow minus positive CapEx outflow.
w,W,0001616707-22-000031,10-K,2022-02-24,,2020-12-31,2020,FY,,inventory,us-gaap,InventoryNet,52000000.0,52.0,USD_millions,stock,1,https://www.sec.gov/Archives/edgar/data/1616707/000161670722000031/,2026-08-05T17:49:37+00:00,0001616707,USD,2021,CY2020Q4I,True,latest_valid_restated_sec_companyfacts,Latest valid filing available as of 2026-08-05; configured source-tag priority breaks valid same-filing ties.
w,W,0001616707-23-000037,10-K,2023-02-23,2020-01-01,2020-12-31,2020,FY,365.0,net_income,us-gaap,NetIncomeLoss,185000000.0,185.0,USD_millions,flow,1,https://www.sec.gov/Archives/edgar/data/1616707/000161670723000037/,2026-08-05T17:49:37+00:00,0001616707,USD,2022,CY2020,True,latest_valid_restated_sec_companyfacts,Latest valid filing available as of 2026-08-05; configured source-tag priority breaks valid same-filing ties.
w,W,0001616707-23-000037,10-K,2023-02-23,2020-01-01,2020-12-31,2020,FY,365.0,operating_cash_flow,us-gaap,NetCashProvidedByUsedInOperatingActivities,1417000000.0,1417.0,USD_millions,flow,1,https://www.sec.gov/Archives/edgar/data/1616707/000161670723000037/,2026-08-05T17:49:37+00:00,0001616707,USD,2022,CY2020,True,latest_valid_restated_sec_companyfacts,Latest valid filing available as of 2026-08-05; configured source-tag priority breaks valid same-filing ties.
w,W,0001616707-23-000037,10-K,2023-02-23,2020-01-01,2020-12-31,2020,FY,365.0,operating_income,us-gaap,OperatingIncomeLoss,360000000.0,360.0,USD_millions,flow,1,https://www.sec.gov/Archives/edgar/data/1616707/000161670723000037/,2026-08-05T17:49:37+00:00,0001616707,USD,2022,CY2020,True,latest_valid_restated_sec_companyfacts,Latest valid filing available as of 2026-08-05; configured source-tag priority breaks valid same-filing ties.
w,W,0001616707-23-000037,10-K,2023-02-23,2020-01-01,2020-12-31,2020,FY,365.0,revenue,us-gaap,RevenueFromContractWithCustomerExcludingAssessedTax,14145000000.0,14145.0,USD_millions,flow,1,https://www.sec.gov/Archives/edgar/data/1616707/000161670723000037/,2026-08-05T17:49:37+00:00,0001616707,USD,2022,CY2020,True,latest_valid_restated_sec_companyfacts,Latest valid filing available as of 2026-08-05; configured source-tag priority breaks valid same-filing ties.
w,W,0001616707-22-000031,10-K,2022-02-24,,2020-12-31,2020,FY,,total_assets,us-gaap,Assets,4570000000.0,4570.0,USD_millions,stock,1,https://www.sec.gov/Archives/edgar/data/1616707/000161670722000031/,2026-08-05T17:49:37+00:00,0001616707,USD,2021,CY2020Q4I,True,latest_valid_restated_sec_companyfacts,Latest valid filing available as of 2026-08-05; configured source-tag priority breaks valid same-filing ties.
w,W,0001616707-24-000014,10-K,2024-02-22,,2020-12-31,2020,FY,,total_equity,us-gaap,StockholdersEquity,-1192000000.0,-1192.0,USD_millions,stock,1,https://www.sec.gov/Archives/edgar/data/1616707/000161670724000014/,2026-08-05T17:49:37+00:00,0001616707,USD,2023,CY2020Q4I,True,latest_valid_restated_sec_companyfacts,Latest valid filing available as of 2026-08-05; configured source-tag priority breaks valid same-filing ties.
w,W,0001616707-22-000031,10-K,2022-02-24,,2020-12-31,2020,FY,,total_liabilities,us-gaap,Liabilities,5762000000.0,5762.0,USD_millions,stock,1,https://www.sec.gov/Archives/edgar/data/1616707/000161670722000031/,2026-08-05T17:49:37+00:00,0001616707,USD,2021,CY2020Q4I,True,latest_valid_restated_sec_companyfacts,Latest valid filing available as of 2026-08-05; configured source-tag priority breaks valid same-filing ties.
w,W,0001616707-24-000014,10-K,2024-02-22,2021-01-01,2021-12-31,2021,FY,364.0,capital_expenditure,us-gaap,PaymentsToAcquirePropertyPlantAndEquipment,101000000.0,101.0,USD_millions,flow,1,https://www.sec.gov/Archives/edgar/data/1616707/000161670724000014/,2026-08-05T17:49:37+00:00,0001616707,USD,2023,CY2021,True,latest_valid_restated_sec_companyfacts,Latest valid filing available as of 2026-08-05; configured source-tag priority breaks valid same-filing ties.
w,W,0001616707-24-000014,10-K,2024-02-22,,2021-12-31,2021,FY,,cash_and_equivalents,us-gaap,CashAndCashEquivalentsAtCarryingValue,1706000000.0,1706.0,USD_millions,stock,1,https://www.sec.gov/Archives/edgar/data/1616707/000161670724000014/,2026-08-05T17:49:37+00:00,0001616707,USD,2023,CY2021Q4I,True,latest_valid_restated_sec_companyfacts,Latest valid filing available as of 2026-08-05; configured source-tag priority breaks valid same-filing ties.
w,W,0001616707-23-000037,10-K,2023-02-23,,2021-12-31,2021,FY,,current_assets,us-gaap,AssetsCurrent,3012000000.0,3012.0,USD_millions,stock,1,https://www.sec.gov/Archives/edgar/data/1616707/000161670723000037/,2026-08-05T17:49:37+00:00,0001616707,USD,2022,CY2021Q4I,True,latest_valid_restated_sec_companyfacts,Latest valid filing available as of 2026-08-05; configured source-tag priority breaks valid same-filing ties.
w,W,0001616707-23-000037,10-K,2023-02-23,,2021-12-31,2021,FY,,current_liabilities,us-gaap,LiabilitiesCurrent,2217000000.0,2217.0,USD_millions,stock,1,https://www.sec.gov/Archives/edgar/data/1616707/000161670723000037/,2026-08-05T17:49:37+00:00,0001616707,USD,2022,CY2021Q4I,True,latest_valid_restated_sec_companyfacts,Latest valid filing available as of 2026-08-05; configured source-tag priority breaks valid same-filing ties.
w,W,0001616707-24-000014,10-K,2024-02-22,2021-01-01,2021-12-31,2021,FY,364.0,free_cash_flow,project,derived:OperatingCashFlow-CapitalExpenditure,,309.0,USD,flow,0,https://www.sec.gov/Archives/edgar/data/1616707/000161670724000014/,2026-08-05T17:49:37+00:00,0001616707,USD,2023,CY2021,True,derived_from_latest_valid_components,Operating cash flow minus positive CapEx outflow.
w,W,0001616707-23-000037,10-K,2023-02-23,,2021-12-31,2021,FY,,inventory,us-gaap,InventoryNet,69000000.0,69.0,USD_millions,stock,1,https://www.sec.gov/Archives/edgar/data/1616707/000161670723000037/,2026-08-05T17:49:37+00:00,0001616707,USD,2022,CY2021Q4I,True,latest_valid_restated_sec_companyfacts,Latest valid filing available as of 2026-08-05; configured source-tag priority breaks valid same-filing ties.
w,W,0001616707-24-000014,10-K,2024-02-22,2021-01-01,2021-12-31,2021,FY,364.0,net_income,us-gaap,NetIncomeLoss,-131000000.0,-131.0,USD_millions,flow,1,https://www.sec.gov/Archives/edgar/data/1616707/000161670724000014/,2026-08-05T17:49:37+00:00,0001616707,USD,2023,CY2021,True,latest_valid_restated_sec_companyfacts,Latest valid filing available as of 2026-08-05; configured source-tag priority breaks valid same-filing ties.
w,W,0001616707-24-000014,10-K,2024-02-22,2021-01-01,2021-12-31,2021,FY,364.0,operating_cash_flow,us-gaap,NetCashProvidedByUsedInOperatingActivities,410000000.0,410.0,USD_millions,flow,1,https://www.sec.gov/Archives/edgar/data/1616707/000161670724000014/,2026-08-05T17:49:37+00:00,0001616707,USD,2023,CY2021,True,latest_valid_restated_sec_companyfacts,Latest valid filing available as of 2026-08-05; configured source-tag priority breaks valid same-filing ties.
w,W,0001616707-24-000014,10-K,2024-02-22,2021-01-01,2021-12-31,2021,FY,364.0,operating_income,us-gaap,OperatingIncomeLoss,-94000000.0,-94.0,USD_millions,flow,1,https://www.sec.gov/Archives/edgar/data/1616707/000161670724000014/,2026-08-05T17:49:37+00:00,0001616707,USD,2023,CY2021,True,latest_valid_restated_sec_companyfacts,Latest valid filing available as of 2026-08-05; configured source-tag priority breaks valid same-filing ties.
w,W,0001616707-24-000014,10-K,2024-02-22,2021-01-01,2021-12-31,2021,FY,364.0,revenue,us-gaap,RevenueFromContractWithCustomerExcludingAssessedTax,13708000000.0,13708.0,USD_millions,flow,1,https://www.sec.gov/Archives/edgar/data/1616707/000161670724000014/,2026-08-05T17:49:37+00:00,0001616707,USD,2023,CY2021,True,latest_valid_restated_sec_companyfacts,Latest valid filing available as of 2026-08-05; configured source-tag priority breaks valid same-filing ties.
w,W,0001616707-23-000037,10-K,2023-02-23,,2021-12-31,2021,FY,,total_assets,us-gaap,Assets,4570000000.0,4570.0,USD_millions,stock,1,https://www.sec.gov/Archives/edgar/data/1616707/000161670723000037/,2026-08-05T17:49:37+00:00,0001616707,USD,2022,CY2021Q4I,True,latest_valid_restated_sec_companyfacts,Latest valid filing available as of 2026-08-05; configured source-tag priority breaks valid same-filing ties.
w,W,0001616707-25-000022,10-K,2025-02-20,,2021-12-31,2021,FY,,total_equity,us-gaap,StockholdersEquity,-1619000000.0,-1619.0,USD_millions,stock,1,https://www.sec.gov/Archives/edgar/data/1616707/000161670725000022/,2026-08-05T17:49:37+00:00,0001616707,USD,2024,CY2021Q4I,True,latest_valid_restated_sec_companyfacts,Latest valid filing available as of 2026-08-05; configured source-tag priority breaks valid same-filing ties.
w,W,0001616707-23-000037,10-K,2023-02-23,,2021-12-31,2021,FY,,total_liabilities,us-gaap,Liabilities,6189000000.0,6189.0,USD_millions,stock,1,https://www.sec.gov/Archives/edgar/data/1616707/000161670723000037/,2026-08-05T17:49:37+00:00,0001616707,USD,2022,CY2021Q4I,True,latest_valid_restated_sec_companyfacts,Latest valid filing available as of 2026-08-05; configured source-tag priority breaks valid same-filing ties.
w,W,0001616707-25-000022,10-K,2025-02-20,2022-01-01,2022-12-31,2022,FY,364.0,capital_expenditure,us-gaap,PaymentsToAcquirePropertyPlantAndEquipment,186000000.0,186.0,USD_millions,flow,1,https://www.sec.gov/Archives/edgar/data/1616707/000161670725000022/,2026-08-05T17:49:37+00:00,0001616707,USD,2024,CY2022,True,latest_valid_restated_sec_companyfacts,Latest valid filing available as of 2026-08-05; configured source-tag priority breaks valid same-filing ties.
w,W,0001616707-25-000022,10-K,2025-02-20,,2022-12-31,2022,FY,,cash_and_equivalents,us-gaap,CashAndCashEquivalentsAtCarryingValue,1050000000.0,1050.0,USD_millions,stock,1,https://www.sec.gov/Archives/edgar/data/1616707/000161670725000022/,2026-08-05T17:49:37+00:00,0001616707,USD,2024,CY2022Q4I,True,latest_valid_restated_sec_companyfacts,Latest valid filing available as of 2026-08-05; configured source-tag priority breaks valid same-filing ties.
w,W,0001616707-24-000014,10-K,2024-02-22,,2022-12-31,2022,FY,,current_assets,us-gaap,AssetsCurrent,1933000000.0,1933.0,USD_millions,stock,1,https://www.sec.gov/Archives/edgar/data/1616707/000161670724000014/,2026-08-05T17:49:37+00:00,0001616707,USD,2023,CY2022Q4I,True,latest_valid_restated_sec_companyfacts,Latest valid filing available as of 2026-08-05; configured source-tag priority breaks valid same-filing ties.
w,W,0001616707-24-000014,10-K,2024-02-22,,2022-12-31,2022,FY,,current_liabilities,us-gaap,LiabilitiesCurrent,2072000000.0,2072.0,USD_millions,stock,1,https://www.sec.gov/Archives/edgar/data/1616707/000161670724000014/,2026-08-05T17:49:37+00:00,0001616707,USD,2023,CY2022Q4I,True,latest_valid_restated_sec_companyfacts,Latest valid filing available as of 2026-08-05; configured source-tag priority breaks valid same-filing ties.
w,W,0001616707-25-000022,10-K,2025-02-20,2022-01-01,2022-12-31,2022,FY,364.0,free_cash_flow,project,derived:OperatingCashFlow-CapitalExpenditure,,-860.0,USD,flow,0,https://www.sec.gov/Archives/edgar/data/1616707/000161670725000022/,2026-08-05T17:49:37+00:00,0001616707,USD,2024,CY2022,True,derived_from_latest_valid_components,Operating cash flow minus positive CapEx outflow.
w,W,0001616707-24-000014,10-K,2024-02-22,,2022-12-31,2022,FY,,inventory,us-gaap,InventoryNet,90000000.0,90.0,USD_millions,stock,1,https://www.sec.gov/Archives/edgar/data/1616707/000161670724000014/,2026-08-05T17:49:37+00:00,0001616707,USD,2023,CY2022Q4I,True,latest_valid_restated_sec_companyfacts,Latest valid filing available as of 2026-08-05; configured source-tag priority breaks valid same-filing ties.
w,W,0001616707-25-000022,10-K,2025-02-20,2022-01-01,2022-12-31,2022,FY,364.0,net_income,us-gaap,NetIncomeLoss,-1331000000.0,-1331.0,USD_millions,flow,1,https://www.sec.gov/Archives/edgar/data/1616707/000161670725000022/,2026-08-05T17:49:37+00:00,0001616707,USD,2024,CY2022,True,latest_valid_restated_sec_companyfacts,Latest valid filing available as of 2026-08-05; configured source-tag priority breaks valid same-filing ties.
w,W,0001616707-25-000022,10-K,2025-02-20,2022-01-01,2022-12-31,2022,FY,364.0,operating_cash_flow,us-gaap,NetCashProvidedByUsedInOperatingActivities,-674000000.0,-674.0,USD_millions,flow,1,https://www.sec.gov/Archives/edgar/data/1616707/000161670725000022/,2026-08-05T17:49:37+00:00,0001616707,USD,2024,CY2022,True,latest_valid_restated_sec_companyfacts,Latest valid filing available as of 2026-08-05; configured source-tag priority breaks valid same-filing ties.
w,W,0001616707-25-000022,10-K,2025-02-20,2022-01-01,2022-12-31,2022,FY,364.0,operating_income,us-gaap,OperatingIncomeLoss,-1384000000.0,-1384.0,USD_millions,flow,1,https://www.sec.gov/Archives/edgar/data/1616707/000161670725000022/,2026-08-05T17:49:37+00:00,0001616707,USD,2024,CY2022,True,latest_valid_restated_sec_companyfacts,Latest valid filing available as of 2026-08-05; configured source-tag priority breaks valid same-filing ties.
w,W,0001616707-25-000022,10-K,2025-02-20,2022-01-01,2022-12-31,2022,FY,364.0,revenue,us-gaap,RevenueFromContractWithCustomerExcludingAssessedTax,12218000000.0,12218.0,USD_millions,flow,1,https://www.sec.gov/Archives/edgar/data/1616707/000161670725000022/,2026-08-05T17:49:37+00:00,0001616707,USD,2024,CY2022,True,latest_valid_restated_sec_companyfacts,Latest valid filing available as of 2026-08-05; configured source-tag priority breaks valid same-filing ties.
w,W,0001616707-24-000014,10-K,2024-02-22,,2022-12-31,2022,FY,,total_assets,us-gaap,Assets,3580000000.0,3580.0,USD_millions,stock,1,https://www.sec.gov/Archives/edgar/data/1616707/000161670724000014/,2026-08-05T17:49:37+00:00,0001616707,USD,2023,CY2022Q4I,True,latest_valid_restated_sec_companyfacts,Latest valid filing available as of 2026-08-05; configured source-tag priority breaks valid same-filing ties.
w,W,0001616707-26-000027,10-K,2026-02-19,,2022-12-31,2022,FY,,total_equity,us-gaap,StockholdersEquity,-2550000000.0,-2550.0,USD_millions,stock,1,https://www.sec.gov/Archives/edgar/data/1616707/000161670726000027/,2026-08-05T17:49:37+00:00,0001616707,USD,2025,CY2022Q4I,True,latest_valid_restated_sec_companyfacts,Latest valid filing available as of 2026-08-05; configured source-tag priority breaks valid same-filing ties.
w,W,0001616707-24-000014,10-K,2024-02-22,,2022-12-31,2022,FY,,total_liabilities,us-gaap,Liabilities,6130000000.0,6130.0,USD_millions,stock,1,https://www.sec.gov/Archives/edgar/data/1616707/000161670724000014/,2026-08-05T17:49:37+00:00,0001616707,USD,2023,CY2022Q4I,True,latest_valid_restated_sec_companyfacts,Latest valid filing available as of 2026-08-05; configured source-tag priority breaks valid same-filing ties.
w,W,0001616707-26-000027,10-K,2026-02-19,2023-01-01,2023-12-31,2023,FY,364.0,capital_expenditure,us-gaap,PaymentsToAcquirePropertyPlantAndEquipment,148000000.0,148.0,USD_millions,flow,1,https://www.sec.gov/Archives/edgar/data/1616707/000161670726000027/,2026-08-05T17:49:37+00:00,0001616707,USD,2025,CY2023,True,latest_valid_restated_sec_companyfacts,Latest valid filing available as of 2026-08-05; configured source-tag priority breaks valid same-filing ties.
w,W,0001616707-26-000027,10-K,2026-02-19,,2023-12-31,2023,FY,,cash_and_equivalents,us-gaap,CashAndCashEquivalentsAtCarryingValue,1322000000.0,1322.0,USD_millions,stock,1,https://www.sec.gov/Archives/edgar/data/1616707/000161670726000027/,2026-08-05T17:49:37+00:00,0001616707,USD,2025,CY2023Q4I,True,latest_valid_restated_sec_companyfacts,Latest valid filing available as of 2026-08-05; configured source-tag priority breaks valid same-filing ties.
w,W,0001616707-25-000022,10-K,2025-02-20,,2023-12-31,2023,FY,,current_assets,us-gaap,AssetsCurrent,1855000000.0,1855.0,USD_millions,stock,1,https://www.sec.gov/Archives/edgar/data/1616707/000161670725000022/,2026-08-05T17:49:37+00:00,0001616707,USD,2024,CY2023Q4I,True,latest_valid_restated_sec_companyfacts,Latest valid filing available as of 2026-08-05; configured source-tag priority breaks valid same-filing ties.
w,W,0001616707-25-000022,10-K,2025-02-20,,2023-12-31,2023,FY,,current_liabilities,us-gaap,LiabilitiesCurrent,2183000000.0,2183.0,USD_millions,stock,1,https://www.sec.gov/Archives/edgar/data/1616707/000161670725000022/,2026-08-05T17:49:37+00:00,0001616707,USD,2024,CY2023Q4I,True,latest_valid_restated_sec_companyfacts,Latest valid filing available as of 2026-08-05; configured source-tag priority breaks valid same-filing ties.
w,W,0001616707-26-000027,10-K,2026-02-19,2023-01-01,2023-12-31,2023,FY,364.0,free_cash_flow,project,derived:OperatingCashFlow-CapitalExpenditure,,201.0,USD,flow,0,https://www.sec.gov/Archives/edgar/data/1616707/000161670726000027/,2026-08-05T17:49:37+00:00,0001616707,USD,2025,CY2023,True,derived_from_latest_valid_components,Operating cash flow minus positive CapEx outflow.
w,W,0001616707-25-000022,10-K,2025-02-20,,2023-12-31,2023,FY,,inventory,us-gaap,InventoryNet,75000000.0,75.0,USD_millions,stock,1,https://www.sec.gov/Archives/edgar/data/1616707/000161670725000022/,2026-08-05T17:49:37+00:00,0001616707,USD,2024,CY2023Q4I,True,latest_valid_restated_sec_companyfacts,Latest valid filing available as of 2026-08-05; configured source-tag priority breaks valid same-filing ties.
w,W,0001616707-26-000027,10-K,2026-02-19,2023-01-01,2023-12-31,2023,FY,364.0,net_income,us-gaap,NetIncomeLoss,-738000000.0,-738.0,USD_millions,flow,1,https://www.sec.gov/Archives/edgar/data/1616707/000161670726000027/,2026-08-05T17:49:37+00:00,0001616707,USD,2025,CY2023,True,latest_valid_restated_sec_companyfacts,Latest valid filing available as of 2026-08-05; configured source-tag priority breaks valid same-filing ties.
w,W,0001616707-26-000027,10-K,2026-02-19,2023-01-01,2023-12-31,2023,FY,364.0,operating_cash_flow,us-gaap,NetCashProvidedByUsedInOperatingActivities,349000000.0,349.0,USD_millions,flow,1,https://www.sec.gov/Archives/edgar/data/1616707/000161670726000027/,2026-08-05T17:49:37+00:00,0001616707,USD,2025,CY2023,True,latest_valid_restated_sec_companyfacts,Latest valid filing available as of 2026-08-05; configured source-tag priority breaks valid same-filing ties.
w,W,0001616707-26-000027,10-K,2026-02-19,2023-01-01,2023-12-31,2023,FY,364.0,operating_income,us-gaap,OperatingIncomeLoss,-813000000.0,-813.0,USD_millions,flow,1,https://www.sec.gov/Archives/edgar/data/1616707/000161670726000027/,2026-08-05T17:49:37+00:00,0001616707,USD,2025,CY2023,True,latest_valid_restated_sec_companyfacts,Latest valid filing available as of 2026-08-05; configured source-tag priority breaks valid same-filing ties.
w,W,0001616707-26-000027,10-K,2026-02-19,2023-01-01,2023-12-31,2023,FY,364.0,revenue,us-gaap,RevenueFromContractWithCustomerExcludingAssessedTax,12003000000.0,12003.0,USD_millions,flow,1,https://www.sec.gov/Archives/edgar/data/1616707/000161670726000027/,2026-08-05T17:49:37+00:00,0001616707,USD,2025,CY2023,True,latest_valid_restated_sec_companyfacts,Latest valid filing available as of 2026-08-05; configured source-tag priority breaks valid same-filing ties.
w,W,0001616707-25-000022,10-K,2025-02-20,,2023-12-31,2023,FY,,total_assets,us-gaap,Assets,3474000000.0,3474.0,USD_millions,stock,1,https://www.sec.gov/Archives/edgar/data/1616707/000161670725000022/,2026-08-05T17:49:37+00:00,0001616707,USD,2024,CY2023Q4I,True,latest_valid_restated_sec_companyfacts,Latest valid filing available as of 2026-08-05; configured source-tag priority breaks valid same-filing ties.
w,W,0001616707-26-000027,10-K,2026-02-19,,2023-12-31,2023,FY,,total_equity,us-gaap,StockholdersEquity,-2707000000.0,-2707.0,USD_millions,stock,1,https://www.sec.gov/Archives/edgar/data/1616707/000161670726000027/,2026-08-05T17:49:37+00:00,0001616707,USD,2025,CY2023Q4I,True,latest_valid_restated_sec_companyfacts,Latest valid filing available as of 2026-08-05; configured source-tag priority breaks valid same-filing ties.
w,W,0001616707-25-000022,10-K,2025-02-20,,2023-12-31,2023,FY,,total_liabilities,us-gaap,Liabilities,6181000000.0,6181.0,USD_millions,stock,1,https://www.sec.gov/Archives/edgar/data/1616707/000161670725000022/,2026-08-05T17:49:37+00:00,0001616707,USD,2024,CY2023Q4I,True,latest_valid_restated_sec_companyfacts,Latest valid filing available as of 2026-08-05; configured source-tag priority breaks valid same-filing ties.
w,W,0001616707-26-000027,10-K,2026-02-19,2024-01-01,2024-12-31,2024,FY,365.0,capital_expenditure,us-gaap,PaymentsToAcquirePropertyPlantAndEquipment,73000000.0,73.0,USD_millions,flow,1,https://www.sec.gov/Archives/edgar/data/1616707/000161670726000027/,2026-08-05T17:49:37+00:00,0001616707,USD,2025,CY2024,True,latest_valid_restated_sec_companyfacts,Latest valid filing available as of 2026-08-05; configured source-tag priority breaks valid same-filing ties.
w,W,0001616707-26-000027,10-K,2026-02-19,,2024-12-31,2024,FY,,cash_and_equivalents,us-gaap,CashAndCashEquivalentsAtCarryingValue,1316000000.0,1316.0,USD_millions,stock,1,https://www.sec.gov/Archives/edgar/data/1616707/000161670726000027/,2026-08-05T17:49:37+00:00,0001616707,USD,2025,CY2024Q4I,True,latest_valid_restated_sec_companyfacts,Latest valid filing available as of 2026-08-05; configured source-tag priority breaks valid same-filing ties.
w,W,0001616707-26-000027,10-K,2026-02-19,,2024-12-31,2024,FY,,current_assets,us-gaap,AssetsCurrent,1877000000.0,1877.0,USD_millions,stock,1,https://www.sec.gov/Archives/edgar/data/1616707/000161670726000027/,2026-08-05T17:49:37+00:00,0001616707,USD,2025,CY2024Q4I,True,latest_valid_restated_sec_companyfacts,Latest valid filing available as of 2026-08-05; configured source-tag priority breaks valid same-filing ties.
w,W,0001616707-26-000027,10-K,2026-02-19,,2024-12-31,2024,FY,,current_liabilities,us-gaap,LiabilitiesCurrent,2370000000.0,2370.0,USD_millions,stock,1,https://www.sec.gov/Archives/edgar/data/1616707/000161670726000027/,2026-08-05T17:49:37+00:00,0001616707,USD,2025,CY2024Q4I,True,latest_valid_restated_sec_companyfacts,Latest valid filing available as of 2026-08-05; configured source-tag priority breaks valid same-filing ties.
w,W,0001616707-26-000027,10-K,2026-02-19,2024-01-01,2024-12-31,2024,FY,365.0,free_cash_flow,project,derived:OperatingCashFlow-CapitalExpenditure,,244.0,USD,flow,0,https://www.sec.gov/Archives/edgar/data/1616707/000161670726000027/,2026-08-05T17:49:37+00:00,0001616707,USD,2025,CY2024,True,derived_from_latest_valid_components,Operating cash flow minus positive CapEx outflow.
w,W,0001616707-26-000027,10-K,2026-02-19,,2024-12-31,2024,FY,,inventory,us-gaap,InventoryNet,76000000.0,76.0,USD_millions,stock,1,https://www.sec.gov/Archives/edgar/data/1616707/000161670726000027/,2026-08-05T17:49:37+00:00,0001616707,USD,2025,CY2024Q4I,True,latest_valid_restated_sec_companyfacts,Latest valid filing available as of 2026-08-05; configured source-tag priority breaks valid same-filing ties.
w,W,0001616707-26-000027,10-K,2026-02-19,2024-01-01,2024-12-31,2024,FY,365.0,net_income,us-gaap,NetIncomeLoss,-492000000.0,-492.0,USD_millions,flow,1,https://www.sec.gov/Archives/edgar/data/1616707/000161670726000027/,2026-08-05T17:49:37+00:00,0001616707,USD,2025,CY2024,True,latest_valid_restated_sec_companyfacts,Latest valid filing available as of 2026-08-05; configured source-tag priority breaks valid same-filing ties.
w,W,0001616707-26-000027,10-K,2026-02-19,2024-01-01,2024-12-31,2024,FY,365.0,operating_cash_flow,us-gaap,NetCashProvidedByUsedInOperatingActivities,317000000.0,317.0,USD_millions,flow,1,https://www.sec.gov/Archives/edgar/data/1616707/000161670726000027/,2026-08-05T17:49:37+00:00,0001616707,USD,2025,CY2024,True,latest_valid_restated_sec_companyfacts,Latest valid filing available as of 2026-08-05; configured source-tag priority breaks valid same-filing ties.
w,W,0001616707-26-000027,10-K,2026-02-19,2024-01-01,2024-12-31,2024,FY,365.0,operating_income,us-gaap,OperatingIncomeLoss,-461000000.0,-461.0,USD_millions,flow,1,https://www.sec.gov/Archives/edgar/data/1616707/000161670726000027/,2026-08-05T17:49:37+00:00,0001616707,USD,2025,CY2024,True,latest_valid_restated_sec_companyfacts,Latest valid filing available as of 2026-08-05; configured source-tag priority breaks valid same-filing ties.
w,W,0001616707-26-000027,10-K,2026-02-19,2024-01-01,2024-12-31,2024,FY,365.0,revenue,us-gaap,RevenueFromContractWithCustomerExcludingAssessedTax,11851000000.0,11851.0,USD_millions,flow,1,https://www.sec.gov/Archives/edgar/data/1616707/000161670726000027/,2026-08-05T17:49:37+00:00,0001616707,USD,2025,CY2024,True,latest_valid_restated_sec_companyfacts,Latest valid filing available as of 2026-08-05; configured source-tag priority breaks valid same-filing ties.
w,W,0001616707-26-000027,10-K,2026-02-19,,2024-12-31,2024,FY,,total_assets,us-gaap,Assets,3459000000.0,3459.0,USD_millions,stock,1,https://www.sec.gov/Archives/edgar/data/1616707/000161670726000027/,2026-08-05T17:49:37+00:00,0001616707,USD,2025,CY2024Q4I,True,latest_valid_restated_sec_companyfacts,Latest valid filing available as of 2026-08-05; configured source-tag priority breaks valid same-filing ties.
w,W,0001616707-26-000027,10-K,2026-02-19,,2024-12-31,2024,FY,,total_equity,us-gaap,StockholdersEquity,-2755000000.0,-2755.0,USD_millions,stock,1,https://www.sec.gov/Archives/edgar/data/1616707/000161670726000027/,2026-08-05T17:49:37+00:00,0001616707,USD,2025,,True,latest_valid_restated_sec_companyfacts,Latest valid filing available as of 2026-08-05; configured source-tag priority breaks valid same-filing ties.
w,W,0001616707-26-000027,10-K,2026-02-19,,2024-12-31,2024,FY,,total_liabilities,us-gaap,Liabilities,6214000000.0,6214.0,USD_millions,stock,1,https://www.sec.gov/Archives/edgar/data/1616707/000161670726000027/,2026-08-05T17:49:37+00:00,0001616707,USD,2025,CY2024Q4I,True,latest_valid_restated_sec_companyfacts,Latest valid filing available as of 2026-08-05; configured source-tag priority breaks valid same-filing ties.
