company_id,ticker,company_name,formal_peer_group,fiscal_year,period_end_date,status_group,formal_sample_status,data_as_of,comparability_note,roe,net_margin,asset_turnover,equity_multiplier,roe_valid_flag,dupont_valid_flag,dupont_validity_reason,dupont_identity_gap,peer_median_roe,peer_median_net_margin,peer_median_asset_turnover,peer_median_equity_multiplier,roe_vs_peer_median,net_margin_vs_peer_median,asset_turnover_vs_peer_median,equity_multiplier_vs_peer_median,roe_peer_percentile,valid_peer_roe_count,roe_change,contribution_margin,contribution_turnover,contribution_multiplier,contribution_sum,shapley_reconciliation_gap,dominant_driver,h1_driver_group,leverage_contribution_share,h1_eligible_flag,h1_exclusion_reason,next_year_peer_relative_change,next_year_roe_change,roe_reversal_flag,rank_retention,h1_evidence_tier,h1_permitted_inference,h1_eligible_transition_count,h1_unique_company_count,h1_leverage_transition_count,h1_operating_transition_count,h1_leverage_group_median_outcome,h1_operating_group_median_outcome,h1_group_median_difference,metric_flag_count,unresolved_conflict_count,quality_warning_count,quality_warnings,source_selection_method,source_selection_note,interpretation_note,limitations_note
abnb,ABNB,Airbnb Inc,marketplace_platform,2020,2020-12-31,active,formal_included,2026-08-05,Marketplace revenue recognition and asset intensity differ; interpret margin and turnover together.,-4.381270903010034,-1.3573120189461219,,,False,False,missing_prior_balance,,-0.25483692647871753,-0.15973665973665974,0.41367772503782074,3.7161314377855748,-4.126433976531316,-1.1975753592094622,,,0.0,7,,,,,,,,,,,,,,,,B,Descriptive persistence patterns only; emphasize company concentration and year imbalance.,21,10,4,17,0.35242975575281144,-0.11898476702773753,0.47141452278054896,3,0,3,Consecutive prior-year assets/equity are unavailable; resolved_latest_restated: Later valid filing supplies the current comparative value,latest_valid_restated_sec_companyfacts,"Latest valid filing through 2026-08-05; filing date, source priority, and accession provide deterministic selection.",DuPont unavailable: missing_prior_balance.,Descriptive persistence patterns only; emphasize company concentration and year imbalance. Latest-restated annual data are not point-in-time; peer benchmarks are descriptive.
abnb,ABNB,Airbnb Inc,marketplace_platform,2021,2021-12-31,active,formal_included,2026-08-05,Marketplace revenue recognition and asset intensity differ; interpret margin and turnover together.,-0.09171443460135487,-0.05874499332443257,0.49521686378713875,3.1526184210526313,True,True,valid,0.0,0.028167212644053197,0.01730205889851094,0.49521686378713875,3.4437364120248892,-0.11988164724540806,-0.07604705222294351,0.0,-0.2911179909722579,0.16666666666666666,7,4.289556468408679,,,,,,not_available,not_available,,False,invalid_dupont_transition,0.44222985184001573,0.4580424462123853,False,0.8333333333333334,B,Descriptive persistence patterns only; emphasize company concentration and year imbalance.,21,10,4,17,0.35242975575281144,-0.11898476702773753,0.47141452278054896,2,0,2,resolved_latest_restated: Later valid filing supplies the current comparative value,latest_valid_restated_sec_companyfacts,"Latest valid filing through 2026-08-05; filing date, source priority, and accession provide deterministic selection.",No valid consecutive-year ROE transition is available for driver classification.,Descriptive persistence patterns only; emphasize company concentration and year imbalance. Latest-restated annual data are not point-in-time; peer benchmarks are descriptive.
abnb,ABNB,Airbnb Inc,marketplace_platform,2022,2022-12-31,active,formal_included,2026-08-05,Marketplace revenue recognition and asset intensity differ; interpret margin and turnover together.,0.36632801161103046,0.2253839742826527,0.5647145834734082,2.8781809385582973,True,True,valid,0.0,0.04397980701642277,0.026313857673320323,0.6435549868976294,3.179693255642623,0.32234820459460767,0.19907011660933238,-0.07884040342422116,-0.3015123170843257,0.8333333333333334,7,0.4580424462123853,0.45360311011725707,0.017009121762482114,-0.012569785667353858,0.4580424462123853,0.0,margin,operating_driven,0.0,False,turnaround_from_loss,0.001226973327835057,0.3319597843816836,False,0.8,B,Descriptive persistence patterns only; emphasize company concentration and year imbalance.,21,10,4,17,0.35242975575281144,-0.11898476702773753,0.47141452278054896,0,0,0,,latest_valid_restated_sec_companyfacts,"Latest valid filing through 2026-08-05; filing date, source priority, and accession provide deterministic selection.",The latest valid ROE improvement is operating-driven; dominant factor: margin.,Descriptive persistence patterns only; emphasize company concentration and year imbalance. Latest-restated annual data are not point-in-time; peer benchmarks are descriptive.
abnb,ABNB,Airbnb Inc,marketplace_platform,2023,2023-12-31,active,formal_included,2026-08-05,Marketplace revenue recognition and asset intensity differ; interpret margin and turnover together.,0.6982877959927141,0.483210648381567,0.5406864215031486,2.6727140255009108,True,True,valid,0.0,0.37471261807027134,0.17185856296513408,0.627294443819946,3.175044344987013,0.3235751779224427,0.31135208541643294,-0.08660802231679743,-0.5023303194861022,0.8,6,0.3319597843816836,0.39560992784504606,-0.02352162452141399,-0.04012851894194856,0.3319597843816835,1.1102230246251565e-16,margin,operating_driven,0.0,True,eligible,-0.3235751779224427,-0.3788090000706534,True,0.5,B,Descriptive persistence patterns only; emphasize company concentration and year imbalance.,21,10,4,17,0.35242975575281144,-0.11898476702773753,0.47141452278054896,0,0,0,,latest_valid_restated_sec_companyfacts,"Latest valid filing through 2026-08-05; filing date, source priority, and accession provide deterministic selection.",The latest valid ROE improvement is operating-driven; dominant factor: margin.,Descriptive persistence patterns only; emphasize company concentration and year imbalance. Latest-restated annual data are not point-in-time; peer benchmarks are descriptive.
abnb,ABNB,Airbnb Inc,marketplace_platform,2024,2024-12-31,active,formal_included,2026-08-05,Marketplace revenue recognition and asset intensity differ; interpret margin and turnover together.,0.3194787959220607,0.23851558277787785,0.5336986828189597,2.509742414188333,True,True,valid,5.551115123125783e-17,0.3194787959220607,0.10799328569414159,0.6296437354934566,2.509742414188333,0.0,0.13052229708373625,-0.09594505267449693,0.0,0.5,5,-0.3788090000706534,-0.3406359391097199,-0.006557307148597802,-0.03161575381233568,-0.3788090000706534,0.0,margin,mixed_or_ambiguous,,False,no_roe_improvement,,,,,B,Descriptive persistence patterns only; emphasize company concentration and year imbalance.,21,10,4,17,0.35242975575281144,-0.11898476702773753,0.47141452278054896,1,0,1,No consecutive t+1 annual observation is available,latest_valid_restated_sec_companyfacts,"Latest valid filing through 2026-08-05; filing date, source priority, and accession provide deterministic selection.",The latest ROE transition is not a clear positive leverage- or operating-driven improvement.,Descriptive persistence patterns only; emphasize company concentration and year imbalance. Latest-restated annual data are not point-in-time; peer benchmarks are descriptive.
amzn,AMZN,Amazon.com Inc,inventory_led_ecommerce,2018,2018-12-31,active,formal_included,2026-08-05,"Inventory ownership, fulfillment intensity, and hybrid business exposure differ within this peer group.",0.28271913329029724,0.04325273630559026,1.5844916620741738,4.125263128350501,True,True,valid,0.0,-0.05164283840584167,-0.05136341761597866,2.3961853996262596,2.936742028750036,0.3343619716961389,0.09461615392156891,-0.8116937375520858,1.1885210996004654,1.0,4,,,,,,,,,,,,,,,,B,Descriptive persistence patterns only; emphasize company concentration and year imbalance.,21,10,4,17,0.35242975575281144,-0.11898476702773753,0.47141452278054896,0,0,0,,latest_valid_restated_sec_companyfacts,"Latest valid filing through 2026-08-05; filing date, source priority, and accession provide deterministic selection.",No valid consecutive-year ROE transition is available for driver classification.,Descriptive persistence patterns only; emphasize company concentration and year imbalance. Latest-restated annual data are not point-in-time; peer benchmarks are descriptive.
amzn,AMZN,Amazon.com Inc,inventory_led_ecommerce,2019,2019-12-31,active,formal_included,2026-08-05,"Inventory ownership, fulfillment intensity, and hybrid business exposure differ within this peer group.",0.21945099376000152,0.04130870306072251,1.4463773795037844,3.6729445407114922,True,True,valid,2.7755575615628914e-17,-0.3171596363733877,-0.05207001897975609,2.92493595204727,3.4818842553744727,0.5366106301333892,0.0933787220404786,-1.4785585725434855,0.19106028533701958,1.0,4,-0.06326813953029573,-0.011497095275154494,-0.022779215295255922,-0.02899182895988529,-0.06326813953029571,-1.3877787807814457e-17,multiplier,mixed_or_ambiguous,,False,no_roe_improvement,-0.4445533249223334,0.054966234665872,False,0.75,B,Descriptive persistence patterns only; emphasize company concentration and year imbalance.,21,10,4,17,0.35242975575281144,-0.11898476702773753,0.47141452278054896,0,0,0,,latest_valid_restated_sec_companyfacts,"Latest valid filing through 2026-08-05; filing date, source priority, and accession provide deterministic selection.",The latest ROE transition is not a clear positive leverage- or operating-driven improvement.,Descriptive persistence patterns only; emphasize company concentration and year imbalance. Latest-restated annual data are not point-in-time; peer benchmarks are descriptive.
amzn,AMZN,Amazon.com Inc,inventory_led_ecommerce,2020,2020-12-31,active,formal_included,2026-08-05,"Inventory ownership, fulfillment intensity, and hybrid business exposure differ within this peer group.",0.2744172284258735,0.05525249699531684,1.4130073950988484,3.5149166366489992,True,True,valid,-5.551115123125783e-17,0.18235992321481775,0.013078826440438318,2.194100316764152,3.5149166366489992,0.09205730521105576,0.04217367055487852,-0.7810929216653035,0.0,0.75,5,0.054966234665872,0.07165234157108882,-0.005784136177493512,-0.010901970727723271,0.05496623466587204,-4.163336342344337e-17,margin,operating_driven,0.0,True,eligible,0.0941265348855207,0.013639270846732887,False,0.75,B,Descriptive persistence patterns only; emphasize company concentration and year imbalance.,21,10,4,17,0.35242975575281144,-0.11898476702773753,0.47141452278054896,0,0,0,,latest_valid_restated_sec_companyfacts,"Latest valid filing through 2026-08-05; filing date, source priority, and accession provide deterministic selection.",The latest valid ROE improvement is operating-driven; dominant factor: margin.,Descriptive persistence patterns only; emphasize company concentration and year imbalance. Latest-restated annual data are not point-in-time; peer benchmarks are descriptive.
amzn,AMZN,Amazon.com Inc,inventory_led_ecommerce,2021,2021-12-31,active,formal_included,2026-08-05,"Inventory ownership, fulfillment intensity, and hybrid business exposure differ within this peer group.",0.2880564992726064,0.07101412875514557,1.2668036411484285,3.2020168444500086,True,True,valid,0.0,0.10187265917602996,-0.008386705320724263,2.550049751243781,3.2020168444500086,0.18618384009657646,0.07940083407586983,-1.2832461100953525,0.0,0.75,5,0.013639270846732887,0.07098787355016824,-0.03093965993758597,-0.026408942765849434,0.013639270846732835,5.204170427930421e-17,margin,operating_driven,0.0,True,eligible,-0.15464188567113624,-0.3072060940497338,True,0.75,B,Descriptive persistence patterns only; emphasize company concentration and year imbalance.,21,10,4,17,0.35242975575281144,-0.11898476702773753,0.47141452278054896,0,0,0,,latest_valid_restated_sec_companyfacts,"Latest valid filing through 2026-08-05; filing date, source priority, and accession provide deterministic selection.",The latest valid ROE improvement is operating-driven; dominant factor: margin.,Descriptive persistence patterns only; emphasize company concentration and year imbalance. Latest-restated annual data are not point-in-time; peer benchmarks are descriptive.
amzn,AMZN,Amazon.com Inc,inventory_led_ecommerce,2022,2022-12-31,active,formal_included,2026-08-05,"Inventory ownership, fulfillment intensity, and hybrid business exposure differ within this peer group.",-0.01914959477712742,-0.005295895000418302,1.163879151834642,3.106793111211166,True,True,valid,-3.469446951953614e-18,-0.05069154920256766,-0.10893763300049109,1.7315598548972189,3.106793111211166,0.031541954425440236,0.10364173800007279,-0.5676807030625768,0.0,0.75,5,-0.3072060940497338,-0.2926104570952526,-0.010730547598976584,-0.003865089355504646,-0.3072060940497338,0.0,margin,mixed_or_ambiguous,,False,no_roe_improvement,0.42935163412820265,0.1940471281039458,False,1.0,B,Descriptive persistence patterns only; emphasize company concentration and year imbalance.,21,10,4,17,0.35242975575281144,-0.11898476702773753,0.47141452278054896,0,0,0,,latest_valid_restated_sec_companyfacts,"Latest valid filing through 2026-08-05; filing date, source priority, and accession provide deterministic selection.",The latest ROE transition is not a clear positive leverage- or operating-driven improvement.,Descriptive persistence patterns only; emphasize company concentration and year imbalance. Latest-restated annual data are not point-in-time; peer benchmarks are descriptive.
amzn,AMZN,Amazon.com Inc,inventory_led_ecommerce,2023,2023-12-31,active,formal_included,2026-08-05,"Inventory ownership, fulfillment intensity, and hybrid business exposure differ within this peer group.",0.1748975333268184,0.05293283575597832,1.1605616796681368,2.8470185503480705,True,True,valid,5.551115123125783e-17,-0.2859960552268245,-0.013284470911589555,1.3660980404591287,5.093718055713305,0.4608935885536429,0.06621730666756788,-0.2055363607909919,-2.2466995053652346,1.0,5,0.1940471281039458,0.20146515165505832,-0.00023104473453329136,-0.007186978816579251,0.19404712810394578,2.7755575615628914e-17,margin,operating_driven,0.0,False,turnaround_from_loss,-0.579171205082697,0.06799928840959377,False,0.3333333333333333,B,Descriptive persistence patterns only; emphasize company concentration and year imbalance.,21,10,4,17,0.35242975575281144,-0.11898476702773753,0.47141452278054896,0,0,0,,latest_valid_restated_sec_companyfacts,"Latest valid filing through 2026-08-05; filing date, source priority, and accession provide deterministic selection.",The latest valid ROE improvement is operating-driven; dominant factor: margin.,Descriptive persistence patterns only; emphasize company concentration and year imbalance. Latest-restated annual data are not point-in-time; peer benchmarks are descriptive.
amzn,AMZN,Amazon.com Inc,inventory_led_ecommerce,2024,2024-12-31,active,formal_included,2026-08-05,"Inventory ownership, fulfillment intensity, and hybrid business exposure differ within this peer group.",0.24289682173641217,0.09287117197186653,1.1068490251121668,2.3629390482632804,True,True,valid,-2.7755575615628914e-17,0.36117443826546636,-0.013078373864992752,2.2232011742714555,5.198929358285567,-0.11827761652905419,0.10594954583685928,-1.1163521491592887,-2.8359903100222867,0.3333333333333333,4,0.06799928840959377,0.11803556302251521,-0.010113935134629104,-0.03992233947829228,0.06799928840959382,-5.551115123125783e-17,margin,operating_driven,0.0,False,next_year_not_observable,,,,,B,Descriptive persistence patterns only; emphasize company concentration and year imbalance.,21,10,4,17,0.35242975575281144,-0.11898476702773753,0.47141452278054896,1,0,1,No consecutive t+1 annual observation is available,latest_valid_restated_sec_companyfacts,"Latest valid filing through 2026-08-05; filing date, source priority, and accession provide deterministic selection.",The latest valid ROE improvement is operating-driven; dominant factor: margin.,Descriptive persistence patterns only; emphasize company concentration and year imbalance. Latest-restated annual data are not point-in-time; peer benchmarks are descriptive.
bird,BIRD,Allbirds Inc,dtc_brand,2020,2020-12-31,active,formal_included,2026-08-05,"Channel mix, fiscal calendars, and inventory intensity differ within this peer group.",,-0.1179228075295491,,,False,False,missing_prior_balance,,-0.12568018255222044,-0.03920997024652794,2.1583779704930097,1.6823283242459501,,-0.07871283728302117,,,,5,,,,,,,,,,,,,,,,B,Descriptive persistence patterns only; emphasize company concentration and year imbalance.,21,10,4,17,0.35242975575281144,-0.11898476702773753,0.47141452278054896,1,0,1,Consecutive prior-year assets/equity are unavailable,latest_valid_restated_sec_companyfacts,"Latest valid filing through 2026-08-05; filing date, source priority, and accession provide deterministic selection.",DuPont unavailable: missing_prior_balance.,Descriptive persistence patterns only; emphasize company concentration and year imbalance. Latest-restated annual data are not point-in-time; peer benchmarks are descriptive.
bird,BIRD,Allbirds Inc,dtc_brand,2021,2021-12-31,active,formal_included,2026-08-05,"Channel mix, fiscal calendars, and inventory intensity differ within this peer group.",-0.2442550007133301,-0.1635119940029985,0.7576316910407497,1.9716767564744802,True,True,valid,2.7755575615628914e-17,-0.03813811265461758,-0.004224136207928774,2.1621613094905507,1.6817704559143634,-0.2061168880587125,-0.15928785779506974,-1.404529618449801,0.2899063005601168,0.0,6,,,,,,,not_available,not_available,,False,invalid_dupont_transition,0.025829934208535243,-0.03974005093474289,True,0.4,B,Descriptive persistence patterns only; emphasize company concentration and year imbalance.,21,10,4,17,0.35242975575281144,-0.11898476702773753,0.47141452278054896,0,0,0,,latest_valid_restated_sec_companyfacts,"Latest valid filing through 2026-08-05; filing date, source priority, and accession provide deterministic selection.",No valid consecutive-year ROE transition is available for driver classification.,Descriptive persistence patterns only; emphasize company concentration and year imbalance. Latest-restated annual data are not point-in-time; peer benchmarks are descriptive.
bird,BIRD,Allbirds Inc,dtc_brand,2022,2022-12-31,active,formal_included,2026-08-05,"Channel mix, fiscal calendars, and inventory intensity differ within this peer group.",-0.283995051648073,-0.34038137329312274,0.6263529495904998,1.3320663572312204,True,True,valid,-5.551115123125783e-17,-0.10370809779789572,0.017315448113486422,1.8449777172131978,1.77130656890503,-0.18028695385017726,-0.35769682140660913,-1.218624767622698,-0.43924021167380967,0.4,6,-0.03974005093474289,-0.2034138830580252,0.05339845111986999,0.11027538100341243,-0.039740050934742796,-9.71445146547012e-17,margin,mixed_or_ambiguous,0.6737508346499201,False,nonpositive_prior_roe,-0.1583357763632051,-0.3232887853717917,True,0.2,B,Descriptive persistence patterns only; emphasize company concentration and year imbalance.,21,10,4,17,0.35242975575281144,-0.11898476702773753,0.47141452278054896,0,0,0,,latest_valid_restated_sec_companyfacts,"Latest valid filing through 2026-08-05; filing date, source priority, and accession provide deterministic selection.",The latest ROE transition is not a clear positive leverage- or operating-driven improvement.,Descriptive persistence patterns only; emphasize company concentration and year imbalance. Latest-restated annual data are not point-in-time; peer benchmarks are descriptive.
bird,BIRD,Allbirds Inc,dtc_brand,2023,2023-12-31,active,formal_included,2026-08-05,"Channel mix, fiscal calendars, and inventory intensity differ within this peer group.",-0.6072838370198647,-0.6000747840119655,0.6555932439563446,1.543660799286195,True,True,valid,0.0,-0.2686611068064823,-0.008099150084610079,1.6746062156845094,1.885034839637243,-0.33862273021338235,-0.5919756339273554,-1.0190129717281649,-0.3413740403510479,0.2,6,-0.3232887853717917,-0.23947561928308486,-0.019903955158989028,-0.06390921092971784,-0.32328878537179173,5.551115123125783e-17,margin,mixed_or_ambiguous,,False,nonpositive_prior_roe,-0.31886022732108926,-0.04298409416119264,True,0.0,B,Descriptive persistence patterns only; emphasize company concentration and year imbalance.,21,10,4,17,0.35242975575281144,-0.11898476702773753,0.47141452278054896,0,0,0,,latest_valid_restated_sec_companyfacts,"Latest valid filing through 2026-08-05; filing date, source priority, and accession provide deterministic selection.",The latest ROE transition is not a clear positive leverage- or operating-driven improvement.,Descriptive persistence patterns only; emphasize company concentration and year imbalance. Latest-restated annual data are not point-in-time; peer benchmarks are descriptive.
bird,BIRD,Allbirds Inc,dtc_brand,2024,2024-12-31,active,formal_included,2026-08-05,"Channel mix, fiscal calendars, and inventory intensity differ within this peer group.",-0.6502679311810573,-0.49177632445706876,0.7566309930141313,1.7475941940114417,True,True,valid,0.0,0.007215026353414273,-0.012087052456880357,1.5722053960121507,1.7475941940114417,-0.6574829575344716,-0.4796892720001884,-0.8155744029980194,0.0,0.0,5,-0.04298409416119264,0.1260284984144349,-0.09058535658059104,-0.07842723599503647,-0.042984094161192615,-2.7755575615628914e-17,margin,mixed_or_ambiguous,0.0,False,nonpositive_prior_roe,,,,,B,Descriptive persistence patterns only; emphasize company concentration and year imbalance.,21,10,4,17,0.35242975575281144,-0.11898476702773753,0.47141452278054896,1,0,1,No consecutive t+1 annual observation is available,latest_valid_restated_sec_companyfacts,"Latest valid filing through 2026-08-05; filing date, source priority, and accession provide deterministic selection.",The latest ROE transition is not a clear positive leverage- or operating-driven improvement.,Descriptive persistence patterns only; emphasize company concentration and year imbalance. Latest-restated annual data are not point-in-time; peer benchmarks are descriptive.
bkng,BKNG,Booking Holdings Inc,marketplace_platform,2018,2018-12-31,active,formal_included,2026-08-05,Marketplace revenue recognition and asset intensity differ; interpret margin and turnover together.,0.3988825700887958,0.27521167481241826,0.603556441896215,2.401376833283448,True,True,valid,5.551115123125783e-17,0.19426366772291523,0.12836160101243513,0.603556441896215,2.401376833283448,0.20461890236588057,0.14685007379998313,0.0,0.0,1.0,5,,,,,,,,,,,,,,,,B,Descriptive persistence patterns only; emphasize company concentration and year imbalance.,21,10,4,17,0.35242975575281144,-0.11898476702773753,0.47141452278054896,0,0,0,,latest_valid_restated_sec_companyfacts,"Latest valid filing through 2026-08-05; filing date, source priority, and accession provide deterministic selection.",No valid consecutive-year ROE transition is available for driver classification.,Descriptive persistence patterns only; emphasize company concentration and year imbalance. Latest-restated annual data are not point-in-time; peer benchmarks are descriptive.
bkng,BKNG,Booking Holdings Inc,marketplace_platform,2019,2019-12-31,active,formal_included,2026-08-05,Marketplace revenue recognition and asset intensity differ; interpret margin and turnover together.,0.6610952575078136,0.32291251825302003,0.6834357776316088,2.995583639081397,True,True,valid,0.0,0.23749894741013358,0.08199872473496979,0.6117772313620117,3.026756834404085,0.42359631009768006,0.24091379351805026,0.07165854626959711,-0.03117319532268814,1.0,5,0.2622126874190178,0.08301935588104818,0.06465235099645376,0.11454098054151582,0.26221268741901776,5.551115123125783e-17,multiplier,leverage_driven,0.43682470771705456,True,eligible,-0.15785969767771002,-0.650195571566561,True,0.6666666666666666,B,Descriptive persistence patterns only; emphasize company concentration and year imbalance.,21,10,4,17,0.35242975575281144,-0.11898476702773753,0.47141452278054896,0,0,0,,latest_valid_restated_sec_companyfacts,"Latest valid filing through 2026-08-05; filing date, source priority, and accession provide deterministic selection.",The latest valid ROE improvement is leverage-driven under the frozen Shapley rule.,Descriptive persistence patterns only; emphasize company concentration and year imbalance. Latest-restated annual data are not point-in-time; peer benchmarks are descriptive.
bkng,BKNG,Booking Holdings Inc,marketplace_platform,2020,2020-12-31,active,formal_included,2026-08-05,Marketplace revenue recognition and asset intensity differ; interpret margin and turnover together.,0.01089968594125254,0.008681577398469689,0.31407708660689526,3.9974136338444484,True,True,valid,0.0,-0.25483692647871753,-0.15973665973665974,0.41367772503782074,3.7161314377855748,0.26573661241997004,0.16841823713512943,-0.09960063843092548,0.2812821960588736,0.6666666666666666,7,-0.650195571566561,-0.5382980162858371,-0.20443091964802726,0.09253336436730338,-0.6501955715665609,-1.1102230246251565e-16,margin,mixed_or_ambiguous,1.0,False,no_roe_improvement,-0.08344406533138843,0.19956007379138227,False,0.6666666666666666,B,Descriptive persistence patterns only; emphasize company concentration and year imbalance.,21,10,4,17,0.35242975575281144,-0.11898476702773753,0.47141452278054896,0,0,0,,latest_valid_restated_sec_companyfacts,"Latest valid filing through 2026-08-05; filing date, source priority, and accession provide deterministic selection.",The latest ROE transition is not a clear positive leverage- or operating-driven improvement.,Descriptive persistence patterns only; emphasize company concentration and year imbalance. Latest-restated annual data are not point-in-time; peer benchmarks are descriptive.
bkng,BKNG,Booking Holdings Inc,marketplace_platform,2021,2021-12-31,active,formal_included,2026-08-05,Marketplace revenue recognition and asset intensity differ; interpret margin and turnover together.,0.2104597597326348,0.10631502098923161,0.48151158958585083,4.111191400957456,True,True,valid,-2.7755575615628914e-17,0.028167212644053197,0.01730205889851094,0.49521686378713875,3.4437364120248892,0.1822925470885816,0.08901296209072067,-0.01370527420128792,0.6674549889325672,0.6666666666666666,7,0.19956007379138227,0.15761612286186474,0.03918657346674963,0.002757377462767894,0.19956007379138224,2.7755575615628914e-17,margin,operating_driven,0.013817280232369647,True,eligible,0.4563169316092813,0.47212952598165087,False,1.0,B,Descriptive persistence patterns only; emphasize company concentration and year imbalance.,21,10,4,17,0.35242975575281144,-0.11898476702773753,0.47141452278054896,0,0,0,,latest_valid_restated_sec_companyfacts,"Latest valid filing through 2026-08-05; filing date, source priority, and accession provide deterministic selection.",The latest valid ROE improvement is operating-driven; dominant factor: margin.,Descriptive persistence patterns only; emphasize company concentration and year imbalance. Latest-restated annual data are not point-in-time; peer benchmarks are descriptive.
bkng,BKNG,Booking Holdings Inc,marketplace_platform,2022,2022-12-31,active,formal_included,2026-08-05,Marketplace revenue recognition and asset intensity differ; interpret margin and turnover together.,0.6825892857142857,0.1789350497366881,0.6975225500999959,5.468973214285715,True,True,valid,0.0,0.04397980701642277,0.026313857673320323,0.6435549868976294,3.179693255642623,0.6386094786978629,0.1526211920633678,0.05396756320236651,2.2892799586430916,1.0,7,0.47212952598165087,0.2068419285074207,0.14935051914409256,0.11593707833013761,0.47212952598165087,0.0,margin,operating_driven,0.2455620162477266,True,eligible,224.723520008495,225.05425281954888,False,1.0,B,Descriptive persistence patterns only; emphasize company concentration and year imbalance.,21,10,4,17,0.35242975575281144,-0.11898476702773753,0.47141452278054896,0,0,0,,latest_valid_restated_sec_companyfacts,"Latest valid filing through 2026-08-05; filing date, source priority, and accession provide deterministic selection.",The latest valid ROE improvement is operating-driven; dominant factor: margin.,Descriptive persistence patterns only; emphasize company concentration and year imbalance. Latest-restated annual data are not point-in-time; peer benchmarks are descriptive.
bkng,BKNG,Booking Holdings Inc,marketplace_platform,2023,2023-12-31,active,formal_included,2026-08-05,Marketplace revenue recognition and asset intensity differ; interpret margin and turnover together.,225.73684210526315,0.2007488883688275,0.8597066575458222,1307.9736842105262,True,True,valid,2.842170943040401e-14,0.37471261807027134,0.17185856296513408,0.627294443819946,3.175044344987013,225.36212948719287,0.028890325403693434,0.23241221372587617,1304.7986398655391,1.0,6,225.05425281954888,11.538137948291766,20.604029430594075,192.91208544066296,225.05425281954882,5.684341886080802e-14,multiplier,leverage_driven,0.8571803599523274,False,next_year_not_observable,,,,,B,Descriptive persistence patterns only; emphasize company concentration and year imbalance.,21,10,4,17,0.35242975575281144,-0.11898476702773753,0.47141452278054896,0,0,1,Near-zero average equity; ROE is mechanically unstable,latest_valid_restated_sec_companyfacts,"Latest valid filing through 2026-08-05; filing date, source priority, and accession provide deterministic selection.",The latest valid ROE improvement is leverage-driven under the frozen Shapley rule.,Descriptive persistence patterns only; emphasize company concentration and year imbalance. Latest-restated annual data are not point-in-time; peer benchmarks are descriptive.
bkng,BKNG,Booking Holdings Inc,marketplace_platform,2024,2024-12-31,active,formal_included,2026-08-05,Marketplace revenue recognition and asset intensity differ; interpret margin and turnover together.,,0.24777791819368972,0.9121613832853026,,False,False,nonpositive_average_equity,,0.3194787959220607,0.10799328569414159,0.6296437354934566,2.509742414188333,,0.13978463249954814,0.28251764779184596,,,5,,,,,,,not_available,not_available,,False,invalid_dupont_transition,,,,,B,Descriptive persistence patterns only; emphasize company concentration and year imbalance.,21,10,4,17,0.35242975575281144,-0.11898476702773753,0.47141452278054896,2,0,2,Average equity is nonpositive; ROE is invalid; No consecutive t+1 annual observation is available,latest_valid_restated_sec_companyfacts,"Latest valid filing through 2026-08-05; filing date, source priority, and accession provide deterministic selection.",DuPont unavailable: nonpositive_average_equity.,Descriptive persistence patterns only; emphasize company concentration and year imbalance. Latest-restated annual data are not point-in-time; peer benchmarks are descriptive.
byon,BYON,Bed Bath & Beyond Inc,inventory_led_ecommerce,2018,2018-12-31,active,formal_included,2026-08-05,"Inventory ownership, fulfillment intensity, and hybrid business exposure differ within this peer group.",-1.0765642101303716,-0.11312632027369465,4.070442016727856,2.337947229703079,True,True,valid,0.0,-0.05164283840584167,-0.05136341761597866,2.3961853996262596,2.936742028750036,-1.02492137172453,-0.061762902657715994,1.6742566171015967,-0.5987947990469569,0.0,4,,,,,,,,,,,,,,,,B,Descriptive persistence patterns only; emphasize company concentration and year imbalance.,21,10,4,17,0.35242975575281144,-0.11898476702773753,0.47141452278054896,3,0,3,resolved_latest_restated: Later valid filing supplies the current comparative value; resolved_tag_priority: Configured canonical tag priority selects the concept-aligned value,latest_valid_restated_sec_companyfacts,"Latest valid filing through 2026-08-05; filing date, source priority, and accession provide deterministic selection.",No valid consecutive-year ROE transition is available for driver classification.,Descriptive persistence patterns only; emphasize company concentration and year imbalance. Latest-restated annual data are not point-in-time; peer benchmarks are descriptive.
byon,BYON,Bed Bath & Beyond Inc,inventory_led_ecommerce,2019,2019-12-31,active,formal_included,2026-08-05,"Inventory ownership, fulfillment intensity, and hybrid business exposure differ within this peer group.",-0.6271396254384769,-0.08490815861472055,3.2652153829700574,2.2620540918929075,True,True,valid,0.0,-0.3171596363733877,-0.05207001897975609,2.92493595204727,3.4818842553744727,-0.3099799890650892,-0.03283813963496446,0.34027943092278745,-1.2198301634815651,0.0,4,0.4494245846918947,0.23819235348199475,0.1835257887634443,0.027706442446455613,0.4494245846918946,1.1102230246251565e-16,margin,operating_driven,0.06164870234112785,False,turnaround_from_loss,0.3099799890650892,0.8094995486532947,False,0.5,B,Descriptive persistence patterns only; emphasize company concentration and year imbalance.,21,10,4,17,0.35242975575281144,-0.11898476702773753,0.47141452278054896,6,0,6,resolved_latest_restated: Later valid filing supplies the current comparative value; resolved_tag_priority: Configured canonical tag priority selects the concept-aligned value,latest_valid_restated_sec_companyfacts,"Latest valid filing through 2026-08-05; filing date, source priority, and accession provide deterministic selection.",The latest valid ROE improvement is operating-driven; dominant factor: margin.,Descriptive persistence patterns only; emphasize company concentration and year imbalance. Latest-restated annual data are not point-in-time; peer benchmarks are descriptive.
byon,BYON,Bed Bath & Beyond Inc,inventory_led_ecommerce,2020,2020-12-31,active,formal_included,2026-08-05,"Inventory ownership, fulfillment intensity, and hybrid business exposure differ within this peer group.",0.18235992321481775,0.022455055605343405,3.996847607378874,2.0318782248229756,True,True,valid,-2.7755575615628914e-17,0.18235992321481775,0.013078826440438318,2.194100316764152,3.5149166366489992,0.0,0.009376229164905088,1.8027472906147222,-1.4830384118260236,0.5,5,0.8094995486532947,0.8354648956240516,-0.05055704345558504,0.024591696484828025,0.8094995486532945,1.1102230246251565e-16,margin,operating_driven,0.02859311434905532,False,turnaround_from_loss,0.5576819146743248,0.477194650635537,False,1.0,B,Descriptive persistence patterns only; emphasize company concentration and year imbalance.,21,10,4,17,0.35242975575281144,-0.11898476702773753,0.47141452278054896,7,0,7,resolved_latest_restated: Later valid filing supplies the current comparative value; resolved_tag_priority: Configured canonical tag priority selects the concept-aligned value,latest_valid_restated_sec_companyfacts,"Latest valid filing through 2026-08-05; filing date, source priority, and accession provide deterministic selection.",The latest valid ROE improvement is operating-driven; dominant factor: margin.,Descriptive persistence patterns only; emphasize company concentration and year imbalance. Latest-restated annual data are not point-in-time; peer benchmarks are descriptive.
byon,BYON,Bed Bath & Beyond Inc,inventory_led_ecommerce,2021,2021-12-31,active,formal_included,2026-08-05,"Inventory ownership, fulfillment intensity, and hybrid business exposure differ within this peer group.",0.6595545738503548,0.14125870777080343,2.907367444019028,1.6059631815379194,True,True,valid,0.0,0.10187265917602996,-0.008386705320724263,2.550049751243781,3.2020168444500086,0.5576819146743248,0.1496454130915277,0.35731769277524705,-1.5960536629120892,1.0,5,0.477194650635537,0.7505751808374878,-0.15761998508791605,-0.11576054511403466,0.477194650635537,0.0,margin,operating_driven,0.0,True,eligible,-0.5576819146743248,-0.7102461230529225,True,0.5,B,Descriptive persistence patterns only; emphasize company concentration and year imbalance.,21,10,4,17,0.35242975575281144,-0.11898476702773753,0.47141452278054896,2,0,2,resolved_latest_restated: Later valid filing supplies the current comparative value; resolved_tag_priority: Configured canonical tag priority selects the concept-aligned value,latest_valid_restated_sec_companyfacts,"Latest valid filing through 2026-08-05; filing date, source priority, and accession provide deterministic selection.",The latest valid ROE improvement is operating-driven; dominant factor: margin.,Descriptive persistence patterns only; emphasize company concentration and year imbalance. Latest-restated annual data are not point-in-time; peer benchmarks are descriptive.
byon,BYON,Bed Bath & Beyond Inc,inventory_led_ecommerce,2022,2022-12-31,active,formal_included,2026-08-05,"Inventory ownership, fulfillment intensity, and hybrid business exposure differ within this peer group.",-0.05069154920256766,-0.018263297075571155,1.9843888852318732,1.3987161670306398,True,True,valid,0.0,-0.05069154920256766,-0.10893763300049109,1.7315598548972189,3.106793111211166,0.0,0.09067433592491993,0.2528290303346543,-1.7080769441805264,0.5,5,-0.7102461230529225,-0.5887127978633273,-0.08781723882901243,-0.03371608636058267,-0.7102461230529223,-1.1102230246251565e-16,margin,mixed_or_ambiguous,,False,no_roe_improvement,-0.3266504434328209,-0.5619549494570777,True,0.25,B,Descriptive persistence patterns only; emphasize company concentration and year imbalance.,21,10,4,17,0.35242975575281144,-0.11898476702773753,0.47141452278054896,1,0,1,resolved_latest_restated: Later valid filing supplies the current comparative value,latest_valid_restated_sec_companyfacts,"Latest valid filing through 2026-08-05; filing date, source priority, and accession provide deterministic selection.",The latest ROE transition is not a clear positive leverage- or operating-driven improvement.,Descriptive persistence patterns only; emphasize company concentration and year imbalance. Latest-restated annual data are not point-in-time; peer benchmarks are descriptive.
byon,BYON,Bed Bath & Beyond Inc,inventory_led_ecommerce,2023,2023-12-31,active,formal_included,2026-08-05,"Inventory ownership, fulfillment intensity, and hybrid business exposure differ within this peer group.",-0.6126464986596454,-0.1971927882638256,2.061752656560774,1.5068928253718066,True,True,valid,0.0,-0.2859960552268245,-0.013284470911589555,1.3660980404591287,5.093718055713305,-0.3266504434328209,-0.18390831735223606,0.6956546161016453,-3.5868252303414985,0.25,5,-0.5619549494570777,-0.5260211632878135,-0.01223282019845052,-0.023700965970813802,-0.5619549494570778,1.1102230246251565e-16,margin,mixed_or_ambiguous,,False,nonpositive_prior_roe,-1.0263341216089703,-0.3791636281166795,True,0.0,B,Descriptive persistence patterns only; emphasize company concentration and year imbalance.,21,10,4,17,0.35242975575281144,-0.11898476702773753,0.47141452278054896,1,0,1,resolved_latest_restated: Later valid filing supplies the current comparative value,latest_valid_restated_sec_companyfacts,"Latest valid filing through 2026-08-05; filing date, source priority, and accession provide deterministic selection.",The latest ROE transition is not a clear positive leverage- or operating-driven improvement.,Descriptive persistence patterns only; emphasize company concentration and year imbalance. Latest-restated annual data are not point-in-time; peer benchmarks are descriptive.
byon,BYON,Bed Bath & Beyond Inc,inventory_led_ecommerce,2024,2024-12-31,active,formal_included,2026-08-05,"Inventory ownership, fulfillment intensity, and hybrid business exposure differ within this peer group.",-0.9918101267763249,-0.1855209166688173,2.688382419259722,1.9885870648291506,True,True,valid,0.0,0.36117443826546636,-0.013078373864992752,2.2232011742714555,5.198929358285567,-1.3529845650417913,-0.17244254280382454,0.4651812449882664,-3.2103422934564163,0.0,4,-0.3791636281166795,0.04874353407259708,-0.20927773006988515,-0.21862943211939145,-0.37916362811667953,5.551115123125783e-17,multiplier,mixed_or_ambiguous,0.0,False,nonpositive_prior_roe,,,,,B,Descriptive persistence patterns only; emphasize company concentration and year imbalance.,21,10,4,17,0.35242975575281144,-0.11898476702773753,0.47141452278054896,2,0,2,No consecutive t+1 annual observation is available; resolved_latest_restated: Later valid filing supplies the current comparative value,latest_valid_restated_sec_companyfacts,"Latest valid filing through 2026-08-05; filing date, source priority, and accession provide deterministic selection.",The latest ROE transition is not a clear positive leverage- or operating-driven improvement.,Descriptive persistence patterns only; emphasize company concentration and year imbalance. Latest-restated annual data are not point-in-time; peer benchmarks are descriptive.
cars,CARS,Cars.com Inc,marketplace_platform,2018,2018-12-31,active,formal_included,2026-08-05,Marketplace revenue recognition and asset intensity differ; interpret margin and turnover together.,0.02347755675880378,0.05861262265396216,0.2590690016488027,1.5461310185475057,True,True,valid,0.0,0.19426366772291523,0.12836160101243513,0.603556441896215,2.401376833283448,-0.17078611096411145,-0.06974897835847296,-0.34448744024741235,-0.8552458147359423,0.0,5,,,,,,,,,,,,,,,,B,Descriptive persistence patterns only; emphasize company concentration and year imbalance.,21,10,4,17,0.35242975575281144,-0.11898476702773753,0.47141452278054896,0,0,0,,latest_valid_restated_sec_companyfacts,"Latest valid filing through 2026-08-05; filing date, source priority, and accession provide deterministic selection.",No valid consecutive-year ROE transition is available for driver classification.,Descriptive persistence patterns only; emphasize company concentration and year imbalance. Latest-restated annual data are not point-in-time; peer benchmarks are descriptive.
cars,CARS,Cars.com Inc,marketplace_platform,2019,2019-12-31,active,formal_included,2026-08-05,Marketplace revenue recognition and asset intensity differ; interpret margin and turnover together.,-0.3217669421613004,-0.7340319969934825,0.2621483232293553,1.6721658415796872,True,True,valid,-5.551115123125783e-17,0.23749894741013358,0.08199872473496979,0.6117772313620117,3.026756834404085,-0.559265889571434,-0.8160307217284524,-0.3496289081326564,-1.354590992824398,0.0,5,-0.3452444989201042,-0.33242751384237557,-0.001699015933415024,-0.011117969144313575,-0.34524449892010417,-5.551115123125783e-17,margin,mixed_or_ambiguous,,False,no_roe_improvement,-0.23158453495279163,-0.7239204088416428,True,0.16666666666666666,B,Descriptive persistence patterns only; emphasize company concentration and year imbalance.,21,10,4,17,0.35242975575281144,-0.11898476702773753,0.47141452278054896,0,0,0,,latest_valid_restated_sec_companyfacts,"Latest valid filing through 2026-08-05; filing date, source priority, and accession provide deterministic selection.",The latest ROE transition is not a clear positive leverage- or operating-driven improvement.,Descriptive persistence patterns only; emphasize company concentration and year imbalance. Latest-restated annual data are not point-in-time; peer benchmarks are descriptive.
cars,CARS,Cars.com Inc,marketplace_platform,2020,2020-12-31,active,formal_included,2026-08-05,Marketplace revenue recognition and asset intensity differ; interpret margin and turnover together.,-1.0456873510029432,-1.4412816002834687,0.35280630910882904,2.0564429673389175,True,True,valid,0.0,-0.25483692647871753,-0.15973665973665974,0.41367772503782074,3.7161314377855748,-0.7908504245242256,-1.2815449405468091,-0.0608714159289917,-1.6596884704466572,0.16666666666666666,7,-0.7239204088416428,-0.4074708711001047,-0.18588256687089533,-0.13056697087064276,-0.7239204088416428,0.0,margin,mixed_or_ambiguous,,False,nonpositive_prior_roe,0.7908504245242256,1.0738545636469965,False,0.5,B,Descriptive persistence patterns only; emphasize company concentration and year imbalance.,21,10,4,17,0.35242975575281144,-0.11898476702773753,0.47141452278054896,2,0,2,resolved_latest_restated: Later valid filing supplies the current comparative value,latest_valid_restated_sec_companyfacts,"Latest valid filing through 2026-08-05; filing date, source priority, and accession provide deterministic selection.",The latest ROE transition is not a clear positive leverage- or operating-driven improvement.,Descriptive persistence patterns only; emphasize company concentration and year imbalance. Latest-restated annual data are not point-in-time; peer benchmarks are descriptive.
cars,CARS,Cars.com Inc,marketplace_platform,2021,2021-12-31,active,formal_included,2026-08-05,Marketplace revenue recognition and asset intensity differ; interpret margin and turnover together.,0.028167212644053197,0.01730205889851094,0.598855355254194,2.7184675219587318,True,True,valid,3.469446951953614e-18,0.028167212644053197,0.01730205889851094,0.49521686378713875,3.4437364120248892,0.0,0.0,0.10363849146705523,-0.7252688900661575,0.5,7,1.0738545636469965,1.6767863525345617,-0.3984458042773262,-0.20448598461023948,1.073854563646996,4.440892098500626e-16,margin,operating_driven,0.0,False,turnaround_from_loss,0.0,0.015812594372369572,False,0.5,B,Descriptive persistence patterns only; emphasize company concentration and year imbalance.,21,10,4,17,0.35242975575281144,-0.11898476702773753,0.47141452278054896,4,0,4,resolved_latest_restated: Later valid filing supplies the current comparative value,latest_valid_restated_sec_companyfacts,"Latest valid filing through 2026-08-05; filing date, source priority, and accession provide deterministic selection.",The latest valid ROE improvement is operating-driven; dominant factor: margin.,Descriptive persistence patterns only; emphasize company concentration and year imbalance. Latest-restated annual data are not point-in-time; peer benchmarks are descriptive.
cars,CARS,Cars.com Inc,marketplace_platform,2022,2022-12-31,active,formal_included,2026-08-05,Marketplace revenue recognition and asset intensity differ; interpret margin and turnover together.,0.04397980701642277,0.026313857673320323,0.6435549868976294,2.597066905233561,True,True,valid,0.0,0.04397980701642277,0.026313857673320323,0.6435549868976294,3.179693255642623,0.0,0.0,0.0,-0.5826263504090621,0.5,7,0.015812594372369572,0.014874573369993958,0.00258673669296694,-0.0016487156905913214,0.015812594372369575,-3.469446951953614e-18,margin,operating_driven,0.0,True,eligible,-0.10446306813632666,0.22626974291752192,False,0.4,B,Descriptive persistence patterns only; emphasize company concentration and year imbalance.,21,10,4,17,0.35242975575281144,-0.11898476702773753,0.47141452278054896,1,0,1,resolved_latest_restated: Later valid filing supplies the current comparative value,latest_valid_restated_sec_companyfacts,"Latest valid filing through 2026-08-05; filing date, source priority, and accession provide deterministic selection.",The latest valid ROE improvement is operating-driven; dominant factor: margin.,Descriptive persistence patterns only; emphasize company concentration and year imbalance. Latest-restated annual data are not point-in-time; peer benchmarks are descriptive.
cars,CARS,Cars.com Inc,marketplace_platform,2023,2023-12-31,active,formal_included,2026-08-05,Marketplace revenue recognition and asset intensity differ; interpret margin and turnover together.,0.2702495499339447,0.17185856296513408,0.627294443819946,2.5068154489594288,True,True,valid,5.551115123125783e-17,0.37471261807027134,0.17185856296513408,0.627294443819946,3.175044344987013,-0.10446306813632666,0.0,0.0,-0.6682288960275842,0.4,6,0.22626974291752192,0.23602821714317604,-0.004093877012047805,-0.005664597213606337,0.2262697429175219,2.7755575615628914e-17,margin,operating_driven,0.0,True,eligible,-0.11898476702773753,-0.17421858917594818,True,0.25,B,Descriptive persistence patterns only; emphasize company concentration and year imbalance.,21,10,4,17,0.35242975575281144,-0.11898476702773753,0.47141452278054896,0,0,0,,latest_valid_restated_sec_companyfacts,"Latest valid filing through 2026-08-05; filing date, source priority, and accession provide deterministic selection.",The latest valid ROE improvement is operating-driven; dominant factor: margin.,Descriptive persistence patterns only; emphasize company concentration and year imbalance. Latest-restated annual data are not point-in-time; peer benchmarks are descriptive.
cars,CARS,Cars.com Inc,marketplace_platform,2024,2024-12-31,active,formal_included,2026-08-05,Marketplace revenue recognition and asset intensity differ; interpret margin and turnover together.,0.09603096075799651,0.06700669677620308,0.6296437354934566,2.2761358439128214,True,True,valid,0.0,0.3194787959220607,0.10799328569414159,0.6296437354934566,2.509742414188333,-0.2234478351640642,-0.04098658891793851,0.0,-0.23360657027551168,0.25,5,-0.17421858917594818,-0.15758431917253227,0.0006757404478510868,-0.01731001045126695,-0.17421858917594812,-5.551115123125783e-17,margin,mixed_or_ambiguous,0.0,False,no_roe_improvement,,,,,B,Descriptive persistence patterns only; emphasize company concentration and year imbalance.,21,10,4,17,0.35242975575281144,-0.11898476702773753,0.47141452278054896,1,0,1,No consecutive t+1 annual observation is available,latest_valid_restated_sec_companyfacts,"Latest valid filing through 2026-08-05; filing date, source priority, and accession provide deterministic selection.",The latest ROE transition is not a clear positive leverage- or operating-driven improvement.,Descriptive persistence patterns only; emphasize company concentration and year imbalance. Latest-restated annual data are not point-in-time; peer benchmarks are descriptive.
chwy,CHWY,Chewy Inc,inventory_led_ecommerce,2018,2019-02-03,active,formal_included,2026-08-05,"Inventory ownership, fulfillment intensity, and hybrid business exposure differ within this peer group.",,-0.07582857629717986,,,False,False,missing_prior_balance,,-0.05164283840584167,-0.05136341761597866,2.3961853996262596,2.936742028750036,,-0.0244651586812012,,,,4,,,,,,,,,,,,,,,,B,Descriptive persistence patterns only; emphasize company concentration and year imbalance.,21,10,4,17,0.35242975575281144,-0.11898476702773753,0.47141452278054896,1,0,1,Consecutive prior-year assets/equity are unavailable,latest_valid_restated_sec_companyfacts,"Latest valid filing through 2026-08-05; filing date, source priority, and accession provide deterministic selection.",DuPont unavailable: missing_prior_balance.,Descriptive persistence patterns only; emphasize company concentration and year imbalance. Latest-restated annual data are not point-in-time; peer benchmarks are descriptive.
chwy,CHWY,Chewy Inc,inventory_led_ecommerce,2019,2020-02-02,active,formal_included,2026-08-05,"Inventory ownership, fulfillment intensity, and hybrid business exposure differ within this peer group.",,-0.05207001897975609,6.5765677505846565,,False,False,nonpositive_average_equity,,-0.3171596363733877,-0.05207001897975609,2.92493595204727,3.4818842553744727,,0.0,3.6516317985373865,,,4,,,,,,,not_available,not_available,,False,invalid_dupont_transition,,,,,B,Descriptive persistence patterns only; emphasize company concentration and year imbalance.,21,10,4,17,0.35242975575281144,-0.11898476702773753,0.47141452278054896,1,0,1,Average equity is nonpositive; ROE is invalid,latest_valid_restated_sec_companyfacts,"Latest valid filing through 2026-08-05; filing date, source priority, and accession provide deterministic selection.",DuPont unavailable: nonpositive_average_equity.,Descriptive persistence patterns only; emphasize company concentration and year imbalance. Latest-restated annual data are not point-in-time; peer benchmarks are descriptive.
chwy,CHWY,Chewy Inc,inventory_led_ecommerce,2020,2021-01-31,active,formal_included,2026-08-05,"Inventory ownership, fulfillment intensity, and hybrid business exposure differ within this peer group.",,-0.012941867246997873,5.346536831272718,,False,False,nonpositive_average_equity,,0.18235992321481775,0.013078826440438318,2.194100316764152,3.5149166366489992,,-0.02602069368743619,3.1524365145085658,,,5,,,,,,,not_available,not_available,,False,invalid_dupont_transition,,,,,B,Descriptive persistence patterns only; emphasize company concentration and year imbalance.,21,10,4,17,0.35242975575281144,-0.11898476702773753,0.47141452278054896,2,0,2,Average equity is nonpositive; ROE is invalid; resolved_latest_restated: Later valid filing supplies the current comparative value,latest_valid_restated_sec_companyfacts,"Latest valid filing through 2026-08-05; filing date, source priority, and accession provide deterministic selection.",DuPont unavailable: nonpositive_average_equity.,Descriptive persistence patterns only; emphasize company concentration and year imbalance. Latest-restated annual data are not point-in-time; peer benchmarks are descriptive.
chwy,CHWY,Chewy Inc,inventory_led_ecommerce,2021,2022-01-30,active,formal_included,2026-08-05,"Inventory ownership, fulfillment intensity, and hybrid business exposure differ within this peer group.",,-0.008386705320724263,4.686155982285702,,False,False,nonpositive_average_equity,,0.10187265917602996,-0.008386705320724263,2.550049751243781,3.2020168444500086,,0.0,2.136106231041921,,,5,,,,,,,not_available,not_available,,False,invalid_dupont_transition,,,,1.0,B,Descriptive persistence patterns only; emphasize company concentration and year imbalance.,21,10,4,17,0.35242975575281144,-0.11898476702773753,0.47141452278054896,5,0,5,Average equity is nonpositive; ROE is invalid; resolved_latest_restated: Later valid filing supplies the current comparative value,latest_valid_restated_sec_companyfacts,"Latest valid filing through 2026-08-05; filing date, source priority, and accession provide deterministic selection.",DuPont unavailable: nonpositive_average_equity.,Descriptive persistence patterns only; emphasize company concentration and year imbalance. Latest-restated annual data are not point-in-time; peer benchmarks are descriptive.
chwy,CHWY,Chewy Inc,inventory_led_ecommerce,2022,2023-01-29,active,formal_included,2026-08-05,"Inventory ownership, fulfillment intensity, and hybrid business exposure differ within this peer group.",0.8269638713954259,0.004931218499851764,4.393739691656649,38.167873715611535,True,True,valid,0.0,-0.05069154920256766,-0.10893763300049109,1.7315598548972189,3.106793111211166,0.8776554205979936,0.11386885150034284,2.6621798367594307,35.06108060440037,1.0,5,,,,,,,not_available,not_available,,False,invalid_dupont_transition,-0.47355617419908447,-0.7088606802233413,True,0.75,B,Descriptive persistence patterns only; emphasize company concentration and year imbalance.,21,10,4,17,0.35242975575281144,-0.11898476702773753,0.47141452278054896,5,0,5,resolved_latest_restated: Later valid filing supplies the current comparative value,latest_valid_restated_sec_companyfacts,"Latest valid filing through 2026-08-05; filing date, source priority, and accession provide deterministic selection.",No valid consecutive-year ROE transition is available for driver classification.,Descriptive persistence patterns only; emphasize company concentration and year imbalance. Latest-restated annual data are not point-in-time; peer benchmarks are descriptive.
chwy,CHWY,Chewy Inc,inventory_led_ecommerce,2023,2024-01-28,active,formal_included,2026-08-05,"Inventory ownership, fulfillment intensity, and hybrid business exposure differ within this peer group.",0.1181031911720847,0.0035523022686294032,3.9069026081589806,8.509795705338503,True,True,valid,0.0,-0.2859960552268245,-0.013284470911589555,1.3660980404591287,5.093718055713305,0.40409924639890915,0.016836773180218957,2.540804567699852,3.4160776496251977,0.75,5,-0.7088606802233413,-0.1352260130321151,-0.04985491418969137,-0.5237797530015348,-0.7088606802233413,0.0,multiplier,mixed_or_ambiguous,,False,no_roe_improvement,0.25234746071007397,0.8995179542023648,False,1.0,B,Descriptive persistence patterns only; emphasize company concentration and year imbalance.,21,10,4,17,0.35242975575281144,-0.11898476702773753,0.47141452278054896,0,0,0,,latest_valid_restated_sec_companyfacts,"Latest valid filing through 2026-08-05; filing date, source priority, and accession provide deterministic selection.",The latest ROE transition is not a clear positive leverage- or operating-driven improvement.,Descriptive persistence patterns only; emphasize company concentration and year imbalance. Latest-restated annual data are not point-in-time; peer benchmarks are descriptive.
chwy,CHWY,Chewy Inc,inventory_led_ecommerce,2024,2025-02-02,active,formal_included,2026-08-05,"Inventory ownership, fulfillment intensity, and hybrid business exposure differ within this peer group.",1.0176211453744495,0.033107669479736625,3.8253922411422923,8.034919668307854,True,True,valid,0.0,0.36117443826546636,-0.013078373864992752,2.2232011742714555,5.198929358285567,0.6564467071089831,0.04618604334472938,1.6021910668708368,2.8359903100222867,1.0,4,0.8995179542023648,0.9453396505983361,-0.01226426214832244,-0.03355743424764915,0.8995179542023646,2.220446049250313e-16,margin,operating_driven,0.0,False,next_year_not_observable,,,,,B,Descriptive persistence patterns only; emphasize company concentration and year imbalance.,21,10,4,17,0.35242975575281144,-0.11898476702773753,0.47141452278054896,1,0,1,No consecutive t+1 annual observation is available,latest_valid_restated_sec_companyfacts,"Latest valid filing through 2026-08-05; filing date, source priority, and accession provide deterministic selection.",The latest valid ROE improvement is operating-driven; dominant factor: margin.,Descriptive persistence patterns only; emphasize company concentration and year imbalance. Latest-restated annual data are not point-in-time; peer benchmarks are descriptive.
cvna,CVNA,Carvana Co,inventory_led_ecommerce,2018,2018-12-31,active,formal_included,2026-08-05,"Inventory ownership, fulfillment intensity, and hybrid business exposure differ within this peer group.",-0.21903724059509144,-0.02836969378670159,2.3961853996262596,3.2221287785463852,True,True,valid,0.0,-0.05164283840584167,-0.05136341761597866,2.3961853996262596,2.936742028750036,-0.16739440218924978,0.022993723829277068,0.0,0.28538674979634937,0.3333333333333333,4,,,,,,,,,,,,,,,,B,Descriptive persistence patterns only; emphasize company concentration and year imbalance.,21,10,4,17,0.35242975575281144,-0.11898476702773753,0.47141452278054896,3,0,3,resolved_latest_restated: Later valid filing supplies the current comparative value; resolved_tag_priority: Configured canonical tag priority selects the concept-aligned value,latest_valid_restated_sec_companyfacts,"Latest valid filing through 2026-08-05; filing date, source priority, and accession provide deterministic selection.",No valid consecutive-year ROE transition is available for driver classification.,Descriptive persistence patterns only; emphasize company concentration and year imbalance. Latest-restated annual data are not point-in-time; peer benchmarks are descriptive.
cvna,CVNA,Carvana Co,inventory_led_ecommerce,2019,2019-12-31,active,formal_included,2026-08-05,"Inventory ownership, fulfillment intensity, and hybrid business exposure differ within this peer group.",-0.548926014319809,-0.02918781725888325,2.584656521124483,7.276279236276849,True,True,valid,0.0,-0.3171596363733877,-0.05207001897975609,2.92493595204727,3.4818842553744727,-0.23176637794642135,0.022882201720872842,-0.340279430922787,3.7943949809023767,0.3333333333333333,4,-0.3298887737247176,-0.01074719871446833,-0.028523588639939205,-0.29061798637031006,-0.3298887737247176,0.0,multiplier,mixed_or_ambiguous,,False,nonpositive_prior_roe,-0.2946579315863039,0.2048616280019016,False,0.25,B,Descriptive persistence patterns only; emphasize company concentration and year imbalance.,21,10,4,17,0.35242975575281144,-0.11898476702773753,0.47141452278054896,3,0,3,resolved_latest_restated: Later valid filing supplies the current comparative value; resolved_tag_priority: Configured canonical tag priority selects the concept-aligned value,latest_valid_restated_sec_companyfacts,"Latest valid filing through 2026-08-05; filing date, source priority, and accession provide deterministic selection.",The latest ROE transition is not a clear positive leverage- or operating-driven improvement.,Descriptive persistence patterns only; emphasize company concentration and year imbalance. Latest-restated annual data are not point-in-time; peer benchmarks are descriptive.
cvna,CVNA,Carvana Co,inventory_led_ecommerce,2020,2020-12-31,active,formal_included,2026-08-05,"Inventory ownership, fulfillment intensity, and hybrid business exposure differ within this peer group.",-0.3440643863179074,-0.030606765706103455,2.194100316764152,5.123488933601609,True,True,valid,0.0,0.18235992321481775,0.013078826440438318,2.194100316764152,3.5149166366489992,-0.5264243095327252,-0.043685592146541774,0.0,1.6085722969526102,0.25,5,0.2048616280019016,-0.02111953603103495,0.07229397785188019,0.15368718618105634,0.20486162800190158,2.7755575615628914e-17,multiplier,leverage_driven,0.6800884792267757,False,turnaround_from_loss,0.22108518464456262,0.14059792060577478,False,0.25,B,Descriptive persistence patterns only; emphasize company concentration and year imbalance.,21,10,4,17,0.35242975575281144,-0.11898476702773753,0.47141452278054896,3,0,3,resolved_latest_restated: Later valid filing supplies the current comparative value; resolved_tag_priority: Configured canonical tag priority selects the concept-aligned value,latest_valid_restated_sec_companyfacts,"Latest valid filing through 2026-08-05; filing date, source priority, and accession provide deterministic selection.",The latest valid ROE improvement is leverage-driven under the frozen Shapley rule.,Descriptive persistence patterns only; emphasize company concentration and year imbalance. Latest-restated annual data are not point-in-time; peer benchmarks are descriptive.
cvna,CVNA,Carvana Co,inventory_led_ecommerce,2021,2021-12-31,active,formal_included,2026-08-05,"Inventory ownership, fulfillment intensity, and hybrid business exposure differ within this peer group.",-0.20346646571213264,-0.010535351958795068,2.550049751243781,7.573474001507159,True,True,valid,-2.7755575615628914e-17,0.10187265917602996,-0.008386705320724263,2.550049751243781,3.2020168444500086,-0.3053391248881626,-0.002148646638070805,0.0,4.371457157057151,0.25,5,0.14059792060577478,0.30371555394650335,-0.04502657017655333,-0.11809106316417517,0.14059792060577486,-8.326672684688674e-17,margin,operating_driven,0.0,False,turnaround_from_loss,,,,,B,Descriptive persistence patterns only; emphasize company concentration and year imbalance.,21,10,4,17,0.35242975575281144,-0.11898476702773753,0.47141452278054896,3,0,3,resolved_latest_restated: Later valid filing supplies the current comparative value; resolved_tag_priority: Configured canonical tag priority selects the concept-aligned value,latest_valid_restated_sec_companyfacts,"Latest valid filing through 2026-08-05; filing date, source priority, and accession provide deterministic selection.",The latest valid ROE improvement is operating-driven; dominant factor: margin.,Descriptive persistence patterns only; emphasize company concentration and year imbalance. Latest-restated annual data are not point-in-time; peer benchmarks are descriptive.
cvna,CVNA,Carvana Co,inventory_led_ecommerce,2022,2022-12-31,active,formal_included,2026-08-05,"Inventory ownership, fulfillment intensity, and hybrid business exposure differ within this peer group.",,-0.11665686562775654,1.7315598548972189,,False,False,nonpositive_average_equity,,-0.05069154920256766,-0.10893763300049109,1.7315598548972189,3.106793111211166,,-0.007719232627265454,0.0,,,5,,,,,,,not_available,not_available,,False,invalid_dupont_transition,,,,,B,Descriptive persistence patterns only; emphasize company concentration and year imbalance.,21,10,4,17,0.35242975575281144,-0.11898476702773753,0.47141452278054896,4,0,4,Average equity is nonpositive; ROE is invalid; resolved_latest_restated: Later valid filing supplies the current comparative value; resolved_tag_priority: Configured canonical tag priority selects the concept-aligned value,latest_valid_restated_sec_companyfacts,"Latest valid filing through 2026-08-05; filing date, source priority, and accession provide deterministic selection.",DuPont unavailable: nonpositive_average_equity.,Descriptive persistence patterns only; emphasize company concentration and year imbalance. Latest-restated annual data are not point-in-time; peer benchmarks are descriptive.
cvna,CVNA,Carvana Co,inventory_led_ecommerce,2023,2023-12-31,active,formal_included,2026-08-05,"Inventory ownership, fulfillment intensity, and hybrid business exposure differ within this peer group.",,0.04177885061739857,1.3660980404591287,,False,False,nonpositive_average_equity,,-0.2859960552268245,-0.013284470911589555,1.3660980404591287,5.093718055713305,,0.05506332152898812,0.0,,,5,,,,,,,not_available,not_available,,False,invalid_dupont_transition,,,,0.6666666666666666,B,Descriptive persistence patterns only; emphasize company concentration and year imbalance.,21,10,4,17,0.35242975575281144,-0.11898476702773753,0.47141452278054896,4,0,4,Average equity is nonpositive; ROE is invalid; resolved_latest_restated: Later valid filing supplies the current comparative value; resolved_tag_priority: Configured canonical tag priority selects the concept-aligned value,latest_valid_restated_sec_companyfacts,"Latest valid filing through 2026-08-05; filing date, source priority, and accession provide deterministic selection.",DuPont unavailable: nonpositive_average_equity.,Descriptive persistence patterns only; emphasize company concentration and year imbalance. Latest-restated annual data are not point-in-time; peer benchmarks are descriptive.
cvna,CVNA,Carvana Co,inventory_led_ecommerce,2024,2024-12-31,active,formal_included,2026-08-05,"Inventory ownership, fulfillment intensity, and hybrid business exposure differ within this peer group.",0.4794520547945205,0.015358736195421633,1.7580199292831886,17.756849315068493,True,True,valid,0.0,0.36117443826546636,-0.013078373864992752,2.2232011742714555,5.198929358285567,0.11827761652905416,0.028437110060414383,-0.46518124498826685,12.557919956782925,0.6666666666666666,4,,,,,,,not_available,not_available,,False,invalid_dupont_transition,,,,,B,Descriptive persistence patterns only; emphasize company concentration and year imbalance.,21,10,4,17,0.35242975575281144,-0.11898476702773753,0.47141452278054896,5,0,5,No consecutive t+1 annual observation is available; resolved_latest_restated: Later valid filing supplies the current comparative value; resolved_tag_priority: Configured canonical tag priority selects the concept-aligned value,latest_valid_restated_sec_companyfacts,"Latest valid filing through 2026-08-05; filing date, source priority, and accession provide deterministic selection.",No valid consecutive-year ROE transition is available for driver classification.,Descriptive persistence patterns only; emphasize company concentration and year imbalance. Latest-restated annual data are not point-in-time; peer benchmarks are descriptive.
dash,DASH,DoorDash Inc,marketplace_platform,2019,2019-12-31,active,formal_included,2026-08-05,Marketplace revenue recognition and asset intensity differ; interpret margin and turnover together.,,-0.7536723163841808,,,False,False,missing_prior_balance,,0.23749894741013358,0.08199872473496979,0.6117772313620117,3.026756834404085,,-0.8356710411191506,,,,5,,,,,,,,,,,,,,,,B,Descriptive persistence patterns only; emphasize company concentration and year imbalance.,21,10,4,17,0.35242975575281144,-0.11898476702773753,0.47141452278054896,3,0,3,Consecutive prior-year assets/equity are unavailable; resolved_latest_restated: Later valid filing supplies the current comparative value; resolved_tag_priority: Configured canonical tag priority selects the concept-aligned value,latest_valid_restated_sec_companyfacts,"Latest valid filing through 2026-08-05; filing date, source priority, and accession provide deterministic selection.",DuPont unavailable: missing_prior_balance.,Descriptive persistence patterns only; emphasize company concentration and year imbalance. Latest-restated annual data are not point-in-time; peer benchmarks are descriptive.
dash,DASH,DoorDash Inc,marketplace_platform,2020,2020-12-31,active,formal_included,2026-08-05,Marketplace revenue recognition and asset intensity differ; interpret margin and turnover together.,-0.25483692647871753,-0.15973665973665974,0.7139146567717997,2.2346600331674957,True,True,valid,0.0,-0.25483692647871753,-0.15973665973665974,0.41367772503782074,3.7161314377855748,0.0,0.0,0.3002369317339789,-1.481471404618079,0.5,7,,,,,,,not_available,not_available,,False,invalid_dupont_transition,-0.12809248220741393,0.1549116569153568,False,0.0,B,Descriptive persistence patterns only; emphasize company concentration and year imbalance.,21,10,4,17,0.35242975575281144,-0.11898476702773753,0.47141452278054896,2,0,2,resolved_latest_restated: Later valid filing supplies the current comparative value; resolved_tag_priority: Configured canonical tag priority selects the concept-aligned value,latest_valid_restated_sec_companyfacts,"Latest valid filing through 2026-08-05; filing date, source priority, and accession provide deterministic selection.",No valid consecutive-year ROE transition is available for driver classification.,Descriptive persistence patterns only; emphasize company concentration and year imbalance. Latest-restated annual data are not point-in-time; peer benchmarks are descriptive.
dash,DASH,DoorDash Inc,marketplace_platform,2021,2021-12-31,active,formal_included,2026-08-05,Marketplace revenue recognition and asset intensity differ; interpret margin and turnover together.,-0.09992526956336073,-0.09574468085106383,0.7427442637896976,1.4051457243514465,True,True,valid,-1.3877787807814457e-17,0.028167212644053197,0.01730205889851094,0.49521686378713875,3.4437364120248892,-0.12809248220741393,-0.11304673974957477,0.24752740000255885,-2.0385906876734428,0.0,7,0.1549116569153568,0.08469312811844303,-0.006829708977818271,0.07704823777473205,0.1549116569153568,0.0,margin,operating_driven,0.47636692907379,False,turnaround_from_loss,-0.15492068440974432,-0.13910809003737476,True,0.16666666666666666,B,Descriptive persistence patterns only; emphasize company concentration and year imbalance.,21,10,4,17,0.35242975575281144,-0.11898476702773753,0.47141452278054896,2,0,2,resolved_latest_restated: Later valid filing supplies the current comparative value; resolved_tag_priority: Configured canonical tag priority selects the concept-aligned value,latest_valid_restated_sec_companyfacts,"Latest valid filing through 2026-08-05; filing date, source priority, and accession provide deterministic selection.",The latest valid ROE improvement is operating-driven; dominant factor: margin.,Descriptive persistence patterns only; emphasize company concentration and year imbalance. Latest-restated annual data are not point-in-time; peer benchmarks are descriptive.
dash,DASH,DoorDash Inc,marketplace_platform,2022,2022-12-31,active,formal_included,2026-08-05,Marketplace revenue recognition and asset intensity differ; interpret margin and turnover together.,-0.2390333596007355,-0.20735227100106335,0.7932280997710568,1.4532878031696,True,True,valid,2.7755575615628914e-17,0.04397980701642277,0.026313857673320323,0.6435549868976294,3.179693255642623,-0.28301316661715825,-0.23366612867438366,0.14967311287342744,-1.726405452473023,0.16666666666666666,7,-0.13910809003737476,-0.12252518506596873,-0.010957182098873057,-0.0056257228725330125,-0.1391080900373748,2.7755575615628914e-17,margin,mixed_or_ambiguous,,False,nonpositive_prior_roe,-0.1740003364088653,0.15673247464498327,False,0.0,B,Descriptive persistence patterns only; emphasize company concentration and year imbalance.,21,10,4,17,0.35242975575281144,-0.11898476702773753,0.47141452278054896,2,0,2,resolved_latest_restated: Later valid filing supplies the current comparative value; resolved_tag_priority: Configured canonical tag priority selects the concept-aligned value,latest_valid_restated_sec_companyfacts,"Latest valid filing through 2026-08-05; filing date, source priority, and accession provide deterministic selection.",The latest ROE transition is not a clear positive leverage- or operating-driven improvement.,Descriptive persistence patterns only; emphasize company concentration and year imbalance. Latest-restated annual data are not point-in-time; peer benchmarks are descriptive.
dash,DASH,DoorDash Inc,marketplace_platform,2023,2023-12-31,active,formal_included,2026-08-05,Marketplace revenue recognition and asset intensity differ; interpret margin and turnover together.,-0.08230088495575222,-0.06462072958888246,0.837211557106845,1.5212389380530973,True,True,valid,-1.3877787807814457e-17,0.37471261807027134,0.17185856296513408,0.627294443819946,3.175044344987013,-0.45701350302602356,-0.23647929255401653,0.209917113286899,-1.6538054069339156,0.0,6,0.15673247464498327,0.1730899194340433,-0.008860006090944273,-0.007497438698115742,0.15673247464498327,0.0,margin,operating_driven,0.0,False,turnaround_from_loss,0.1543736420071048,0.09913981985889411,False,0.0,B,Descriptive persistence patterns only; emphasize company concentration and year imbalance.,21,10,4,17,0.35242975575281144,-0.11898476702773753,0.47141452278054896,4,0,4,resolved_latest_restated: Later valid filing supplies the current comparative value; resolved_tag_priority: Configured canonical tag priority selects the concept-aligned value,latest_valid_restated_sec_companyfacts,"Latest valid filing through 2026-08-05; filing date, source priority, and accession provide deterministic selection.",The latest valid ROE improvement is operating-driven; dominant factor: margin.,Descriptive persistence patterns only; emphasize company concentration and year imbalance. Latest-restated annual data are not point-in-time; peer benchmarks are descriptive.
dash,DASH,DoorDash Inc,marketplace_platform,2024,2024-12-31,active,formal_included,2026-08-05,Marketplace revenue recognition and asset intensity differ; interpret margin and turnover together.,0.016838934903141898,0.011471740346950195,0.9054213815233914,1.6211924156341981,True,True,valid,0.0,0.3194787959220607,0.10799328569414159,0.6296437354934566,2.509742414188333,-0.30263986101891877,-0.09652154534719139,0.2757776460299347,-0.888549998554135,0.0,5,0.09913981985889411,0.10421580905218578,-0.002804818922509005,-0.0022711702707826635,0.09913981985889411,0.0,margin,operating_driven,0.0,False,turnaround_from_loss,,,,,B,Descriptive persistence patterns only; emphasize company concentration and year imbalance.,21,10,4,17,0.35242975575281144,-0.11898476702773753,0.47141452278054896,5,0,5,No consecutive t+1 annual observation is available; resolved_latest_restated: Later valid filing supplies the current comparative value; resolved_tag_priority: Configured canonical tag priority selects the concept-aligned value,latest_valid_restated_sec_companyfacts,"Latest valid filing through 2026-08-05; filing date, source priority, and accession provide deterministic selection.",The latest valid ROE improvement is operating-driven; dominant factor: margin.,Descriptive persistence patterns only; emphasize company concentration and year imbalance. Latest-restated annual data are not point-in-time; peer benchmarks are descriptive.
ebay,EBAY,eBay Inc,marketplace_platform,2018,2018-12-31,active,formal_included,2026-08-05,Marketplace revenue recognition and asset intensity differ; interpret margin and turnover together.,0.3531053733426378,0.292485549132948,0.35447187788136464,3.405792044661549,True,True,valid,-5.551115123125783e-17,0.19426366772291523,0.12836160101243513,0.603556441896215,2.401376833283448,0.15884170561972258,0.16412394812051287,-0.2490845640148504,1.004415211378101,0.75,5,,,,,,,,,,,,,,,,B,Descriptive persistence patterns only; emphasize company concentration and year imbalance.,21,10,4,17,0.35242975575281144,-0.11898476702773753,0.47141452278054896,3,0,3,resolved_latest_restated: Later valid filing supplies the current comparative value,latest_valid_restated_sec_companyfacts,"Latest valid filing through 2026-08-05; filing date, source priority, and accession provide deterministic selection.",No valid consecutive-year ROE transition is available for driver classification.,Descriptive persistence patterns only; emphasize company concentration and year imbalance. Latest-restated annual data are not point-in-time; peer benchmarks are descriptive.
ebay,EBAY,eBay Inc,marketplace_platform,2019,2019-12-31,active,formal_included,2026-08-05,Marketplace revenue recognition and asset intensity differ; interpret margin and turnover together.,0.39033985356791606,0.24040920716112532,0.362452125972727,4.479619713692492,True,True,valid,5.551115123125783e-17,0.23749894741013358,0.08199872473496979,0.6117772313620117,3.026756834404085,0.15284090615778248,0.15841048242615552,-0.24932510538928465,1.452862879288407,0.75,5,0.037234480225278255,-0.07363721613096434,0.008346250675076135,0.10252544568116637,0.03723448022527816,9.71445146547012e-17,multiplier,leverage_driven,0.9247215389556344,True,eligible,1.864396891103084,1.372061017214233,False,1.0,B,Descriptive persistence patterns only; emphasize company concentration and year imbalance.,21,10,4,17,0.35242975575281144,-0.11898476702773753,0.47141452278054896,4,0,4,resolved_latest_restated: Later valid filing supplies the current comparative value,latest_valid_restated_sec_companyfacts,"Latest valid filing through 2026-08-05; filing date, source priority, and accession provide deterministic selection.",The latest valid ROE improvement is leverage-driven under the frozen Shapley rule.,Descriptive persistence patterns only; emphasize company concentration and year imbalance. Latest-restated annual data are not point-in-time; peer benchmarks are descriptive.
ebay,EBAY,eBay Inc,marketplace_platform,2020,2020-12-31,active,formal_included,2026-08-05,Marketplace revenue recognition and asset intensity differ; interpret margin and turnover together.,1.762400870782149,0.6371711266022038,0.4745491409668125,5.828642512828487,True,True,valid,0.0,-0.25483692647871753,-0.15973665973665974,0.41367772503782074,3.7161314377855748,2.0172377972608664,0.7969077863388635,0.06087141592899176,2.112511075042912,1.0,7,1.372061017214233,0.8608182001827801,0.2585165058175392,0.2527263112139135,1.372061017214233,0.0,margin,operating_driven,0.18419465901526516,True,eligible,-0.005072151369797329,0.27793198775297334,False,1.0,B,Descriptive persistence patterns only; emphasize company concentration and year imbalance.,21,10,4,17,0.35242975575281144,-0.11898476702773753,0.47141452278054896,4,0,4,resolved_latest_restated: Later valid filing supplies the current comparative value,latest_valid_restated_sec_companyfacts,"Latest valid filing through 2026-08-05; filing date, source priority, and accession provide deterministic selection.",The latest valid ROE improvement is operating-driven; dominant factor: margin.,Descriptive persistence patterns only; emphasize company concentration and year imbalance. Latest-restated annual data are not point-in-time; peer benchmarks are descriptive.
ebay,EBAY,eBay Inc,marketplace_platform,2021,2021-12-31,active,formal_included,2026-08-05,Marketplace revenue recognition and asset intensity differ; interpret margin and turnover together.,2.0403328585351224,1.3059500959692898,0.45367467781260884,3.4437364120248892,True,True,valid,0.0,0.028167212644053197,0.01730205889851094,0.49521686378713875,3.4437364120248892,2.012165645891069,1.288648037070779,-0.04154218597452991,0.0,1.0,7,0.27793198775297334,1.4417934141965267,-0.09125113926295647,-1.072610287180597,0.27793198775297334,0.0,margin,operating_driven,0.0,True,eligible,-2.2261273697248516,-2.210314775352482,True,0.3333333333333333,B,Descriptive persistence patterns only; emphasize company concentration and year imbalance.,21,10,4,17,0.35242975575281144,-0.11898476702773753,0.47141452278054896,0,0,0,,latest_valid_restated_sec_companyfacts,"Latest valid filing through 2026-08-05; filing date, source priority, and accession provide deterministic selection.",The latest valid ROE improvement is operating-driven; dominant factor: margin.,Descriptive persistence patterns only; emphasize company concentration and year imbalance. Latest-restated annual data are not point-in-time; peer benchmarks are descriptive.
ebay,EBAY,eBay Inc,marketplace_platform,2022,2022-12-31,active,formal_included,2026-08-05,Marketplace revenue recognition and asset intensity differ; interpret margin and turnover together.,-0.16998191681735986,-0.12955589586523736,0.4126295391355632,3.179693255642623,True,True,valid,0.0,0.04397980701642277,0.026313857673320323,0.6435549868976294,3.179693255642623,-0.21396172383378262,-0.15586975353855767,-0.23092544776206614,0.0,0.3333333333333333,7,-2.210314775352482,-2.060495734429702,-0.08124997483728187,-0.06856906608549855,-2.210314775352482,0.0,margin,mixed_or_ambiguous,,False,no_roe_improvement,0.3184247919701092,0.6491576030239579,False,0.6,B,Descriptive persistence patterns only; emphasize company concentration and year imbalance.,21,10,4,17,0.35242975575281144,-0.11898476702773753,0.47141452278054896,1,0,1,resolved_tag_priority: Configured canonical tag priority selects the concept-aligned value,latest_valid_restated_sec_companyfacts,"Latest valid filing through 2026-08-05; filing date, source priority, and accession provide deterministic selection.",The latest ROE transition is not a clear positive leverage- or operating-driven improvement.,Descriptive persistence patterns only; emphasize company concentration and year imbalance. Latest-restated annual data are not point-in-time; peer benchmarks are descriptive.
ebay,EBAY,eBay Inc,marketplace_platform,2023,2023-12-31,active,formal_included,2026-08-05,Marketplace revenue recognition and asset intensity differ; interpret margin and turnover together.,0.47917568620659795,0.27363528481012656,0.47619496114904636,3.6773746644731147,True,True,valid,0.0,0.37471261807027134,0.17185856296513408,0.627294443819946,3.175044344987013,0.10446306813632661,0.10177672184499248,-0.15109948267089968,0.5023303194861017,0.6,6,0.6491576030239579,0.6153982666717642,0.01676298163986844,0.016996354712325048,0.6491576030239578,1.1102230246251565e-16,margin,operating_driven,0.026182169989462146,False,turnaround_from_loss,-0.08206891962355956,-0.1373027417717702,True,0.75,B,Descriptive persistence patterns only; emphasize company concentration and year imbalance.,21,10,4,17,0.35242975575281144,-0.11898476702773753,0.47141452278054896,2,0,2,resolved_latest_restated: Later valid filing supplies the current comparative value; resolved_tag_priority: Configured canonical tag priority selects the concept-aligned value,latest_valid_restated_sec_companyfacts,"Latest valid filing through 2026-08-05; filing date, source priority, and accession provide deterministic selection.",The latest valid ROE improvement is operating-driven; dominant factor: margin.,Descriptive persistence patterns only; emphasize company concentration and year imbalance. Latest-restated annual data are not point-in-time; peer benchmarks are descriptive.
ebay,EBAY,eBay Inc,marketplace_platform,2024,2024-12-31,active,formal_included,2026-08-05,Marketplace revenue recognition and asset intensity differ; interpret margin and turnover together.,0.34187294443482774,0.19206457259554605,0.501793339026473,3.54725636143327,True,True,valid,0.0,0.3194787959220607,0.10799328569414159,0.6296437354934566,2.509742414188333,0.022394148512767054,0.08407128690140446,-0.1278503964669836,1.0375139472449368,0.75,5,-0.1373027417717702,-0.14406395876745626,0.021554138704686504,-0.014792921709000406,-0.13730274177177015,-5.551115123125783e-17,margin,mixed_or_ambiguous,0.0,False,no_roe_improvement,,,,,B,Descriptive persistence patterns only; emphasize company concentration and year imbalance.,21,10,4,17,0.35242975575281144,-0.11898476702773753,0.47141452278054896,3,0,3,No consecutive t+1 annual observation is available; resolved_latest_restated: Later valid filing supplies the current comparative value; resolved_tag_priority: Configured canonical tag priority selects the concept-aligned value,latest_valid_restated_sec_companyfacts,"Latest valid filing through 2026-08-05; filing date, source priority, and accession provide deterministic selection.",The latest ROE transition is not a clear positive leverage- or operating-driven improvement.,Descriptive persistence patterns only; emphasize company concentration and year imbalance. Latest-restated annual data are not point-in-time; peer benchmarks are descriptive.
etsy,ETSY,Etsy Inc,marketplace_platform,2018,2018-12-31,active,formal_included,2026-08-05,Marketplace revenue recognition and asset intensity differ; interpret margin and turnover together.,0.19426366772291523,0.12836160101243513,0.8009544696484224,1.8895075408126427,True,True,valid,-2.7755575615628914e-17,0.19426366772291523,0.12836160101243513,0.603556441896215,2.401376833283448,0.0,0.0,0.19739802775220738,-0.5118692924708053,0.5,5,,,,,,,,,,,,,,,,B,Descriptive persistence patterns only; emphasize company concentration and year imbalance.,21,10,4,17,0.35242975575281144,-0.11898476702773753,0.47141452278054896,2,0,2,resolved_latest_restated: Later valid filing supplies the current comparative value; resolved_tag_priority: Configured canonical tag priority selects the concept-aligned value,latest_valid_restated_sec_companyfacts,"Latest valid filing through 2026-08-05; filing date, source priority, and accession provide deterministic selection.",No valid consecutive-year ROE transition is available for driver classification.,Descriptive persistence patterns only; emphasize company concentration and year imbalance. Latest-restated annual data are not point-in-time; peer benchmarks are descriptive.
etsy,ETSY,Etsy Inc,marketplace_platform,2019,2019-12-31,active,formal_included,2026-08-05,Marketplace revenue recognition and asset intensity differ; interpret margin and turnover together.,0.23749894741013358,0.11717553847300578,0.6696489612360348,3.026756834404085,True,True,valid,2.7755575615628914e-17,0.23749894741013358,0.08199872473496979,0.6117772313620117,3.026756834404085,0.0,0.035176813738035995,0.057871729874023115,0.0,0.5,5,0.04323527968721835,-0.020079260674990704,-0.03948635807929918,0.1028008984415082,0.043235279687218325,2.7755575615628914e-17,multiplier,leverage_driven,1.0,True,eligible,0.8627192091833329,0.37038333529448186,False,0.8333333333333334,B,Descriptive persistence patterns only; emphasize company concentration and year imbalance.,21,10,4,17,0.35242975575281144,-0.11898476702773753,0.47141452278054896,2,0,2,resolved_latest_restated: Later valid filing supplies the current comparative value; resolved_tag_priority: Configured canonical tag priority selects the concept-aligned value,latest_valid_restated_sec_companyfacts,"Latest valid filing through 2026-08-05; filing date, source priority, and accession provide deterministic selection.",The latest valid ROE improvement is leverage-driven under the frozen Shapley rule.,Descriptive persistence patterns only; emphasize company concentration and year imbalance. Latest-restated annual data are not point-in-time; peer benchmarks are descriptive.
etsy,ETSY,Etsy Inc,marketplace_platform,2020,2020-12-31,active,formal_included,2026-08-05,Marketplace revenue recognition and asset intensity differ; interpret margin and turnover together.,0.6078822827046154,0.20238812024628758,0.8744335026417329,3.4348492417267016,True,True,valid,-1.1102230246251565e-16,-0.25483692647871753,-0.15973665973665974,0.41367772503782074,3.7161314377855748,0.8627192091833329,0.36212477998294734,0.4607557776039122,-0.28128219605887317,0.8333333333333334,7,0.37038333529448186,0.21314030575493978,0.1063080590673949,0.05093497047214714,0.3703833352944818,5.551115123125783e-17,margin,operating_driven,0.13751960636039448,True,eligible,-0.17098631657904606,0.11201782254372461,False,0.8333333333333334,B,Descriptive persistence patterns only; emphasize company concentration and year imbalance.,21,10,4,17,0.35242975575281144,-0.11898476702773753,0.47141452278054896,2,0,2,resolved_latest_restated: Later valid filing supplies the current comparative value; resolved_tag_priority: Configured canonical tag priority selects the concept-aligned value,latest_valid_restated_sec_companyfacts,"Latest valid filing through 2026-08-05; filing date, source priority, and accession provide deterministic selection.",The latest valid ROE improvement is operating-driven; dominant factor: margin.,Descriptive persistence patterns only; emphasize company concentration and year imbalance. Latest-restated annual data are not point-in-time; peer benchmarks are descriptive.
etsy,ETSY,Etsy Inc,marketplace_platform,2021,2021-12-31,active,formal_included,2026-08-05,Marketplace revenue recognition and asset intensity differ; interpret margin and turnover together.,0.71990010524834,0.21188615069936464,0.7469540422859844,4.548579439156905,True,True,valid,-1.1102230246251565e-16,0.028167212644053197,0.01730205889851094,0.49521686378713875,3.4437364120248892,0.6917328926042868,0.1945840918008537,0.25173717849884564,1.1048430271320155,0.8333333333333334,7,0.11201782254372461,0.030623801296604476,-0.10551650783689756,0.18691052908401776,0.11201782254372467,-5.551115123125783e-17,multiplier,leverage_driven,0.8592231339162804,True,eligible,-17.8059198420388,-17.79010724766643,True,0.0,B,Descriptive persistence patterns only; emphasize company concentration and year imbalance.,21,10,4,17,0.35242975575281144,-0.11898476702773753,0.47141452278054896,2,0,2,resolved_latest_restated: Later valid filing supplies the current comparative value; resolved_tag_priority: Configured canonical tag priority selects the concept-aligned value,latest_valid_restated_sec_companyfacts,"Latest valid filing through 2026-08-05; filing date, source priority, and accession provide deterministic selection.",The latest valid ROE improvement is leverage-driven under the frozen Shapley rule.,Descriptive persistence patterns only; emphasize company concentration and year imbalance. Latest-restated annual data are not point-in-time; peer benchmarks are descriptive.
etsy,ETSY,Etsy Inc,marketplace_platform,2022,2022-12-31,active,formal_included,2026-08-05,Marketplace revenue recognition and asset intensity differ; interpret margin and turnover together.,-17.07020714241809,-0.2705603927499629,0.7936298956047608,79.49806380232341,True,True,valid,0.0,0.04397980701642277,0.026313857673320323,0.6435549868976294,3.179693255642623,-17.114186949434515,-0.29687425042328325,0.15007490870713147,76.3183705466808,0.0,7,-17.79010724766643,-15.757550681034738,-0.19819049220729562,-1.8343660744243941,-17.790107247666427,-3.552713678800501e-15,margin,mixed_or_ambiguous,,False,no_roe_improvement,,,,,B,Descriptive persistence patterns only; emphasize company concentration and year imbalance.,21,10,4,17,0.35242975575281144,-0.11898476702773753,0.47141452278054896,2,0,3,resolved_latest_restated: Later valid filing supplies the current comparative value; resolved_tag_priority: Configured canonical tag priority selects the concept-aligned value; Near-zero average equity; ROE is mechanically unstable,latest_valid_restated_sec_companyfacts,"Latest valid filing through 2026-08-05; filing date, source priority, and accession provide deterministic selection.",The latest ROE transition is not a clear positive leverage- or operating-driven improvement.,Descriptive persistence patterns only; emphasize company concentration and year imbalance. Latest-restated annual data are not point-in-time; peer benchmarks are descriptive.
etsy,ETSY,Etsy Inc,marketplace_platform,2023,2023-12-31,active,formal_included,2026-08-05,Marketplace revenue recognition and asset intensity differ; interpret margin and turnover together.,,0.11190895572186785,1.0331543291893164,,False,False,nonpositive_average_equity,,0.37471261807027134,0.17185856296513408,0.627294443819946,3.175044344987013,,-0.05994960724326623,0.40585988536937034,,,6,,,,,,,not_available,not_available,,False,invalid_dupont_transition,,,,,B,Descriptive persistence patterns only; emphasize company concentration and year imbalance.,21,10,4,17,0.35242975575281144,-0.11898476702773753,0.47141452278054896,3,0,3,Average equity is nonpositive; ROE is invalid; resolved_latest_restated: Later valid filing supplies the current comparative value; resolved_tag_priority: Configured canonical tag priority selects the concept-aligned value,latest_valid_restated_sec_companyfacts,"Latest valid filing through 2026-08-05; filing date, source priority, and accession provide deterministic selection.",DuPont unavailable: nonpositive_average_equity.,Descriptive persistence patterns only; emphasize company concentration and year imbalance. Latest-restated annual data are not point-in-time; peer benchmarks are descriptive.
etsy,ETSY,Etsy Inc,marketplace_platform,2024,2024-12-31,active,formal_included,2026-08-05,Marketplace revenue recognition and asset intensity differ; interpret margin and turnover together.,,0.10799328569414159,1.1006199661309353,,False,False,nonpositive_average_equity,,0.3194787959220607,0.10799328569414159,0.6296437354934566,2.509742414188333,,0.0,0.4709762306374786,,,5,,,,,,,not_available,not_available,,False,invalid_dupont_transition,,,,,B,Descriptive persistence patterns only; emphasize company concentration and year imbalance.,21,10,4,17,0.35242975575281144,-0.11898476702773753,0.47141452278054896,4,0,4,Average equity is nonpositive; ROE is invalid; No consecutive t+1 annual observation is available; resolved_latest_restated: Later valid filing supplies the current comparative value; resolved_tag_priority: Configured canonical tag priority selects the concept-aligned value,latest_valid_restated_sec_companyfacts,"Latest valid filing through 2026-08-05; filing date, source priority, and accession provide deterministic selection.",DuPont unavailable: nonpositive_average_equity.,Descriptive persistence patterns only; emphasize company concentration and year imbalance. Latest-restated annual data are not point-in-time; peer benchmarks are descriptive.
expe,EXPE,Expedia Group Inc,marketplace_platform,2018,2018-12-31,active,formal_included,2026-08-05,Marketplace revenue recognition and asset intensity differ; interpret margin and turnover together.,0.06893039049235994,0.03617571059431524,0.6141344496429451,3.1026315789473684,True,True,valid,1.3877787807814457e-17,0.19426366772291523,0.12836160101243513,0.603556441896215,2.401376833283448,-0.1253332772305553,-0.09218589041811989,0.010578007746730012,0.7012547456639204,0.25,5,,,,,,,,,,,,,,,,B,Descriptive persistence patterns only; emphasize company concentration and year imbalance.,21,10,4,17,0.35242975575281144,-0.11898476702773753,0.47141452278054896,3,0,3,resolved_latest_restated: Later valid filing supplies the current comparative value; resolved_tag_priority: Configured canonical tag priority selects the concept-aligned value,latest_valid_restated_sec_companyfacts,"Latest valid filing through 2026-08-05; filing date, source priority, and accession provide deterministic selection.",No valid consecutive-year ROE transition is available for driver classification.,Descriptive persistence patterns only; emphasize company concentration and year imbalance. Latest-restated annual data are not point-in-time; peer benchmarks are descriptive.
expe,EXPE,Expedia Group Inc,marketplace_platform,2019,2019-12-31,active,formal_included,2026-08-05,Marketplace revenue recognition and asset intensity differ; interpret margin and turnover together.,0.10101010101010101,0.04682191099693379,0.6117772313620117,3.5263251988915707,True,True,valid,0.0,0.23749894741013358,0.08199872473496979,0.6117772313620117,3.026756834404085,-0.13648884640003256,-0.035176813738036,0.0,0.49956836448748554,0.25,5,0.03207971051774107,0.021628242207587307,-0.0003251141584356056,0.010776582468589382,0.032079710517741084,-1.3877787807814457e-17,margin,operating_driven,0.33256104843276896,True,eligible,-0.2203838289947862,-0.7127197028836373,True,0.3333333333333333,B,Descriptive persistence patterns only; emphasize company concentration and year imbalance.,21,10,4,17,0.35242975575281144,-0.11898476702773753,0.47141452278054896,3,0,3,resolved_latest_restated: Later valid filing supplies the current comparative value; resolved_tag_priority: Configured canonical tag priority selects the concept-aligned value,latest_valid_restated_sec_companyfacts,"Latest valid filing through 2026-08-05; filing date, source priority, and accession provide deterministic selection.",The latest valid ROE improvement is operating-driven; dominant factor: margin.,Descriptive persistence patterns only; emphasize company concentration and year imbalance. Latest-restated annual data are not point-in-time; peer benchmarks are descriptive.
expe,EXPE,Expedia Group Inc,marketplace_platform,2020,2020-12-31,active,formal_included,2026-08-05,Marketplace revenue recognition and asset intensity differ; interpret margin and turnover together.,-0.6117096018735363,-0.5024043085208694,0.25926295317408865,4.696252927400469,True,True,valid,0.0,-0.25483692647871753,-0.15973665973665974,0.41367772503782074,3.7161314377855748,-0.35687267539481876,-0.34266764878420963,-0.1544147718637321,0.980121489614894,0.3333333333333333,7,-0.7127197028836373,-0.9645406366226763,0.3490108900389086,-0.09718995629986954,-0.7127197028836372,-1.1102230246251565e-16,margin,mixed_or_ambiguous,0.0,False,no_roe_improvement,0.33236623151220546,0.6153703706349762,False,0.3333333333333333,B,Descriptive persistence patterns only; emphasize company concentration and year imbalance.,21,10,4,17,0.35242975575281144,-0.11898476702773753,0.47141452278054896,3,0,3,resolved_latest_restated: Later valid filing supplies the current comparative value; resolved_tag_priority: Configured canonical tag priority selects the concept-aligned value,latest_valid_restated_sec_companyfacts,"Latest valid filing through 2026-08-05; filing date, source priority, and accession provide deterministic selection.",The latest ROE transition is not a clear positive leverage- or operating-driven improvement.,Descriptive persistence patterns only; emphasize company concentration and year imbalance. Latest-restated annual data are not point-in-time; peer benchmarks are descriptive.
expe,EXPE,Expedia Group Inc,marketplace_platform,2021,2021-12-31,active,formal_included,2026-08-05,Marketplace revenue recognition and asset intensity differ; interpret margin and turnover together.,0.0036607687614399025,0.0013956734124214933,0.4273572245141409,6.1375838926174495,True,True,valid,0.0,0.028167212644053197,0.01730205889851094,0.49521686378713875,3.4437364120248892,-0.024506443882613294,-0.01590638548608945,-0.06785963927299787,2.6938474805925603,0.3333333333333333,7,0.6153703706349762,0.947079830851651,-0.2179257463630465,-0.11378371385362823,0.6153703706349762,0.0,margin,operating_driven,0.0,False,turnaround_from_loss,0.07722993356948724,0.0930425279418568,False,0.6666666666666666,B,Descriptive persistence patterns only; emphasize company concentration and year imbalance.,21,10,4,17,0.35242975575281144,-0.11898476702773753,0.47141452278054896,3,0,3,resolved_latest_restated: Later valid filing supplies the current comparative value; resolved_tag_priority: Configured canonical tag priority selects the concept-aligned value,latest_valid_restated_sec_companyfacts,"Latest valid filing through 2026-08-05; filing date, source priority, and accession provide deterministic selection.",The latest valid ROE improvement is operating-driven; dominant factor: margin.,Descriptive persistence patterns only; emphasize company concentration and year imbalance. Latest-restated annual data are not point-in-time; peer benchmarks are descriptive.
expe,EXPE,Expedia Group Inc,marketplace_platform,2022,2022-12-31,active,formal_included,2026-08-05,Marketplace revenue recognition and asset intensity differ; interpret margin and turnover together.,0.0967032967032967,0.03017056655524128,0.5412790832540769,5.921565934065934,True,True,valid,-1.3877787807814457e-17,0.04397980701642277,0.026313857673320323,0.6435549868976294,3.179693255642623,0.05272348968687394,0.0038567088819209568,-0.10227590364355243,2.741872678423311,0.6666666666666666,7,0.0930425279418568,0.08397037023717119,0.01078242062535363,-0.0017102629206680044,0.09304252794185681,-1.3877787807814457e-17,margin,operating_driven,0.0,True,eligible,-0.18273239268192268,0.1480004183719259,False,0.2,B,Descriptive persistence patterns only; emphasize company concentration and year imbalance.,21,10,4,17,0.35242975575281144,-0.11898476702773753,0.47141452278054896,3,0,3,resolved_latest_restated: Later valid filing supplies the current comparative value; resolved_tag_priority: Configured canonical tag priority selects the concept-aligned value,latest_valid_restated_sec_companyfacts,"Latest valid filing through 2026-08-05; filing date, source priority, and accession provide deterministic selection.",The latest valid ROE improvement is operating-driven; dominant factor: margin.,Descriptive persistence patterns only; emphasize company concentration and year imbalance. Latest-restated annual data are not point-in-time; peer benchmarks are descriptive.
expe,EXPE,Expedia Group Inc,marketplace_platform,2023,2023-12-31,active,formal_included,2026-08-05,Marketplace revenue recognition and asset intensity differ; interpret margin and turnover together.,0.2447037150752226,0.062076485707609624,0.5943568733652755,6.632330365366902,True,True,valid,0.0,0.37471261807027134,0.17185856296513408,0.627294443819946,3.175044344987013,-0.13000890299504875,-0.10978207725752445,-0.032937570454670495,3.4572860203798887,0.2,6,0.1480004183719259,0.1138182350699474,0.015467121823620238,0.01871506147835821,0.14800041837192585,5.551115123125783e-17,margin,operating_driven,0.12645276063562982,True,eligible,0.37880088763941683,0.3235670654912062,False,1.0,B,Descriptive persistence patterns only; emphasize company concentration and year imbalance.,21,10,4,17,0.35242975575281144,-0.11898476702773753,0.47141452278054896,3,0,3,resolved_latest_restated: Later valid filing supplies the current comparative value; resolved_tag_priority: Configured canonical tag priority selects the concept-aligned value,latest_valid_restated_sec_companyfacts,"Latest valid filing through 2026-08-05; filing date, source priority, and accession provide deterministic selection.",The latest valid ROE improvement is operating-driven; dominant factor: margin.,Descriptive persistence patterns only; emphasize company concentration and year imbalance. Latest-restated annual data are not point-in-time; peer benchmarks are descriptive.
expe,EXPE,Expedia Group Inc,marketplace_platform,2024,2024-12-31,active,formal_included,2026-08-05,Marketplace revenue recognition and asset intensity differ; interpret margin and turnover together.,0.5682707805664288,0.09013220363742605,0.6218941630706336,10.138153350218742,True,True,valid,1.1102230246251565e-16,0.3194787959220607,0.10799328569414159,0.6296437354934566,2.509742414188333,0.24879198464436808,-0.017861082056715535,-0.007749572422823037,7.628410936030409,1.0,5,0.3235670654912062,0.14328965897324009,0.01779872357272088,0.16247868294524515,0.3235670654912061,5.551115123125783e-17,multiplier,leverage_driven,0.5021483960321697,False,next_year_not_observable,,,,,B,Descriptive persistence patterns only; emphasize company concentration and year imbalance.,21,10,4,17,0.35242975575281144,-0.11898476702773753,0.47141452278054896,5,0,5,No consecutive t+1 annual observation is available; resolved_latest_restated: Later valid filing supplies the current comparative value; resolved_tag_priority: Configured canonical tag priority selects the concept-aligned value,latest_valid_restated_sec_companyfacts,"Latest valid filing through 2026-08-05; filing date, source priority, and accession provide deterministic selection.",The latest valid ROE improvement is leverage-driven under the frozen Shapley rule.,Descriptive persistence patterns only; emphasize company concentration and year imbalance. Latest-restated annual data are not point-in-time; peer benchmarks are descriptive.
figs,FIGS,FIGS Inc,dtc_brand,2020,2020-12-31,active,formal_included,2026-08-05,"Channel mix, fiscal calendars, and inventory intensity differ within this peer group.",0.7291030177813922,0.18911338137371156,,,False,False,missing_prior_balance,,-0.12568018255222044,-0.03920997024652794,2.1583779704930097,1.6823283242459501,0.8547832003336127,0.2283233516202395,,,1.0,5,,,,,,,,,,,,,,,,B,Descriptive persistence patterns only; emphasize company concentration and year imbalance.,21,10,4,17,0.35242975575281144,-0.11898476702773753,0.47141452278054896,1,0,1,Consecutive prior-year assets/equity are unavailable,latest_valid_restated_sec_companyfacts,"Latest valid filing through 2026-08-05; filing date, source priority, and accession provide deterministic selection.",DuPont unavailable: missing_prior_balance.,Descriptive persistence patterns only; emphasize company concentration and year imbalance. Latest-restated annual data are not point-in-time; peer benchmarks are descriptive.
figs,FIGS,FIGS Inc,dtc_brand,2021,2021-12-31,active,formal_included,2026-08-05,"Channel mix, fiscal calendars, and inventory intensity differ within this peer group.",-0.05567953386744355,-0.02277455903486967,1.8832376583798245,1.2981966496722506,True,True,valid,6.938893903907228e-18,-0.03813811265461758,-0.004224136207928774,2.1621613094905507,1.6817704559143634,-0.017541421212825974,-0.018550422826940895,-0.27892365111072626,-0.3835738062421128,0.4,6,-0.7847825516488357,,,,,,not_available,not_available,,False,invalid_dupont_transition,0.19782837506300321,0.13225838991972508,False,0.6,B,Descriptive persistence patterns only; emphasize company concentration and year imbalance.,21,10,4,17,0.35242975575281144,-0.11898476702773753,0.47141452278054896,0,0,0,,latest_valid_restated_sec_companyfacts,"Latest valid filing through 2026-08-05; filing date, source priority, and accession provide deterministic selection.",No valid consecutive-year ROE transition is available for driver classification.,Descriptive persistence patterns only; emphasize company concentration and year imbalance. Latest-restated annual data are not point-in-time; peer benchmarks are descriptive.
figs,FIGS,FIGS Inc,dtc_brand,2022,2022-12-31,active,formal_included,2026-08-05,"Channel mix, fiscal calendars, and inventory intensity differ within this peer group.",0.07657885605228153,0.04188322279004023,1.4313080509044092,1.277425756173732,True,True,valid,-1.3877787807814457e-17,-0.10370809779789572,0.017315448113486422,1.8449777172131978,1.77130656890503,0.18028695385017723,0.02456777467655381,-0.41366966630878865,-0.4938808127312979,0.6,6,0.13225838991972508,0.13804674340774586,-0.005510042810575092,-0.0002783106774456919,0.13225838991972508,0.0,margin,operating_driven,0.0,False,turnaround_from_loss,0.15450726347955335,-0.010445745529033268,True,0.6,B,Descriptive persistence patterns only; emphasize company concentration and year imbalance.,21,10,4,17,0.35242975575281144,-0.11898476702773753,0.47141452278054896,0,0,0,,latest_valid_restated_sec_companyfacts,"Latest valid filing through 2026-08-05; filing date, source priority, and accession provide deterministic selection.",The latest valid ROE improvement is operating-driven; dominant factor: margin.,Descriptive persistence patterns only; emphasize company concentration and year imbalance. Latest-restated annual data are not point-in-time; peer benchmarks are descriptive.
figs,FIGS,FIGS Inc,dtc_brand,2023,2023-12-31,active,formal_included,2026-08-05,"Channel mix, fiscal calendars, and inventory intensity differ within this peer group.",0.06613311052324826,0.041486604868357875,1.256853547213837,1.2683128125050214,True,True,valid,0.0,-0.2686611068064823,-0.008099150084610079,1.6746062156845094,1.885034839637243,0.3347942173297306,0.04958575495296795,-0.4177526684706725,-0.6167220271322216,0.6,6,-0.010445745529033268,-0.000678602018941014,-0.009256511938724602,-0.000510631571367671,-0.010445745529033287,1.9081958235744878e-17,turnover,mixed_or_ambiguous,,False,no_roe_improvement,-0.3347942173297306,-0.05891808416983399,True,0.5,B,Descriptive persistence patterns only; emphasize company concentration and year imbalance.,21,10,4,17,0.35242975575281144,-0.11898476702773753,0.47141452278054896,0,0,0,,latest_valid_restated_sec_companyfacts,"Latest valid filing through 2026-08-05; filing date, source priority, and accession provide deterministic selection.",The latest ROE transition is not a clear positive leverage- or operating-driven improvement.,Descriptive persistence patterns only; emphasize company concentration and year imbalance. Latest-restated annual data are not point-in-time; peer benchmarks are descriptive.
figs,FIGS,FIGS Inc,dtc_brand,2024,2024-12-31,active,formal_included,2026-08-05,"Channel mix, fiscal calendars, and inventory intensity differ within this peer group.",0.007215026353414273,0.004895978457694786,1.1303362373804167,1.3037393465626501,True,True,valid,0.0,0.007215026353414273,-0.012087052456880357,1.5722053960121507,1.7475941940114417,0.0,0.016983030914575144,-0.44186915863173404,-0.44385484744879156,0.5,5,-0.05891808416983399,-0.05615273103541932,-0.0037596620931396882,0.0009943089587250305,-0.058918084169833976,-1.3877787807814457e-17,margin,mixed_or_ambiguous,1.0,False,no_roe_improvement,,,,,B,Descriptive persistence patterns only; emphasize company concentration and year imbalance.,21,10,4,17,0.35242975575281144,-0.11898476702773753,0.47141452278054896,1,0,1,No consecutive t+1 annual observation is available,latest_valid_restated_sec_companyfacts,"Latest valid filing through 2026-08-05; filing date, source priority, and accession provide deterministic selection.",The latest ROE transition is not a clear positive leverage- or operating-driven improvement.,Descriptive persistence patterns only; emphasize company concentration and year imbalance. Latest-restated annual data are not point-in-time; peer benchmarks are descriptive.
love,LOVE,Lovesac Company,dtc_brand,2018,2018-02-04,active,formal_included,2026-08-05,"Channel mix, fiscal calendars, and inventory intensity differ within this peer group.",,-0.05403963934416021,,,False,False,missing_prior_balance,,0.3592097625690084,0.04100583669321502,3.2860778900732006,1.9600035019486222,,-0.09504547603737523,,,,2,,,,,,,,,,,,,,,,B,Descriptive persistence patterns only; emphasize company concentration and year imbalance.,21,10,4,17,0.35242975575281144,-0.11898476702773753,0.47141452278054896,2,0,2,Consecutive prior-year assets/equity are unavailable; resolved_tag_priority: Configured canonical tag priority selects the concept-aligned value,latest_valid_restated_sec_companyfacts,"Latest valid filing through 2026-08-05; filing date, source priority, and accession provide deterministic selection.",DuPont unavailable: missing_prior_balance.,Descriptive persistence patterns only; emphasize company concentration and year imbalance. Latest-restated annual data are not point-in-time; peer benchmarks are descriptive.
love,LOVE,Lovesac Company,dtc_brand,2019,2019-02-03,active,formal_included,2026-08-05,"Channel mix, fiscal calendars, and inventory intensity differ within this peer group.",-0.1309336447060674,-0.04041658777239968,2.2652831950567283,1.430108899311271,True,True,valid,0.0,0.1037335178434814,0.023378538221732578,2.768020829541444,1.5436566198640926,-0.23466716254954878,-0.06379512599413226,-0.5027376344847156,-0.1135477205528217,0.0,3,,,,,,,not_available,not_available,,False,invalid_dupont_transition,0.18032662584766238,-0.049087074548039455,True,0.0,B,Descriptive persistence patterns only; emphasize company concentration and year imbalance.,21,10,4,17,0.35242975575281144,-0.11898476702773753,0.47141452278054896,2,0,2,resolved_latest_restated: Later valid filing supplies the current comparative value; resolved_tag_priority: Configured canonical tag priority selects the concept-aligned value,latest_valid_restated_sec_companyfacts,"Latest valid filing through 2026-08-05; filing date, source priority, and accession provide deterministic selection.",No valid consecutive-year ROE transition is available for driver classification.,Descriptive persistence patterns only; emphasize company concentration and year imbalance. Latest-restated annual data are not point-in-time; peer benchmarks are descriptive.
love,LOVE,Lovesac Company,dtc_brand,2020,2020-02-02,active,formal_included,2026-08-05,"Channel mix, fiscal calendars, and inventory intensity differ within this peer group.",-0.18002071925410684,-0.06515209296545932,2.023399952813894,1.3655650258990675,True,True,valid,0.0,-0.12568018255222044,-0.03920997024652794,2.1583779704930097,1.6823283242459501,-0.054340536701886405,-0.025942122718931378,-0.13497801767911577,-0.31676329834688266,0.0,5,-0.049087074548039455,-0.07417537158145074,0.01781490838459686,0.007273388648814426,-0.049087074548039455,0.0,margin,mixed_or_ambiguous,0.2899116125390299,False,nonpositive_prior_roe,0.24116038241186463,0.3287024523094675,False,0.8,B,Descriptive persistence patterns only; emphasize company concentration and year imbalance.,21,10,4,17,0.35242975575281144,-0.11898476702773753,0.47141452278054896,0,0,0,,latest_valid_restated_sec_companyfacts,"Latest valid filing through 2026-08-05; filing date, source priority, and accession provide deterministic selection.",The latest ROE transition is not a clear positive leverage- or operating-driven improvement.,Descriptive persistence patterns only; emphasize company concentration and year imbalance. Latest-restated annual data are not point-in-time; peer benchmarks are descriptive.
love,LOVE,Lovesac Company,dtc_brand,2021,2021-01-31,active,formal_included,2026-08-05,"Channel mix, fiscal calendars, and inventory intensity differ within this peer group.",0.14868173305536064,0.045915981268200214,2.1621613094905507,1.497633868582188,True,True,valid,0.0,-0.03813811265461758,-0.004224136207928774,2.1621613094905507,1.6817704559143634,0.18681984570997823,0.05014011747612899,0.0,-0.18413658733217542,0.8,6,0.3287024523094675,0.3329321909678771,-0.0017410134091861088,-0.0024887252492234837,0.3287024523094675,0.0,margin,operating_driven,0.0,False,turnaround_from_loss,0.27426332734378744,0.20869334220050934,False,1.0,B,Descriptive persistence patterns only; emphasize company concentration and year imbalance.,21,10,4,17,0.35242975575281144,-0.11898476702773753,0.47141452278054896,0,0,0,,latest_valid_restated_sec_companyfacts,"Latest valid filing through 2026-08-05; filing date, source priority, and accession provide deterministic selection.",The latest valid ROE improvement is operating-driven; dominant factor: margin.,Descriptive persistence patterns only; emphasize company concentration and year imbalance. Latest-restated annual data are not point-in-time; peer benchmarks are descriptive.
love,LOVE,Lovesac Company,dtc_brand,2022,2022-01-30,active,formal_included,2026-08-05,"Channel mix, fiscal calendars, and inventory intensity differ within this peer group.",0.35737507525587,0.09531168776430589,1.8449777172131978,2.0322960565924144,True,True,valid,5.551115123125783e-17,-0.10370809779789572,0.017315448113486422,1.8449777172131978,1.77130656890503,0.46108317305376567,0.07799623965081946,0.0,0.2609894876873844,1.0,6,0.20869334220050934,0.1739765100876094,-0.040228959121009614,0.07494579123390947,0.20869334220050928,5.551115123125783e-17,margin,operating_driven,0.30108106359303755,True,eligible,-0.04145372126797253,-0.20640673027655917,True,1.0,B,Descriptive persistence patterns only; emphasize company concentration and year imbalance.,21,10,4,17,0.35242975575281144,-0.11898476702773753,0.47141452278054896,9,0,9,resolved_latest_restated: Later valid filing supplies the current comparative value,latest_valid_restated_sec_companyfacts,"Latest valid filing through 2026-08-05; filing date, source priority, and accession provide deterministic selection.",The latest valid ROE improvement is operating-driven; dominant factor: margin.,Descriptive persistence patterns only; emphasize company concentration and year imbalance. Latest-restated annual data are not point-in-time; peer benchmarks are descriptive.
love,LOVE,Lovesac Company,dtc_brand,2023,2023-01-29,active,formal_included,2026-08-05,"Channel mix, fiscal calendars, and inventory intensity differ within this peer group.",0.1509683449793108,0.040676987433562815,1.6746062156845094,2.2162789107116394,True,True,valid,0.0,-0.2686611068064823,-0.008099150084610079,1.6746062156845094,1.885034839637243,0.41962945178579314,0.04877613751817289,0.0,0.33124407107439646,1.0,6,-0.20640673027655917,-0.20409840904518098,-0.02446566558593605,0.022157344354557903,-0.20640673027655912,-5.551115123125783e-17,margin,mixed_or_ambiguous,1.0,False,no_roe_improvement,-0.310616610923737,-0.034740477763840386,True,0.75,B,Descriptive persistence patterns only; emphasize company concentration and year imbalance.,21,10,4,17,0.35242975575281144,-0.11898476702773753,0.47141452278054896,6,0,6,resolved_latest_restated: Later valid filing supplies the current comparative value,latest_valid_restated_sec_companyfacts,"Latest valid filing through 2026-08-05; filing date, source priority, and accession provide deterministic selection.",The latest ROE transition is not a clear positive leverage- or operating-driven improvement.,Descriptive persistence patterns only; emphasize company concentration and year imbalance. Latest-restated annual data are not point-in-time; peer benchmarks are descriptive.
love,LOVE,Lovesac Company,dtc_brand,2024,2024-02-04,active,formal_included,2026-08-05,"Channel mix, fiscal calendars, and inventory intensity differ within this peer group.",0.11622786721547042,0.03407424332217089,1.5722053960121507,2.169575488930563,True,True,valid,1.3877787807814457e-17,0.007215026353414273,-0.012087052456880357,1.5722053960121507,1.7475941940114417,0.10901284086205615,0.046161295779051245,0.0,0.4219812949191215,0.75,5,-0.034740477763840386,-0.023508471454203192,-0.008395607799184721,-0.0028363985104524697,-0.03474047776384038,-6.938893903907228e-18,margin,mixed_or_ambiguous,,False,no_roe_improvement,,,,,B,Descriptive persistence patterns only; emphasize company concentration and year imbalance.,21,10,4,17,0.35242975575281144,-0.11898476702773753,0.47141452278054896,1,0,1,No consecutive t+1 annual observation is available,latest_valid_restated_sec_companyfacts,"Latest valid filing through 2026-08-05; filing date, source priority, and accession provide deterministic selection.",The latest ROE transition is not a clear positive leverage- or operating-driven improvement.,Descriptive persistence patterns only; emphasize company concentration and year imbalance. Latest-restated annual data are not point-in-time; peer benchmarks are descriptive.
pton,PTON,Peloton Interactive Inc,dtc_brand,2019,2019-06-30,active,formal_included,2026-08-05,"Channel mix, fiscal calendars, and inventory intensity differ within this peer group.",,-0.21377049180327867,,,False,False,missing_prior_balance,,0.1037335178434814,0.023378538221732578,2.768020829541444,1.5436566198640926,,-0.23714903002501125,,,,3,,,,,,,,,,,,,,,,B,Descriptive persistence patterns only; emphasize company concentration and year imbalance.,21,10,4,17,0.35242975575281144,-0.11898476702773753,0.47141452278054896,3,0,3,Consecutive prior-year assets/equity are unavailable; resolved_latest_restated: Later valid filing supplies the current comparative value; resolved_tag_priority: Configured canonical tag priority selects the concept-aligned value,latest_valid_restated_sec_companyfacts,"Latest valid filing through 2026-08-05; filing date, source priority, and accession provide deterministic selection.",DuPont unavailable: missing_prior_balance.,Descriptive persistence patterns only; emphasize company concentration and year imbalance. Latest-restated annual data are not point-in-time; peer benchmarks are descriptive.
pton,PTON,Peloton Interactive Inc,dtc_brand,2020,2020-06-30,active,formal_included,2026-08-05,"Channel mix, fiscal calendars, and inventory intensity differ within this peer group.",-0.12568018255222044,-0.03921353852894462,0.9494319215869796,3.375724065297525,True,True,valid,0.0,-0.12568018255222044,-0.03920997024652794,2.1583779704930097,1.6823283242459501,0.0,-3.568282416682722e-06,-1.20894604890603,1.693395741051575,0.5,5,,,,,,,not_available,not_available,,False,invalid_dupont_transition,-0.07199853837536407,0.015543531522238793,False,0.2,B,Descriptive persistence patterns only; emphasize company concentration and year imbalance.,21,10,4,17,0.35242975575281144,-0.11898476702773753,0.47141452278054896,1,0,1,resolved_latest_restated: Later valid filing supplies the current comparative value,latest_valid_restated_sec_companyfacts,"Latest valid filing through 2026-08-05; filing date, source priority, and accession provide deterministic selection.",No valid consecutive-year ROE transition is available for driver classification.,Descriptive persistence patterns only; emphasize company concentration and year imbalance. Latest-restated annual data are not point-in-time; peer benchmarks are descriptive.
pton,PTON,Peloton Interactive Inc,dtc_brand,2021,2021-06-30,active,formal_included,2026-08-05,"Channel mix, fiscal calendars, and inventory intensity differ within this peer group.",-0.11013665102998164,-0.04699388333581978,1.0771620644400997,2.175752454765304,True,True,valid,1.3877787807814457e-17,-0.03813811265461758,-0.004224136207928774,2.1621613094905507,1.6817704559143634,-0.07199853837536407,-0.04276974712789101,-1.084999245050451,0.49398199885094085,0.2,6,0.015543531522238793,-0.021783989182982355,-0.015182848246837601,0.052510368952058746,0.015543531522238786,6.938893903907228e-18,multiplier,leverage_driven,1.0,False,turnaround_from_loss,-2.2339226778446353,-2.2994926629879133,True,0.0,B,Descriptive persistence patterns only; emphasize company concentration and year imbalance.,21,10,4,17,0.35242975575281144,-0.11898476702773753,0.47141452278054896,1,0,1,resolved_latest_restated: Later valid filing supplies the current comparative value,latest_valid_restated_sec_companyfacts,"Latest valid filing through 2026-08-05; filing date, source priority, and accession provide deterministic selection.",The latest valid ROE improvement is leverage-driven under the frozen Shapley rule.,Descriptive persistence patterns only; emphasize company concentration and year imbalance. Latest-restated annual data are not point-in-time; peer benchmarks are descriptive.
pton,PTON,Peloton Interactive Inc,dtc_brand,2022,2022-06-30,active,formal_included,2026-08-05,"Channel mix, fiscal calendars, and inventory intensity differ within this peer group.",-2.409629314017895,-0.7893972809245973,0.8414512397082486,3.6276523221133363,True,True,valid,0.0,-0.10370809779789572,0.017315448113486422,1.8449777172131978,1.77130656890503,-2.3059212162199993,-0.8067127290380837,-1.0035264775049493,1.8563457532083063,0.0,6,-2.2994926629879133,-2.0453980956468776,0.3072027984199499,-0.5612973657609857,-2.2994926629879133,0.0,margin,mixed_or_ambiguous,0.0,False,nonpositive_prior_roe,-5.89888980591912,-6.063842814927707,True,0.0,B,Descriptive persistence patterns only; emphasize company concentration and year imbalance.,21,10,4,17,0.35242975575281144,-0.11898476702773753,0.47141452278054896,0,0,0,,latest_valid_restated_sec_companyfacts,"Latest valid filing through 2026-08-05; filing date, source priority, and accession provide deterministic selection.",The latest ROE transition is not a clear positive leverage- or operating-driven improvement.,Descriptive persistence patterns only; emphasize company concentration and year imbalance. Latest-restated annual data are not point-in-time; peer benchmarks are descriptive.
pton,PTON,Peloton Interactive Inc,dtc_brand,2023,2023-06-30,active,formal_included,2026-08-05,"Channel mix, fiscal calendars, and inventory intensity differ within this peer group.",-8.473472128945602,-0.45057495893150495,0.8238790161233376,22.82605775688382,True,True,valid,1.7763568394002505e-15,-0.2686611068064823,-0.008099150084610079,1.6746062156845094,1.885034839637243,-8.20481102213912,-0.44247580884689486,-0.8507271995611718,20.941022917246578,0.0,6,-6.063842814927707,3.722108128400155,0.13457504404543175,-9.920525987373296,-6.063842814927709,1.7763568394002505e-15,multiplier,mixed_or_ambiguous,0.0,False,nonpositive_prior_roe,,,,,B,Descriptive persistence patterns only; emphasize company concentration and year imbalance.,21,10,4,17,0.35242975575281144,-0.11898476702773753,0.47141452278054896,0,0,0,,latest_valid_restated_sec_companyfacts,"Latest valid filing through 2026-08-05; filing date, source priority, and accession provide deterministic selection.",The latest ROE transition is not a clear positive leverage- or operating-driven improvement.,Descriptive persistence patterns only; emphasize company concentration and year imbalance. Latest-restated annual data are not point-in-time; peer benchmarks are descriptive.
pton,PTON,Peloton Interactive Inc,dtc_brand,2024,2024-06-30,active,formal_included,2026-08-05,"Channel mix, fiscal calendars, and inventory intensity differ within this peer group.",,-0.20436956119237176,1.090164099872838,,False,False,nonpositive_average_equity,,0.007215026353414273,-0.012087052456880357,1.5722053960121507,1.7475941940114417,,-0.1922825087354914,-0.4820412961393128,,,5,,,,,,,not_available,not_available,,False,invalid_dupont_transition,,,,,B,Descriptive persistence patterns only; emphasize company concentration and year imbalance.,21,10,4,17,0.35242975575281144,-0.11898476702773753,0.47141452278054896,2,0,2,Average equity is nonpositive; ROE is invalid; No consecutive t+1 annual observation is available,latest_valid_restated_sec_companyfacts,"Latest valid filing through 2026-08-05; filing date, source priority, and accession provide deterministic selection.",DuPont unavailable: nonpositive_average_equity.,Descriptive persistence patterns only; emphasize company concentration and year imbalance. Latest-restated annual data are not point-in-time; peer benchmarks are descriptive.
qvcga,QVCGA,QVC Group Inc,inventory_led_ecommerce,2018,2018-12-31,bankrupt,formal_included,2026-08-05,"Inventory ownership, fulfillment intensity, and hybrid business exposure differ within this peer group.",0.1157515637834081,0.06510305614783227,0.6705907585253675,2.651355278953687,True,True,valid,0.0,-0.05164283840584167,-0.05136341761597866,2.3961853996262596,2.936742028750036,0.16739440218924978,0.11646647376381092,-1.725594641100892,-0.2853867497963489,0.6666666666666666,4,,,,,,,,,,,,,,,,B,Descriptive persistence patterns only; emphasize company concentration and year imbalance.,21,10,4,17,0.35242975575281144,-0.11898476702773753,0.47141452278054896,3,0,3,resolved_latest_restated: Later valid filing supplies the current comparative value; resolved_tag_priority: Configured canonical tag priority selects the concept-aligned value,latest_valid_restated_sec_companyfacts,"Latest valid filing through 2026-08-05; filing date, source priority, and accession provide deterministic selection.",No valid consecutive-year ROE transition is available for driver classification.,Descriptive persistence patterns only; emphasize company concentration and year imbalance. Latest-restated annual data are not point-in-time; peer benchmarks are descriptive.
qvcga,QVCGA,QVC Group Inc,inventory_led_ecommerce,2019,2019-12-31,bankrupt,formal_included,2026-08-05,"Inventory ownership, fulfillment intensity, and hybrid business exposure differ within this peer group.",-0.0853932584269663,-0.03388319215336603,0.7658339498093666,3.290823970037453,True,True,valid,-1.3877787807814457e-17,-0.3171596363733877,-0.05207001897975609,2.92493595204727,3.4818842553744727,0.23176637794642138,0.018186826826390064,-2.1591020022379035,-0.19106028533701958,0.6666666666666666,4,-0.20114482221037439,-0.2117265064839193,0.00391484023830152,0.006666844035243408,-0.20114482221037439,0.0,margin,mixed_or_ambiguous,0.6300361892209411,False,no_roe_improvement,-0.13679296782790581,0.36272659176029964,False,1.0,B,Descriptive persistence patterns only; emphasize company concentration and year imbalance.,21,10,4,17,0.35242975575281144,-0.11898476702773753,0.47141452278054896,3,0,3,resolved_latest_restated: Later valid filing supplies the current comparative value; resolved_tag_priority: Configured canonical tag priority selects the concept-aligned value,latest_valid_restated_sec_companyfacts,"Latest valid filing through 2026-08-05; filing date, source priority, and accession provide deterministic selection.",The latest ROE transition is not a clear positive leverage- or operating-driven improvement.,Descriptive persistence patterns only; emphasize company concentration and year imbalance. Latest-restated annual data are not point-in-time; peer benchmarks are descriptive.
qvcga,QVCGA,QVC Group Inc,inventory_led_ecommerce,2020,2020-12-31,bankrupt,formal_included,2026-08-05,"Inventory ownership, fulfillment intensity, and hybrid business exposure differ within this peer group.",0.2773333333333333,0.08436199478027792,0.8265508395522388,3.9772753623188404,True,True,valid,0.0,0.18235992321481775,0.013078826440438318,2.194100316764152,3.5149166366489992,0.09497341011851557,0.07128316833983961,-1.367549477211913,0.46235872566984115,1.0,5,0.36272659176029964,0.34254164085971284,0.005979725291939764,0.014205225608646977,0.36272659176029953,1.1102230246251565e-16,margin,operating_driven,0.0391623496356016,False,turnaround_from_loss,-0.09497341011851557,-0.17546067415730338,True,0.5,B,Descriptive persistence patterns only; emphasize company concentration and year imbalance.,21,10,4,17,0.35242975575281144,-0.11898476702773753,0.47141452278054896,3,0,3,resolved_latest_restated: Later valid filing supplies the current comparative value; resolved_tag_priority: Configured canonical tag priority selects the concept-aligned value,latest_valid_restated_sec_companyfacts,"Latest valid filing through 2026-08-05; filing date, source priority, and accession provide deterministic selection.",The latest valid ROE improvement is operating-driven; dominant factor: margin.,Descriptive persistence patterns only; emphasize company concentration and year imbalance. Latest-restated annual data are not point-in-time; peer benchmarks are descriptive.
qvcga,QVCGA,QVC Group Inc,inventory_led_ecommerce,2021,2021-12-31,bankrupt,formal_included,2026-08-05,"Inventory ownership, fulfillment intensity, and hybrid business exposure differ within this peer group.",0.10187265917602996,0.0242096268869268,0.8459986144995633,4.973932584269663,True,True,valid,-1.3877787807814457e-17,0.10187265917602996,-0.008386705320724263,2.550049751243781,3.2020168444500086,0.0,0.03259633220765106,-1.7040511367442177,1.7719157398196548,0.5,5,-0.17546067415730338,-0.22523751720514434,0.004627906289540878,0.0451489367583001,-0.17546067415730338,0.0,margin,mixed_or_ambiguous,0.9070269224367452,False,no_roe_improvement,-1.4269501483195057,-1.5795143566981034,True,0.0,B,Descriptive persistence patterns only; emphasize company concentration and year imbalance.,21,10,4,17,0.35242975575281144,-0.11898476702773753,0.47141452278054896,3,0,3,resolved_latest_restated: Later valid filing supplies the current comparative value; resolved_tag_priority: Configured canonical tag priority selects the concept-aligned value,latest_valid_restated_sec_companyfacts,"Latest valid filing through 2026-08-05; filing date, source priority, and accession provide deterministic selection.",The latest ROE transition is not a clear positive leverage- or operating-driven improvement.,Descriptive persistence patterns only; emphasize company concentration and year imbalance. Latest-restated annual data are not point-in-time; peer benchmarks are descriptive.
qvcga,QVCGA,QVC Group Inc,inventory_led_ecommerce,2022,2022-12-31,bankrupt,formal_included,2026-08-05,"Inventory ownership, fulfillment intensity, and hybrid business exposure differ within this peer group.",-1.4776416975220734,-0.21427391376177102,0.8414833350710735,8.195101110794646,True,True,valid,0.0,-0.05069154920256766,-0.10893763300049109,1.7315598548972189,3.106793111211166,-1.4269501483195057,-0.10533628076127993,-0.8900765198261453,5.0883079995834795,0.0,5,-1.5795143566981034,-1.324636465705628,0.003114445844664756,-0.25799233683714007,-1.5795143566981031,-2.220446049250313e-16,margin,mixed_or_ambiguous,0.0,False,no_roe_improvement,1.4269501483195057,1.1916456422952488,False,0.5,B,Descriptive persistence patterns only; emphasize company concentration and year imbalance.,21,10,4,17,0.35242975575281144,-0.11898476702773753,0.47141452278054896,3,0,3,resolved_latest_restated: Later valid filing supplies the current comparative value; resolved_tag_priority: Configured canonical tag priority selects the concept-aligned value,latest_valid_restated_sec_companyfacts,"Latest valid filing through 2026-08-05; filing date, source priority, and accession provide deterministic selection.",The latest ROE transition is not a clear positive leverage- or operating-driven improvement.,Descriptive persistence patterns only; emphasize company concentration and year imbalance. Latest-restated annual data are not point-in-time; peer benchmarks are descriptive.
qvcga,QVCGA,QVC Group Inc,inventory_led_ecommerce,2023,2023-12-31,bankrupt,formal_included,2026-08-05,"Inventory ownership, fulfillment intensity, and hybrid business exposure differ within this peer group.",-0.2859960552268245,-0.013284470911589555,0.9119010819165378,23.608481262327416,True,True,valid,0.0,-0.2859960552268245,-0.013284470911589555,1.3660980404591287,5.093718055713305,0.0,0.0,-0.4541969585425909,18.514763206614113,0.5,5,1.1916456422952488,2.82016817110643,-0.10922724870142497,-1.5192952801097566,1.1916456422952486,2.220446049250313e-16,margin,operating_driven,0.0,False,turnaround_from_loss,,,,,B,Descriptive persistence patterns only; emphasize company concentration and year imbalance.,21,10,4,17,0.35242975575281144,-0.11898476702773753,0.47141452278054896,3,0,3,resolved_latest_restated: Later valid filing supplies the current comparative value; resolved_tag_priority: Configured canonical tag priority selects the concept-aligned value,latest_valid_restated_sec_companyfacts,"Latest valid filing through 2026-08-05; filing date, source priority, and accession provide deterministic selection.",The latest valid ROE improvement is operating-driven; dominant factor: margin.,Descriptive persistence patterns only; emphasize company concentration and year imbalance. Latest-restated annual data are not point-in-time; peer benchmarks are descriptive.
qvcga,QVCGA,QVC Group Inc,inventory_led_ecommerce,2024,2024-12-31,bankrupt,formal_included,2026-08-05,"Inventory ownership, fulfillment intensity, and hybrid business exposure differ within this peer group.",,-0.12852445949985056,0.9739459511911115,,False,False,nonpositive_average_equity,,0.36117443826546636,-0.013078373864992752,2.2232011742714555,5.198929358285567,,-0.11544608563485781,-1.249255223080344,,,4,,,,,,,not_available,not_available,,False,invalid_dupont_transition,,,,,B,Descriptive persistence patterns only; emphasize company concentration and year imbalance.,21,10,4,17,0.35242975575281144,-0.11898476702773753,0.47141452278054896,6,0,6,Average equity is nonpositive; ROE is invalid; No consecutive t+1 annual observation is available; resolved_latest_restated: Later valid filing supplies the current comparative value; resolved_tag_priority: Configured canonical tag priority selects the concept-aligned value,latest_valid_restated_sec_companyfacts,"Latest valid filing through 2026-08-05; filing date, source priority, and accession provide deterministic selection.",DuPont unavailable: nonpositive_average_equity.,Descriptive persistence patterns only; emphasize company concentration and year imbalance. Latest-restated annual data are not point-in-time; peer benchmarks are descriptive.
rvlv,RVLV,Revolve Group Inc,dtc_brand,2018,2018-12-31,active,formal_included,2026-08-05,"Channel mix, fiscal calendars, and inventory intensity differ within this peer group.",0.4801808991753126,0.06152516646983693,,,False,False,missing_prior_balance,,0.3592097625690084,0.04100583669321502,3.2860778900732006,1.9600035019486222,0.12097113660630421,0.020519329776621915,,,1.0,2,,,,,,,,,,,,,,,,B,Descriptive persistence patterns only; emphasize company concentration and year imbalance.,21,10,4,17,0.35242975575281144,-0.11898476702773753,0.47141452278054896,1,0,1,Consecutive prior-year assets/equity are unavailable,latest_valid_restated_sec_companyfacts,"Latest valid filing through 2026-08-05; filing date, source priority, and accession provide deterministic selection.",DuPont unavailable: missing_prior_balance.,Descriptive persistence patterns only; emphasize company concentration and year imbalance. Latest-restated annual data are not point-in-time; peer benchmarks are descriptive.
rvlv,RVLV,Revolve Group Inc,dtc_brand,2019,2019-12-31,active,formal_included,2026-08-05,"Channel mix, fiscal calendars, and inventory intensity differ within this peer group.",0.3387469014445679,0.059346781077317036,3.047910052641722,1.8727336619464154,True,True,valid,-5.551115123125783e-17,0.1037335178434814,0.023378538221732578,2.768020829541444,1.5436566198640926,0.23501338360108653,0.03596824285558446,0.2798892231002781,0.3290770420823228,1.0,3,-0.14143399773074466,,,,,,not_available,not_available,,False,invalid_dupont_transition,0.23398719504819948,0.004573494652497623,False,0.75,B,Descriptive persistence patterns only; emphasize company concentration and year imbalance.,21,10,4,17,0.35242975575281144,-0.11898476702773753,0.47141452278054896,2,0,2,resolved_latest_restated: Later valid filing supplies the current comparative value; resolved_tag_priority: Configured canonical tag priority selects the concept-aligned value,latest_valid_restated_sec_companyfacts,"Latest valid filing through 2026-08-05; filing date, source priority, and accession provide deterministic selection.",No valid consecutive-year ROE transition is available for driver classification.,Descriptive persistence patterns only; emphasize company concentration and year imbalance. Latest-restated annual data are not point-in-time; peer benchmarks are descriptive.
rvlv,RVLV,Revolve Group Inc,dtc_brand,2020,2020-12-31,active,formal_included,2026-08-05,"Channel mix, fiscal calendars, and inventory intensity differ within this peer group.",0.34332039609706555,0.09780435340455249,2.1583779704930097,1.626349643923731,True,True,valid,-5.551115123125783e-17,-0.12568018255222044,-0.03920997024652794,2.1583779704930097,1.6823283242459501,0.469000578649286,0.13701432365108043,0.0,-0.05597868032221909,0.75,5,0.004573494652497623,0.17585004728821602,-0.12158268323535754,-0.049693869400360885,0.004573494652497595,2.7755575615628914e-17,margin,operating_driven,0.0,True,eligible,-0.044692487770880085,0.042849582126722796,False,1.0,B,Descriptive persistence patterns only; emphasize company concentration and year imbalance.,21,10,4,17,0.35242975575281144,-0.11898476702773753,0.47141452278054896,0,0,0,,latest_valid_restated_sec_companyfacts,"Latest valid filing through 2026-08-05; filing date, source priority, and accession provide deterministic selection.",The latest valid ROE improvement is operating-driven; dominant factor: margin.,Descriptive persistence patterns only; emphasize company concentration and year imbalance. Latest-restated annual data are not point-in-time; peer benchmarks are descriptive.
rvlv,RVLV,Revolve Group Inc,dtc_brand,2021,2021-12-31,active,formal_included,2026-08-05,"Channel mix, fiscal calendars, and inventory intensity differ within this peer group.",0.38616997822378835,0.11200484636354459,2.267691896739234,1.5203992434410283,True,True,valid,5.551115123125783e-17,-0.03813811265461758,-0.004224136207928774,2.1621613094905507,1.6817704559143634,0.42430809087840593,0.11622898257147336,0.10553058724868336,-0.16137121247333508,1.0,6,0.042849582126722796,0.04943145380689134,0.018029018777178978,-0.02461089045734756,0.042849582126722754,4.163336342344337e-17,margin,operating_driven,0.0,True,eligible,-0.15207258731497053,-0.21764257245824864,True,0.8,B,Descriptive persistence patterns only; emphasize company concentration and year imbalance.,21,10,4,17,0.35242975575281144,-0.11898476702773753,0.47141452278054896,0,0,0,,latest_valid_restated_sec_companyfacts,"Latest valid filing through 2026-08-05; filing date, source priority, and accession provide deterministic selection.",The latest valid ROE improvement is operating-driven; dominant factor: margin.,Descriptive persistence patterns only; emphasize company concentration and year imbalance. Latest-restated annual data are not point-in-time; peer benchmarks are descriptive.
rvlv,RVLV,Revolve Group Inc,dtc_brand,2022,2022-12-31,active,formal_included,2026-08-05,"Channel mix, fiscal calendars, and inventory intensity differ within this peer group.",0.1685274057655397,0.0532923073570749,2.0786709079945758,1.521318945085108,True,True,valid,0.0,-0.10370809779789572,0.017315448113486422,1.8449777172131978,1.77130656890503,0.2722355035634354,0.03597685924358848,0.23369319078137796,-0.24998762381992212,0.8,6,-0.21764257245824864,-0.194050120588219,-0.02375849036760965,0.00016603849758004973,-0.2176425724582486,-2.7755575615628914e-17,margin,mixed_or_ambiguous,1.0,False,no_roe_improvement,0.07004014883073795,-0.09491286017784864,True,0.8,B,Descriptive persistence patterns only; emphasize company concentration and year imbalance.,21,10,4,17,0.35242975575281144,-0.11898476702773753,0.47141452278054896,0,0,0,,latest_valid_restated_sec_companyfacts,"Latest valid filing through 2026-08-05; filing date, source priority, and accession provide deterministic selection.",The latest ROE transition is not a clear positive leverage- or operating-driven improvement.,Descriptive persistence patterns only; emphasize company concentration and year imbalance. Latest-restated annual data are not point-in-time; peer benchmarks are descriptive.
rvlv,RVLV,Revolve Group Inc,dtc_brand,2023,2023-12-31,active,formal_included,2026-08-05,"Channel mix, fiscal calendars, and inventory intensity differ within this peer group.",0.07361454558769107,0.026337138200031997,1.7988813368748129,1.5537907685628465,True,True,valid,0.0,-0.2686611068064823,-0.008099150084610079,1.6746062156845094,1.885034839637243,0.34227565239417335,0.034436288284642076,0.12427512119030348,-0.33124407107439646,0.8,6,-0.09491286017784864,-0.08033226783138964,-0.017107559881776552,0.002526967535317537,-0.09491286017784865,1.3877787807814457e-17,margin,mixed_or_ambiguous,1.0,False,no_roe_improvement,-0.22904956929046819,0.046826563869428364,False,1.0,B,Descriptive persistence patterns only; emphasize company concentration and year imbalance.,21,10,4,17,0.35242975575281144,-0.11898476702773753,0.47141452278054896,0,0,0,,latest_valid_restated_sec_companyfacts,"Latest valid filing through 2026-08-05; filing date, source priority, and accession provide deterministic selection.",The latest ROE transition is not a clear positive leverage- or operating-driven improvement.,Descriptive persistence patterns only; emphasize company concentration and year imbalance. Latest-restated annual data are not point-in-time; peer benchmarks are descriptive.
rvlv,RVLV,Revolve Group Inc,dtc_brand,2024,2024-12-31,active,formal_included,2026-08-05,"Channel mix, fiscal calendars, and inventory intensity differ within this peer group.",0.12044110945711943,0.04385920661007814,1.773197963329575,1.5486623932922199,True,True,valid,0.0,0.007215026353414273,-0.012087052456880357,1.5722053960121507,1.7475941940114417,0.11322608310370516,0.05594625906695849,0.2009925673174242,-0.19893180071922179,1.0,5,0.046826563869428364,0.048545997153677516,-0.001398144545936725,-0.0003212887383124321,0.04682656386942836,6.938893903907228e-18,margin,operating_driven,0.0,False,next_year_not_observable,,,,,B,Descriptive persistence patterns only; emphasize company concentration and year imbalance.,21,10,4,17,0.35242975575281144,-0.11898476702773753,0.47141452278054896,3,0,3,No consecutive t+1 annual observation is available; resolved_latest_restated: Later valid filing supplies the current comparative value; resolved_tag_priority: Configured canonical tag priority selects the concept-aligned value,latest_valid_restated_sec_companyfacts,"Latest valid filing through 2026-08-05; filing date, source priority, and accession provide deterministic selection.",The latest valid ROE improvement is operating-driven; dominant factor: margin.,Descriptive persistence patterns only; emphasize company concentration and year imbalance. Latest-restated annual data are not point-in-time; peer benchmarks are descriptive.
sfix,SFIX,Stitch Fix Inc,dtc_brand,2018,2018-07-28,active,formal_included,2026-08-05,"Channel mix, fiscal calendars, and inventory intensity differ within this peer group.",0.23823862596270423,0.03660808557649581,3.320307529879939,1.9600035019486222,True,True,valid,2.7755575615628914e-17,0.3592097625690084,0.04100583669321502,3.2860778900732006,1.9600035019486222,-0.12097113660630415,-0.004397751116719209,0.03422963980673854,0.0,0.0,2,,,,,,,,,,,,,,,,B,Descriptive persistence patterns only; emphasize company concentration and year imbalance.,21,10,4,17,0.35242975575281144,-0.11898476702773753,0.47141452278054896,2,0,2,resolved_latest_restated: Later valid filing supplies the current comparative value; resolved_tag_priority: Configured canonical tag priority selects the concept-aligned value,latest_valid_restated_sec_companyfacts,"Latest valid filing through 2026-08-05; filing date, source priority, and accession provide deterministic selection.",No valid consecutive-year ROE transition is available for driver classification.,Descriptive persistence patterns only; emphasize company concentration and year imbalance. Latest-restated annual data are not point-in-time; peer benchmarks are descriptive.
sfix,SFIX,Stitch Fix Inc,dtc_brand,2019,2019-08-03,active,formal_included,2026-08-05,"Channel mix, fiscal calendars, and inventory intensity differ within this peer group.",0.1037335178434814,0.023378538221732578,2.8744254776791527,1.5436566198640926,True,True,valid,0.0,0.1037335178434814,0.023378538221732578,2.768020829541444,1.5436566198640926,0.0,0.0,0.10640464813770878,0.0,0.5,3,-0.13450510811922284,-0.07198897728912763,-0.023632726204182587,-0.03888340462591262,-0.13450510811922284,0.0,margin,mixed_or_ambiguous,,False,no_roe_improvement,-0.042736089214334944,-0.2721497896100368,True,0.25,B,Descriptive persistence patterns only; emphasize company concentration and year imbalance.,21,10,4,17,0.35242975575281144,-0.11898476702773753,0.47141452278054896,0,0,0,,latest_valid_restated_sec_companyfacts,"Latest valid filing through 2026-08-05; filing date, source priority, and accession provide deterministic selection.",The latest ROE transition is not a clear positive leverage- or operating-driven improvement.,Descriptive persistence patterns only; emphasize company concentration and year imbalance. Latest-restated annual data are not point-in-time; peer benchmarks are descriptive.
sfix,SFIX,Stitch Fix Inc,dtc_brand,2020,2020-08-01,active,formal_included,2026-08-05,"Channel mix, fiscal calendars, and inventory intensity differ within this peer group.",-0.16841627176655538,-0.03920997024652794,2.4709334930836993,1.7383070045681692,True,True,valid,0.0,-0.12568018255222044,-0.03920997024652794,2.1583779704930097,1.6823283242459501,-0.042736089214334944,0.0,0.3125555225906895,0.05597868032221909,0.25,5,-0.2721497896100368,-0.27409219254801,0.00565081880738435,-0.0037084158694110957,-0.2721497896100368,0.0,margin,mixed_or_ambiguous,0.0,False,no_roe_improvement,0.06027751042716091,0.14781958032476378,False,0.6,B,Descriptive persistence patterns only; emphasize company concentration and year imbalance.,21,10,4,17,0.35242975575281144,-0.11898476702773753,0.47141452278054896,0,0,0,,latest_valid_restated_sec_companyfacts,"Latest valid filing through 2026-08-05; filing date, source priority, and accession provide deterministic selection.",The latest ROE transition is not a clear positive leverage- or operating-driven improvement.,Descriptive persistence patterns only; emphasize company concentration and year imbalance. Latest-restated annual data are not point-in-time; peer benchmarks are descriptive.
sfix,SFIX,Stitch Fix Inc,dtc_brand,2021,2021-07-31,active,formal_included,2026-08-05,"Channel mix, fiscal calendars, and inventory intensity differ within this peer group.",-0.020596691441791607,-0.004224136207928774,2.6454577615955905,1.8431416683876987,True,True,valid,-3.469446951953614e-18,-0.03813811265461758,-0.004224136207928774,2.1621613094905507,1.6817704559143634,0.01754142121282597,0.0,0.4832964521050398,0.1613712124733353,0.6,6,0.14781958032476378,0.16032425855753873,-0.00673377661164724,-0.0057709016211277,0.1478195803247638,-2.7755575615628914e-17,margin,operating_driven,0.0,False,turnaround_from_loss,-0.4425404070141645,-0.5081103921574426,True,0.2,B,Descriptive persistence patterns only; emphasize company concentration and year imbalance.,21,10,4,17,0.35242975575281144,-0.11898476702773753,0.47141452278054896,0,0,0,,latest_valid_restated_sec_companyfacts,"Latest valid filing through 2026-08-05; filing date, source priority, and accession provide deterministic selection.",The latest valid ROE improvement is operating-driven; dominant factor: margin.,Descriptive persistence patterns only; emphasize company concentration and year imbalance. Latest-restated annual data are not point-in-time; peer benchmarks are descriptive.
sfix,SFIX,Stitch Fix Inc,dtc_brand,2022,2022-07-30,active,formal_included,2026-08-05,"Channel mix, fiscal calendars, and inventory intensity differ within this peer group.",-0.5287070835992342,-0.10264673873180943,2.5482406843789547,2.021294192724952,True,True,valid,1.1102230246251565e-16,-0.10370809779789572,0.017315448113486422,1.8449777172131978,1.77130656890503,-0.42499898580133855,-0.11996218684529586,0.7032629671657569,0.24998762381992212,0.2,6,-0.5081103921574426,-0.49371093729401644,0.010179609552747926,-0.024579064416174082,-0.5081103921574426,0.0,margin,mixed_or_ambiguous,0.0,False,nonpositive_prior_roe,0.09020476847160802,-0.0747482405369786,True,0.4,B,Descriptive persistence patterns only; emphasize company concentration and year imbalance.,21,10,4,17,0.35242975575281144,-0.11898476702773753,0.47141452278054896,4,0,4,resolved_latest_restated: Later valid filing supplies the current comparative value,latest_valid_restated_sec_companyfacts,"Latest valid filing through 2026-08-05; filing date, source priority, and accession provide deterministic selection.",The latest ROE transition is not a clear positive leverage- or operating-driven improvement.,Descriptive persistence patterns only; emphasize company concentration and year imbalance. Latest-restated annual data are not point-in-time; peer benchmarks are descriptive.
sfix,SFIX,Stitch Fix Inc,dtc_brand,2023,2023-07-29,active,formal_included,2026-08-05,"Channel mix, fiscal calendars, and inventory intensity differ within this peer group.",-0.6034553241362128,-0.10798790094447736,2.3096533535216857,2.419486596451336,True,True,valid,0.0,-0.2686611068064823,-0.008099150084610079,1.6746062156845094,1.885034839637243,-0.3347942173297305,-0.09988875085986727,0.6350471378371763,0.534451756814093,0.4,6,-0.0747482405369786,-0.028763726989925735,0.055834875101372534,-0.10181938864842541,-0.07474824053697861,1.3877787807814457e-17,multiplier,mixed_or_ambiguous,0.0,False,nonpositive_prior_roe,-0.26569968324893084,0.010176449910965779,False,0.25,B,Descriptive persistence patterns only; emphasize company concentration and year imbalance.,21,10,4,17,0.35242975575281144,-0.11898476702773753,0.47141452278054896,5,0,5,resolved_latest_restated: Later valid filing supplies the current comparative value,latest_valid_restated_sec_companyfacts,"Latest valid filing through 2026-08-05; filing date, source priority, and accession provide deterministic selection.",The latest ROE transition is not a clear positive leverage- or operating-driven improvement.,Descriptive persistence patterns only; emphasize company concentration and year imbalance. Latest-restated annual data are not point-in-time; peer benchmarks are descriptive.
sfix,SFIX,Stitch Fix Inc,dtc_brand,2024,2024-08-03,active,formal_included,2026-08-05,"Channel mix, fiscal calendars, and inventory intensity differ within this peer group.",-0.593278874225247,-0.09633127671091944,2.4287968678212586,2.5357146146265985,True,True,valid,0.0,0.007215026353414273,-0.012087052456880357,1.5722053960121507,1.7475941940114417,-0.6004939005786614,-0.08424422425403909,0.8565914718091079,0.7881204206151569,0.25,5,0.010176449910965779,0.06843776084979425,-0.030143041872536344,-0.02811826906629209,0.010176449910965814,-3.469446951953614e-17,margin,operating_driven,0.0,False,turnaround_from_loss,,,,,B,Descriptive persistence patterns only; emphasize company concentration and year imbalance.,21,10,4,17,0.35242975575281144,-0.11898476702773753,0.47141452278054896,1,0,1,No consecutive t+1 annual observation is available,latest_valid_restated_sec_companyfacts,"Latest valid filing through 2026-08-05; filing date, source priority, and accession provide deterministic selection.",The latest valid ROE improvement is operating-driven; dominant factor: margin.,Descriptive persistence patterns only; emphasize company concentration and year imbalance. Latest-restated annual data are not point-in-time; peer benchmarks are descriptive.
snbr,SNBR,Sleep Number Corp,dtc_brand,2018,2018-12-29,bankrupt,formal_included,2026-08-05,"Channel mix, fiscal calendars, and inventory intensity differ within this peer group.",,0.04540358780993422,3.2518482502664625,,False,False,nonpositive_average_equity,,0.3592097625690084,0.04100583669321502,3.2860778900732006,1.9600035019486222,,0.004397751116719202,-0.0342296398067381,,,2,,,,,,,,,,,,,,,,B,Descriptive persistence patterns only; emphasize company concentration and year imbalance.,21,10,4,17,0.35242975575281144,-0.11898476702773753,0.47141452278054896,1,0,1,Average equity is nonpositive; ROE is invalid,latest_valid_restated_sec_companyfacts,"Latest valid filing through 2026-08-05; filing date, source priority, and accession provide deterministic selection.",DuPont unavailable: nonpositive_average_equity.,Descriptive persistence patterns only; emphasize company concentration and year imbalance. Latest-restated annual data are not point-in-time; peer benchmarks are descriptive.
snbr,SNBR,Sleep Number Corp,dtc_brand,2019,2019-12-28,bankrupt,formal_included,2026-08-05,"Channel mix, fiscal calendars, and inventory intensity differ within this peer group.",,0.04819083440888579,2.661616181403735,,False,False,nonpositive_average_equity,,0.1037335178434814,0.023378538221732578,2.768020829541444,1.5436566198640926,,0.02481229618715321,-0.10640464813770878,,,3,,,,,,,not_available,not_available,,False,invalid_dupont_transition,,,,,B,Descriptive persistence patterns only; emphasize company concentration and year imbalance.,21,10,4,17,0.35242975575281144,-0.11898476702773753,0.47141452278054896,1,0,1,Average equity is nonpositive; ROE is invalid,latest_valid_restated_sec_companyfacts,"Latest valid filing through 2026-08-05; filing date, source priority, and accession provide deterministic selection.",DuPont unavailable: nonpositive_average_equity.,Descriptive persistence patterns only; emphasize company concentration and year imbalance. Latest-restated annual data are not point-in-time; peer benchmarks are descriptive.
snbr,SNBR,Sleep Number Corp,dtc_brand,2020,2021-01-02,bankrupt,formal_included,2026-08-05,"Channel mix, fiscal calendars, and inventory intensity differ within this peer group.",,0.07497165448909404,2.311765998683833,,False,False,nonpositive_average_equity,,-0.12568018255222044,-0.03920997024652794,2.1583779704930097,1.6823283242459501,,0.11418162473562199,0.1533880281908231,,,5,,,,,,,not_available,not_available,,False,invalid_dupont_transition,,,,,B,Descriptive persistence patterns only; emphasize company concentration and year imbalance.,21,10,4,17,0.35242975575281144,-0.11898476702773753,0.47141452278054896,1,0,1,Average equity is nonpositive; ROE is invalid,latest_valid_restated_sec_companyfacts,"Latest valid filing through 2026-08-05; filing date, source priority, and accession provide deterministic selection.",DuPont unavailable: nonpositive_average_equity.,Descriptive persistence patterns only; emphasize company concentration and year imbalance. Latest-restated annual data are not point-in-time; peer benchmarks are descriptive.
snbr,SNBR,Sleep Number Corp,dtc_brand,2021,2022-01-01,bankrupt,formal_included,2026-08-05,"Channel mix, fiscal calendars, and inventory intensity differ within this peer group.",,0.07036594446826906,2.5411170476299025,,False,False,nonpositive_average_equity,,-0.03813811265461758,-0.004224136207928774,2.1621613094905507,1.6817704559143634,,0.07459008067619784,0.3789557381393518,,,6,,,,,,,not_available,not_available,,False,invalid_dupont_transition,,,,,B,Descriptive persistence patterns only; emphasize company concentration and year imbalance.,21,10,4,17,0.35242975575281144,-0.11898476702773753,0.47141452278054896,1,0,1,Average equity is nonpositive; ROE is invalid,latest_valid_restated_sec_companyfacts,"Latest valid filing through 2026-08-05; filing date, source priority, and accession provide deterministic selection.",DuPont unavailable: nonpositive_average_equity.,Descriptive persistence patterns only; emphasize company concentration and year imbalance. Latest-restated annual data are not point-in-time; peer benchmarks are descriptive.
snbr,SNBR,Sleep Number Corp,dtc_brand,2022,2022-12-31,bankrupt,formal_included,2026-08-05,"Channel mix, fiscal calendars, and inventory intensity differ within this peer group.",,0.017315448113486422,2.2570846917708045,,False,False,nonpositive_average_equity,,-0.10370809779789572,0.017315448113486422,1.8449777172131978,1.77130656890503,,0.0,0.4121069745576067,,,6,,,,,,,not_available,not_available,,False,invalid_dupont_transition,,,,,B,Descriptive persistence patterns only; emphasize company concentration and year imbalance.,21,10,4,17,0.35242975575281144,-0.11898476702773753,0.47141452278054896,1,0,1,Average equity is nonpositive; ROE is invalid,latest_valid_restated_sec_companyfacts,"Latest valid filing through 2026-08-05; filing date, source priority, and accession provide deterministic selection.",DuPont unavailable: nonpositive_average_equity.,Descriptive persistence patterns only; emphasize company concentration and year imbalance. Latest-restated annual data are not point-in-time; peer benchmarks are descriptive.
snbr,SNBR,Sleep Number Corp,dtc_brand,2023,2023-12-30,bankrupt,formal_included,2026-08-05,"Channel mix, fiscal calendars, and inventory intensity differ within this peer group.",,-0.008099150084610079,1.9817998168852005,,False,False,nonpositive_average_equity,,-0.2686611068064823,-0.008099150084610079,1.6746062156845094,1.885034839637243,,0.0,0.30719360120069106,,,6,,,,,,,not_available,not_available,,False,invalid_dupont_transition,,,,,B,Descriptive persistence patterns only; emphasize company concentration and year imbalance.,21,10,4,17,0.35242975575281144,-0.11898476702773753,0.47141452278054896,1,0,1,Average equity is nonpositive; ROE is invalid,latest_valid_restated_sec_companyfacts,"Latest valid filing through 2026-08-05; filing date, source priority, and accession provide deterministic selection.",DuPont unavailable: nonpositive_average_equity.,Descriptive persistence patterns only; emphasize company concentration and year imbalance. Latest-restated annual data are not point-in-time; peer benchmarks are descriptive.
snbr,SNBR,Sleep Number Corp,dtc_brand,2024,2024-12-28,bankrupt,formal_included,2026-08-05,"Channel mix, fiscal calendars, and inventory intensity differ within this peer group.",,-0.012087052456880357,1.8571565775601786,,False,False,nonpositive_average_equity,,0.007215026353414273,-0.012087052456880357,1.5722053960121507,1.7475941940114417,,0.0,0.2849511815480279,,,5,,,,,,,not_available,not_available,,False,invalid_dupont_transition,,,,,B,Descriptive persistence patterns only; emphasize company concentration and year imbalance.,21,10,4,17,0.35242975575281144,-0.11898476702773753,0.47141452278054896,2,0,2,Average equity is nonpositive; ROE is invalid; No consecutive t+1 annual observation is available,latest_valid_restated_sec_companyfacts,"Latest valid filing through 2026-08-05; filing date, source priority, and accession provide deterministic selection.",DuPont unavailable: nonpositive_average_equity.,Descriptive persistence patterns only; emphasize company concentration and year imbalance. Latest-restated annual data are not point-in-time; peer benchmarks are descriptive.
vrm,VRM,Vroom Inc,inventory_led_ecommerce,2019,2019-12-31,active,formal_included,2026-08-05,"Inventory ownership, fulfillment intensity, and hybrid business exposure differ within this peer group.",,-0.11996600160594588,,,False,False,missing_prior_balance,,-0.3171596363733877,-0.05207001897975609,2.92493595204727,3.4818842553744727,,-0.06789598262618979,,,,4,,,,,,,,,,,,,,,,B,Descriptive persistence patterns only; emphasize company concentration and year imbalance.,21,10,4,17,0.35242975575281144,-0.11898476702773753,0.47141452278054896,3,0,3,Consecutive prior-year assets/equity are unavailable; resolved_latest_restated: Later valid filing supplies the current comparative value; resolved_tag_priority: Configured canonical tag priority selects the concept-aligned value,latest_valid_restated_sec_companyfacts,"Latest valid filing through 2026-08-05; filing date, source priority, and accession provide deterministic selection.",DuPont unavailable: missing_prior_balance.,Descriptive persistence patterns only; emphasize company concentration and year imbalance. Latest-restated annual data are not point-in-time; peer benchmarks are descriptive.
vrm,VRM,Vroom Inc,inventory_led_ecommerce,2020,2020-12-31,active,formal_included,2026-08-05,"Inventory ownership, fulfillment intensity, and hybrid business exposure differ within this peer group.",-0.6208924607730577,-0.14936952198571113,1.1870896892294147,3.5016349024110216,True,True,valid,1.1102230246251565e-16,0.18235992321481775,0.013078826440438318,2.194100316764152,3.5149166366489992,-0.8032523839878755,-0.16244834842614944,-1.0070106275347372,-0.013281734237977627,0.0,5,,,,,,,not_available,not_available,,False,invalid_dupont_transition,0.35510544712099423,0.2746181830822064,False,0.0,B,Descriptive persistence patterns only; emphasize company concentration and year imbalance.,21,10,4,17,0.35242975575281144,-0.11898476702773753,0.47141452278054896,0,0,0,,latest_valid_restated_sec_companyfacts,"Latest valid filing through 2026-08-05; filing date, source priority, and accession provide deterministic selection.",No valid consecutive-year ROE transition is available for driver classification.,Descriptive persistence patterns only; emphasize company concentration and year imbalance. Latest-restated annual data are not point-in-time; peer benchmarks are descriptive.
vrm,VRM,Vroom Inc,inventory_led_ecommerce,2021,2021-12-31,active,formal_included,2026-08-05,"Inventory ownership, fulfillment intensity, and hybrid business exposure differ within this peer group.",-0.3462742776908513,-0.11648281937219224,1.5567861198991104,1.9095428456198393,True,True,valid,0.0,0.10187265917602996,-0.008386705320724263,2.550049751243781,3.2020168444500086,-0.44814693686688123,-0.10809611405146798,-0.9932636313446706,-1.2924739988301692,0.0,5,0.2746181830822064,0.12045908172823722,-0.1345720109858482,0.28873111233981746,0.2746181830822065,-5.551115123125783e-17,multiplier,leverage_driven,0.7056159129067423,False,turnaround_from_loss,-0.1490490801837967,-0.30161328856239433,True,0.25,B,Descriptive persistence patterns only; emphasize company concentration and year imbalance.,21,10,4,17,0.35242975575281144,-0.11898476702773753,0.47141452278054896,0,0,0,,latest_valid_restated_sec_companyfacts,"Latest valid filing through 2026-08-05; filing date, source priority, and accession provide deterministic selection.",The latest valid ROE improvement is leverage-driven under the frozen Shapley rule.,Descriptive persistence patterns only; emphasize company concentration and year imbalance. Latest-restated annual data are not point-in-time; peer benchmarks are descriptive.
vrm,VRM,Vroom Inc,inventory_led_ecommerce,2022,2022-12-31,active,formal_included,2026-08-05,"Inventory ownership, fulfillment intensity, and hybrid business exposure differ within this peer group.",-0.6478875662532456,-0.23187940280188682,0.9779277666562881,2.85713456236658,True,True,valid,0.0,-0.05069154920256766,-0.10893763300049109,1.7315598548972189,3.106793111211166,-0.5971960170506779,-0.12294176980139573,-0.7536320882409308,-0.24965854884458638,0.25,5,-0.30161328856239433,-0.3432853036349011,0.24557775480191998,-0.20390573972941312,-0.3016132885623942,-1.1102230246251565e-16,margin,mixed_or_ambiguous,0.0,False,nonpositive_prior_roe,-0.31716743212000664,-0.5524719381442634,True,0.0,B,Descriptive persistence patterns only; emphasize company concentration and year imbalance.,21,10,4,17,0.35242975575281144,-0.11898476702773753,0.47141452278054896,1,0,1,resolved_latest_restated: Later valid filing supplies the current comparative value,latest_valid_restated_sec_companyfacts,"Latest valid filing through 2026-08-05; filing date, source priority, and accession provide deterministic selection.",The latest ROE transition is not a clear positive leverage- or operating-driven improvement.,Descriptive persistence patterns only; emphasize company concentration and year imbalance. Latest-restated annual data are not point-in-time; peer benchmarks are descriptive.
vrm,VRM,Vroom Inc,inventory_led_ecommerce,2023,2023-12-31,active,formal_included,2026-08-05,"Inventory ownership, fulfillment intensity, and hybrid business exposure differ within this peer group.",-1.200359504397509,-0.40820619724743423,0.5772937282210823,5.093718055713305,True,True,valid,0.0,-0.2859960552268245,-0.013284470911589555,1.3660980404591287,5.093718055713305,-0.9143634491706846,-0.39492172633584466,-0.7888043122380465,0.0,0.0,5,-0.5524719381442634,-0.5319185638135268,0.5228958085463475,-0.5434491828770841,-0.5524719381442633,-1.1102230246251565e-16,multiplier,mixed_or_ambiguous,0.0,False,nonpositive_prior_roe,,,,,B,Descriptive persistence patterns only; emphasize company concentration and year imbalance.,21,10,4,17,0.35242975575281144,-0.11898476702773753,0.47141452278054896,3,0,3,resolved_latest_restated: Later valid filing supplies the current comparative value; resolved_tag_priority: Configured canonical tag priority selects the concept-aligned value,latest_valid_restated_sec_companyfacts,"Latest valid filing through 2026-08-05; filing date, source priority, and accession provide deterministic selection.",The latest ROE transition is not a clear positive leverage- or operating-driven improvement.,Descriptive persistence patterns only; emphasize company concentration and year imbalance. Latest-restated annual data are not point-in-time; peer benchmarks are descriptive.
w,W,Wayfair Inc,inventory_led_ecommerce,2018,2018-12-31,active,formal_included,2026-08-05,"Inventory ownership, fulfillment intensity, and hybrid business exposure differ within this peer group.",,-0.07435714144525572,4.367668485783859,,False,False,nonpositive_average_equity,,-0.05164283840584167,-0.05136341761597866,2.3961853996262596,2.936742028750036,,-0.022993723829277064,1.971483086157599,,,4,,,,,,,,,,,,,,,,B,Descriptive persistence patterns only; emphasize company concentration and year imbalance.,21,10,4,17,0.35242975575281144,-0.11898476702773753,0.47141452278054896,1,0,1,Average equity is nonpositive; ROE is invalid,latest_valid_restated_sec_companyfacts,"Latest valid filing through 2026-08-05; filing date, source priority, and accession provide deterministic selection.",DuPont unavailable: nonpositive_average_equity.,Descriptive persistence patterns only; emphasize company concentration and year imbalance. Latest-restated annual data are not point-in-time; peer benchmarks are descriptive.
w,W,Wayfair Inc,inventory_led_ecommerce,2019,2019-12-31,active,formal_included,2026-08-05,"Inventory ownership, fulfillment intensity, and hybrid business exposure differ within this peer group.",,-0.1079215514407801,3.7684525974741834,,False,False,nonpositive_average_equity,,-0.3171596363733877,-0.05207001897975609,2.92493595204727,3.4818842553744727,,-0.055851532461024006,0.8435166454269134,,,4,,,,,,,not_available,not_available,,False,invalid_dupont_transition,,,,,B,Descriptive persistence patterns only; emphasize company concentration and year imbalance.,21,10,4,17,0.35242975575281144,-0.11898476702773753,0.47141452278054896,1,0,1,Average equity is nonpositive; ROE is invalid,latest_valid_restated_sec_companyfacts,"Latest valid filing through 2026-08-05; filing date, source priority, and accession provide deterministic selection.",DuPont unavailable: nonpositive_average_equity.,Descriptive persistence patterns only; emphasize company concentration and year imbalance. Latest-restated annual data are not point-in-time; peer benchmarks are descriptive.
w,W,Wayfair Inc,inventory_led_ecommerce,2020,2020-12-31,active,formal_included,2026-08-05,"Inventory ownership, fulfillment intensity, and hybrid business exposure differ within this peer group.",,0.013078826440438318,3.760443905183112,,False,False,nonpositive_average_equity,,0.18235992321481775,0.013078826440438318,2.194100316764152,3.5149166366489992,,0.0,1.56634358841896,,,5,,,,,,,not_available,not_available,,False,invalid_dupont_transition,,,,,B,Descriptive persistence patterns only; emphasize company concentration and year imbalance.,21,10,4,17,0.35242975575281144,-0.11898476702773753,0.47141452278054896,1,0,1,Average equity is nonpositive; ROE is invalid,latest_valid_restated_sec_companyfacts,"Latest valid filing through 2026-08-05; filing date, source priority, and accession provide deterministic selection.",DuPont unavailable: nonpositive_average_equity.,Descriptive persistence patterns only; emphasize company concentration and year imbalance. Latest-restated annual data are not point-in-time; peer benchmarks are descriptive.
w,W,Wayfair Inc,inventory_led_ecommerce,2021,2021-12-31,active,formal_included,2026-08-05,"Inventory ownership, fulfillment intensity, and hybrid business exposure differ within this peer group.",,-0.009556463379048731,2.999562363238512,,False,False,nonpositive_average_equity,,0.10187265917602996,-0.008386705320724263,2.550049751243781,3.2020168444500086,,-0.0011697580583244684,0.44951261199473125,,,5,,,,,,,not_available,not_available,,False,invalid_dupont_transition,,,,,B,Descriptive persistence patterns only; emphasize company concentration and year imbalance.,21,10,4,17,0.35242975575281144,-0.11898476702773753,0.47141452278054896,1,0,1,Average equity is nonpositive; ROE is invalid,latest_valid_restated_sec_companyfacts,"Latest valid filing through 2026-08-05; filing date, source priority, and accession provide deterministic selection.",DuPont unavailable: nonpositive_average_equity.,Descriptive persistence patterns only; emphasize company concentration and year imbalance. Latest-restated annual data are not point-in-time; peer benchmarks are descriptive.
w,W,Wayfair Inc,inventory_led_ecommerce,2022,2022-12-31,active,formal_included,2026-08-05,"Inventory ownership, fulfillment intensity, and hybrid business exposure differ within this peer group.",,-0.10893763300049109,2.998282208588957,,False,False,nonpositive_average_equity,,-0.05069154920256766,-0.10893763300049109,1.7315598548972189,3.106793111211166,,0.0,1.266722353691738,,,5,,,,,,,not_available,not_available,,False,invalid_dupont_transition,,,,,B,Descriptive persistence patterns only; emphasize company concentration and year imbalance.,21,10,4,17,0.35242975575281144,-0.11898476702773753,0.47141452278054896,1,0,1,Average equity is nonpositive; ROE is invalid,latest_valid_restated_sec_companyfacts,"Latest valid filing through 2026-08-05; filing date, source priority, and accession provide deterministic selection.",DuPont unavailable: nonpositive_average_equity.,Descriptive persistence patterns only; emphasize company concentration and year imbalance. Latest-restated annual data are not point-in-time; peer benchmarks are descriptive.
w,W,Wayfair Inc,inventory_led_ecommerce,2023,2023-12-31,active,formal_included,2026-08-05,"Inventory ownership, fulfillment intensity, and hybrid business exposure differ within this peer group.",,-0.0614846288427893,3.4031755032605613,,False,False,nonpositive_average_equity,,-0.2859960552268245,-0.013284470911589555,1.3660980404591287,5.093718055713305,,-0.04820015793119975,2.0370774628014328,,,5,,,,,,,not_available,not_available,,False,invalid_dupont_transition,,,,,B,Descriptive persistence patterns only; emphasize company concentration and year imbalance.,21,10,4,17,0.35242975575281144,-0.11898476702773753,0.47141452278054896,1,0,1,Average equity is nonpositive; ROE is invalid,latest_valid_restated_sec_companyfacts,"Latest valid filing through 2026-08-05; filing date, source priority, and accession provide deterministic selection.",DuPont unavailable: nonpositive_average_equity.,Descriptive persistence patterns only; emphasize company concentration and year imbalance. Latest-restated annual data are not point-in-time; peer benchmarks are descriptive.
w,W,Wayfair Inc,inventory_led_ecommerce,2024,2024-12-31,active,formal_included,2026-08-05,"Inventory ownership, fulfillment intensity, and hybrid business exposure differ within this peer group.",,-0.04151548392540714,3.4187220539449013,,False,False,nonpositive_average_equity,,0.36117443826546636,-0.013078373864992752,2.2232011742714555,5.198929358285567,,-0.028437110060414387,1.1955208796734458,,,4,,,,,,,not_available,not_available,,False,invalid_dupont_transition,,,,,B,Descriptive persistence patterns only; emphasize company concentration and year imbalance.,21,10,4,17,0.35242975575281144,-0.11898476702773753,0.47141452278054896,2,0,2,Average equity is nonpositive; ROE is invalid; No consecutive t+1 annual observation is available,latest_valid_restated_sec_companyfacts,"Latest valid filing through 2026-08-05; filing date, source priority, and accession provide deterministic selection.",DuPont unavailable: nonpositive_average_equity.,Descriptive persistence patterns only; emphasize company concentration and year imbalance. Latest-restated annual data are not point-in-time; peer benchmarks are descriptive.
