company_id,ticker,cik,taxonomy,source_tag,source_unit,form,filing_date,period_start,period_end,fiscal_year,fiscal_period,reported_fiscal_year,frame,duration_days,accession_number,value_raw,source_url,loaded_at
amzn,AMZN,0001018724,us-gaap,Assets,USD,10-K,2022-02-04,,2021-12-31,2021,FY,2021,,,0001018724-22-000005,420549000000.0,https://www.sec.gov/Archives/edgar/data/1018724/000101872422000005/,2026-08-05T12:11:50+00:00
amzn,AMZN,0001018724,us-gaap,Assets,USD,10-K,2023-02-03,,2021-12-31,2021,FY,2022,,,0001018724-23-000004,420549000000.0,https://www.sec.gov/Archives/edgar/data/1018724/000101872423000004/,2026-08-05T12:11:50+00:00
amzn,AMZN,0001018724,us-gaap,Assets,USD,10-K,2024-02-02,,2021-12-31,2021,FY,2023,CY2021Q4I,,0001018724-24-000008,420549000000.0,https://www.sec.gov/Archives/edgar/data/1018724/000101872424000008/,2026-08-05T12:11:50+00:00
amzn,AMZN,0001018724,us-gaap,AssetsCurrent,USD,10-K,2022-02-04,,2021-12-31,2021,FY,2021,,,0001018724-22-000005,161580000000.0,https://www.sec.gov/Archives/edgar/data/1018724/000101872422000005/,2026-08-05T12:11:50+00:00
amzn,AMZN,0001018724,us-gaap,AssetsCurrent,USD,10-K,2023-02-03,,2021-12-31,2021,FY,2022,CY2021Q4I,,0001018724-23-000004,161580000000.0,https://www.sec.gov/Archives/edgar/data/1018724/000101872423000004/,2026-08-05T12:11:50+00:00
amzn,AMZN,0001018724,us-gaap,CashAndCashEquivalentsAtCarryingValue,USD,10-K,2022-02-04,,2021-12-31,2021,FY,2021,,,0001018724-22-000005,36220000000.0,https://www.sec.gov/Archives/edgar/data/1018724/000101872422000005/,2026-08-05T12:11:50+00:00
amzn,AMZN,0001018724,us-gaap,CashAndCashEquivalentsAtCarryingValue,USD,10-K,2023-02-03,,2021-12-31,2021,FY,2022,CY2021Q4I,,0001018724-23-000004,36220000000.0,https://www.sec.gov/Archives/edgar/data/1018724/000101872423000004/,2026-08-05T12:11:50+00:00
amzn,AMZN,0001018724,us-gaap,InventoryNet,USD,10-K,2022-02-04,,2021-12-31,2021,FY,2021,,,0001018724-22-000005,32640000000.0,https://www.sec.gov/Archives/edgar/data/1018724/000101872422000005/,2026-08-05T12:11:50+00:00
amzn,AMZN,0001018724,us-gaap,InventoryNet,USD,10-K,2023-02-03,,2021-12-31,2021,FY,2022,CY2021Q4I,,0001018724-23-000004,32640000000.0,https://www.sec.gov/Archives/edgar/data/1018724/000101872423000004/,2026-08-05T12:11:50+00:00
amzn,AMZN,0001018724,us-gaap,LiabilitiesCurrent,USD,10-K,2022-02-04,,2021-12-31,2021,FY,2021,,,0001018724-22-000005,142266000000.0,https://www.sec.gov/Archives/edgar/data/1018724/000101872422000005/,2026-08-05T12:11:50+00:00
amzn,AMZN,0001018724,us-gaap,LiabilitiesCurrent,USD,10-K,2023-02-03,,2021-12-31,2021,FY,2022,CY2021Q4I,,0001018724-23-000004,142266000000.0,https://www.sec.gov/Archives/edgar/data/1018724/000101872423000004/,2026-08-05T12:11:50+00:00
amzn,AMZN,0001018724,us-gaap,NetCashProvidedByUsedInOperatingActivities,USD,10-K,2022-02-04,2021-01-01,2021-12-31,2021,FY,2021,,364.0,0001018724-22-000005,46327000000.0,https://www.sec.gov/Archives/edgar/data/1018724/000101872422000005/,2026-08-05T12:11:50+00:00
amzn,AMZN,0001018724,us-gaap,NetCashProvidedByUsedInOperatingActivities,USD,10-K,2023-02-03,2021-01-01,2021-12-31,2021,FY,2022,,364.0,0001018724-23-000004,46327000000.0,https://www.sec.gov/Archives/edgar/data/1018724/000101872423000004/,2026-08-05T12:11:50+00:00
amzn,AMZN,0001018724,us-gaap,NetCashProvidedByUsedInOperatingActivities,USD,10-K,2024-02-02,2021-01-01,2021-12-31,2021,FY,2023,CY2021,364.0,0001018724-24-000008,46327000000.0,https://www.sec.gov/Archives/edgar/data/1018724/000101872424000008/,2026-08-05T12:11:50+00:00
amzn,AMZN,0001018724,us-gaap,NetIncomeLoss,USD,10-K,2022-02-04,2021-01-01,2021-12-31,2021,FY,2021,,364.0,0001018724-22-000005,33364000000.0,https://www.sec.gov/Archives/edgar/data/1018724/000101872422000005/,2026-08-05T12:11:50+00:00
amzn,AMZN,0001018724,us-gaap,NetIncomeLoss,USD,10-K,2023-02-03,2021-01-01,2021-12-31,2021,FY,2022,,364.0,0001018724-23-000004,33364000000.0,https://www.sec.gov/Archives/edgar/data/1018724/000101872423000004/,2026-08-05T12:11:50+00:00
amzn,AMZN,0001018724,us-gaap,NetIncomeLoss,USD,10-K,2024-02-02,2021-01-01,2021-12-31,2021,FY,2023,,364.0,0001018724-24-000008,33364000000.0,https://www.sec.gov/Archives/edgar/data/1018724/000101872424000008/,2026-08-05T12:11:50+00:00
amzn,AMZN,0001018724,us-gaap,OperatingIncomeLoss,USD,10-K,2022-02-04,2021-01-01,2021-12-31,2021,FY,2021,,364.0,0001018724-22-000005,24879000000.0,https://www.sec.gov/Archives/edgar/data/1018724/000101872422000005/,2026-08-05T12:11:50+00:00
amzn,AMZN,0001018724,us-gaap,OperatingIncomeLoss,USD,10-K,2023-02-03,2021-01-01,2021-12-31,2021,FY,2022,,364.0,0001018724-23-000004,24879000000.0,https://www.sec.gov/Archives/edgar/data/1018724/000101872423000004/,2026-08-05T12:11:50+00:00
amzn,AMZN,0001018724,us-gaap,OperatingIncomeLoss,USD,10-K,2024-02-02,2021-01-01,2021-12-31,2021,FY,2023,CY2021,364.0,0001018724-24-000008,24879000000.0,https://www.sec.gov/Archives/edgar/data/1018724/000101872424000008/,2026-08-05T12:11:50+00:00
amzn,AMZN,0001018724,us-gaap,PaymentsToAcquireProductiveAssets,USD,10-K,2022-02-04,2021-01-01,2021-12-31,2021,FY,2021,,364.0,0001018724-22-000005,61053000000.0,https://www.sec.gov/Archives/edgar/data/1018724/000101872422000005/,2026-08-05T12:11:50+00:00
amzn,AMZN,0001018724,us-gaap,PaymentsToAcquireProductiveAssets,USD,10-K,2023-02-03,2021-01-01,2021-12-31,2021,FY,2022,,364.0,0001018724-23-000004,61053000000.0,https://www.sec.gov/Archives/edgar/data/1018724/000101872423000004/,2026-08-05T12:11:50+00:00
amzn,AMZN,0001018724,us-gaap,PaymentsToAcquireProductiveAssets,USD,10-K,2024-02-02,2021-01-01,2021-12-31,2021,FY,2023,CY2021,364.0,0001018724-24-000008,61053000000.0,https://www.sec.gov/Archives/edgar/data/1018724/000101872424000008/,2026-08-05T12:11:50+00:00
amzn,AMZN,0001018724,us-gaap,RevenueFromContractWithCustomerExcludingAssessedTax,USD,10-K,2022-02-04,2021-01-01,2021-12-31,2021,FY,2021,,364.0,0001018724-22-000005,469822000000.0,https://www.sec.gov/Archives/edgar/data/1018724/000101872422000005/,2026-08-05T12:11:50+00:00
amzn,AMZN,0001018724,us-gaap,RevenueFromContractWithCustomerExcludingAssessedTax,USD,10-K,2023-02-03,2021-01-01,2021-12-31,2021,FY,2022,,364.0,0001018724-23-000004,469822000000.0,https://www.sec.gov/Archives/edgar/data/1018724/000101872423000004/,2026-08-05T12:11:50+00:00
amzn,AMZN,0001018724,us-gaap,RevenueFromContractWithCustomerExcludingAssessedTax,USD,10-K,2024-02-02,2021-01-01,2021-12-31,2021,FY,2023,CY2021,364.0,0001018724-24-000008,469822000000.0,https://www.sec.gov/Archives/edgar/data/1018724/000101872424000008/,2026-08-05T12:11:50+00:00
amzn,AMZN,0001018724,us-gaap,StockholdersEquity,USD,10-K,2022-02-04,,2021-12-31,2021,FY,2021,,,0001018724-22-000005,138245000000.0,https://www.sec.gov/Archives/edgar/data/1018724/000101872422000005/,2026-08-05T12:11:50+00:00
amzn,AMZN,0001018724,us-gaap,StockholdersEquity,USD,10-K,2023-02-03,,2021-12-31,2021,FY,2022,,,0001018724-23-000004,138245000000.0,https://www.sec.gov/Archives/edgar/data/1018724/000101872423000004/,2026-08-05T12:11:50+00:00
amzn,AMZN,0001018724,us-gaap,StockholdersEquity,USD,10-K,2024-02-02,,2021-12-31,2021,FY,2023,,,0001018724-24-000008,138245000000.0,https://www.sec.gov/Archives/edgar/data/1018724/000101872424000008/,2026-08-05T12:11:50+00:00
amzn,AMZN,0001018724,us-gaap,StockholdersEquity,USD,10-K,2025-02-07,,2021-12-31,2021,FY,2024,CY2021Q4I,,0001018724-25-000004,138245000000.0,https://www.sec.gov/Archives/edgar/data/1018724/000101872425000004/,2026-08-05T12:11:50+00:00
amzn,AMZN,0001018724,us-gaap,Assets,USD,10-K,2023-02-03,,2022-12-31,2022,FY,2022,,,0001018724-23-000004,462675000000.0,https://www.sec.gov/Archives/edgar/data/1018724/000101872423000004/,2026-08-05T12:11:50+00:00
amzn,AMZN,0001018724,us-gaap,Assets,USD,10-K,2024-02-02,,2022-12-31,2022,FY,2023,,,0001018724-24-000008,462675000000.0,https://www.sec.gov/Archives/edgar/data/1018724/000101872424000008/,2026-08-05T12:11:50+00:00
amzn,AMZN,0001018724,us-gaap,Assets,USD,10-K,2025-02-07,,2022-12-31,2022,FY,2024,CY2022Q4I,,0001018724-25-000004,462675000000.0,https://www.sec.gov/Archives/edgar/data/1018724/000101872425000004/,2026-08-05T12:11:50+00:00
amzn,AMZN,0001018724,us-gaap,AssetsCurrent,USD,10-K,2023-02-03,,2022-12-31,2022,FY,2022,,,0001018724-23-000004,146791000000.0,https://www.sec.gov/Archives/edgar/data/1018724/000101872423000004/,2026-08-05T12:11:50+00:00
amzn,AMZN,0001018724,us-gaap,AssetsCurrent,USD,10-K,2024-02-02,,2022-12-31,2022,FY,2023,CY2022Q4I,,0001018724-24-000008,146791000000.0,https://www.sec.gov/Archives/edgar/data/1018724/000101872424000008/,2026-08-05T12:11:50+00:00
amzn,AMZN,0001018724,us-gaap,CashAndCashEquivalentsAtCarryingValue,USD,10-K,2023-02-03,,2022-12-31,2022,FY,2022,,,0001018724-23-000004,53888000000.0,https://www.sec.gov/Archives/edgar/data/1018724/000101872423000004/,2026-08-05T12:11:50+00:00
amzn,AMZN,0001018724,us-gaap,CashAndCashEquivalentsAtCarryingValue,USD,10-K,2024-02-02,,2022-12-31,2022,FY,2023,CY2022Q4I,,0001018724-24-000008,53888000000.0,https://www.sec.gov/Archives/edgar/data/1018724/000101872424000008/,2026-08-05T12:11:50+00:00
amzn,AMZN,0001018724,us-gaap,InventoryNet,USD,10-K,2023-02-03,,2022-12-31,2022,FY,2022,,,0001018724-23-000004,34405000000.0,https://www.sec.gov/Archives/edgar/data/1018724/000101872423000004/,2026-08-05T12:11:50+00:00
amzn,AMZN,0001018724,us-gaap,InventoryNet,USD,10-K,2024-02-02,,2022-12-31,2022,FY,2023,CY2022Q4I,,0001018724-24-000008,34405000000.0,https://www.sec.gov/Archives/edgar/data/1018724/000101872424000008/,2026-08-05T12:11:50+00:00
amzn,AMZN,0001018724,us-gaap,LiabilitiesCurrent,USD,10-K,2023-02-03,,2022-12-31,2022,FY,2022,,,0001018724-23-000004,155393000000.0,https://www.sec.gov/Archives/edgar/data/1018724/000101872423000004/,2026-08-05T12:11:50+00:00
amzn,AMZN,0001018724,us-gaap,LiabilitiesCurrent,USD,10-K,2024-02-02,,2022-12-31,2022,FY,2023,CY2022Q4I,,0001018724-24-000008,155393000000.0,https://www.sec.gov/Archives/edgar/data/1018724/000101872424000008/,2026-08-05T12:11:50+00:00
amzn,AMZN,0001018724,us-gaap,NetCashProvidedByUsedInOperatingActivities,USD,10-K,2023-02-03,2022-01-01,2022-12-31,2022,FY,2022,,364.0,0001018724-23-000004,46752000000.0,https://www.sec.gov/Archives/edgar/data/1018724/000101872423000004/,2026-08-05T12:11:50+00:00
amzn,AMZN,0001018724,us-gaap,NetCashProvidedByUsedInOperatingActivities,USD,10-K,2024-02-02,2022-01-01,2022-12-31,2022,FY,2023,,364.0,0001018724-24-000008,46752000000.0,https://www.sec.gov/Archives/edgar/data/1018724/000101872424000008/,2026-08-05T12:11:50+00:00
amzn,AMZN,0001018724,us-gaap,NetCashProvidedByUsedInOperatingActivities,USD,10-K,2025-02-07,2022-01-01,2022-12-31,2022,FY,2024,CY2022,364.0,0001018724-25-000004,46752000000.0,https://www.sec.gov/Archives/edgar/data/1018724/000101872425000004/,2026-08-05T12:11:50+00:00
amzn,AMZN,0001018724,us-gaap,NetIncomeLoss,USD,10-K,2023-02-03,2022-01-01,2022-12-31,2022,FY,2022,,364.0,0001018724-23-000004,-2722000000.0,https://www.sec.gov/Archives/edgar/data/1018724/000101872423000004/,2026-08-05T12:11:50+00:00
amzn,AMZN,0001018724,us-gaap,NetIncomeLoss,USD,10-K,2024-02-02,2022-01-01,2022-12-31,2022,FY,2023,,364.0,0001018724-24-000008,-2722000000.0,https://www.sec.gov/Archives/edgar/data/1018724/000101872424000008/,2026-08-05T12:11:50+00:00
amzn,AMZN,0001018724,us-gaap,NetIncomeLoss,USD,10-K,2025-02-07,2022-01-01,2022-12-31,2022,FY,2024,,364.0,0001018724-25-000004,-2722000000.0,https://www.sec.gov/Archives/edgar/data/1018724/000101872425000004/,2026-08-05T12:11:50+00:00
amzn,AMZN,0001018724,us-gaap,OperatingIncomeLoss,USD,10-K,2023-02-03,2022-01-01,2022-12-31,2022,FY,2022,,364.0,0001018724-23-000004,12248000000.0,https://www.sec.gov/Archives/edgar/data/1018724/000101872423000004/,2026-08-05T12:11:50+00:00
amzn,AMZN,0001018724,us-gaap,OperatingIncomeLoss,USD,10-K,2024-02-02,2022-01-01,2022-12-31,2022,FY,2023,,364.0,0001018724-24-000008,12248000000.0,https://www.sec.gov/Archives/edgar/data/1018724/000101872424000008/,2026-08-05T12:11:50+00:00
amzn,AMZN,0001018724,us-gaap,OperatingIncomeLoss,USD,10-K,2025-02-07,2022-01-01,2022-12-31,2022,FY,2024,CY2022,364.0,0001018724-25-000004,12248000000.0,https://www.sec.gov/Archives/edgar/data/1018724/000101872425000004/,2026-08-05T12:11:50+00:00
amzn,AMZN,0001018724,us-gaap,PaymentsToAcquireProductiveAssets,USD,10-K,2023-02-03,2022-01-01,2022-12-31,2022,FY,2022,,364.0,0001018724-23-000004,63645000000.0,https://www.sec.gov/Archives/edgar/data/1018724/000101872423000004/,2026-08-05T12:11:50+00:00
amzn,AMZN,0001018724,us-gaap,PaymentsToAcquireProductiveAssets,USD,10-K,2024-02-02,2022-01-01,2022-12-31,2022,FY,2023,,364.0,0001018724-24-000008,63645000000.0,https://www.sec.gov/Archives/edgar/data/1018724/000101872424000008/,2026-08-05T12:11:50+00:00
amzn,AMZN,0001018724,us-gaap,PaymentsToAcquireProductiveAssets,USD,10-K,2025-02-07,2022-01-01,2022-12-31,2022,FY,2024,CY2022,364.0,0001018724-25-000004,63645000000.0,https://www.sec.gov/Archives/edgar/data/1018724/000101872425000004/,2026-08-05T12:11:50+00:00
amzn,AMZN,0001018724,us-gaap,RevenueFromContractWithCustomerExcludingAssessedTax,USD,10-K,2023-02-03,2022-01-01,2022-12-31,2022,FY,2022,,364.0,0001018724-23-000004,513983000000.0,https://www.sec.gov/Archives/edgar/data/1018724/000101872423000004/,2026-08-05T12:11:50+00:00
amzn,AMZN,0001018724,us-gaap,RevenueFromContractWithCustomerExcludingAssessedTax,USD,10-K,2024-02-02,2022-01-01,2022-12-31,2022,FY,2023,,364.0,0001018724-24-000008,513983000000.0,https://www.sec.gov/Archives/edgar/data/1018724/000101872424000008/,2026-08-05T12:11:50+00:00
amzn,AMZN,0001018724,us-gaap,RevenueFromContractWithCustomerExcludingAssessedTax,USD,10-K,2025-02-07,2022-01-01,2022-12-31,2022,FY,2024,CY2022,364.0,0001018724-25-000004,513983000000.0,https://www.sec.gov/Archives/edgar/data/1018724/000101872425000004/,2026-08-05T12:11:50+00:00
amzn,AMZN,0001018724,us-gaap,StockholdersEquity,USD,10-K,2023-02-03,,2022-12-31,2022,FY,2022,,,0001018724-23-000004,146043000000.0,https://www.sec.gov/Archives/edgar/data/1018724/000101872423000004/,2026-08-05T12:11:50+00:00
amzn,AMZN,0001018724,us-gaap,StockholdersEquity,USD,10-K,2024-02-02,,2022-12-31,2022,FY,2023,,,0001018724-24-000008,146043000000.0,https://www.sec.gov/Archives/edgar/data/1018724/000101872424000008/,2026-08-05T12:11:50+00:00
amzn,AMZN,0001018724,us-gaap,StockholdersEquity,USD,10-K,2025-02-07,,2022-12-31,2022,FY,2024,,,0001018724-25-000004,146043000000.0,https://www.sec.gov/Archives/edgar/data/1018724/000101872425000004/,2026-08-05T12:11:50+00:00
amzn,AMZN,0001018724,us-gaap,StockholdersEquity,USD,10-K,2026-02-06,,2022-12-31,2022,FY,2025,CY2022Q4I,,0001018724-26-000004,146043000000.0,https://www.sec.gov/Archives/edgar/data/1018724/000101872426000004/,2026-08-05T12:11:50+00:00
amzn,AMZN,0001018724,us-gaap,Assets,USD,10-K,2024-02-02,,2023-12-31,2023,FY,2023,,,0001018724-24-000008,527854000000.0,https://www.sec.gov/Archives/edgar/data/1018724/000101872424000008/,2026-08-05T12:11:50+00:00
amzn,AMZN,0001018724,us-gaap,Assets,USD,10-K,2025-02-07,,2023-12-31,2023,FY,2024,,,0001018724-25-000004,527854000000.0,https://www.sec.gov/Archives/edgar/data/1018724/000101872425000004/,2026-08-05T12:11:50+00:00
amzn,AMZN,0001018724,us-gaap,Assets,USD,10-K,2026-02-06,,2023-12-31,2023,FY,2025,CY2023Q4I,,0001018724-26-000004,527854000000.0,https://www.sec.gov/Archives/edgar/data/1018724/000101872426000004/,2026-08-05T12:11:50+00:00
amzn,AMZN,0001018724,us-gaap,AssetsCurrent,USD,10-K,2024-02-02,,2023-12-31,2023,FY,2023,,,0001018724-24-000008,172351000000.0,https://www.sec.gov/Archives/edgar/data/1018724/000101872424000008/,2026-08-05T12:11:50+00:00
amzn,AMZN,0001018724,us-gaap,AssetsCurrent,USD,10-K,2025-02-07,,2023-12-31,2023,FY,2024,CY2023Q4I,,0001018724-25-000004,172351000000.0,https://www.sec.gov/Archives/edgar/data/1018724/000101872425000004/,2026-08-05T12:11:50+00:00
amzn,AMZN,0001018724,us-gaap,CashAndCashEquivalentsAtCarryingValue,USD,10-K,2024-02-02,,2023-12-31,2023,FY,2023,,,0001018724-24-000008,73387000000.0,https://www.sec.gov/Archives/edgar/data/1018724/000101872424000008/,2026-08-05T12:11:50+00:00
amzn,AMZN,0001018724,us-gaap,CashAndCashEquivalentsAtCarryingValue,USD,10-K,2025-02-07,,2023-12-31,2023,FY,2024,CY2023Q4I,,0001018724-25-000004,73387000000.0,https://www.sec.gov/Archives/edgar/data/1018724/000101872425000004/,2026-08-05T12:11:50+00:00
amzn,AMZN,0001018724,us-gaap,InventoryNet,USD,10-K,2024-02-02,,2023-12-31,2023,FY,2023,,,0001018724-24-000008,33318000000.0,https://www.sec.gov/Archives/edgar/data/1018724/000101872424000008/,2026-08-05T12:11:50+00:00
amzn,AMZN,0001018724,us-gaap,InventoryNet,USD,10-K,2025-02-07,,2023-12-31,2023,FY,2024,CY2023Q4I,,0001018724-25-000004,33318000000.0,https://www.sec.gov/Archives/edgar/data/1018724/000101872425000004/,2026-08-05T12:11:50+00:00
amzn,AMZN,0001018724,us-gaap,LiabilitiesCurrent,USD,10-K,2024-02-02,,2023-12-31,2023,FY,2023,,,0001018724-24-000008,164917000000.0,https://www.sec.gov/Archives/edgar/data/1018724/000101872424000008/,2026-08-05T12:11:50+00:00
amzn,AMZN,0001018724,us-gaap,LiabilitiesCurrent,USD,10-K,2025-02-07,,2023-12-31,2023,FY,2024,CY2023Q4I,,0001018724-25-000004,164917000000.0,https://www.sec.gov/Archives/edgar/data/1018724/000101872425000004/,2026-08-05T12:11:50+00:00
amzn,AMZN,0001018724,us-gaap,NetCashProvidedByUsedInOperatingActivities,USD,10-K,2024-02-02,2023-01-01,2023-12-31,2023,FY,2023,,364.0,0001018724-24-000008,84946000000.0,https://www.sec.gov/Archives/edgar/data/1018724/000101872424000008/,2026-08-05T12:11:50+00:00
amzn,AMZN,0001018724,us-gaap,NetCashProvidedByUsedInOperatingActivities,USD,10-K,2025-02-07,2023-01-01,2023-12-31,2023,FY,2024,,364.0,0001018724-25-000004,84946000000.0,https://www.sec.gov/Archives/edgar/data/1018724/000101872425000004/,2026-08-05T12:11:50+00:00
amzn,AMZN,0001018724,us-gaap,NetCashProvidedByUsedInOperatingActivities,USD,10-K,2026-02-06,2023-01-01,2023-12-31,2023,FY,2025,CY2023,364.0,0001018724-26-000004,84946000000.0,https://www.sec.gov/Archives/edgar/data/1018724/000101872426000004/,2026-08-05T12:11:50+00:00
amzn,AMZN,0001018724,us-gaap,NetIncomeLoss,USD,10-K,2024-02-02,2023-01-01,2023-12-31,2023,FY,2023,,364.0,0001018724-24-000008,30425000000.0,https://www.sec.gov/Archives/edgar/data/1018724/000101872424000008/,2026-08-05T12:11:50+00:00
amzn,AMZN,0001018724,us-gaap,NetIncomeLoss,USD,10-K,2025-02-07,2023-01-01,2023-12-31,2023,FY,2024,,364.0,0001018724-25-000004,30425000000.0,https://www.sec.gov/Archives/edgar/data/1018724/000101872425000004/,2026-08-05T12:11:50+00:00
amzn,AMZN,0001018724,us-gaap,NetIncomeLoss,USD,10-K,2026-02-06,2023-01-01,2023-12-31,2023,FY,2025,,364.0,0001018724-26-000004,30425000000.0,https://www.sec.gov/Archives/edgar/data/1018724/000101872426000004/,2026-08-05T12:11:50+00:00
amzn,AMZN,0001018724,us-gaap,OperatingIncomeLoss,USD,10-K,2024-02-02,2023-01-01,2023-12-31,2023,FY,2023,,364.0,0001018724-24-000008,36852000000.0,https://www.sec.gov/Archives/edgar/data/1018724/000101872424000008/,2026-08-05T12:11:50+00:00
amzn,AMZN,0001018724,us-gaap,OperatingIncomeLoss,USD,10-K,2025-02-07,2023-01-01,2023-12-31,2023,FY,2024,,364.0,0001018724-25-000004,36852000000.0,https://www.sec.gov/Archives/edgar/data/1018724/000101872425000004/,2026-08-05T12:11:50+00:00
amzn,AMZN,0001018724,us-gaap,OperatingIncomeLoss,USD,10-K,2026-02-06,2023-01-01,2023-12-31,2023,FY,2025,CY2023,364.0,0001018724-26-000004,36852000000.0,https://www.sec.gov/Archives/edgar/data/1018724/000101872426000004/,2026-08-05T12:11:50+00:00
amzn,AMZN,0001018724,us-gaap,PaymentsToAcquireProductiveAssets,USD,10-K,2024-02-02,2023-01-01,2023-12-31,2023,FY,2023,,364.0,0001018724-24-000008,52729000000.0,https://www.sec.gov/Archives/edgar/data/1018724/000101872424000008/,2026-08-05T12:11:50+00:00
amzn,AMZN,0001018724,us-gaap,PaymentsToAcquireProductiveAssets,USD,10-K,2025-02-07,2023-01-01,2023-12-31,2023,FY,2024,,364.0,0001018724-25-000004,52729000000.0,https://www.sec.gov/Archives/edgar/data/1018724/000101872425000004/,2026-08-05T12:11:50+00:00
amzn,AMZN,0001018724,us-gaap,PaymentsToAcquireProductiveAssets,USD,10-K,2026-02-06,2023-01-01,2023-12-31,2023,FY,2025,CY2023,364.0,0001018724-26-000004,52729000000.0,https://www.sec.gov/Archives/edgar/data/1018724/000101872426000004/,2026-08-05T12:11:50+00:00
amzn,AMZN,0001018724,us-gaap,RevenueFromContractWithCustomerExcludingAssessedTax,USD,10-K,2024-02-02,2023-01-01,2023-12-31,2023,FY,2023,,364.0,0001018724-24-000008,574785000000.0,https://www.sec.gov/Archives/edgar/data/1018724/000101872424000008/,2026-08-05T12:11:50+00:00
amzn,AMZN,0001018724,us-gaap,RevenueFromContractWithCustomerExcludingAssessedTax,USD,10-K,2025-02-07,2023-01-01,2023-12-31,2023,FY,2024,,364.0,0001018724-25-000004,574785000000.0,https://www.sec.gov/Archives/edgar/data/1018724/000101872425000004/,2026-08-05T12:11:50+00:00
amzn,AMZN,0001018724,us-gaap,RevenueFromContractWithCustomerExcludingAssessedTax,USD,10-K,2026-02-06,2023-01-01,2023-12-31,2023,FY,2025,CY2023,364.0,0001018724-26-000004,574785000000.0,https://www.sec.gov/Archives/edgar/data/1018724/000101872426000004/,2026-08-05T12:11:50+00:00
amzn,AMZN,0001018724,us-gaap,StockholdersEquity,USD,10-K,2024-02-02,,2023-12-31,2023,FY,2023,,,0001018724-24-000008,201875000000.0,https://www.sec.gov/Archives/edgar/data/1018724/000101872424000008/,2026-08-05T12:11:50+00:00
amzn,AMZN,0001018724,us-gaap,StockholdersEquity,USD,10-K,2025-02-07,,2023-12-31,2023,FY,2024,,,0001018724-25-000004,201875000000.0,https://www.sec.gov/Archives/edgar/data/1018724/000101872425000004/,2026-08-05T12:11:50+00:00
amzn,AMZN,0001018724,us-gaap,StockholdersEquity,USD,10-K,2026-02-06,,2023-12-31,2023,FY,2025,CY2023Q4I,,0001018724-26-000004,201875000000.0,https://www.sec.gov/Archives/edgar/data/1018724/000101872426000004/,2026-08-05T12:11:50+00:00
bkng,BKNG,0001075531,us-gaap,Assets,USD,10-K,2022-02-23,,2021-12-31,2021,FY,2021,,,0001075531-22-000008,23641000000.0,https://www.sec.gov/Archives/edgar/data/1075531/000107553122000008/,2026-08-05T12:11:50+00:00
bkng,BKNG,0001075531,us-gaap,Assets,USD,10-K,2023-02-23,,2021-12-31,2021,FY,2022,CY2021Q4I,,0001075531-23-000016,23641000000.0,https://www.sec.gov/Archives/edgar/data/1075531/000107553123000016/,2026-08-05T12:11:50+00:00
bkng,BKNG,0001075531,us-gaap,AssetsCurrent,USD,10-K,2022-02-23,,2021-12-31,2021,FY,2021,,,0001075531-22-000008,13145000000.0,https://www.sec.gov/Archives/edgar/data/1075531/000107553122000008/,2026-08-05T12:11:50+00:00
bkng,BKNG,0001075531,us-gaap,AssetsCurrent,USD,10-K,2023-02-23,,2021-12-31,2021,FY,2022,CY2021Q4I,,0001075531-23-000016,13145000000.0,https://www.sec.gov/Archives/edgar/data/1075531/000107553123000016/,2026-08-05T12:11:50+00:00
bkng,BKNG,0001075531,us-gaap,CashAndCashEquivalentsAtCarryingValue,USD,10-K,2022-02-23,,2021-12-31,2021,FY,2021,,,0001075531-22-000008,11127000000.0,https://www.sec.gov/Archives/edgar/data/1075531/000107553122000008/,2026-08-05T12:11:50+00:00
bkng,BKNG,0001075531,us-gaap,CashAndCashEquivalentsAtCarryingValue,USD,10-K,2023-02-23,,2021-12-31,2021,FY,2022,CY2021Q4I,,0001075531-23-000016,11127000000.0,https://www.sec.gov/Archives/edgar/data/1075531/000107553123000016/,2026-08-05T12:11:50+00:00
bkng,BKNG,0001075531,us-gaap,Liabilities,USD,10-K,2022-02-23,,2021-12-31,2021,FY,2021,,,0001075531-22-000008,17463000000.0,https://www.sec.gov/Archives/edgar/data/1075531/000107553122000008/,2026-08-05T12:11:50+00:00
bkng,BKNG,0001075531,us-gaap,Liabilities,USD,10-K,2023-02-23,,2021-12-31,2021,FY,2022,CY2021Q4I,,0001075531-23-000016,17463000000.0,https://www.sec.gov/Archives/edgar/data/1075531/000107553123000016/,2026-08-05T12:11:50+00:00
bkng,BKNG,0001075531,us-gaap,LiabilitiesCurrent,USD,10-K,2022-02-23,,2021-12-31,2021,FY,2021,,,0001075531-22-000008,6246000000.0,https://www.sec.gov/Archives/edgar/data/1075531/000107553122000008/,2026-08-05T12:11:50+00:00
bkng,BKNG,0001075531,us-gaap,LiabilitiesCurrent,USD,10-K,2023-02-23,,2021-12-31,2021,FY,2022,CY2021Q4I,,0001075531-23-000016,6246000000.0,https://www.sec.gov/Archives/edgar/data/1075531/000107553123000016/,2026-08-05T12:11:50+00:00
bkng,BKNG,0001075531,us-gaap,NetCashProvidedByUsedInOperatingActivities,USD,10-K,2022-02-23,2021-01-01,2021-12-31,2021,FY,2021,,364.0,0001075531-22-000008,2820000000.0,https://www.sec.gov/Archives/edgar/data/1075531/000107553122000008/,2026-08-05T12:11:50+00:00
bkng,BKNG,0001075531,us-gaap,NetCashProvidedByUsedInOperatingActivities,USD,10-K,2023-02-23,2021-01-01,2021-12-31,2021,FY,2022,,364.0,0001075531-23-000016,2820000000.0,https://www.sec.gov/Archives/edgar/data/1075531/000107553123000016/,2026-08-05T12:11:50+00:00
bkng,BKNG,0001075531,us-gaap,NetCashProvidedByUsedInOperatingActivities,USD,10-K,2024-02-22,2021-01-01,2021-12-31,2021,FY,2023,CY2021,364.0,0001075531-24-000014,2820000000.0,https://www.sec.gov/Archives/edgar/data/1075531/000107553124000014/,2026-08-05T12:11:50+00:00
bkng,BKNG,0001075531,us-gaap,NetIncomeLossAvailableToCommonStockholdersBasic,USD,10-K,2022-02-23,2021-01-01,2021-12-31,2021,FY,2021,,364.0,0001075531-22-000008,1165000000.0,https://www.sec.gov/Archives/edgar/data/1075531/000107553122000008/,2026-08-05T12:11:50+00:00
bkng,BKNG,0001075531,us-gaap,NetIncomeLossAvailableToCommonStockholdersBasic,USD,10-K,2023-02-23,2021-01-01,2021-12-31,2021,FY,2022,,364.0,0001075531-23-000016,1165000000.0,https://www.sec.gov/Archives/edgar/data/1075531/000107553123000016/,2026-08-05T12:11:50+00:00
bkng,BKNG,0001075531,us-gaap,NetIncomeLossAvailableToCommonStockholdersBasic,USD,10-K,2024-02-22,2021-01-01,2021-12-31,2021,FY,2023,CY2021,364.0,0001075531-24-000014,1165000000.0,https://www.sec.gov/Archives/edgar/data/1075531/000107553124000014/,2026-08-05T12:11:50+00:00
bkng,BKNG,0001075531,us-gaap,OperatingIncomeLoss,USD,10-K,2022-02-23,2021-01-01,2021-12-31,2021,FY,2021,,364.0,0001075531-22-000008,2496000000.0,https://www.sec.gov/Archives/edgar/data/1075531/000107553122000008/,2026-08-05T12:11:50+00:00
bkng,BKNG,0001075531,us-gaap,OperatingIncomeLoss,USD,10-K,2023-02-23,2021-01-01,2021-12-31,2021,FY,2022,,364.0,0001075531-23-000016,2496000000.0,https://www.sec.gov/Archives/edgar/data/1075531/000107553123000016/,2026-08-05T12:11:50+00:00
bkng,BKNG,0001075531,us-gaap,OperatingIncomeLoss,USD,10-K,2024-02-22,2021-01-01,2021-12-31,2021,FY,2023,CY2021,364.0,0001075531-24-000014,2496000000.0,https://www.sec.gov/Archives/edgar/data/1075531/000107553124000014/,2026-08-05T12:11:50+00:00
bkng,BKNG,0001075531,us-gaap,PaymentsToAcquirePropertyPlantAndEquipment,USD,10-K,2022-02-23,2021-01-01,2021-12-31,2021,FY,2021,,364.0,0001075531-22-000008,304000000.0,https://www.sec.gov/Archives/edgar/data/1075531/000107553122000008/,2026-08-05T12:11:50+00:00
bkng,BKNG,0001075531,us-gaap,PaymentsToAcquirePropertyPlantAndEquipment,USD,10-K,2023-02-23,2021-01-01,2021-12-31,2021,FY,2022,,364.0,0001075531-23-000016,304000000.0,https://www.sec.gov/Archives/edgar/data/1075531/000107553123000016/,2026-08-05T12:11:50+00:00
bkng,BKNG,0001075531,us-gaap,PaymentsToAcquirePropertyPlantAndEquipment,USD,10-K,2024-02-22,2021-01-01,2021-12-31,2021,FY,2023,CY2021,364.0,0001075531-24-000014,304000000.0,https://www.sec.gov/Archives/edgar/data/1075531/000107553124000014/,2026-08-05T12:11:50+00:00
bkng,BKNG,0001075531,us-gaap,Revenues,USD,10-K,2022-02-23,2021-01-01,2021-12-31,2021,FY,2021,,364.0,0001075531-22-000008,10958000000.0,https://www.sec.gov/Archives/edgar/data/1075531/000107553122000008/,2026-08-05T12:11:50+00:00
bkng,BKNG,0001075531,us-gaap,Revenues,USD,10-K,2023-02-23,2021-01-01,2021-12-31,2021,FY,2022,,364.0,0001075531-23-000016,10958000000.0,https://www.sec.gov/Archives/edgar/data/1075531/000107553123000016/,2026-08-05T12:11:50+00:00
bkng,BKNG,0001075531,us-gaap,Revenues,USD,10-K,2024-02-22,2021-01-01,2021-12-31,2021,FY,2023,CY2021,364.0,0001075531-24-000014,10958000000.0,https://www.sec.gov/Archives/edgar/data/1075531/000107553124000014/,2026-08-05T12:11:50+00:00
bkng,BKNG,0001075531,us-gaap,StockholdersEquity,USD,10-K,2022-02-23,,2021-12-31,2021,FY,2021,,,0001075531-22-000008,6178000000.0,https://www.sec.gov/Archives/edgar/data/1075531/000107553122000008/,2026-08-05T12:11:50+00:00
bkng,BKNG,0001075531,us-gaap,StockholdersEquity,USD,10-K,2023-02-23,,2021-12-31,2021,FY,2022,,,0001075531-23-000016,6178000000.0,https://www.sec.gov/Archives/edgar/data/1075531/000107553123000016/,2026-08-05T12:11:50+00:00
bkng,BKNG,0001075531,us-gaap,StockholdersEquity,USD,10-K,2024-02-22,,2021-12-31,2021,FY,2023,,,0001075531-24-000014,6178000000.0,https://www.sec.gov/Archives/edgar/data/1075531/000107553124000014/,2026-08-05T12:11:50+00:00
bkng,BKNG,0001075531,us-gaap,StockholdersEquity,USD,10-K,2025-02-20,,2021-12-31,2021,FY,2024,CY2021Q4I,,0001075531-25-000010,6178000000.0,https://www.sec.gov/Archives/edgar/data/1075531/000107553125000010/,2026-08-05T12:11:50+00:00
bkng,BKNG,0001075531,us-gaap,Assets,USD,10-K,2023-02-23,,2022-12-31,2022,FY,2022,,,0001075531-23-000016,25361000000.0,https://www.sec.gov/Archives/edgar/data/1075531/000107553123000016/,2026-08-05T12:11:50+00:00
bkng,BKNG,0001075531,us-gaap,Assets,USD,10-K,2024-02-22,,2022-12-31,2022,FY,2023,CY2022Q4I,,0001075531-24-000014,25361000000.0,https://www.sec.gov/Archives/edgar/data/1075531/000107553124000014/,2026-08-05T12:11:50+00:00
bkng,BKNG,0001075531,us-gaap,AssetsCurrent,USD,10-K,2023-02-23,,2022-12-31,2022,FY,2022,,,0001075531-23-000016,15798000000.0,https://www.sec.gov/Archives/edgar/data/1075531/000107553123000016/,2026-08-05T12:11:50+00:00
bkng,BKNG,0001075531,us-gaap,AssetsCurrent,USD,10-K,2024-02-22,,2022-12-31,2022,FY,2023,CY2022Q4I,,0001075531-24-000014,15798000000.0,https://www.sec.gov/Archives/edgar/data/1075531/000107553124000014/,2026-08-05T12:11:50+00:00
bkng,BKNG,0001075531,us-gaap,CashAndCashEquivalentsAtCarryingValue,USD,10-K,2023-02-23,,2022-12-31,2022,FY,2022,,,0001075531-23-000016,12221000000.0,https://www.sec.gov/Archives/edgar/data/1075531/000107553123000016/,2026-08-05T12:11:50+00:00
bkng,BKNG,0001075531,us-gaap,CashAndCashEquivalentsAtCarryingValue,USD,10-K,2024-02-22,,2022-12-31,2022,FY,2023,CY2022Q4I,,0001075531-24-000014,12221000000.0,https://www.sec.gov/Archives/edgar/data/1075531/000107553124000014/,2026-08-05T12:11:50+00:00
bkng,BKNG,0001075531,us-gaap,Liabilities,USD,10-K,2023-02-23,,2022-12-31,2022,FY,2022,,,0001075531-23-000016,22579000000.0,https://www.sec.gov/Archives/edgar/data/1075531/000107553123000016/,2026-08-05T12:11:50+00:00
bkng,BKNG,0001075531,us-gaap,Liabilities,USD,10-K,2024-02-22,,2022-12-31,2022,FY,2023,CY2022Q4I,,0001075531-24-000014,22579000000.0,https://www.sec.gov/Archives/edgar/data/1075531/000107553124000014/,2026-08-05T12:11:50+00:00
bkng,BKNG,0001075531,us-gaap,LiabilitiesCurrent,USD,10-K,2023-02-23,,2022-12-31,2022,FY,2022,,,0001075531-23-000016,8474000000.0,https://www.sec.gov/Archives/edgar/data/1075531/000107553123000016/,2026-08-05T12:11:50+00:00
bkng,BKNG,0001075531,us-gaap,LiabilitiesCurrent,USD,10-K,2024-02-22,,2022-12-31,2022,FY,2023,CY2022Q4I,,0001075531-24-000014,8474000000.0,https://www.sec.gov/Archives/edgar/data/1075531/000107553124000014/,2026-08-05T12:11:50+00:00
bkng,BKNG,0001075531,us-gaap,NetCashProvidedByUsedInOperatingActivities,USD,10-K,2023-02-23,2022-01-01,2022-12-31,2022,FY,2022,,364.0,0001075531-23-000016,6554000000.0,https://www.sec.gov/Archives/edgar/data/1075531/000107553123000016/,2026-08-05T12:11:50+00:00
bkng,BKNG,0001075531,us-gaap,NetCashProvidedByUsedInOperatingActivities,USD,10-K,2024-02-22,2022-01-01,2022-12-31,2022,FY,2023,,364.0,0001075531-24-000014,6554000000.0,https://www.sec.gov/Archives/edgar/data/1075531/000107553124000014/,2026-08-05T12:11:50+00:00
bkng,BKNG,0001075531,us-gaap,NetCashProvidedByUsedInOperatingActivities,USD,10-K,2025-02-20,2022-01-01,2022-12-31,2022,FY,2024,CY2022,364.0,0001075531-25-000010,6554000000.0,https://www.sec.gov/Archives/edgar/data/1075531/000107553125000010/,2026-08-05T12:11:50+00:00
bkng,BKNG,0001075531,us-gaap,NetIncomeLossAvailableToCommonStockholdersBasic,USD,10-K,2023-02-23,2022-01-01,2022-12-31,2022,FY,2022,,364.0,0001075531-23-000016,3058000000.0,https://www.sec.gov/Archives/edgar/data/1075531/000107553123000016/,2026-08-05T12:11:50+00:00
bkng,BKNG,0001075531,us-gaap,NetIncomeLossAvailableToCommonStockholdersBasic,USD,10-K,2024-02-22,2022-01-01,2022-12-31,2022,FY,2023,,364.0,0001075531-24-000014,3058000000.0,https://www.sec.gov/Archives/edgar/data/1075531/000107553124000014/,2026-08-05T12:11:50+00:00
bkng,BKNG,0001075531,us-gaap,NetIncomeLossAvailableToCommonStockholdersBasic,USD,10-K,2025-02-20,2022-01-01,2022-12-31,2022,FY,2024,CY2022,364.0,0001075531-25-000010,3058000000.0,https://www.sec.gov/Archives/edgar/data/1075531/000107553125000010/,2026-08-05T12:11:50+00:00
bkng,BKNG,0001075531,us-gaap,OperatingIncomeLoss,USD,10-K,2023-02-23,2022-01-01,2022-12-31,2022,FY,2022,,364.0,0001075531-23-000016,5102000000.0,https://www.sec.gov/Archives/edgar/data/1075531/000107553123000016/,2026-08-05T12:11:50+00:00
bkng,BKNG,0001075531,us-gaap,OperatingIncomeLoss,USD,10-K,2024-02-22,2022-01-01,2022-12-31,2022,FY,2023,,364.0,0001075531-24-000014,5102000000.0,https://www.sec.gov/Archives/edgar/data/1075531/000107553124000014/,2026-08-05T12:11:50+00:00
bkng,BKNG,0001075531,us-gaap,OperatingIncomeLoss,USD,10-K,2025-02-20,2022-01-01,2022-12-31,2022,FY,2024,CY2022,364.0,0001075531-25-000010,5102000000.0,https://www.sec.gov/Archives/edgar/data/1075531/000107553125000010/,2026-08-05T12:11:50+00:00
bkng,BKNG,0001075531,us-gaap,PaymentsToAcquirePropertyPlantAndEquipment,USD,10-K,2023-02-23,2022-01-01,2022-12-31,2022,FY,2022,,364.0,0001075531-23-000016,368000000.0,https://www.sec.gov/Archives/edgar/data/1075531/000107553123000016/,2026-08-05T12:11:50+00:00
bkng,BKNG,0001075531,us-gaap,PaymentsToAcquirePropertyPlantAndEquipment,USD,10-K,2024-02-22,2022-01-01,2022-12-31,2022,FY,2023,,364.0,0001075531-24-000014,368000000.0,https://www.sec.gov/Archives/edgar/data/1075531/000107553124000014/,2026-08-05T12:11:50+00:00
bkng,BKNG,0001075531,us-gaap,PaymentsToAcquirePropertyPlantAndEquipment,USD,10-K,2025-02-20,2022-01-01,2022-12-31,2022,FY,2024,CY2022,364.0,0001075531-25-000010,368000000.0,https://www.sec.gov/Archives/edgar/data/1075531/000107553125000010/,2026-08-05T12:11:50+00:00
bkng,BKNG,0001075531,us-gaap,Revenues,USD,10-K,2023-02-23,2022-01-01,2022-12-31,2022,FY,2022,,364.0,0001075531-23-000016,17090000000.0,https://www.sec.gov/Archives/edgar/data/1075531/000107553123000016/,2026-08-05T12:11:50+00:00
bkng,BKNG,0001075531,us-gaap,Revenues,USD,10-K,2024-02-22,2022-01-01,2022-12-31,2022,FY,2023,,364.0,0001075531-24-000014,17090000000.0,https://www.sec.gov/Archives/edgar/data/1075531/000107553124000014/,2026-08-05T12:11:50+00:00
bkng,BKNG,0001075531,us-gaap,Revenues,USD,10-K,2025-02-20,2022-01-01,2022-12-31,2022,FY,2024,CY2022,364.0,0001075531-25-000010,17090000000.0,https://www.sec.gov/Archives/edgar/data/1075531/000107553125000010/,2026-08-05T12:11:50+00:00
bkng,BKNG,0001075531,us-gaap,StockholdersEquity,USD,10-K,2023-02-23,,2022-12-31,2022,FY,2022,,,0001075531-23-000016,2782000000.0,https://www.sec.gov/Archives/edgar/data/1075531/000107553123000016/,2026-08-05T12:11:50+00:00
bkng,BKNG,0001075531,us-gaap,StockholdersEquity,USD,10-K,2024-02-22,,2022-12-31,2022,FY,2023,,,0001075531-24-000014,2782000000.0,https://www.sec.gov/Archives/edgar/data/1075531/000107553124000014/,2026-08-05T12:11:50+00:00
bkng,BKNG,0001075531,us-gaap,StockholdersEquity,USD,10-K,2025-02-20,,2022-12-31,2022,FY,2024,,,0001075531-25-000010,2782000000.0,https://www.sec.gov/Archives/edgar/data/1075531/000107553125000010/,2026-08-05T12:11:50+00:00
bkng,BKNG,0001075531,us-gaap,StockholdersEquity,USD,10-K,2026-02-18,,2022-12-31,2022,FY,2025,CY2022Q4I,,0001075531-26-000009,2782000000.0,https://www.sec.gov/Archives/edgar/data/1075531/000107553126000009/,2026-08-05T12:11:50+00:00
bkng,BKNG,0001075531,us-gaap,Assets,USD,10-K,2024-02-22,,2023-12-31,2023,FY,2023,,,0001075531-24-000014,24342000000.0,https://www.sec.gov/Archives/edgar/data/1075531/000107553124000014/,2026-08-05T12:11:50+00:00
bkng,BKNG,0001075531,us-gaap,Assets,USD,10-K,2025-02-20,,2023-12-31,2023,FY,2024,CY2023Q4I,,0001075531-25-000010,24342000000.0,https://www.sec.gov/Archives/edgar/data/1075531/000107553125000010/,2026-08-05T12:11:50+00:00
bkng,BKNG,0001075531,us-gaap,AssetsCurrent,USD,10-K,2024-02-22,,2023-12-31,2023,FY,2023,,,0001075531-24-000014,17034000000.0,https://www.sec.gov/Archives/edgar/data/1075531/000107553124000014/,2026-08-05T12:11:50+00:00
bkng,BKNG,0001075531,us-gaap,AssetsCurrent,USD,10-K,2025-02-20,,2023-12-31,2023,FY,2024,CY2023Q4I,,0001075531-25-000010,17034000000.0,https://www.sec.gov/Archives/edgar/data/1075531/000107553125000010/,2026-08-05T12:11:50+00:00
bkng,BKNG,0001075531,us-gaap,CashAndCashEquivalentsAtCarryingValue,USD,10-K,2024-02-22,,2023-12-31,2023,FY,2023,,,0001075531-24-000014,12107000000.0,https://www.sec.gov/Archives/edgar/data/1075531/000107553124000014/,2026-08-05T12:11:50+00:00
bkng,BKNG,0001075531,us-gaap,CashAndCashEquivalentsAtCarryingValue,USD,10-K,2025-02-20,,2023-12-31,2023,FY,2024,CY2023Q4I,,0001075531-25-000010,12107000000.0,https://www.sec.gov/Archives/edgar/data/1075531/000107553125000010/,2026-08-05T12:11:50+00:00
bkng,BKNG,0001075531,us-gaap,Liabilities,USD,10-K,2024-02-22,,2023-12-31,2023,FY,2023,,,0001075531-24-000014,27086000000.0,https://www.sec.gov/Archives/edgar/data/1075531/000107553124000014/,2026-08-05T12:11:50+00:00
bkng,BKNG,0001075531,us-gaap,Liabilities,USD,10-K,2025-02-20,,2023-12-31,2023,FY,2024,CY2023Q4I,,0001075531-25-000010,27086000000.0,https://www.sec.gov/Archives/edgar/data/1075531/000107553125000010/,2026-08-05T12:11:50+00:00
bkng,BKNG,0001075531,us-gaap,LiabilitiesCurrent,USD,10-K,2024-02-22,,2023-12-31,2023,FY,2023,,,0001075531-24-000014,13330000000.0,https://www.sec.gov/Archives/edgar/data/1075531/000107553124000014/,2026-08-05T12:11:50+00:00
bkng,BKNG,0001075531,us-gaap,LiabilitiesCurrent,USD,10-K,2025-02-20,,2023-12-31,2023,FY,2024,CY2023Q4I,,0001075531-25-000010,13330000000.0,https://www.sec.gov/Archives/edgar/data/1075531/000107553125000010/,2026-08-05T12:11:50+00:00
bkng,BKNG,0001075531,us-gaap,NetCashProvidedByUsedInOperatingActivities,USD,10-K,2024-02-22,2023-01-01,2023-12-31,2023,FY,2023,,364.0,0001075531-24-000014,7344000000.0,https://www.sec.gov/Archives/edgar/data/1075531/000107553124000014/,2026-08-05T12:11:50+00:00
bkng,BKNG,0001075531,us-gaap,NetCashProvidedByUsedInOperatingActivities,USD,10-K,2025-02-20,2023-01-01,2023-12-31,2023,FY,2024,,364.0,0001075531-25-000010,7344000000.0,https://www.sec.gov/Archives/edgar/data/1075531/000107553125000010/,2026-08-05T12:11:50+00:00
bkng,BKNG,0001075531,us-gaap,NetCashProvidedByUsedInOperatingActivities,USD,10-K,2026-02-18,2023-01-01,2023-12-31,2023,FY,2025,CY2023,364.0,0001075531-26-000009,7344000000.0,https://www.sec.gov/Archives/edgar/data/1075531/000107553126000009/,2026-08-05T12:11:50+00:00
bkng,BKNG,0001075531,us-gaap,NetIncomeLossAvailableToCommonStockholdersBasic,USD,10-K,2024-02-22,2023-01-01,2023-12-31,2023,FY,2023,,364.0,0001075531-24-000014,4289000000.0,https://www.sec.gov/Archives/edgar/data/1075531/000107553124000014/,2026-08-05T12:11:50+00:00
bkng,BKNG,0001075531,us-gaap,NetIncomeLossAvailableToCommonStockholdersBasic,USD,10-K,2025-02-20,2023-01-01,2023-12-31,2023,FY,2024,,364.0,0001075531-25-000010,4289000000.0,https://www.sec.gov/Archives/edgar/data/1075531/000107553125000010/,2026-08-05T12:11:50+00:00
bkng,BKNG,0001075531,us-gaap,NetIncomeLossAvailableToCommonStockholdersBasic,USD,10-K,2026-02-18,2023-01-01,2023-12-31,2023,FY,2025,CY2023,364.0,0001075531-26-000009,4289000000.0,https://www.sec.gov/Archives/edgar/data/1075531/000107553126000009/,2026-08-05T12:11:50+00:00
bkng,BKNG,0001075531,us-gaap,OperatingIncomeLoss,USD,10-K,2024-02-22,2023-01-01,2023-12-31,2023,FY,2023,,364.0,0001075531-24-000014,5835000000.0,https://www.sec.gov/Archives/edgar/data/1075531/000107553124000014/,2026-08-05T12:11:50+00:00
bkng,BKNG,0001075531,us-gaap,OperatingIncomeLoss,USD,10-K,2025-02-20,2023-01-01,2023-12-31,2023,FY,2024,,364.0,0001075531-25-000010,5835000000.0,https://www.sec.gov/Archives/edgar/data/1075531/000107553125000010/,2026-08-05T12:11:50+00:00
bkng,BKNG,0001075531,us-gaap,OperatingIncomeLoss,USD,10-K,2026-02-18,2023-01-01,2023-12-31,2023,FY,2025,CY2023,364.0,0001075531-26-000009,5835000000.0,https://www.sec.gov/Archives/edgar/data/1075531/000107553126000009/,2026-08-05T12:11:50+00:00
bkng,BKNG,0001075531,us-gaap,PaymentsToAcquirePropertyPlantAndEquipment,USD,10-K,2024-02-22,2023-01-01,2023-12-31,2023,FY,2023,,364.0,0001075531-24-000014,345000000.0,https://www.sec.gov/Archives/edgar/data/1075531/000107553124000014/,2026-08-05T12:11:50+00:00
bkng,BKNG,0001075531,us-gaap,PaymentsToAcquirePropertyPlantAndEquipment,USD,10-K,2025-02-20,2023-01-01,2023-12-31,2023,FY,2024,,364.0,0001075531-25-000010,345000000.0,https://www.sec.gov/Archives/edgar/data/1075531/000107553125000010/,2026-08-05T12:11:50+00:00
bkng,BKNG,0001075531,us-gaap,PaymentsToAcquirePropertyPlantAndEquipment,USD,10-K,2026-02-18,2023-01-01,2023-12-31,2023,FY,2025,CY2023,364.0,0001075531-26-000009,345000000.0,https://www.sec.gov/Archives/edgar/data/1075531/000107553126000009/,2026-08-05T12:11:50+00:00
bkng,BKNG,0001075531,us-gaap,Revenues,USD,10-K,2024-02-22,2023-01-01,2023-12-31,2023,FY,2023,,364.0,0001075531-24-000014,21365000000.0,https://www.sec.gov/Archives/edgar/data/1075531/000107553124000014/,2026-08-05T12:11:50+00:00
bkng,BKNG,0001075531,us-gaap,Revenues,USD,10-K,2025-02-20,2023-01-01,2023-12-31,2023,FY,2024,,364.0,0001075531-25-000010,21365000000.0,https://www.sec.gov/Archives/edgar/data/1075531/000107553125000010/,2026-08-05T12:11:50+00:00
bkng,BKNG,0001075531,us-gaap,Revenues,USD,10-K,2026-02-18,2023-01-01,2023-12-31,2023,FY,2025,CY2023,364.0,0001075531-26-000009,21365000000.0,https://www.sec.gov/Archives/edgar/data/1075531/000107553126000009/,2026-08-05T12:11:50+00:00
bkng,BKNG,0001075531,us-gaap,StockholdersEquity,USD,10-K,2024-02-22,,2023-12-31,2023,FY,2023,,,0001075531-24-000014,-2744000000.0,https://www.sec.gov/Archives/edgar/data/1075531/000107553124000014/,2026-08-05T12:11:50+00:00
bkng,BKNG,0001075531,us-gaap,StockholdersEquity,USD,10-K,2025-02-20,,2023-12-31,2023,FY,2024,,,0001075531-25-000010,-2744000000.0,https://www.sec.gov/Archives/edgar/data/1075531/000107553125000010/,2026-08-05T12:11:50+00:00
bkng,BKNG,0001075531,us-gaap,StockholdersEquity,USD,10-K,2026-02-18,,2023-12-31,2023,FY,2025,CY2023Q4I,,0001075531-26-000009,-2744000000.0,https://www.sec.gov/Archives/edgar/data/1075531/000107553126000009/,2026-08-05T12:11:50+00:00
chwy,CHWY,0001766502,us-gaap,Assets,USD,10-K,2022-03-29,,2022-01-30,2021,FY,2021,,,0001766502-22-000008,2086281000.0,https://www.sec.gov/Archives/edgar/data/1766502/000176650222000008/,2026-08-05T12:11:50+00:00
chwy,CHWY,0001766502,us-gaap,Assets,USD,10-K,2023-03-22,,2022-01-30,2021,FY,2022,CY2021Q4I,,0001766502-23-000011,2086281000.0,https://www.sec.gov/Archives/edgar/data/1766502/000176650223000011/,2026-08-05T12:11:50+00:00
chwy,CHWY,0001766502,us-gaap,AssetsCurrent,USD,10-K,2022-03-29,,2022-01-30,2021,FY,2021,,,0001766502-22-000008,1323532000.0,https://www.sec.gov/Archives/edgar/data/1766502/000176650222000008/,2026-08-05T12:11:50+00:00
chwy,CHWY,0001766502,us-gaap,AssetsCurrent,USD,10-K,2023-03-22,,2022-01-30,2021,FY,2022,CY2021Q4I,,0001766502-23-000011,1323532000.0,https://www.sec.gov/Archives/edgar/data/1766502/000176650223000011/,2026-08-05T12:11:50+00:00
chwy,CHWY,0001766502,us-gaap,CashAndCashEquivalentsAtCarryingValue,USD,10-K,2022-03-29,,2022-01-30,2021,FY,2021,,,0001766502-22-000008,603079000.0,https://www.sec.gov/Archives/edgar/data/1766502/000176650222000008/,2026-08-05T12:11:50+00:00
chwy,CHWY,0001766502,us-gaap,CashAndCashEquivalentsAtCarryingValue,USD,10-K,2023-03-22,,2022-01-30,2021,FY,2022,CY2021Q4I,,0001766502-23-000011,603079000.0,https://www.sec.gov/Archives/edgar/data/1766502/000176650223000011/,2026-08-05T12:11:50+00:00
chwy,CHWY,0001766502,us-gaap,GrossProfit,USD,10-K,2022-03-29,2021-02-01,2022-01-30,2021,FY,2021,,363.0,0001766502-22-000008,2373582000.0,https://www.sec.gov/Archives/edgar/data/1766502/000176650222000008/,2026-08-05T12:11:50+00:00
chwy,CHWY,0001766502,us-gaap,GrossProfit,USD,10-K,2023-03-22,2021-02-01,2022-01-30,2021,FY,2022,,363.0,0001766502-23-000011,2373582000.0,https://www.sec.gov/Archives/edgar/data/1766502/000176650223000011/,2026-08-05T12:11:50+00:00
chwy,CHWY,0001766502,us-gaap,GrossProfit,USD,10-K,2024-03-20,2021-02-01,2022-01-30,2021,FY,2023,CY2021,363.0,0001766502-24-000014,2385471000.0,https://www.sec.gov/Archives/edgar/data/1766502/000176650224000014/,2026-08-05T12:11:50+00:00
chwy,CHWY,0001766502,us-gaap,InventoryNet,USD,10-K,2022-03-29,,2022-01-30,2021,FY,2021,,,0001766502-22-000008,560430000.0,https://www.sec.gov/Archives/edgar/data/1766502/000176650222000008/,2026-08-05T12:11:50+00:00
chwy,CHWY,0001766502,us-gaap,InventoryNet,USD,10-K,2023-03-22,,2022-01-30,2021,FY,2022,CY2021Q4I,,0001766502-23-000011,560430000.0,https://www.sec.gov/Archives/edgar/data/1766502/000176650223000011/,2026-08-05T12:11:50+00:00
chwy,CHWY,0001766502,us-gaap,Liabilities,USD,10-K,2022-03-29,,2022-01-30,2021,FY,2021,,,0001766502-22-000008,2071545000.0,https://www.sec.gov/Archives/edgar/data/1766502/000176650222000008/,2026-08-05T12:11:50+00:00
chwy,CHWY,0001766502,us-gaap,Liabilities,USD,10-K,2023-03-22,,2022-01-30,2021,FY,2022,CY2021Q4I,,0001766502-23-000011,2071545000.0,https://www.sec.gov/Archives/edgar/data/1766502/000176650223000011/,2026-08-05T12:11:50+00:00
chwy,CHWY,0001766502,us-gaap,LiabilitiesCurrent,USD,10-K,2022-03-29,,2022-01-30,2021,FY,2021,,,0001766502-22-000008,1644879000.0,https://www.sec.gov/Archives/edgar/data/1766502/000176650222000008/,2026-08-05T12:11:50+00:00
chwy,CHWY,0001766502,us-gaap,LiabilitiesCurrent,USD,10-K,2023-03-22,,2022-01-30,2021,FY,2022,CY2021Q4I,,0001766502-23-000011,1644879000.0,https://www.sec.gov/Archives/edgar/data/1766502/000176650223000011/,2026-08-05T12:11:50+00:00
chwy,CHWY,0001766502,us-gaap,NetCashProvidedByUsedInOperatingActivities,USD,10-K,2022-03-29,2021-02-01,2022-01-30,2021,FY,2021,,363.0,0001766502-22-000008,191739000.0,https://www.sec.gov/Archives/edgar/data/1766502/000176650222000008/,2026-08-05T12:11:50+00:00
chwy,CHWY,0001766502,us-gaap,NetCashProvidedByUsedInOperatingActivities,USD,10-K,2023-03-22,2021-02-01,2022-01-30,2021,FY,2022,,363.0,0001766502-23-000011,191739000.0,https://www.sec.gov/Archives/edgar/data/1766502/000176650223000011/,2026-08-05T12:11:50+00:00
chwy,CHWY,0001766502,us-gaap,NetCashProvidedByUsedInOperatingActivities,USD,10-K,2024-03-20,2021-02-01,2022-01-30,2021,FY,2023,CY2021,363.0,0001766502-24-000014,191743000.0,https://www.sec.gov/Archives/edgar/data/1766502/000176650224000014/,2026-08-05T12:11:50+00:00
chwy,CHWY,0001766502,us-gaap,NetIncomeLoss,USD,10-K,2022-03-29,2021-02-01,2022-01-30,2021,FY,2021,,363.0,0001766502-22-000008,-73817000.0,https://www.sec.gov/Archives/edgar/data/1766502/000176650222000008/,2026-08-05T12:11:50+00:00
chwy,CHWY,0001766502,us-gaap,NetIncomeLoss,USD,10-K,2023-03-22,2021-02-01,2022-01-30,2021,FY,2022,,363.0,0001766502-23-000011,-73817000.0,https://www.sec.gov/Archives/edgar/data/1766502/000176650223000011/,2026-08-05T12:11:50+00:00
chwy,CHWY,0001766502,us-gaap,NetIncomeLoss,USD,10-K,2024-03-20,2021-02-01,2022-01-30,2021,FY,2023,,363.0,0001766502-24-000014,-75207000.0,https://www.sec.gov/Archives/edgar/data/1766502/000176650224000014/,2026-08-05T12:11:50+00:00
chwy,CHWY,0001766502,us-gaap,OperatingIncomeLoss,USD,10-K,2022-03-29,2021-02-01,2022-01-30,2021,FY,2021,,363.0,0001766502-22-000008,-72178000.0,https://www.sec.gov/Archives/edgar/data/1766502/000176650222000008/,2026-08-05T12:11:50+00:00
chwy,CHWY,0001766502,us-gaap,OperatingIncomeLoss,USD,10-K,2023-03-22,2021-02-01,2022-01-30,2021,FY,2022,,363.0,0001766502-23-000011,-72178000.0,https://www.sec.gov/Archives/edgar/data/1766502/000176650223000011/,2026-08-05T12:11:50+00:00
chwy,CHWY,0001766502,us-gaap,OperatingIncomeLoss,USD,10-K,2024-03-20,2021-02-01,2022-01-30,2021,FY,2023,CY2021,363.0,0001766502-24-000014,-73566000.0,https://www.sec.gov/Archives/edgar/data/1766502/000176650224000014/,2026-08-05T12:11:50+00:00
chwy,CHWY,0001766502,us-gaap,PaymentsToAcquireProductiveAssets,USD,10-K,2024-03-20,2021-02-01,2022-01-30,2021,FY,2023,CY2021,363.0,0001766502-24-000014,183186000.0,https://www.sec.gov/Archives/edgar/data/1766502/000176650224000014/,2026-08-05T12:11:50+00:00
chwy,CHWY,0001766502,us-gaap,RevenueFromContractWithCustomerExcludingAssessedTax,USD,10-K,2022-03-29,2021-02-01,2022-01-30,2021,FY,2021,,363.0,0001766502-22-000008,8890773000.0,https://www.sec.gov/Archives/edgar/data/1766502/000176650222000008/,2026-08-05T12:11:50+00:00
chwy,CHWY,0001766502,us-gaap,RevenueFromContractWithCustomerExcludingAssessedTax,USD,10-K,2023-03-22,2021-02-01,2022-01-30,2021,FY,2022,,363.0,0001766502-23-000011,8890773000.0,https://www.sec.gov/Archives/edgar/data/1766502/000176650223000011/,2026-08-05T12:11:50+00:00
chwy,CHWY,0001766502,us-gaap,RevenueFromContractWithCustomerExcludingAssessedTax,USD,10-K,2024-03-20,2021-02-01,2022-01-30,2021,FY,2023,CY2021,363.0,0001766502-24-000014,8967407000.0,https://www.sec.gov/Archives/edgar/data/1766502/000176650224000014/,2026-08-05T12:11:50+00:00
chwy,CHWY,0001766502,us-gaap,SellingGeneralAndAdministrativeExpense,USD,10-K,2022-03-29,2021-02-01,2022-01-30,2021,FY,2021,,363.0,0001766502-22-000008,1826858000.0,https://www.sec.gov/Archives/edgar/data/1766502/000176650222000008/,2026-08-05T12:11:50+00:00
chwy,CHWY,0001766502,us-gaap,SellingGeneralAndAdministrativeExpense,USD,10-K,2023-03-22,2021-02-01,2022-01-30,2021,FY,2022,,363.0,0001766502-23-000011,1826858000.0,https://www.sec.gov/Archives/edgar/data/1766502/000176650223000011/,2026-08-05T12:11:50+00:00
chwy,CHWY,0001766502,us-gaap,SellingGeneralAndAdministrativeExpense,USD,10-K,2024-03-20,2021-02-01,2022-01-30,2021,FY,2023,CY2021,363.0,0001766502-24-000014,1840135000.0,https://www.sec.gov/Archives/edgar/data/1766502/000176650224000014/,2026-08-05T12:11:50+00:00
chwy,CHWY,0001766502,us-gaap,StockholdersEquity,USD,10-K,2022-03-29,,2022-01-30,2021,FY,2021,,,0001766502-22-000008,14736000.0,https://www.sec.gov/Archives/edgar/data/1766502/000176650222000008/,2026-08-05T12:11:50+00:00
chwy,CHWY,0001766502,us-gaap,StockholdersEquity,USD,10-K,2023-03-22,,2022-01-30,2021,FY,2022,,,0001766502-23-000011,14736000.0,https://www.sec.gov/Archives/edgar/data/1766502/000176650223000011/,2026-08-05T12:11:50+00:00
chwy,CHWY,0001766502,us-gaap,StockholdersEquity,USD,10-K,2024-03-20,,2022-01-30,2021,FY,2023,,,0001766502-24-000014,-39620000.0,https://www.sec.gov/Archives/edgar/data/1766502/000176650224000014/,2026-08-05T12:11:50+00:00
chwy,CHWY,0001766502,us-gaap,StockholdersEquity,USD,10-K,2025-03-26,,2022-01-30,2021,FY,2024,CY2021Q4I,,0001766502-25-000014,-39620000.0,https://www.sec.gov/Archives/edgar/data/1766502/000176650225000014/,2026-08-05T12:11:50+00:00
chwy,CHWY,0001766502,us-gaap,Assets,USD,10-K,2023-03-22,,2023-01-29,2022,FY,2022,,,0001766502-23-000011,2515076000.0,https://www.sec.gov/Archives/edgar/data/1766502/000176650223000011/,2026-08-05T12:11:50+00:00
chwy,CHWY,0001766502,us-gaap,Assets,USD,10-K,2024-03-20,,2023-01-29,2022,FY,2023,CY2022Q4I,,0001766502-24-000014,2519818000.0,https://www.sec.gov/Archives/edgar/data/1766502/000176650224000014/,2026-08-05T12:11:50+00:00
chwy,CHWY,0001766502,us-gaap,AssetsCurrent,USD,10-K,2023-03-22,,2023-01-29,2022,FY,2022,,,0001766502-23-000011,1520321000.0,https://www.sec.gov/Archives/edgar/data/1766502/000176650223000011/,2026-08-05T12:11:50+00:00
chwy,CHWY,0001766502,us-gaap,AssetsCurrent,USD,10-K,2024-03-20,,2023-01-29,2022,FY,2023,CY2022Q4I,,0001766502-24-000014,1524780000.0,https://www.sec.gov/Archives/edgar/data/1766502/000176650224000014/,2026-08-05T12:11:50+00:00
chwy,CHWY,0001766502,us-gaap,CashAndCashEquivalentsAtCarryingValue,USD,10-K,2023-03-22,,2023-01-29,2022,FY,2022,,,0001766502-23-000011,330441000.0,https://www.sec.gov/Archives/edgar/data/1766502/000176650223000011/,2026-08-05T12:11:50+00:00
chwy,CHWY,0001766502,us-gaap,CashAndCashEquivalentsAtCarryingValue,USD,10-K,2024-03-20,,2023-01-29,2022,FY,2023,CY2022Q4I,,0001766502-24-000014,331641000.0,https://www.sec.gov/Archives/edgar/data/1766502/000176650224000014/,2026-08-05T12:11:50+00:00
chwy,CHWY,0001766502,us-gaap,GrossProfit,USD,10-K,2023-03-22,2022-01-31,2023-01-29,2022,FY,2022,,363.0,0001766502-23-000011,2830905000.0,https://www.sec.gov/Archives/edgar/data/1766502/000176650223000011/,2026-08-05T12:11:50+00:00
chwy,CHWY,0001766502,us-gaap,GrossProfit,USD,10-K,2024-03-20,2022-01-31,2023-01-29,2022,FY,2023,,363.0,0001766502-24-000014,2834495000.0,https://www.sec.gov/Archives/edgar/data/1766502/000176650224000014/,2026-08-05T12:11:50+00:00
chwy,CHWY,0001766502,us-gaap,GrossProfit,USD,10-K,2025-03-26,2022-01-31,2023-01-29,2022,FY,2024,CY2022,363.0,0001766502-25-000014,2834495000.0,https://www.sec.gov/Archives/edgar/data/1766502/000176650225000014/,2026-08-05T12:11:50+00:00
chwy,CHWY,0001766502,us-gaap,InventoryNet,USD,10-K,2023-03-22,,2023-01-29,2022,FY,2022,,,0001766502-23-000011,675520000.0,https://www.sec.gov/Archives/edgar/data/1766502/000176650223000011/,2026-08-05T12:11:50+00:00
chwy,CHWY,0001766502,us-gaap,InventoryNet,USD,10-K,2024-03-20,,2023-01-29,2022,FY,2023,CY2022Q4I,,0001766502-24-000014,678005000.0,https://www.sec.gov/Archives/edgar/data/1766502/000176650224000014/,2026-08-05T12:11:50+00:00
chwy,CHWY,0001766502,us-gaap,Liabilities,USD,10-K,2023-03-22,,2023-01-29,2022,FY,2022,,,0001766502-23-000011,2301119000.0,https://www.sec.gov/Archives/edgar/data/1766502/000176650223000011/,2026-08-05T12:11:50+00:00
chwy,CHWY,0001766502,us-gaap,Liabilities,USD,10-K,2024-03-20,,2023-01-29,2022,FY,2023,CY2022Q4I,,0001766502-24-000014,2359550000.0,https://www.sec.gov/Archives/edgar/data/1766502/000176650224000014/,2026-08-05T12:11:50+00:00
chwy,CHWY,0001766502,us-gaap,LiabilitiesCurrent,USD,10-K,2023-03-22,,2023-01-29,2022,FY,2022,,,0001766502-23-000011,1769349000.0,https://www.sec.gov/Archives/edgar/data/1766502/000176650223000011/,2026-08-05T12:11:50+00:00
chwy,CHWY,0001766502,us-gaap,LiabilitiesCurrent,USD,10-K,2024-03-20,,2023-01-29,2022,FY,2023,CY2022Q4I,,0001766502-24-000014,1827718000.0,https://www.sec.gov/Archives/edgar/data/1766502/000176650224000014/,2026-08-05T12:11:50+00:00
chwy,CHWY,0001766502,us-gaap,NetCashProvidedByUsedInOperatingActivities,USD,10-K,2023-03-22,2022-01-31,2023-01-29,2022,FY,2022,,363.0,0001766502-23-000011,349572000.0,https://www.sec.gov/Archives/edgar/data/1766502/000176650223000011/,2026-08-05T12:11:50+00:00
chwy,CHWY,0001766502,us-gaap,NetCashProvidedByUsedInOperatingActivities,USD,10-K,2024-03-20,2022-01-31,2023-01-29,2022,FY,2023,,363.0,0001766502-24-000014,349777000.0,https://www.sec.gov/Archives/edgar/data/1766502/000176650224000014/,2026-08-05T12:11:50+00:00
chwy,CHWY,0001766502,us-gaap,NetCashProvidedByUsedInOperatingActivities,USD,10-K,2025-03-26,2022-01-31,2023-01-29,2022,FY,2024,CY2022,363.0,0001766502-25-000014,349777000.0,https://www.sec.gov/Archives/edgar/data/1766502/000176650225000014/,2026-08-05T12:11:50+00:00
chwy,CHWY,0001766502,us-gaap,NetIncomeLoss,USD,10-K,2023-03-22,2022-01-31,2023-01-29,2022,FY,2022,,363.0,0001766502-23-000011,49232000.0,https://www.sec.gov/Archives/edgar/data/1766502/000176650223000011/,2026-08-05T12:11:50+00:00
chwy,CHWY,0001766502,us-gaap,NetIncomeLoss,USD,10-K,2024-03-20,2022-01-31,2023-01-29,2022,FY,2023,,363.0,0001766502-24-000014,49899000.0,https://www.sec.gov/Archives/edgar/data/1766502/000176650224000014/,2026-08-05T12:11:50+00:00
chwy,CHWY,0001766502,us-gaap,NetIncomeLoss,USD,10-K,2025-03-26,2022-01-31,2023-01-29,2022,FY,2024,,363.0,0001766502-25-000014,49899000.0,https://www.sec.gov/Archives/edgar/data/1766502/000176650225000014/,2026-08-05T12:11:50+00:00
chwy,CHWY,0001766502,us-gaap,OperatingIncomeLoss,USD,10-K,2023-03-22,2022-01-31,2023-01-29,2022,FY,2022,,363.0,0001766502-23-000011,55753000.0,https://www.sec.gov/Archives/edgar/data/1766502/000176650223000011/,2026-08-05T12:11:50+00:00
chwy,CHWY,0001766502,us-gaap,OperatingIncomeLoss,USD,10-K,2024-03-20,2022-01-31,2023-01-29,2022,FY,2023,,363.0,0001766502-24-000014,56421000.0,https://www.sec.gov/Archives/edgar/data/1766502/000176650224000014/,2026-08-05T12:11:50+00:00
chwy,CHWY,0001766502,us-gaap,OperatingIncomeLoss,USD,10-K,2025-03-26,2022-01-31,2023-01-29,2022,FY,2024,CY2022,363.0,0001766502-25-000014,56421000.0,https://www.sec.gov/Archives/edgar/data/1766502/000176650225000014/,2026-08-05T12:11:50+00:00
chwy,CHWY,0001766502,us-gaap,PaymentsToAcquireProductiveAssets,USD,10-K,2024-03-20,2022-01-31,2023-01-29,2022,FY,2023,,363.0,0001766502-24-000014,230310000.0,https://www.sec.gov/Archives/edgar/data/1766502/000176650224000014/,2026-08-05T12:11:50+00:00
chwy,CHWY,0001766502,us-gaap,PaymentsToAcquireProductiveAssets,USD,10-K,2025-03-26,2022-01-31,2023-01-29,2022,FY,2024,CY2022,363.0,0001766502-25-000014,230310000.0,https://www.sec.gov/Archives/edgar/data/1766502/000176650225000014/,2026-08-05T12:11:50+00:00
chwy,CHWY,0001766502,us-gaap,RevenueFromContractWithCustomerExcludingAssessedTax,USD,10-K,2023-03-22,2022-01-31,2023-01-29,2022,FY,2022,,363.0,0001766502-23-000011,10098939000.0,https://www.sec.gov/Archives/edgar/data/1766502/000176650223000011/,2026-08-05T12:11:50+00:00
chwy,CHWY,0001766502,us-gaap,RevenueFromContractWithCustomerExcludingAssessedTax,USD,10-K,2024-03-20,2022-01-31,2023-01-29,2022,FY,2023,,363.0,0001766502-24-000014,10119000000.0,https://www.sec.gov/Archives/edgar/data/1766502/000176650224000014/,2026-08-05T12:11:50+00:00
chwy,CHWY,0001766502,us-gaap,RevenueFromContractWithCustomerExcludingAssessedTax,USD,10-K,2025-03-26,2022-01-31,2023-01-29,2022,FY,2024,CY2022,363.0,0001766502-25-000014,10119000000.0,https://www.sec.gov/Archives/edgar/data/1766502/000176650225000014/,2026-08-05T12:11:50+00:00
chwy,CHWY,0001766502,us-gaap,SellingGeneralAndAdministrativeExpense,USD,10-K,2023-03-22,2022-01-31,2023-01-29,2022,FY,2022,,363.0,0001766502-23-000011,2125766000.0,https://www.sec.gov/Archives/edgar/data/1766502/000176650223000011/,2026-08-05T12:11:50+00:00
chwy,CHWY,0001766502,us-gaap,SellingGeneralAndAdministrativeExpense,USD,10-K,2024-03-20,2022-01-31,2023-01-29,2022,FY,2023,,363.0,0001766502-24-000014,2128688000.0,https://www.sec.gov/Archives/edgar/data/1766502/000176650224000014/,2026-08-05T12:11:50+00:00
chwy,CHWY,0001766502,us-gaap,SellingGeneralAndAdministrativeExpense,USD,10-K,2025-03-26,2022-01-31,2023-01-29,2022,FY,2024,CY2022,363.0,0001766502-25-000014,2128688000.0,https://www.sec.gov/Archives/edgar/data/1766502/000176650225000014/,2026-08-05T12:11:50+00:00
chwy,CHWY,0001766502,us-gaap,StockholdersEquity,USD,10-K,2023-03-22,,2023-01-29,2022,FY,2022,,,0001766502-23-000011,213957000.0,https://www.sec.gov/Archives/edgar/data/1766502/000176650223000011/,2026-08-05T12:11:50+00:00
chwy,CHWY,0001766502,us-gaap,StockholdersEquity,USD,10-K,2024-03-20,,2023-01-29,2022,FY,2023,,,0001766502-24-000014,160268000.0,https://www.sec.gov/Archives/edgar/data/1766502/000176650224000014/,2026-08-05T12:11:50+00:00
chwy,CHWY,0001766502,us-gaap,StockholdersEquity,USD,10-K,2025-03-26,,2023-01-29,2022,FY,2024,,,0001766502-25-000014,160268000.0,https://www.sec.gov/Archives/edgar/data/1766502/000176650225000014/,2026-08-05T12:11:50+00:00
chwy,CHWY,0001766502,us-gaap,StockholdersEquity,USD,10-K,2026-03-25,,2023-01-29,2022,FY,2025,CY2022Q4I,,0001766502-26-000034,160300000.0,https://www.sec.gov/Archives/edgar/data/1766502/000176650226000034/,2026-08-05T12:11:50+00:00
chwy,CHWY,0001766502,us-gaap,Assets,USD,10-K,2024-03-20,,2024-01-28,2023,FY,2023,,,0001766502-24-000014,3186851000.0,https://www.sec.gov/Archives/edgar/data/1766502/000176650224000014/,2026-08-05T12:11:50+00:00
chwy,CHWY,0001766502,us-gaap,Assets,USD,10-K,2025-03-26,,2024-01-28,2023,FY,2024,CY2023Q4I,,0001766502-25-000014,3186851000.0,https://www.sec.gov/Archives/edgar/data/1766502/000176650225000014/,2026-08-05T12:11:50+00:00
chwy,CHWY,0001766502,us-gaap,AssetsCurrent,USD,10-K,2024-03-20,,2024-01-28,2023,FY,2023,,,0001766502-24-000014,2104348000.0,https://www.sec.gov/Archives/edgar/data/1766502/000176650224000014/,2026-08-05T12:11:50+00:00
chwy,CHWY,0001766502,us-gaap,AssetsCurrent,USD,10-K,2025-03-26,,2024-01-28,2023,FY,2024,CY2023Q4I,,0001766502-25-000014,2104348000.0,https://www.sec.gov/Archives/edgar/data/1766502/000176650225000014/,2026-08-05T12:11:50+00:00
chwy,CHWY,0001766502,us-gaap,CashAndCashEquivalentsAtCarryingValue,USD,10-K,2024-03-20,,2024-01-28,2023,FY,2023,,,0001766502-24-000014,602232000.0,https://www.sec.gov/Archives/edgar/data/1766502/000176650224000014/,2026-08-05T12:11:50+00:00
chwy,CHWY,0001766502,us-gaap,CashAndCashEquivalentsAtCarryingValue,USD,10-K,2025-03-26,,2024-01-28,2023,FY,2024,CY2023Q4I,,0001766502-25-000014,602232000.0,https://www.sec.gov/Archives/edgar/data/1766502/000176650225000014/,2026-08-05T12:11:50+00:00
chwy,CHWY,0001766502,us-gaap,GrossProfit,USD,10-K,2024-03-20,2023-01-30,2024-01-28,2023,FY,2023,,363.0,0001766502-24-000014,3161518000.0,https://www.sec.gov/Archives/edgar/data/1766502/000176650224000014/,2026-08-05T12:11:50+00:00
chwy,CHWY,0001766502,us-gaap,GrossProfit,USD,10-K,2025-03-26,2023-01-30,2024-01-28,2023,FY,2024,,363.0,0001766502-25-000014,3161518000.0,https://www.sec.gov/Archives/edgar/data/1766502/000176650225000014/,2026-08-05T12:11:50+00:00
chwy,CHWY,0001766502,us-gaap,GrossProfit,USD,10-K,2026-03-25,2023-01-30,2024-01-28,2023,FY,2025,CY2023,363.0,0001766502-26-000034,3161500000.0,https://www.sec.gov/Archives/edgar/data/1766502/000176650226000034/,2026-08-05T12:11:50+00:00
chwy,CHWY,0001766502,us-gaap,InventoryNet,USD,10-K,2024-03-20,,2024-01-28,2023,FY,2023,,,0001766502-24-000014,719273000.0,https://www.sec.gov/Archives/edgar/data/1766502/000176650224000014/,2026-08-05T12:11:50+00:00
chwy,CHWY,0001766502,us-gaap,InventoryNet,USD,10-K,2025-03-26,,2024-01-28,2023,FY,2024,CY2023Q4I,,0001766502-25-000014,719273000.0,https://www.sec.gov/Archives/edgar/data/1766502/000176650225000014/,2026-08-05T12:11:50+00:00
chwy,CHWY,0001766502,us-gaap,Liabilities,USD,10-K,2024-03-20,,2024-01-28,2023,FY,2023,,,0001766502-24-000014,2676607000.0,https://www.sec.gov/Archives/edgar/data/1766502/000176650224000014/,2026-08-05T12:11:50+00:00
chwy,CHWY,0001766502,us-gaap,Liabilities,USD,10-K,2025-03-26,,2024-01-28,2023,FY,2024,CY2023Q4I,,0001766502-25-000014,2676607000.0,https://www.sec.gov/Archives/edgar/data/1766502/000176650225000014/,2026-08-05T12:11:50+00:00
chwy,CHWY,0001766502,us-gaap,LiabilitiesCurrent,USD,10-K,2024-03-20,,2024-01-28,2023,FY,2023,,,0001766502-24-000014,2110877000.0,https://www.sec.gov/Archives/edgar/data/1766502/000176650224000014/,2026-08-05T12:11:50+00:00
chwy,CHWY,0001766502,us-gaap,LiabilitiesCurrent,USD,10-K,2025-03-26,,2024-01-28,2023,FY,2024,CY2023Q4I,,0001766502-25-000014,2110877000.0,https://www.sec.gov/Archives/edgar/data/1766502/000176650225000014/,2026-08-05T12:11:50+00:00
chwy,CHWY,0001766502,us-gaap,NetCashProvidedByUsedInOperatingActivities,USD,10-K,2024-03-20,2023-01-30,2024-01-28,2023,FY,2023,,363.0,0001766502-24-000014,486211000.0,https://www.sec.gov/Archives/edgar/data/1766502/000176650224000014/,2026-08-05T12:11:50+00:00
chwy,CHWY,0001766502,us-gaap,NetCashProvidedByUsedInOperatingActivities,USD,10-K,2025-03-26,2023-01-30,2024-01-28,2023,FY,2024,,363.0,0001766502-25-000014,486211000.0,https://www.sec.gov/Archives/edgar/data/1766502/000176650225000014/,2026-08-05T12:11:50+00:00
chwy,CHWY,0001766502,us-gaap,NetCashProvidedByUsedInOperatingActivities,USD,10-K,2026-03-25,2023-01-30,2024-01-28,2023,FY,2025,CY2023,363.0,0001766502-26-000034,486200000.0,https://www.sec.gov/Archives/edgar/data/1766502/000176650226000034/,2026-08-05T12:11:50+00:00
chwy,CHWY,0001766502,us-gaap,NetIncomeLoss,USD,10-K,2024-03-20,2023-01-30,2024-01-28,2023,FY,2023,,363.0,0001766502-24-000014,39580000.0,https://www.sec.gov/Archives/edgar/data/1766502/000176650224000014/,2026-08-05T12:11:50+00:00
chwy,CHWY,0001766502,us-gaap,NetIncomeLoss,USD,10-K,2025-03-26,2023-01-30,2024-01-28,2023,FY,2024,,363.0,0001766502-25-000014,39580000.0,https://www.sec.gov/Archives/edgar/data/1766502/000176650225000014/,2026-08-05T12:11:50+00:00
chwy,CHWY,0001766502,us-gaap,NetIncomeLoss,USD,10-K,2026-03-25,2023-01-30,2024-01-28,2023,FY,2025,,363.0,0001766502-26-000034,39600000.0,https://www.sec.gov/Archives/edgar/data/1766502/000176650226000034/,2026-08-05T12:11:50+00:00
chwy,CHWY,0001766502,us-gaap,OperatingIncomeLoss,USD,10-K,2024-03-20,2023-01-30,2024-01-28,2023,FY,2023,,363.0,0001766502-24-000014,-23625000.0,https://www.sec.gov/Archives/edgar/data/1766502/000176650224000014/,2026-08-05T12:11:50+00:00
chwy,CHWY,0001766502,us-gaap,OperatingIncomeLoss,USD,10-K,2025-03-26,2023-01-30,2024-01-28,2023,FY,2024,,363.0,0001766502-25-000014,-23625000.0,https://www.sec.gov/Archives/edgar/data/1766502/000176650225000014/,2026-08-05T12:11:50+00:00
chwy,CHWY,0001766502,us-gaap,OperatingIncomeLoss,USD,10-K,2026-03-25,2023-01-30,2024-01-28,2023,FY,2025,CY2023,363.0,0001766502-26-000034,-23600000.0,https://www.sec.gov/Archives/edgar/data/1766502/000176650226000034/,2026-08-05T12:11:50+00:00
chwy,CHWY,0001766502,us-gaap,PaymentsToAcquireProductiveAssets,USD,10-K,2024-03-20,2023-01-30,2024-01-28,2023,FY,2023,,363.0,0001766502-24-000014,143282000.0,https://www.sec.gov/Archives/edgar/data/1766502/000176650224000014/,2026-08-05T12:11:50+00:00
chwy,CHWY,0001766502,us-gaap,PaymentsToAcquireProductiveAssets,USD,10-K,2025-03-26,2023-01-30,2024-01-28,2023,FY,2024,,363.0,0001766502-25-000014,143282000.0,https://www.sec.gov/Archives/edgar/data/1766502/000176650225000014/,2026-08-05T12:11:50+00:00
chwy,CHWY,0001766502,us-gaap,PaymentsToAcquireProductiveAssets,USD,10-K,2026-03-25,2023-01-30,2024-01-28,2023,FY,2025,CY2023,363.0,0001766502-26-000034,143300000.0,https://www.sec.gov/Archives/edgar/data/1766502/000176650226000034/,2026-08-05T12:11:50+00:00
chwy,CHWY,0001766502,us-gaap,RevenueFromContractWithCustomerExcludingAssessedTax,USD,10-K,2024-03-20,2023-01-30,2024-01-28,2023,FY,2023,,363.0,0001766502-24-000014,11147720000.0,https://www.sec.gov/Archives/edgar/data/1766502/000176650224000014/,2026-08-05T12:11:50+00:00
chwy,CHWY,0001766502,us-gaap,RevenueFromContractWithCustomerExcludingAssessedTax,USD,10-K,2025-03-26,2023-01-30,2024-01-28,2023,FY,2024,,363.0,0001766502-25-000014,11147720000.0,https://www.sec.gov/Archives/edgar/data/1766502/000176650225000014/,2026-08-05T12:11:50+00:00
chwy,CHWY,0001766502,us-gaap,RevenueFromContractWithCustomerExcludingAssessedTax,USD,10-K,2026-03-25,2023-01-30,2024-01-28,2023,FY,2025,CY2023,363.0,0001766502-26-000034,11147700000.0,https://www.sec.gov/Archives/edgar/data/1766502/000176650226000034/,2026-08-05T12:11:50+00:00
chwy,CHWY,0001766502,us-gaap,SellingGeneralAndAdministrativeExpense,USD,10-K,2024-03-20,2023-01-30,2024-01-28,2023,FY,2023,,363.0,0001766502-24-000014,2442683000.0,https://www.sec.gov/Archives/edgar/data/1766502/000176650224000014/,2026-08-05T12:11:50+00:00
chwy,CHWY,0001766502,us-gaap,SellingGeneralAndAdministrativeExpense,USD,10-K,2025-03-26,2023-01-30,2024-01-28,2023,FY,2024,,363.0,0001766502-25-000014,2442683000.0,https://www.sec.gov/Archives/edgar/data/1766502/000176650225000014/,2026-08-05T12:11:50+00:00
chwy,CHWY,0001766502,us-gaap,SellingGeneralAndAdministrativeExpense,USD,10-K,2026-03-25,2023-01-30,2024-01-28,2023,FY,2025,CY2023,363.0,0001766502-26-000034,2442700000.0,https://www.sec.gov/Archives/edgar/data/1766502/000176650226000034/,2026-08-05T12:11:50+00:00
chwy,CHWY,0001766502,us-gaap,StockholdersEquity,USD,10-K,2024-03-20,,2024-01-28,2023,FY,2023,,,0001766502-24-000014,510244000.0,https://www.sec.gov/Archives/edgar/data/1766502/000176650224000014/,2026-08-05T12:11:50+00:00
chwy,CHWY,0001766502,us-gaap,StockholdersEquity,USD,10-K,2025-03-26,,2024-01-28,2023,FY,2024,,,0001766502-25-000014,510244000.0,https://www.sec.gov/Archives/edgar/data/1766502/000176650225000014/,2026-08-05T12:11:50+00:00
chwy,CHWY,0001766502,us-gaap,StockholdersEquity,USD,10-K,2026-03-25,,2024-01-28,2023,FY,2025,CY2023Q4I,,0001766502-26-000034,510300000.0,https://www.sec.gov/Archives/edgar/data/1766502/000176650226000034/,2026-08-05T12:11:50+00:00
dash,DASH,0001792789,us-gaap,Assets,USD,10-K,2022-03-01,,2021-12-31,2021,FY,2021,,,0001628280-22-004350,6809000000.0,https://www.sec.gov/Archives/edgar/data/1792789/000162828022004350/,2026-08-05T12:11:50+00:00
dash,DASH,0001792789,us-gaap,Assets,USD,10-K,2023-02-27,,2021-12-31,2021,FY,2022,CY2021Q4I,,0001628280-23-005131,6809000000.0,https://www.sec.gov/Archives/edgar/data/1792789/000162828023005131/,2026-08-05T12:11:50+00:00
dash,DASH,0001792789,us-gaap,AssetsCurrent,USD,10-K,2022-03-01,,2021-12-31,2021,FY,2021,,,0001628280-22-004350,4565000000.0,https://www.sec.gov/Archives/edgar/data/1792789/000162828022004350/,2026-08-05T12:11:50+00:00
dash,DASH,0001792789,us-gaap,AssetsCurrent,USD,10-K,2023-02-27,,2021-12-31,2021,FY,2022,CY2021Q4I,,0001628280-23-005131,4565000000.0,https://www.sec.gov/Archives/edgar/data/1792789/000162828023005131/,2026-08-05T12:11:50+00:00
dash,DASH,0001792789,us-gaap,CashAndCashEquivalentsAtCarryingValue,USD,10-K,2022-03-01,,2021-12-31,2021,FY,2021,,,0001628280-22-004350,2504000000.0,https://www.sec.gov/Archives/edgar/data/1792789/000162828022004350/,2026-08-05T12:11:50+00:00
dash,DASH,0001792789,us-gaap,CashAndCashEquivalentsAtCarryingValue,USD,10-K,2023-02-27,,2021-12-31,2021,FY,2022,,,0001628280-23-005131,2504000000.0,https://www.sec.gov/Archives/edgar/data/1792789/000162828023005131/,2026-08-05T12:11:50+00:00
dash,DASH,0001792789,us-gaap,CashAndCashEquivalentsAtCarryingValue,USD,10-K,2024-02-20,,2021-12-31,2021,FY,2023,CY2021Q4I,,0001628280-24-005600,2504000000.0,https://www.sec.gov/Archives/edgar/data/1792789/000162828024005600/,2026-08-05T12:11:50+00:00
dash,DASH,0001792789,us-gaap,Liabilities,USD,10-K,2022-03-01,,2021-12-31,2021,FY,2021,,,0001628280-22-004350,2142000000.0,https://www.sec.gov/Archives/edgar/data/1792789/000162828022004350/,2026-08-05T12:11:50+00:00
dash,DASH,0001792789,us-gaap,Liabilities,USD,10-K,2023-02-27,,2021-12-31,2021,FY,2022,CY2021Q4I,,0001628280-23-005131,2142000000.0,https://www.sec.gov/Archives/edgar/data/1792789/000162828023005131/,2026-08-05T12:11:50+00:00
dash,DASH,0001792789,us-gaap,LiabilitiesCurrent,USD,10-K,2022-03-01,,2021-12-31,2021,FY,2021,,,0001628280-22-004350,1760000000.0,https://www.sec.gov/Archives/edgar/data/1792789/000162828022004350/,2026-08-05T12:11:50+00:00
dash,DASH,0001792789,us-gaap,LiabilitiesCurrent,USD,10-K,2023-02-27,,2021-12-31,2021,FY,2022,CY2021Q4I,,0001628280-23-005131,1760000000.0,https://www.sec.gov/Archives/edgar/data/1792789/000162828023005131/,2026-08-05T12:11:50+00:00
dash,DASH,0001792789,us-gaap,NetCashProvidedByUsedInOperatingActivities,USD,10-K,2022-03-01,2021-01-01,2021-12-31,2021,FY,2021,,364.0,0001628280-22-004350,692000000.0,https://www.sec.gov/Archives/edgar/data/1792789/000162828022004350/,2026-08-05T12:11:50+00:00
dash,DASH,0001792789,us-gaap,NetCashProvidedByUsedInOperatingActivities,USD,10-K,2023-02-27,2021-01-01,2021-12-31,2021,FY,2022,,364.0,0001628280-23-005131,692000000.0,https://www.sec.gov/Archives/edgar/data/1792789/000162828023005131/,2026-08-05T12:11:50+00:00
dash,DASH,0001792789,us-gaap,NetCashProvidedByUsedInOperatingActivities,USD,10-K,2024-02-20,2021-01-01,2021-12-31,2021,FY,2023,CY2021,364.0,0001628280-24-005600,692000000.0,https://www.sec.gov/Archives/edgar/data/1792789/000162828024005600/,2026-08-05T12:11:50+00:00
dash,DASH,0001792789,us-gaap,NetIncomeLoss,USD,10-K,2022-03-01,2021-01-01,2021-12-31,2021,FY,2021,,364.0,0001628280-22-004350,-468000000.0,https://www.sec.gov/Archives/edgar/data/1792789/000162828022004350/,2026-08-05T12:11:50+00:00
dash,DASH,0001792789,us-gaap,NetIncomeLoss,USD,10-K,2023-02-27,2021-01-01,2021-12-31,2021,FY,2022,,364.0,0001628280-23-005131,-468000000.0,https://www.sec.gov/Archives/edgar/data/1792789/000162828023005131/,2026-08-05T12:11:50+00:00
dash,DASH,0001792789,us-gaap,NetIncomeLoss,USD,10-K,2024-02-20,2021-01-01,2021-12-31,2021,FY,2023,,364.0,0001628280-24-005600,-468000000.0,https://www.sec.gov/Archives/edgar/data/1792789/000162828024005600/,2026-08-05T12:11:50+00:00
dash,DASH,0001792789,us-gaap,NetIncomeLossAvailableToCommonStockholdersBasic,USD,10-K,2022-03-01,2021-01-01,2021-12-31,2021,FY,2021,CY2021,364.0,0001628280-22-004350,-468000000.0,https://www.sec.gov/Archives/edgar/data/1792789/000162828022004350/,2026-08-05T12:11:50+00:00
dash,DASH,0001792789,us-gaap,OperatingIncomeLoss,USD,10-K,2022-03-01,2021-01-01,2021-12-31,2021,FY,2021,,364.0,0001628280-22-004350,-452000000.0,https://www.sec.gov/Archives/edgar/data/1792789/000162828022004350/,2026-08-05T12:11:50+00:00
dash,DASH,0001792789,us-gaap,OperatingIncomeLoss,USD,10-K,2023-02-27,2021-01-01,2021-12-31,2021,FY,2022,,364.0,0001628280-23-005131,-452000000.0,https://www.sec.gov/Archives/edgar/data/1792789/000162828023005131/,2026-08-05T12:11:50+00:00
dash,DASH,0001792789,us-gaap,OperatingIncomeLoss,USD,10-K,2024-02-20,2021-01-01,2021-12-31,2021,FY,2023,CY2021,364.0,0001628280-24-005600,-452000000.0,https://www.sec.gov/Archives/edgar/data/1792789/000162828024005600/,2026-08-05T12:11:50+00:00
dash,DASH,0001792789,us-gaap,PaymentsToAcquirePropertyPlantAndEquipment,USD,10-K,2022-03-01,2021-01-01,2021-12-31,2021,FY,2021,,364.0,0001628280-22-004350,129000000.0,https://www.sec.gov/Archives/edgar/data/1792789/000162828022004350/,2026-08-05T12:11:50+00:00
dash,DASH,0001792789,us-gaap,PaymentsToAcquirePropertyPlantAndEquipment,USD,10-K,2023-02-27,2021-01-01,2021-12-31,2021,FY,2022,,364.0,0001628280-23-005131,129000000.0,https://www.sec.gov/Archives/edgar/data/1792789/000162828023005131/,2026-08-05T12:11:50+00:00
dash,DASH,0001792789,us-gaap,PaymentsToAcquirePropertyPlantAndEquipment,USD,10-K,2024-02-20,2021-01-01,2021-12-31,2021,FY,2023,CY2021,364.0,0001628280-24-005600,129000000.0,https://www.sec.gov/Archives/edgar/data/1792789/000162828024005600/,2026-08-05T12:11:50+00:00
dash,DASH,0001792789,us-gaap,PaymentsToDevelopSoftware,USD,10-K,2022-03-01,2021-01-01,2021-12-31,2021,FY,2021,,364.0,0001628280-22-004350,108000000.0,https://www.sec.gov/Archives/edgar/data/1792789/000162828022004350/,2026-08-05T12:11:50+00:00
dash,DASH,0001792789,us-gaap,PaymentsToDevelopSoftware,USD,10-K,2023-02-27,2021-01-01,2021-12-31,2021,FY,2022,,364.0,0001628280-23-005131,108000000.0,https://www.sec.gov/Archives/edgar/data/1792789/000162828023005131/,2026-08-05T12:11:50+00:00
dash,DASH,0001792789,us-gaap,PaymentsToDevelopSoftware,USD,10-K,2024-02-20,2021-01-01,2021-12-31,2021,FY,2023,CY2021,364.0,0001628280-24-005600,108000000.0,https://www.sec.gov/Archives/edgar/data/1792789/000162828024005600/,2026-08-05T12:11:50+00:00
dash,DASH,0001792789,us-gaap,ProfitLoss,USD,10-K,2023-02-27,2021-01-01,2021-12-31,2021,FY,2022,,364.0,0001628280-23-005131,-468000000.0,https://www.sec.gov/Archives/edgar/data/1792789/000162828023005131/,2026-08-05T12:11:50+00:00
dash,DASH,0001792789,us-gaap,ProfitLoss,USD,10-K,2024-02-20,2021-01-01,2021-12-31,2021,FY,2023,CY2021,364.0,0001628280-24-005600,-468000000.0,https://www.sec.gov/Archives/edgar/data/1792789/000162828024005600/,2026-08-05T12:11:50+00:00
dash,DASH,0001792789,us-gaap,RevenueFromContractWithCustomerExcludingAssessedTax,USD,10-K,2022-03-01,2021-01-01,2021-12-31,2021,FY,2021,,364.0,0001628280-22-004350,4888000000.0,https://www.sec.gov/Archives/edgar/data/1792789/000162828022004350/,2026-08-05T12:11:50+00:00
dash,DASH,0001792789,us-gaap,RevenueFromContractWithCustomerExcludingAssessedTax,USD,10-K,2023-02-27,2021-01-01,2021-12-31,2021,FY,2022,,364.0,0001628280-23-005131,4888000000.0,https://www.sec.gov/Archives/edgar/data/1792789/000162828023005131/,2026-08-05T12:11:50+00:00
dash,DASH,0001792789,us-gaap,RevenueFromContractWithCustomerExcludingAssessedTax,USD,10-K,2024-02-20,2021-01-01,2021-12-31,2021,FY,2023,CY2021,364.0,0001628280-24-005600,4888000000.0,https://www.sec.gov/Archives/edgar/data/1792789/000162828024005600/,2026-08-05T12:11:50+00:00
dash,DASH,0001792789,us-gaap,StockholdersEquity,USD,10-K,2022-03-01,,2021-12-31,2021,FY,2021,,,0001628280-22-004350,4667000000.0,https://www.sec.gov/Archives/edgar/data/1792789/000162828022004350/,2026-08-05T12:11:50+00:00
dash,DASH,0001792789,us-gaap,StockholdersEquity,USD,10-K,2023-02-27,,2021-12-31,2021,FY,2022,,,0001628280-23-005131,4667000000.0,https://www.sec.gov/Archives/edgar/data/1792789/000162828023005131/,2026-08-05T12:11:50+00:00
dash,DASH,0001792789,us-gaap,StockholdersEquity,USD,10-K,2024-02-20,,2021-12-31,2021,FY,2023,,,0001628280-24-005600,4667000000.0,https://www.sec.gov/Archives/edgar/data/1792789/000162828024005600/,2026-08-05T12:11:50+00:00
dash,DASH,0001792789,us-gaap,StockholdersEquity,USD,10-K,2025-02-14,,2021-12-31,2021,FY,2024,CY2021Q4I,,0001628280-25-005715,4667000000.0,https://www.sec.gov/Archives/edgar/data/1792789/000162828025005715/,2026-08-05T12:11:50+00:00
dash,DASH,0001792789,us-gaap,Assets,USD,10-K,2023-02-27,,2022-12-31,2022,FY,2022,,,0001628280-23-005131,9789000000.0,https://www.sec.gov/Archives/edgar/data/1792789/000162828023005131/,2026-08-05T12:11:50+00:00
dash,DASH,0001792789,us-gaap,Assets,USD,10-K,2024-02-20,,2022-12-31,2022,FY,2023,CY2022Q4I,,0001628280-24-005600,9789000000.0,https://www.sec.gov/Archives/edgar/data/1792789/000162828024005600/,2026-08-05T12:11:50+00:00
dash,DASH,0001792789,us-gaap,AssetsCurrent,USD,10-K,2023-02-27,,2022-12-31,2022,FY,2022,,,0001628280-23-005131,4720000000.0,https://www.sec.gov/Archives/edgar/data/1792789/000162828023005131/,2026-08-05T12:11:50+00:00
dash,DASH,0001792789,us-gaap,AssetsCurrent,USD,10-K,2024-02-20,,2022-12-31,2022,FY,2023,CY2022Q4I,,0001628280-24-005600,4720000000.0,https://www.sec.gov/Archives/edgar/data/1792789/000162828024005600/,2026-08-05T12:11:50+00:00
dash,DASH,0001792789,us-gaap,CashAndCashEquivalentsAtCarryingValue,USD,10-K,2023-02-27,,2022-12-31,2022,FY,2022,,,0001628280-23-005131,1977000000.0,https://www.sec.gov/Archives/edgar/data/1792789/000162828023005131/,2026-08-05T12:11:50+00:00
dash,DASH,0001792789,us-gaap,CashAndCashEquivalentsAtCarryingValue,USD,10-K,2024-02-20,,2022-12-31,2022,FY,2023,,,0001628280-24-005600,1977000000.0,https://www.sec.gov/Archives/edgar/data/1792789/000162828024005600/,2026-08-05T12:11:50+00:00
dash,DASH,0001792789,us-gaap,CashAndCashEquivalentsAtCarryingValue,USD,10-K,2025-02-14,,2022-12-31,2022,FY,2024,CY2022Q4I,,0001628280-25-005715,1977000000.0,https://www.sec.gov/Archives/edgar/data/1792789/000162828025005715/,2026-08-05T12:11:50+00:00
dash,DASH,0001792789,us-gaap,Liabilities,USD,10-K,2023-02-27,,2022-12-31,2022,FY,2022,,,0001628280-23-005131,3021000000.0,https://www.sec.gov/Archives/edgar/data/1792789/000162828023005131/,2026-08-05T12:11:50+00:00
dash,DASH,0001792789,us-gaap,Liabilities,USD,10-K,2024-02-20,,2022-12-31,2022,FY,2023,CY2022Q4I,,0001628280-24-005600,3021000000.0,https://www.sec.gov/Archives/edgar/data/1792789/000162828024005600/,2026-08-05T12:11:50+00:00
dash,DASH,0001792789,us-gaap,LiabilitiesCurrent,USD,10-K,2023-02-27,,2022-12-31,2022,FY,2022,,,0001628280-23-005131,2544000000.0,https://www.sec.gov/Archives/edgar/data/1792789/000162828023005131/,2026-08-05T12:11:50+00:00
dash,DASH,0001792789,us-gaap,LiabilitiesCurrent,USD,10-K,2024-02-20,,2022-12-31,2022,FY,2023,CY2022Q4I,,0001628280-24-005600,2544000000.0,https://www.sec.gov/Archives/edgar/data/1792789/000162828024005600/,2026-08-05T12:11:50+00:00
dash,DASH,0001792789,us-gaap,NetCashProvidedByUsedInOperatingActivities,USD,10-K,2023-02-27,2022-01-01,2022-12-31,2022,FY,2022,,364.0,0001628280-23-005131,367000000.0,https://www.sec.gov/Archives/edgar/data/1792789/000162828023005131/,2026-08-05T12:11:50+00:00
dash,DASH,0001792789,us-gaap,NetCashProvidedByUsedInOperatingActivities,USD,10-K,2024-02-20,2022-01-01,2022-12-31,2022,FY,2023,,364.0,0001628280-24-005600,367000000.0,https://www.sec.gov/Archives/edgar/data/1792789/000162828024005600/,2026-08-05T12:11:50+00:00
dash,DASH,0001792789,us-gaap,NetCashProvidedByUsedInOperatingActivities,USD,10-K,2025-02-14,2022-01-01,2022-12-31,2022,FY,2024,CY2022,364.0,0001628280-25-005715,367000000.0,https://www.sec.gov/Archives/edgar/data/1792789/000162828025005715/,2026-08-05T12:11:50+00:00
dash,DASH,0001792789,us-gaap,NetIncomeLoss,USD,10-K,2023-02-27,2022-01-01,2022-12-31,2022,FY,2022,,364.0,0001628280-23-005131,-1365000000.0,https://www.sec.gov/Archives/edgar/data/1792789/000162828023005131/,2026-08-05T12:11:50+00:00
dash,DASH,0001792789,us-gaap,NetIncomeLoss,USD,10-K,2024-02-20,2022-01-01,2022-12-31,2022,FY,2023,,364.0,0001628280-24-005600,-1365000000.0,https://www.sec.gov/Archives/edgar/data/1792789/000162828024005600/,2026-08-05T12:11:50+00:00
dash,DASH,0001792789,us-gaap,NetIncomeLoss,USD,10-K,2025-02-14,2022-01-01,2022-12-31,2022,FY,2024,,364.0,0001628280-25-005715,-1365000000.0,https://www.sec.gov/Archives/edgar/data/1792789/000162828025005715/,2026-08-05T12:11:50+00:00
dash,DASH,0001792789,us-gaap,OperatingIncomeLoss,USD,10-K,2023-02-27,2022-01-01,2022-12-31,2022,FY,2022,,364.0,0001628280-23-005131,-1124000000.0,https://www.sec.gov/Archives/edgar/data/1792789/000162828023005131/,2026-08-05T12:11:50+00:00
dash,DASH,0001792789,us-gaap,OperatingIncomeLoss,USD,10-K,2024-02-20,2022-01-01,2022-12-31,2022,FY,2023,,364.0,0001628280-24-005600,-1124000000.0,https://www.sec.gov/Archives/edgar/data/1792789/000162828024005600/,2026-08-05T12:11:50+00:00
dash,DASH,0001792789,us-gaap,OperatingIncomeLoss,USD,10-K,2025-02-14,2022-01-01,2022-12-31,2022,FY,2024,CY2022,364.0,0001628280-25-005715,-1124000000.0,https://www.sec.gov/Archives/edgar/data/1792789/000162828025005715/,2026-08-05T12:11:50+00:00
dash,DASH,0001792789,us-gaap,PaymentsToAcquirePropertyPlantAndEquipment,USD,10-K,2023-02-27,2022-01-01,2022-12-31,2022,FY,2022,,364.0,0001628280-23-005131,176000000.0,https://www.sec.gov/Archives/edgar/data/1792789/000162828023005131/,2026-08-05T12:11:50+00:00
dash,DASH,0001792789,us-gaap,PaymentsToAcquirePropertyPlantAndEquipment,USD,10-K,2024-02-20,2022-01-01,2022-12-31,2022,FY,2023,,364.0,0001628280-24-005600,176000000.0,https://www.sec.gov/Archives/edgar/data/1792789/000162828024005600/,2026-08-05T12:11:50+00:00
dash,DASH,0001792789,us-gaap,PaymentsToAcquirePropertyPlantAndEquipment,USD,10-K,2025-02-14,2022-01-01,2022-12-31,2022,FY,2024,CY2022,364.0,0001628280-25-005715,176000000.0,https://www.sec.gov/Archives/edgar/data/1792789/000162828025005715/,2026-08-05T12:11:50+00:00
dash,DASH,0001792789,us-gaap,PaymentsToDevelopSoftware,USD,10-K,2023-02-27,2022-01-01,2022-12-31,2022,FY,2022,,364.0,0001628280-23-005131,170000000.0,https://www.sec.gov/Archives/edgar/data/1792789/000162828023005131/,2026-08-05T12:11:50+00:00
dash,DASH,0001792789,us-gaap,PaymentsToDevelopSoftware,USD,10-K,2024-02-20,2022-01-01,2022-12-31,2022,FY,2023,,364.0,0001628280-24-005600,170000000.0,https://www.sec.gov/Archives/edgar/data/1792789/000162828024005600/,2026-08-05T12:11:50+00:00
dash,DASH,0001792789,us-gaap,PaymentsToDevelopSoftware,USD,10-K,2025-02-14,2022-01-01,2022-12-31,2022,FY,2024,CY2022,364.0,0001628280-25-005715,170000000.0,https://www.sec.gov/Archives/edgar/data/1792789/000162828025005715/,2026-08-05T12:11:50+00:00
dash,DASH,0001792789,us-gaap,ProfitLoss,USD,10-K,2023-02-27,2022-01-01,2022-12-31,2022,FY,2022,,364.0,0001628280-23-005131,-1368000000.0,https://www.sec.gov/Archives/edgar/data/1792789/000162828023005131/,2026-08-05T12:11:50+00:00
dash,DASH,0001792789,us-gaap,ProfitLoss,USD,10-K,2024-02-20,2022-01-01,2022-12-31,2022,FY,2023,,364.0,0001628280-24-005600,-1368000000.0,https://www.sec.gov/Archives/edgar/data/1792789/000162828024005600/,2026-08-05T12:11:50+00:00
dash,DASH,0001792789,us-gaap,ProfitLoss,USD,10-K,2025-02-14,2022-01-01,2022-12-31,2022,FY,2024,CY2022,364.0,0001628280-25-005715,-1368000000.0,https://www.sec.gov/Archives/edgar/data/1792789/000162828025005715/,2026-08-05T12:11:50+00:00
dash,DASH,0001792789,us-gaap,RevenueFromContractWithCustomerExcludingAssessedTax,USD,10-K,2023-02-27,2022-01-01,2022-12-31,2022,FY,2022,,364.0,0001628280-23-005131,6583000000.0,https://www.sec.gov/Archives/edgar/data/1792789/000162828023005131/,2026-08-05T12:11:50+00:00
dash,DASH,0001792789,us-gaap,RevenueFromContractWithCustomerExcludingAssessedTax,USD,10-K,2024-02-20,2022-01-01,2022-12-31,2022,FY,2023,,364.0,0001628280-24-005600,6583000000.0,https://www.sec.gov/Archives/edgar/data/1792789/000162828024005600/,2026-08-05T12:11:50+00:00
dash,DASH,0001792789,us-gaap,RevenueFromContractWithCustomerExcludingAssessedTax,USD,10-K,2025-02-14,2022-01-01,2022-12-31,2022,FY,2024,CY2022,364.0,0001628280-25-005715,6583000000.0,https://www.sec.gov/Archives/edgar/data/1792789/000162828025005715/,2026-08-05T12:11:50+00:00
dash,DASH,0001792789,us-gaap,StockholdersEquity,USD,10-K,2023-02-27,,2022-12-31,2022,FY,2022,,,0001628280-23-005131,6754000000.0,https://www.sec.gov/Archives/edgar/data/1792789/000162828023005131/,2026-08-05T12:11:50+00:00
dash,DASH,0001792789,us-gaap,StockholdersEquity,USD,10-K,2024-02-20,,2022-12-31,2022,FY,2023,,,0001628280-24-005600,6754000000.0,https://www.sec.gov/Archives/edgar/data/1792789/000162828024005600/,2026-08-05T12:11:50+00:00
dash,DASH,0001792789,us-gaap,StockholdersEquity,USD,10-K,2025-02-14,,2022-12-31,2022,FY,2024,,,0001628280-25-005715,6754000000.0,https://www.sec.gov/Archives/edgar/data/1792789/000162828025005715/,2026-08-05T12:11:50+00:00
dash,DASH,0001792789,us-gaap,StockholdersEquity,USD,10-K,2026-02-18,,2022-12-31,2022,FY,2025,,,0001792789-26-000013,6754000000.0,https://www.sec.gov/Archives/edgar/data/1792789/000179278926000013/,2026-08-05T12:11:50+00:00
dash,DASH,0001792789,us-gaap,StockholdersEquity,USD,10-K/A,2026-05-06,,2022-12-31,2022,FY,2025,CY2022Q4I,,0001792789-26-000035,6754000000.0,https://www.sec.gov/Archives/edgar/data/1792789/000179278926000035/,2026-08-05T12:11:50+00:00
dash,DASH,0001792789,us-gaap,Assets,USD,10-K,2024-02-20,,2023-12-31,2023,FY,2023,,,0001628280-24-005600,10839000000.0,https://www.sec.gov/Archives/edgar/data/1792789/000162828024005600/,2026-08-05T12:11:50+00:00
dash,DASH,0001792789,us-gaap,Assets,USD,10-K,2025-02-14,,2023-12-31,2023,FY,2024,CY2023Q4I,,0001628280-25-005715,10839000000.0,https://www.sec.gov/Archives/edgar/data/1792789/000162828025005715/,2026-08-05T12:11:50+00:00
dash,DASH,0001792789,us-gaap,AssetsCurrent,USD,10-K,2024-02-20,,2023-12-31,2023,FY,2023,,,0001628280-24-005600,5597000000.0,https://www.sec.gov/Archives/edgar/data/1792789/000162828024005600/,2026-08-05T12:11:50+00:00
dash,DASH,0001792789,us-gaap,AssetsCurrent,USD,10-K,2025-02-14,,2023-12-31,2023,FY,2024,CY2023Q4I,,0001628280-25-005715,5597000000.0,https://www.sec.gov/Archives/edgar/data/1792789/000162828025005715/,2026-08-05T12:11:50+00:00
dash,DASH,0001792789,us-gaap,CashAndCashEquivalentsAtCarryingValue,USD,10-K,2024-02-20,,2023-12-31,2023,FY,2023,,,0001628280-24-005600,2656000000.0,https://www.sec.gov/Archives/edgar/data/1792789/000162828024005600/,2026-08-05T12:11:50+00:00
dash,DASH,0001792789,us-gaap,CashAndCashEquivalentsAtCarryingValue,USD,10-K,2025-02-14,,2023-12-31,2023,FY,2024,,,0001628280-25-005715,2656000000.0,https://www.sec.gov/Archives/edgar/data/1792789/000162828025005715/,2026-08-05T12:11:50+00:00
dash,DASH,0001792789,us-gaap,CashAndCashEquivalentsAtCarryingValue,USD,10-K,2026-02-18,,2023-12-31,2023,FY,2025,,,0001792789-26-000013,2656000000.0,https://www.sec.gov/Archives/edgar/data/1792789/000179278926000013/,2026-08-05T12:11:50+00:00
dash,DASH,0001792789,us-gaap,CashAndCashEquivalentsAtCarryingValue,USD,10-K/A,2026-05-06,,2023-12-31,2023,FY,2025,CY2023Q4I,,0001792789-26-000035,2656000000.0,https://www.sec.gov/Archives/edgar/data/1792789/000179278926000035/,2026-08-05T12:11:50+00:00
dash,DASH,0001792789,us-gaap,Liabilities,USD,10-K,2024-02-20,,2023-12-31,2023,FY,2023,,,0001628280-24-005600,4026000000.0,https://www.sec.gov/Archives/edgar/data/1792789/000162828024005600/,2026-08-05T12:11:50+00:00
dash,DASH,0001792789,us-gaap,Liabilities,USD,10-K,2025-02-14,,2023-12-31,2023,FY,2024,CY2023Q4I,,0001628280-25-005715,4026000000.0,https://www.sec.gov/Archives/edgar/data/1792789/000162828025005715/,2026-08-05T12:11:50+00:00
dash,DASH,0001792789,us-gaap,LiabilitiesCurrent,USD,10-K,2024-02-20,,2023-12-31,2023,FY,2023,,,0001628280-24-005600,3410000000.0,https://www.sec.gov/Archives/edgar/data/1792789/000162828024005600/,2026-08-05T12:11:50+00:00
dash,DASH,0001792789,us-gaap,LiabilitiesCurrent,USD,10-K,2025-02-14,,2023-12-31,2023,FY,2024,CY2023Q4I,,0001628280-25-005715,3410000000.0,https://www.sec.gov/Archives/edgar/data/1792789/000162828025005715/,2026-08-05T12:11:50+00:00
dash,DASH,0001792789,us-gaap,NetCashProvidedByUsedInOperatingActivities,USD,10-K,2024-02-20,2023-01-01,2023-12-31,2023,FY,2023,,364.0,0001628280-24-005600,1673000000.0,https://www.sec.gov/Archives/edgar/data/1792789/000162828024005600/,2026-08-05T12:11:50+00:00
dash,DASH,0001792789,us-gaap,NetCashProvidedByUsedInOperatingActivities,USD,10-K,2025-02-14,2023-01-01,2023-12-31,2023,FY,2024,,364.0,0001628280-25-005715,1673000000.0,https://www.sec.gov/Archives/edgar/data/1792789/000162828025005715/,2026-08-05T12:11:50+00:00
dash,DASH,0001792789,us-gaap,NetCashProvidedByUsedInOperatingActivities,USD,10-K,2026-02-18,2023-01-01,2023-12-31,2023,FY,2025,,364.0,0001792789-26-000013,1673000000.0,https://www.sec.gov/Archives/edgar/data/1792789/000179278926000013/,2026-08-05T12:11:50+00:00
dash,DASH,0001792789,us-gaap,NetCashProvidedByUsedInOperatingActivities,USD,10-K/A,2026-05-06,2023-01-01,2023-12-31,2023,FY,2025,CY2023,364.0,0001792789-26-000035,1673000000.0,https://www.sec.gov/Archives/edgar/data/1792789/000179278926000035/,2026-08-05T12:11:50+00:00
dash,DASH,0001792789,us-gaap,NetIncomeLoss,USD,10-K,2024-02-20,2023-01-01,2023-12-31,2023,FY,2023,,364.0,0001628280-24-005600,-558000000.0,https://www.sec.gov/Archives/edgar/data/1792789/000162828024005600/,2026-08-05T12:11:50+00:00
dash,DASH,0001792789,us-gaap,NetIncomeLoss,USD,10-K,2025-02-14,2023-01-01,2023-12-31,2023,FY,2024,,364.0,0001628280-25-005715,-558000000.0,https://www.sec.gov/Archives/edgar/data/1792789/000162828025005715/,2026-08-05T12:11:50+00:00
dash,DASH,0001792789,us-gaap,NetIncomeLoss,USD,10-K,2026-02-18,2023-01-01,2023-12-31,2023,FY,2025,,364.0,0001792789-26-000013,-558000000.0,https://www.sec.gov/Archives/edgar/data/1792789/000179278926000013/,2026-08-05T12:11:50+00:00
dash,DASH,0001792789,us-gaap,NetIncomeLoss,USD,10-K/A,2026-05-06,2023-01-01,2023-12-31,2023,FY,2025,CY2023,364.0,0001792789-26-000035,-558000000.0,https://www.sec.gov/Archives/edgar/data/1792789/000179278926000035/,2026-08-05T12:11:50+00:00
dash,DASH,0001792789,us-gaap,OperatingIncomeLoss,USD,10-K,2024-02-20,2023-01-01,2023-12-31,2023,FY,2023,,364.0,0001628280-24-005600,-579000000.0,https://www.sec.gov/Archives/edgar/data/1792789/000162828024005600/,2026-08-05T12:11:50+00:00
dash,DASH,0001792789,us-gaap,OperatingIncomeLoss,USD,10-K,2025-02-14,2023-01-01,2023-12-31,2023,FY,2024,,364.0,0001628280-25-005715,-579000000.0,https://www.sec.gov/Archives/edgar/data/1792789/000162828025005715/,2026-08-05T12:11:50+00:00
dash,DASH,0001792789,us-gaap,OperatingIncomeLoss,USD,10-K,2026-02-18,2023-01-01,2023-12-31,2023,FY,2025,,364.0,0001792789-26-000013,-579000000.0,https://www.sec.gov/Archives/edgar/data/1792789/000179278926000013/,2026-08-05T12:11:50+00:00
dash,DASH,0001792789,us-gaap,OperatingIncomeLoss,USD,10-K/A,2026-05-06,2023-01-01,2023-12-31,2023,FY,2025,CY2023,364.0,0001792789-26-000035,-579000000.0,https://www.sec.gov/Archives/edgar/data/1792789/000179278926000035/,2026-08-05T12:11:50+00:00
dash,DASH,0001792789,us-gaap,PaymentsToAcquirePropertyPlantAndEquipment,USD,10-K,2024-02-20,2023-01-01,2023-12-31,2023,FY,2023,,364.0,0001628280-24-005600,123000000.0,https://www.sec.gov/Archives/edgar/data/1792789/000162828024005600/,2026-08-05T12:11:50+00:00
dash,DASH,0001792789,us-gaap,PaymentsToAcquirePropertyPlantAndEquipment,USD,10-K,2025-02-14,2023-01-01,2023-12-31,2023,FY,2024,,364.0,0001628280-25-005715,123000000.0,https://www.sec.gov/Archives/edgar/data/1792789/000162828025005715/,2026-08-05T12:11:50+00:00
dash,DASH,0001792789,us-gaap,PaymentsToAcquirePropertyPlantAndEquipment,USD,10-K,2026-02-18,2023-01-01,2023-12-31,2023,FY,2025,,364.0,0001792789-26-000013,123000000.0,https://www.sec.gov/Archives/edgar/data/1792789/000179278926000013/,2026-08-05T12:11:50+00:00
dash,DASH,0001792789,us-gaap,PaymentsToAcquirePropertyPlantAndEquipment,USD,10-K/A,2026-05-06,2023-01-01,2023-12-31,2023,FY,2025,CY2023,364.0,0001792789-26-000035,123000000.0,https://www.sec.gov/Archives/edgar/data/1792789/000179278926000035/,2026-08-05T12:11:50+00:00
dash,DASH,0001792789,us-gaap,PaymentsToDevelopSoftware,USD,10-K,2024-02-20,2023-01-01,2023-12-31,2023,FY,2023,,364.0,0001628280-24-005600,201000000.0,https://www.sec.gov/Archives/edgar/data/1792789/000162828024005600/,2026-08-05T12:11:50+00:00
dash,DASH,0001792789,us-gaap,PaymentsToDevelopSoftware,USD,10-K,2025-02-14,2023-01-01,2023-12-31,2023,FY,2024,,364.0,0001628280-25-005715,201000000.0,https://www.sec.gov/Archives/edgar/data/1792789/000162828025005715/,2026-08-05T12:11:50+00:00
dash,DASH,0001792789,us-gaap,PaymentsToDevelopSoftware,USD,10-K,2026-02-18,2023-01-01,2023-12-31,2023,FY,2025,,364.0,0001792789-26-000013,201000000.0,https://www.sec.gov/Archives/edgar/data/1792789/000179278926000013/,2026-08-05T12:11:50+00:00
dash,DASH,0001792789,us-gaap,PaymentsToDevelopSoftware,USD,10-K/A,2026-05-06,2023-01-01,2023-12-31,2023,FY,2025,CY2023,364.0,0001792789-26-000035,201000000.0,https://www.sec.gov/Archives/edgar/data/1792789/000179278926000035/,2026-08-05T12:11:50+00:00
dash,DASH,0001792789,us-gaap,ProfitLoss,USD,10-K,2024-02-20,2023-01-01,2023-12-31,2023,FY,2023,,364.0,0001628280-24-005600,-565000000.0,https://www.sec.gov/Archives/edgar/data/1792789/000162828024005600/,2026-08-05T12:11:50+00:00
dash,DASH,0001792789,us-gaap,ProfitLoss,USD,10-K,2025-02-14,2023-01-01,2023-12-31,2023,FY,2024,,364.0,0001628280-25-005715,-565000000.0,https://www.sec.gov/Archives/edgar/data/1792789/000162828025005715/,2026-08-05T12:11:50+00:00
dash,DASH,0001792789,us-gaap,ProfitLoss,USD,10-K,2026-02-18,2023-01-01,2023-12-31,2023,FY,2025,,364.0,0001792789-26-000013,-565000000.0,https://www.sec.gov/Archives/edgar/data/1792789/000179278926000013/,2026-08-05T12:11:50+00:00
dash,DASH,0001792789,us-gaap,ProfitLoss,USD,10-K/A,2026-05-06,2023-01-01,2023-12-31,2023,FY,2025,CY2023,364.0,0001792789-26-000035,-565000000.0,https://www.sec.gov/Archives/edgar/data/1792789/000179278926000035/,2026-08-05T12:11:50+00:00
dash,DASH,0001792789,us-gaap,RevenueFromContractWithCustomerExcludingAssessedTax,USD,10-K,2024-02-20,2023-01-01,2023-12-31,2023,FY,2023,,364.0,0001628280-24-005600,8635000000.0,https://www.sec.gov/Archives/edgar/data/1792789/000162828024005600/,2026-08-05T12:11:50+00:00
dash,DASH,0001792789,us-gaap,RevenueFromContractWithCustomerExcludingAssessedTax,USD,10-K,2025-02-14,2023-01-01,2023-12-31,2023,FY,2024,,364.0,0001628280-25-005715,8635000000.0,https://www.sec.gov/Archives/edgar/data/1792789/000162828025005715/,2026-08-05T12:11:50+00:00
dash,DASH,0001792789,us-gaap,RevenueFromContractWithCustomerExcludingAssessedTax,USD,10-K,2026-02-18,2023-01-01,2023-12-31,2023,FY,2025,,364.0,0001792789-26-000013,8635000000.0,https://www.sec.gov/Archives/edgar/data/1792789/000179278926000013/,2026-08-05T12:11:50+00:00
dash,DASH,0001792789,us-gaap,RevenueFromContractWithCustomerExcludingAssessedTax,USD,10-K/A,2026-05-06,2023-01-01,2023-12-31,2023,FY,2025,CY2023,364.0,0001792789-26-000035,8635000000.0,https://www.sec.gov/Archives/edgar/data/1792789/000179278926000035/,2026-08-05T12:11:50+00:00
dash,DASH,0001792789,us-gaap,StockholdersEquity,USD,10-K,2024-02-20,,2023-12-31,2023,FY,2023,,,0001628280-24-005600,6806000000.0,https://www.sec.gov/Archives/edgar/data/1792789/000162828024005600/,2026-08-05T12:11:50+00:00
dash,DASH,0001792789,us-gaap,StockholdersEquity,USD,10-K,2025-02-14,,2023-12-31,2023,FY,2024,,,0001628280-25-005715,6806000000.0,https://www.sec.gov/Archives/edgar/data/1792789/000162828025005715/,2026-08-05T12:11:50+00:00
dash,DASH,0001792789,us-gaap,StockholdersEquity,USD,10-K,2026-02-18,,2023-12-31,2023,FY,2025,,,0001792789-26-000013,6806000000.0,https://www.sec.gov/Archives/edgar/data/1792789/000179278926000013/,2026-08-05T12:11:50+00:00
dash,DASH,0001792789,us-gaap,StockholdersEquity,USD,10-K/A,2026-05-06,,2023-12-31,2023,FY,2025,CY2023Q4I,,0001792789-26-000035,6806000000.0,https://www.sec.gov/Archives/edgar/data/1792789/000179278926000035/,2026-08-05T12:11:50+00:00
ebay,EBAY,0001065088,us-gaap,Assets,USD,10-K,2022-02-24,,2021-12-31,2021,FY,2021,,,0001065088-22-000006,26626000000.0,https://www.sec.gov/Archives/edgar/data/1065088/000106508822000006/,2026-08-05T12:11:50+00:00
ebay,EBAY,0001065088,us-gaap,Assets,USD,10-K,2023-02-23,,2021-12-31,2021,FY,2022,CY2021Q4I,,0001065088-23-000006,26626000000.0,https://www.sec.gov/Archives/edgar/data/1065088/000106508823000006/,2026-08-05T12:11:50+00:00
ebay,EBAY,0001065088,us-gaap,AssetsCurrent,USD,10-K,2022-02-24,,2021-12-31,2021,FY,2021,,,0001065088-22-000006,9111000000.0,https://www.sec.gov/Archives/edgar/data/1065088/000106508822000006/,2026-08-05T12:11:50+00:00
ebay,EBAY,0001065088,us-gaap,AssetsCurrent,USD,10-K,2023-02-23,,2021-12-31,2021,FY,2022,CY2021Q4I,,0001065088-23-000006,9111000000.0,https://www.sec.gov/Archives/edgar/data/1065088/000106508823000006/,2026-08-05T12:11:50+00:00
ebay,EBAY,0001065088,us-gaap,CashAndCashEquivalentsAtCarryingValue,USD,10-K,2022-02-24,,2021-12-31,2021,FY,2021,,,0001065088-22-000006,1379000000.0,https://www.sec.gov/Archives/edgar/data/1065088/000106508822000006/,2026-08-05T12:11:50+00:00
ebay,EBAY,0001065088,us-gaap,CashAndCashEquivalentsAtCarryingValue,USD,10-K,2023-02-23,,2021-12-31,2021,FY,2022,,,0001065088-23-000006,1379000000.0,https://www.sec.gov/Archives/edgar/data/1065088/000106508823000006/,2026-08-05T12:11:50+00:00
ebay,EBAY,0001065088,us-gaap,CashAndCashEquivalentsAtCarryingValue,USD,10-K,2024-02-28,,2021-12-31,2021,FY,2023,CY2021Q4I,,0001065088-24-000036,1379000000.0,https://www.sec.gov/Archives/edgar/data/1065088/000106508824000036/,2026-08-05T12:11:50+00:00
ebay,EBAY,0001065088,us-gaap,DebtLongtermAndShorttermCombinedAmount,USD,10-K,2022-02-24,,2021-12-31,2021,FY,2021,,,0001065088-22-000006,9082000000.0,https://www.sec.gov/Archives/edgar/data/1065088/000106508822000006/,2026-08-05T12:11:50+00:00
ebay,EBAY,0001065088,us-gaap,DebtLongtermAndShorttermCombinedAmount,USD,10-K,2023-02-23,,2021-12-31,2021,FY,2022,CY2021Q4I,,0001065088-23-000006,9082000000.0,https://www.sec.gov/Archives/edgar/data/1065088/000106508823000006/,2026-08-05T12:11:50+00:00
ebay,EBAY,0001065088,us-gaap,GrossProfit,USD,10-K,2022-02-24,2021-01-01,2021-12-31,2021,FY,2021,,364.0,0001065088-22-000006,7770000000.0,https://www.sec.gov/Archives/edgar/data/1065088/000106508822000006/,2026-08-05T12:11:50+00:00
ebay,EBAY,0001065088,us-gaap,GrossProfit,USD,10-K,2022-02-24,2021-10-01,2021-12-31,2021,FY,2021,CY2021Q4,91.0,0001065088-22-000006,1919000000.0,https://www.sec.gov/Archives/edgar/data/1065088/000106508822000006/,2026-08-05T12:11:50+00:00
ebay,EBAY,0001065088,us-gaap,GrossProfit,USD,10-K,2023-02-23,2021-01-01,2021-12-31,2021,FY,2022,,364.0,0001065088-23-000006,7770000000.0,https://www.sec.gov/Archives/edgar/data/1065088/000106508823000006/,2026-08-05T12:11:50+00:00
ebay,EBAY,0001065088,us-gaap,GrossProfit,USD,10-K,2024-02-28,2021-01-01,2021-12-31,2021,FY,2023,CY2021,364.0,0001065088-24-000036,7770000000.0,https://www.sec.gov/Archives/edgar/data/1065088/000106508824000036/,2026-08-05T12:11:50+00:00
ebay,EBAY,0001065088,us-gaap,Liabilities,USD,10-K,2022-02-24,,2021-12-31,2021,FY,2021,,,0001065088-22-000006,16848000000.0,https://www.sec.gov/Archives/edgar/data/1065088/000106508822000006/,2026-08-05T12:11:50+00:00
ebay,EBAY,0001065088,us-gaap,Liabilities,USD,10-K,2023-02-23,,2021-12-31,2021,FY,2022,CY2021Q4I,,0001065088-23-000006,16848000000.0,https://www.sec.gov/Archives/edgar/data/1065088/000106508823000006/,2026-08-05T12:11:50+00:00
ebay,EBAY,0001065088,us-gaap,LiabilitiesCurrent,USD,10-K,2022-02-24,,2021-12-31,2021,FY,2021,,,0001065088-22-000006,4622000000.0,https://www.sec.gov/Archives/edgar/data/1065088/000106508822000006/,2026-08-05T12:11:50+00:00
ebay,EBAY,0001065088,us-gaap,LiabilitiesCurrent,USD,10-K,2023-02-23,,2021-12-31,2021,FY,2022,CY2021Q4I,,0001065088-23-000006,4622000000.0,https://www.sec.gov/Archives/edgar/data/1065088/000106508823000006/,2026-08-05T12:11:50+00:00
ebay,EBAY,0001065088,us-gaap,NetCashProvidedByUsedInOperatingActivities,USD,10-K,2022-02-24,2021-01-01,2021-12-31,2021,FY,2021,,364.0,0001065088-22-000006,2657000000.0,https://www.sec.gov/Archives/edgar/data/1065088/000106508822000006/,2026-08-05T12:11:50+00:00
ebay,EBAY,0001065088,us-gaap,NetCashProvidedByUsedInOperatingActivities,USD,10-K,2023-02-23,2021-01-01,2021-12-31,2021,FY,2022,,364.0,0001065088-23-000006,2657000000.0,https://www.sec.gov/Archives/edgar/data/1065088/000106508823000006/,2026-08-05T12:11:50+00:00
ebay,EBAY,0001065088,us-gaap,NetCashProvidedByUsedInOperatingActivities,USD,10-K,2024-02-28,2021-01-01,2021-12-31,2021,FY,2023,CY2021,364.0,0001065088-24-000036,2657000000.0,https://www.sec.gov/Archives/edgar/data/1065088/000106508824000036/,2026-08-05T12:11:50+00:00
ebay,EBAY,0001065088,us-gaap,NetIncomeLoss,USD,10-K,2022-02-24,2021-01-01,2021-12-31,2021,FY,2021,,364.0,0001065088-22-000006,13608000000.0,https://www.sec.gov/Archives/edgar/data/1065088/000106508822000006/,2026-08-05T12:11:50+00:00
ebay,EBAY,0001065088,us-gaap,NetIncomeLoss,USD,10-K,2022-02-24,2021-10-01,2021-12-31,2021,FY,2021,CY2021Q4,91.0,0001065088-22-000006,1969000000.0,https://www.sec.gov/Archives/edgar/data/1065088/000106508822000006/,2026-08-05T12:11:50+00:00
ebay,EBAY,0001065088,us-gaap,NetIncomeLoss,USD,10-K,2023-02-23,2021-01-01,2021-12-31,2021,FY,2022,,364.0,0001065088-23-000006,13608000000.0,https://www.sec.gov/Archives/edgar/data/1065088/000106508823000006/,2026-08-05T12:11:50+00:00
ebay,EBAY,0001065088,us-gaap,NetIncomeLoss,USD,10-K,2024-02-28,2021-01-01,2021-12-31,2021,FY,2023,,364.0,0001065088-24-000036,13608000000.0,https://www.sec.gov/Archives/edgar/data/1065088/000106508824000036/,2026-08-05T12:11:50+00:00
ebay,EBAY,0001065088,us-gaap,OperatingIncomeLoss,USD,10-K,2022-02-24,2021-01-01,2021-12-31,2021,FY,2021,,364.0,0001065088-22-000006,2923000000.0,https://www.sec.gov/Archives/edgar/data/1065088/000106508822000006/,2026-08-05T12:11:50+00:00
ebay,EBAY,0001065088,us-gaap,OperatingIncomeLoss,USD,10-K,2023-02-23,2021-01-01,2021-12-31,2021,FY,2022,,364.0,0001065088-23-000006,2923000000.0,https://www.sec.gov/Archives/edgar/data/1065088/000106508823000006/,2026-08-05T12:11:50+00:00
ebay,EBAY,0001065088,us-gaap,OperatingIncomeLoss,USD,10-K,2024-02-28,2021-01-01,2021-12-31,2021,FY,2023,CY2021,364.0,0001065088-24-000036,2923000000.0,https://www.sec.gov/Archives/edgar/data/1065088/000106508824000036/,2026-08-05T12:11:50+00:00
ebay,EBAY,0001065088,us-gaap,PaymentsToAcquirePropertyPlantAndEquipment,USD,10-K,2022-02-24,2021-01-01,2021-12-31,2021,FY,2021,,364.0,0001065088-22-000006,444000000.0,https://www.sec.gov/Archives/edgar/data/1065088/000106508822000006/,2026-08-05T12:11:50+00:00
ebay,EBAY,0001065088,us-gaap,PaymentsToAcquirePropertyPlantAndEquipment,USD,10-K,2023-02-23,2021-01-01,2021-12-31,2021,FY,2022,,364.0,0001065088-23-000006,444000000.0,https://www.sec.gov/Archives/edgar/data/1065088/000106508823000006/,2026-08-05T12:11:50+00:00
ebay,EBAY,0001065088,us-gaap,PaymentsToAcquirePropertyPlantAndEquipment,USD,10-K,2024-02-28,2021-01-01,2021-12-31,2021,FY,2023,CY2021,364.0,0001065088-24-000036,444000000.0,https://www.sec.gov/Archives/edgar/data/1065088/000106508824000036/,2026-08-05T12:11:50+00:00
ebay,EBAY,0001065088,us-gaap,RevenueFromContractWithCustomerExcludingAssessedTax,USD,10-K,2022-02-24,2021-01-01,2021-12-31,2021,FY,2021,,364.0,0001065088-22-000006,10420000000.0,https://www.sec.gov/Archives/edgar/data/1065088/000106508822000006/,2026-08-05T12:11:50+00:00
ebay,EBAY,0001065088,us-gaap,RevenueFromContractWithCustomerExcludingAssessedTax,USD,10-K,2022-02-24,2021-10-01,2021-12-31,2021,FY,2021,CY2021Q4,91.0,0001065088-22-000006,2613000000.0,https://www.sec.gov/Archives/edgar/data/1065088/000106508822000006/,2026-08-05T12:11:50+00:00
ebay,EBAY,0001065088,us-gaap,RevenueFromContractWithCustomerExcludingAssessedTax,USD,10-K,2023-02-23,2021-01-01,2021-12-31,2021,FY,2022,,364.0,0001065088-23-000006,10420000000.0,https://www.sec.gov/Archives/edgar/data/1065088/000106508823000006/,2026-08-05T12:11:50+00:00
ebay,EBAY,0001065088,us-gaap,RevenueFromContractWithCustomerExcludingAssessedTax,USD,10-K,2024-02-28,2021-01-01,2021-12-31,2021,FY,2023,CY2021,364.0,0001065088-24-000036,10420000000.0,https://www.sec.gov/Archives/edgar/data/1065088/000106508824000036/,2026-08-05T12:11:50+00:00
ebay,EBAY,0001065088,us-gaap,StockholdersEquity,USD,10-K,2022-02-24,,2021-12-31,2021,FY,2021,,,0001065088-22-000006,9778000000.0,https://www.sec.gov/Archives/edgar/data/1065088/000106508822000006/,2026-08-05T12:11:50+00:00
ebay,EBAY,0001065088,us-gaap,StockholdersEquity,USD,10-K,2023-02-23,,2021-12-31,2021,FY,2022,,,0001065088-23-000006,9778000000.0,https://www.sec.gov/Archives/edgar/data/1065088/000106508823000006/,2026-08-05T12:11:50+00:00
ebay,EBAY,0001065088,us-gaap,StockholdersEquity,USD,10-K,2024-02-28,,2021-12-31,2021,FY,2023,CY2021Q4I,,0001065088-24-000036,9778000000.0,https://www.sec.gov/Archives/edgar/data/1065088/000106508824000036/,2026-08-05T12:11:50+00:00
ebay,EBAY,0001065088,us-gaap,Assets,USD,10-K,2023-02-23,,2022-12-31,2022,FY,2022,,,0001065088-23-000006,20850000000.0,https://www.sec.gov/Archives/edgar/data/1065088/000106508823000006/,2026-08-05T12:11:50+00:00
ebay,EBAY,0001065088,us-gaap,Assets,USD,10-K,2024-02-28,,2022-12-31,2022,FY,2023,CY2022Q4I,,0001065088-24-000036,20850000000.0,https://www.sec.gov/Archives/edgar/data/1065088/000106508824000036/,2026-08-05T12:11:50+00:00
ebay,EBAY,0001065088,us-gaap,AssetsCurrent,USD,10-K,2023-02-23,,2022-12-31,2022,FY,2022,,,0001065088-23-000006,9290000000.0,https://www.sec.gov/Archives/edgar/data/1065088/000106508823000006/,2026-08-05T12:11:50+00:00
ebay,EBAY,0001065088,us-gaap,AssetsCurrent,USD,10-K,2024-02-28,,2022-12-31,2022,FY,2023,CY2022Q4I,,0001065088-24-000036,9290000000.0,https://www.sec.gov/Archives/edgar/data/1065088/000106508824000036/,2026-08-05T12:11:50+00:00
ebay,EBAY,0001065088,us-gaap,CashAndCashEquivalentsAtCarryingValue,USD,10-K,2023-02-23,,2022-12-31,2022,FY,2022,,,0001065088-23-000006,2154000000.0,https://www.sec.gov/Archives/edgar/data/1065088/000106508823000006/,2026-08-05T12:11:50+00:00
ebay,EBAY,0001065088,us-gaap,CashAndCashEquivalentsAtCarryingValue,USD,10-K,2024-02-28,,2022-12-31,2022,FY,2023,,,0001065088-24-000036,2154000000.0,https://www.sec.gov/Archives/edgar/data/1065088/000106508824000036/,2026-08-05T12:11:50+00:00
ebay,EBAY,0001065088,us-gaap,CashAndCashEquivalentsAtCarryingValue,USD,10-K,2025-02-27,,2022-12-31,2022,FY,2024,CY2022Q4I,,0001065088-25-000037,2154000000.0,https://www.sec.gov/Archives/edgar/data/1065088/000106508825000037/,2026-08-05T12:11:50+00:00
ebay,EBAY,0001065088,us-gaap,DebtLongtermAndShorttermCombinedAmount,USD,10-K,2023-02-23,,2022-12-31,2022,FY,2022,,,0001065088-23-000006,8871000000.0,https://www.sec.gov/Archives/edgar/data/1065088/000106508823000006/,2026-08-05T12:11:50+00:00
ebay,EBAY,0001065088,us-gaap,DebtLongtermAndShorttermCombinedAmount,USD,10-K,2024-02-28,,2022-12-31,2022,FY,2023,CY2022Q4I,,0001065088-24-000036,8871000000.0,https://www.sec.gov/Archives/edgar/data/1065088/000106508824000036/,2026-08-05T12:11:50+00:00
ebay,EBAY,0001065088,us-gaap,GrossProfit,USD,10-K,2023-02-23,2022-01-01,2022-12-31,2022,FY,2022,,364.0,0001065088-23-000006,7115000000.0,https://www.sec.gov/Archives/edgar/data/1065088/000106508823000006/,2026-08-05T12:11:50+00:00
ebay,EBAY,0001065088,us-gaap,GrossProfit,USD,10-K,2024-02-28,2022-01-01,2022-12-31,2022,FY,2023,,364.0,0001065088-24-000036,7115000000.0,https://www.sec.gov/Archives/edgar/data/1065088/000106508824000036/,2026-08-05T12:11:50+00:00
ebay,EBAY,0001065088,us-gaap,GrossProfit,USD,10-K,2025-02-27,2022-01-01,2022-12-31,2022,FY,2024,CY2022,364.0,0001065088-25-000037,7115000000.0,https://www.sec.gov/Archives/edgar/data/1065088/000106508825000037/,2026-08-05T12:11:50+00:00
ebay,EBAY,0001065088,us-gaap,Liabilities,USD,10-K,2023-02-23,,2022-12-31,2022,FY,2022,,,0001065088-23-000006,15697000000.0,https://www.sec.gov/Archives/edgar/data/1065088/000106508823000006/,2026-08-05T12:11:50+00:00
ebay,EBAY,0001065088,us-gaap,Liabilities,USD,10-K,2024-02-28,,2022-12-31,2022,FY,2023,CY2022Q4I,,0001065088-24-000036,15697000000.0,https://www.sec.gov/Archives/edgar/data/1065088/000106508824000036/,2026-08-05T12:11:50+00:00
ebay,EBAY,0001065088,us-gaap,LiabilitiesCurrent,USD,10-K,2023-02-23,,2022-12-31,2022,FY,2022,,,0001065088-23-000006,4271000000.0,https://www.sec.gov/Archives/edgar/data/1065088/000106508823000006/,2026-08-05T12:11:50+00:00
ebay,EBAY,0001065088,us-gaap,LiabilitiesCurrent,USD,10-K,2024-02-28,,2022-12-31,2022,FY,2023,CY2022Q4I,,0001065088-24-000036,4271000000.0,https://www.sec.gov/Archives/edgar/data/1065088/000106508824000036/,2026-08-05T12:11:50+00:00
ebay,EBAY,0001065088,us-gaap,LongTermDebtAndCapitalLeaseObligations,USD,10-K,2024-02-28,,2022-12-31,2022,FY,2023,CY2022Q4I,,0001065088-24-000036,7721000000.0,https://www.sec.gov/Archives/edgar/data/1065088/000106508824000036/,2026-08-05T12:11:50+00:00
ebay,EBAY,0001065088,us-gaap,NetCashProvidedByUsedInOperatingActivities,USD,10-K,2023-02-23,2022-01-01,2022-12-31,2022,FY,2022,,364.0,0001065088-23-000006,2254000000.0,https://www.sec.gov/Archives/edgar/data/1065088/000106508823000006/,2026-08-05T12:11:50+00:00
ebay,EBAY,0001065088,us-gaap,NetCashProvidedByUsedInOperatingActivities,USD,10-K,2024-02-28,2022-01-01,2022-12-31,2022,FY,2023,,364.0,0001065088-24-000036,2254000000.0,https://www.sec.gov/Archives/edgar/data/1065088/000106508824000036/,2026-08-05T12:11:50+00:00
ebay,EBAY,0001065088,us-gaap,NetCashProvidedByUsedInOperatingActivities,USD,10-K,2025-02-27,2022-01-01,2022-12-31,2022,FY,2024,CY2022,364.0,0001065088-25-000037,2254000000.0,https://www.sec.gov/Archives/edgar/data/1065088/000106508825000037/,2026-08-05T12:11:50+00:00
ebay,EBAY,0001065088,us-gaap,NetIncomeLoss,USD,10-K,2023-02-23,2022-01-01,2022-12-31,2022,FY,2022,,364.0,0001065088-23-000006,-1269000000.0,https://www.sec.gov/Archives/edgar/data/1065088/000106508823000006/,2026-08-05T12:11:50+00:00
ebay,EBAY,0001065088,us-gaap,NetIncomeLoss,USD,10-K,2024-02-28,2022-01-01,2022-12-31,2022,FY,2023,,364.0,0001065088-24-000036,-1269000000.0,https://www.sec.gov/Archives/edgar/data/1065088/000106508824000036/,2026-08-05T12:11:50+00:00
ebay,EBAY,0001065088,us-gaap,NetIncomeLoss,USD,10-K,2025-02-27,2022-01-01,2022-12-31,2022,FY,2024,,364.0,0001065088-25-000037,-1269000000.0,https://www.sec.gov/Archives/edgar/data/1065088/000106508825000037/,2026-08-05T12:11:50+00:00
ebay,EBAY,0001065088,us-gaap,OperatingIncomeLoss,USD,10-K,2023-02-23,2022-01-01,2022-12-31,2022,FY,2022,,364.0,0001065088-23-000006,2350000000.0,https://www.sec.gov/Archives/edgar/data/1065088/000106508823000006/,2026-08-05T12:11:50+00:00
ebay,EBAY,0001065088,us-gaap,OperatingIncomeLoss,USD,10-K,2024-02-28,2022-01-01,2022-12-31,2022,FY,2023,,364.0,0001065088-24-000036,2350000000.0,https://www.sec.gov/Archives/edgar/data/1065088/000106508824000036/,2026-08-05T12:11:50+00:00
ebay,EBAY,0001065088,us-gaap,OperatingIncomeLoss,USD,10-K,2025-02-27,2022-01-01,2022-12-31,2022,FY,2024,CY2022,364.0,0001065088-25-000037,2350000000.0,https://www.sec.gov/Archives/edgar/data/1065088/000106508825000037/,2026-08-05T12:11:50+00:00
ebay,EBAY,0001065088,us-gaap,PaymentsToAcquirePropertyPlantAndEquipment,USD,10-K,2023-02-23,2022-01-01,2022-12-31,2022,FY,2022,,364.0,0001065088-23-000006,449000000.0,https://www.sec.gov/Archives/edgar/data/1065088/000106508823000006/,2026-08-05T12:11:50+00:00
ebay,EBAY,0001065088,us-gaap,PaymentsToAcquirePropertyPlantAndEquipment,USD,10-K,2024-02-28,2022-01-01,2022-12-31,2022,FY,2023,,364.0,0001065088-24-000036,449000000.0,https://www.sec.gov/Archives/edgar/data/1065088/000106508824000036/,2026-08-05T12:11:50+00:00
ebay,EBAY,0001065088,us-gaap,PaymentsToAcquirePropertyPlantAndEquipment,USD,10-K,2025-02-27,2022-01-01,2022-12-31,2022,FY,2024,CY2022,364.0,0001065088-25-000037,449000000.0,https://www.sec.gov/Archives/edgar/data/1065088/000106508825000037/,2026-08-05T12:11:50+00:00
ebay,EBAY,0001065088,us-gaap,RevenueFromContractWithCustomerExcludingAssessedTax,USD,10-K,2023-02-23,2022-01-01,2022-12-31,2022,FY,2022,,364.0,0001065088-23-000006,9795000000.0,https://www.sec.gov/Archives/edgar/data/1065088/000106508823000006/,2026-08-05T12:11:50+00:00
ebay,EBAY,0001065088,us-gaap,RevenueFromContractWithCustomerExcludingAssessedTax,USD,10-K,2024-02-28,2022-01-01,2022-12-31,2022,FY,2023,,364.0,0001065088-24-000036,9795000000.0,https://www.sec.gov/Archives/edgar/data/1065088/000106508824000036/,2026-08-05T12:11:50+00:00
ebay,EBAY,0001065088,us-gaap,RevenueFromContractWithCustomerExcludingAssessedTax,USD,10-K,2025-02-27,2022-01-01,2022-12-31,2022,FY,2024,CY2022,364.0,0001065088-25-000037,9795000000.0,https://www.sec.gov/Archives/edgar/data/1065088/000106508825000037/,2026-08-05T12:11:50+00:00
ebay,EBAY,0001065088,us-gaap,StockholdersEquity,USD,10-K,2023-02-23,,2022-12-31,2022,FY,2022,,,0001065088-23-000006,5153000000.0,https://www.sec.gov/Archives/edgar/data/1065088/000106508823000006/,2026-08-05T12:11:50+00:00
ebay,EBAY,0001065088,us-gaap,StockholdersEquity,USD,10-K,2024-02-28,,2022-12-31,2022,FY,2023,,,0001065088-24-000036,5153000000.0,https://www.sec.gov/Archives/edgar/data/1065088/000106508824000036/,2026-08-05T12:11:50+00:00
ebay,EBAY,0001065088,us-gaap,StockholdersEquity,USD,10-K,2025-02-27,,2022-12-31,2022,FY,2024,CY2022Q4I,,0001065088-25-000037,5153000000.0,https://www.sec.gov/Archives/edgar/data/1065088/000106508825000037/,2026-08-05T12:11:50+00:00
ebay,EBAY,0001065088,us-gaap,Assets,USD,10-K,2024-02-28,,2023-12-31,2023,FY,2023,,,0001065088-24-000036,21620000000.0,https://www.sec.gov/Archives/edgar/data/1065088/000106508824000036/,2026-08-05T12:11:50+00:00
ebay,EBAY,0001065088,us-gaap,Assets,USD,10-K,2025-02-27,,2023-12-31,2023,FY,2024,CY2023Q4I,,0001065088-25-000037,21620000000.0,https://www.sec.gov/Archives/edgar/data/1065088/000106508825000037/,2026-08-05T12:11:50+00:00
ebay,EBAY,0001065088,us-gaap,AssetsCurrent,USD,10-K,2024-02-28,,2023-12-31,2023,FY,2023,,,0001065088-24-000036,11016000000.0,https://www.sec.gov/Archives/edgar/data/1065088/000106508824000036/,2026-08-05T12:11:50+00:00
ebay,EBAY,0001065088,us-gaap,AssetsCurrent,USD,10-K,2025-02-27,,2023-12-31,2023,FY,2024,CY2023Q4I,,0001065088-25-000037,11016000000.0,https://www.sec.gov/Archives/edgar/data/1065088/000106508825000037/,2026-08-05T12:11:50+00:00
ebay,EBAY,0001065088,us-gaap,CashAndCashEquivalentsAtCarryingValue,USD,10-K,2024-02-28,,2023-12-31,2023,FY,2023,,,0001065088-24-000036,1985000000.0,https://www.sec.gov/Archives/edgar/data/1065088/000106508824000036/,2026-08-05T12:11:50+00:00
ebay,EBAY,0001065088,us-gaap,CashAndCashEquivalentsAtCarryingValue,USD,10-K,2025-02-27,,2023-12-31,2023,FY,2024,,,0001065088-25-000037,1985000000.0,https://www.sec.gov/Archives/edgar/data/1065088/000106508825000037/,2026-08-05T12:11:50+00:00
ebay,EBAY,0001065088,us-gaap,CashAndCashEquivalentsAtCarryingValue,USD,10-K,2026-02-19,,2023-12-31,2023,FY,2025,CY2023Q4I,,0001065088-26-000027,1985000000.0,https://www.sec.gov/Archives/edgar/data/1065088/000106508826000027/,2026-08-05T12:11:50+00:00
ebay,EBAY,0001065088,us-gaap,DebtAndCapitalLeaseObligations,USD,10-K,2025-02-27,,2023-12-31,2023,FY,2024,CY2023Q4I,,0001065088-25-000037,7723000000.0,https://www.sec.gov/Archives/edgar/data/1065088/000106508825000037/,2026-08-05T12:11:50+00:00
ebay,EBAY,0001065088,us-gaap,DebtLongtermAndShorttermCombinedAmount,USD,10-K,2024-02-28,,2023-12-31,2023,FY,2023,CY2023Q4I,,0001065088-24-000036,7723000000.0,https://www.sec.gov/Archives/edgar/data/1065088/000106508824000036/,2026-08-05T12:11:50+00:00
ebay,EBAY,0001065088,us-gaap,GrossProfit,USD,10-K,2024-02-28,2023-01-01,2023-12-31,2023,FY,2023,,364.0,0001065088-24-000036,7279000000.0,https://www.sec.gov/Archives/edgar/data/1065088/000106508824000036/,2026-08-05T12:11:50+00:00
ebay,EBAY,0001065088,us-gaap,GrossProfit,USD,10-K,2025-02-27,2023-01-01,2023-12-31,2023,FY,2024,,364.0,0001065088-25-000037,7279000000.0,https://www.sec.gov/Archives/edgar/data/1065088/000106508825000037/,2026-08-05T12:11:50+00:00
ebay,EBAY,0001065088,us-gaap,GrossProfit,USD,10-K,2026-02-19,2023-01-01,2023-12-31,2023,FY,2025,CY2023,364.0,0001065088-26-000027,7279000000.0,https://www.sec.gov/Archives/edgar/data/1065088/000106508826000027/,2026-08-05T12:11:50+00:00
ebay,EBAY,0001065088,us-gaap,Liabilities,USD,10-K,2024-02-28,,2023-12-31,2023,FY,2023,,,0001065088-24-000036,15224000000.0,https://www.sec.gov/Archives/edgar/data/1065088/000106508824000036/,2026-08-05T12:11:50+00:00
ebay,EBAY,0001065088,us-gaap,Liabilities,USD,10-K,2025-02-27,,2023-12-31,2023,FY,2024,CY2023Q4I,,0001065088-25-000037,15224000000.0,https://www.sec.gov/Archives/edgar/data/1065088/000106508825000037/,2026-08-05T12:11:50+00:00
ebay,EBAY,0001065088,us-gaap,LiabilitiesCurrent,USD,10-K,2024-02-28,,2023-12-31,2023,FY,2023,,,0001065088-24-000036,4520000000.0,https://www.sec.gov/Archives/edgar/data/1065088/000106508824000036/,2026-08-05T12:11:50+00:00
ebay,EBAY,0001065088,us-gaap,LiabilitiesCurrent,USD,10-K,2025-02-27,,2023-12-31,2023,FY,2024,CY2023Q4I,,0001065088-25-000037,4520000000.0,https://www.sec.gov/Archives/edgar/data/1065088/000106508825000037/,2026-08-05T12:11:50+00:00
ebay,EBAY,0001065088,us-gaap,LongTermDebtAndCapitalLeaseObligations,USD,10-K,2024-02-28,,2023-12-31,2023,FY,2023,,,0001065088-24-000036,6973000000.0,https://www.sec.gov/Archives/edgar/data/1065088/000106508824000036/,2026-08-05T12:11:50+00:00
ebay,EBAY,0001065088,us-gaap,LongTermDebtAndCapitalLeaseObligations,USD,10-K,2025-02-27,,2023-12-31,2023,FY,2024,CY2023Q4I,,0001065088-25-000037,6973000000.0,https://www.sec.gov/Archives/edgar/data/1065088/000106508825000037/,2026-08-05T12:11:50+00:00
ebay,EBAY,0001065088,us-gaap,NetCashProvidedByUsedInOperatingActivities,USD,10-K,2024-02-28,2023-01-01,2023-12-31,2023,FY,2023,,364.0,0001065088-24-000036,2426000000.0,https://www.sec.gov/Archives/edgar/data/1065088/000106508824000036/,2026-08-05T12:11:50+00:00
ebay,EBAY,0001065088,us-gaap,NetCashProvidedByUsedInOperatingActivities,USD,10-K,2025-02-27,2023-01-01,2023-12-31,2023,FY,2024,,364.0,0001065088-25-000037,2426000000.0,https://www.sec.gov/Archives/edgar/data/1065088/000106508825000037/,2026-08-05T12:11:50+00:00
ebay,EBAY,0001065088,us-gaap,NetCashProvidedByUsedInOperatingActivities,USD,10-K,2026-02-19,2023-01-01,2023-12-31,2023,FY,2025,CY2023,364.0,0001065088-26-000027,2426000000.0,https://www.sec.gov/Archives/edgar/data/1065088/000106508826000027/,2026-08-05T12:11:50+00:00
ebay,EBAY,0001065088,us-gaap,NetIncomeLoss,USD,10-K,2024-02-28,2023-01-01,2023-12-31,2023,FY,2023,,364.0,0001065088-24-000036,2767000000.0,https://www.sec.gov/Archives/edgar/data/1065088/000106508824000036/,2026-08-05T12:11:50+00:00
ebay,EBAY,0001065088,us-gaap,NetIncomeLoss,USD,10-K,2025-02-27,2023-01-01,2023-12-31,2023,FY,2024,,364.0,0001065088-25-000037,2767000000.0,https://www.sec.gov/Archives/edgar/data/1065088/000106508825000037/,2026-08-05T12:11:50+00:00
ebay,EBAY,0001065088,us-gaap,NetIncomeLoss,USD,10-K,2026-02-19,2023-01-01,2023-12-31,2023,FY,2025,,364.0,0001065088-26-000027,2767000000.0,https://www.sec.gov/Archives/edgar/data/1065088/000106508826000027/,2026-08-05T12:11:50+00:00
ebay,EBAY,0001065088,us-gaap,OperatingIncomeLoss,USD,10-K,2024-02-28,2023-01-01,2023-12-31,2023,FY,2023,,364.0,0001065088-24-000036,1941000000.0,https://www.sec.gov/Archives/edgar/data/1065088/000106508824000036/,2026-08-05T12:11:50+00:00
ebay,EBAY,0001065088,us-gaap,OperatingIncomeLoss,USD,10-K,2025-02-27,2023-01-01,2023-12-31,2023,FY,2024,,364.0,0001065088-25-000037,1941000000.0,https://www.sec.gov/Archives/edgar/data/1065088/000106508825000037/,2026-08-05T12:11:50+00:00
ebay,EBAY,0001065088,us-gaap,OperatingIncomeLoss,USD,10-K,2026-02-19,2023-01-01,2023-12-31,2023,FY,2025,CY2023,364.0,0001065088-26-000027,1941000000.0,https://www.sec.gov/Archives/edgar/data/1065088/000106508826000027/,2026-08-05T12:11:50+00:00
ebay,EBAY,0001065088,us-gaap,PaymentsToAcquirePropertyPlantAndEquipment,USD,10-K,2024-02-28,2023-01-01,2023-12-31,2023,FY,2023,,364.0,0001065088-24-000036,456000000.0,https://www.sec.gov/Archives/edgar/data/1065088/000106508824000036/,2026-08-05T12:11:50+00:00
ebay,EBAY,0001065088,us-gaap,PaymentsToAcquirePropertyPlantAndEquipment,USD,10-K,2025-02-27,2023-01-01,2023-12-31,2023,FY,2024,,364.0,0001065088-25-000037,456000000.0,https://www.sec.gov/Archives/edgar/data/1065088/000106508825000037/,2026-08-05T12:11:50+00:00
ebay,EBAY,0001065088,us-gaap,PaymentsToAcquirePropertyPlantAndEquipment,USD,10-K,2026-02-19,2023-01-01,2023-12-31,2023,FY,2025,CY2023,364.0,0001065088-26-000027,456000000.0,https://www.sec.gov/Archives/edgar/data/1065088/000106508826000027/,2026-08-05T12:11:50+00:00
ebay,EBAY,0001065088,us-gaap,RevenueFromContractWithCustomerExcludingAssessedTax,USD,10-K,2024-02-28,2023-01-01,2023-12-31,2023,FY,2023,,364.0,0001065088-24-000036,10112000000.0,https://www.sec.gov/Archives/edgar/data/1065088/000106508824000036/,2026-08-05T12:11:50+00:00
ebay,EBAY,0001065088,us-gaap,RevenueFromContractWithCustomerExcludingAssessedTax,USD,10-K,2025-02-27,2023-01-01,2023-12-31,2023,FY,2024,,364.0,0001065088-25-000037,10112000000.0,https://www.sec.gov/Archives/edgar/data/1065088/000106508825000037/,2026-08-05T12:11:50+00:00
ebay,EBAY,0001065088,us-gaap,RevenueFromContractWithCustomerExcludingAssessedTax,USD,10-K,2026-02-19,2023-01-01,2023-12-31,2023,FY,2025,CY2023,364.0,0001065088-26-000027,10112000000.0,https://www.sec.gov/Archives/edgar/data/1065088/000106508826000027/,2026-08-05T12:11:50+00:00
ebay,EBAY,0001065088,us-gaap,StockholdersEquity,USD,10-K,2024-02-28,,2023-12-31,2023,FY,2023,,,0001065088-24-000036,6396000000.0,https://www.sec.gov/Archives/edgar/data/1065088/000106508824000036/,2026-08-05T12:11:50+00:00
ebay,EBAY,0001065088,us-gaap,StockholdersEquity,USD,10-K,2025-02-27,,2023-12-31,2023,FY,2024,,,0001065088-25-000037,6396000000.0,https://www.sec.gov/Archives/edgar/data/1065088/000106508825000037/,2026-08-05T12:11:50+00:00
ebay,EBAY,0001065088,us-gaap,StockholdersEquity,USD,10-K,2026-02-19,,2023-12-31,2023,FY,2025,CY2023Q4I,,0001065088-26-000027,6396000000.0,https://www.sec.gov/Archives/edgar/data/1065088/000106508826000027/,2026-08-05T12:11:50+00:00
etsy,ETSY,0001370637,us-gaap,Assets,USD,10-K,2022-02-25,,2021-12-31,2021,FY,2021,,,0001370637-22-000024,3831809000.0,https://www.sec.gov/Archives/edgar/data/1370637/000137063722000024/,2026-08-05T12:11:50+00:00
etsy,ETSY,0001370637,us-gaap,Assets,USD,10-K,2023-02-23,,2021-12-31,2021,FY,2022,CY2021Q4I,,0001370637-23-000017,3831809000.0,https://www.sec.gov/Archives/edgar/data/1370637/000137063723000017/,2026-08-05T12:11:50+00:00
etsy,ETSY,0001370637,us-gaap,AssetsCurrent,USD,10-K,2022-02-25,,2021-12-31,2021,FY,2021,,,0001370637-22-000024,1341501000.0,https://www.sec.gov/Archives/edgar/data/1370637/000137063722000024/,2026-08-05T12:11:50+00:00
etsy,ETSY,0001370637,us-gaap,AssetsCurrent,USD,10-K,2023-02-23,,2021-12-31,2021,FY,2022,CY2021Q4I,,0001370637-23-000017,1341501000.0,https://www.sec.gov/Archives/edgar/data/1370637/000137063723000017/,2026-08-05T12:11:50+00:00
etsy,ETSY,0001370637,us-gaap,CashAndCashEquivalentsAtCarryingValue,USD,10-K,2022-02-25,,2021-12-31,2021,FY,2021,,,0001370637-22-000024,780196000.0,https://www.sec.gov/Archives/edgar/data/1370637/000137063722000024/,2026-08-05T12:11:50+00:00
etsy,ETSY,0001370637,us-gaap,CashAndCashEquivalentsAtCarryingValue,USD,10-K,2023-02-23,,2021-12-31,2021,FY,2022,,,0001370637-23-000017,780196000.0,https://www.sec.gov/Archives/edgar/data/1370637/000137063723000017/,2026-08-05T12:11:50+00:00
etsy,ETSY,0001370637,us-gaap,CashAndCashEquivalentsAtCarryingValue,USD,10-K,2024-02-22,,2021-12-31,2021,FY,2023,CY2021Q4I,,0001370637-24-000013,780196000.0,https://www.sec.gov/Archives/edgar/data/1370637/000137063724000013/,2026-08-05T12:11:50+00:00
etsy,ETSY,0001370637,us-gaap,GrossProfit,USD,10-K,2022-02-25,2021-01-01,2021-12-31,2021,FY,2021,,364.0,0001370637-22-000024,1674602000.0,https://www.sec.gov/Archives/edgar/data/1370637/000137063722000024/,2026-08-05T12:11:50+00:00
etsy,ETSY,0001370637,us-gaap,GrossProfit,USD,10-K,2023-02-23,2021-01-01,2021-12-31,2021,FY,2022,,364.0,0001370637-23-000017,1674602000.0,https://www.sec.gov/Archives/edgar/data/1370637/000137063723000017/,2026-08-05T12:11:50+00:00
etsy,ETSY,0001370637,us-gaap,GrossProfit,USD,10-K,2024-02-22,2021-01-01,2021-12-31,2021,FY,2023,CY2021,364.0,0001370637-24-000013,1674602000.0,https://www.sec.gov/Archives/edgar/data/1370637/000137063724000013/,2026-08-05T12:11:50+00:00
etsy,ETSY,0001370637,us-gaap,Liabilities,USD,10-K,2022-02-25,,2021-12-31,2021,FY,2021,,,0001370637-22-000024,3203190000.0,https://www.sec.gov/Archives/edgar/data/1370637/000137063722000024/,2026-08-05T12:11:50+00:00
etsy,ETSY,0001370637,us-gaap,Liabilities,USD,10-K,2023-02-23,,2021-12-31,2021,FY,2022,CY2021Q4I,,0001370637-23-000017,3203190000.0,https://www.sec.gov/Archives/edgar/data/1370637/000137063723000017/,2026-08-05T12:11:50+00:00
etsy,ETSY,0001370637,us-gaap,LiabilitiesCurrent,USD,10-K,2022-02-25,,2021-12-31,2021,FY,2021,,,0001370637-22-000024,615588000.0,https://www.sec.gov/Archives/edgar/data/1370637/000137063722000024/,2026-08-05T12:11:50+00:00
etsy,ETSY,0001370637,us-gaap,LiabilitiesCurrent,USD,10-K,2023-02-23,,2021-12-31,2021,FY,2022,CY2021Q4I,,0001370637-23-000017,615588000.0,https://www.sec.gov/Archives/edgar/data/1370637/000137063723000017/,2026-08-05T12:11:50+00:00
etsy,ETSY,0001370637,us-gaap,NetCashProvidedByUsedInOperatingActivities,USD,10-K,2022-02-25,2021-01-01,2021-12-31,2021,FY,2021,,364.0,0001370637-22-000024,651551000.0,https://www.sec.gov/Archives/edgar/data/1370637/000137063722000024/,2026-08-05T12:11:50+00:00
etsy,ETSY,0001370637,us-gaap,NetCashProvidedByUsedInOperatingActivities,USD,10-K,2023-02-23,2021-01-01,2021-12-31,2021,FY,2022,,364.0,0001370637-23-000017,651551000.0,https://www.sec.gov/Archives/edgar/data/1370637/000137063723000017/,2026-08-05T12:11:50+00:00
etsy,ETSY,0001370637,us-gaap,NetCashProvidedByUsedInOperatingActivities,USD,10-K,2024-02-22,2021-01-01,2021-12-31,2021,FY,2023,CY2021,364.0,0001370637-24-000013,651551000.0,https://www.sec.gov/Archives/edgar/data/1370637/000137063724000013/,2026-08-05T12:11:50+00:00
etsy,ETSY,0001370637,us-gaap,NetIncomeLoss,USD,10-K,2022-02-25,2021-01-01,2021-12-31,2021,FY,2021,,364.0,0001370637-22-000024,493507000.0,https://www.sec.gov/Archives/edgar/data/1370637/000137063722000024/,2026-08-05T12:11:50+00:00
etsy,ETSY,0001370637,us-gaap,NetIncomeLoss,USD,10-K,2023-02-23,2021-01-01,2021-12-31,2021,FY,2022,,364.0,0001370637-23-000017,493507000.0,https://www.sec.gov/Archives/edgar/data/1370637/000137063723000017/,2026-08-05T12:11:50+00:00
etsy,ETSY,0001370637,us-gaap,NetIncomeLoss,USD,10-K,2024-02-22,2021-01-01,2021-12-31,2021,FY,2023,,364.0,0001370637-24-000013,493507000.0,https://www.sec.gov/Archives/edgar/data/1370637/000137063724000013/,2026-08-05T12:11:50+00:00
etsy,ETSY,0001370637,us-gaap,OperatingIncomeLoss,USD,10-K,2022-02-25,2021-01-01,2021-12-31,2021,FY,2021,,364.0,0001370637-22-000024,465732000.0,https://www.sec.gov/Archives/edgar/data/1370637/000137063722000024/,2026-08-05T12:11:50+00:00
etsy,ETSY,0001370637,us-gaap,OperatingIncomeLoss,USD,10-K,2023-02-23,2021-01-01,2021-12-31,2021,FY,2022,,364.0,0001370637-23-000017,465732000.0,https://www.sec.gov/Archives/edgar/data/1370637/000137063723000017/,2026-08-05T12:11:50+00:00
etsy,ETSY,0001370637,us-gaap,OperatingIncomeLoss,USD,10-K,2024-02-22,2021-01-01,2021-12-31,2021,FY,2023,CY2021,364.0,0001370637-24-000013,465732000.0,https://www.sec.gov/Archives/edgar/data/1370637/000137063724000013/,2026-08-05T12:11:50+00:00
etsy,ETSY,0001370637,us-gaap,PaymentsToAcquirePropertyPlantAndEquipment,USD,10-K,2022-02-25,2021-01-01,2021-12-31,2021,FY,2021,,364.0,0001370637-22-000024,11248000.0,https://www.sec.gov/Archives/edgar/data/1370637/000137063722000024/,2026-08-05T12:11:50+00:00
etsy,ETSY,0001370637,us-gaap,PaymentsToAcquirePropertyPlantAndEquipment,USD,10-K,2023-02-23,2021-01-01,2021-12-31,2021,FY,2022,,364.0,0001370637-23-000017,11248000.0,https://www.sec.gov/Archives/edgar/data/1370637/000137063723000017/,2026-08-05T12:11:50+00:00
etsy,ETSY,0001370637,us-gaap,PaymentsToAcquirePropertyPlantAndEquipment,USD,10-K,2024-02-22,2021-01-01,2021-12-31,2021,FY,2023,CY2021,364.0,0001370637-24-000013,11248000.0,https://www.sec.gov/Archives/edgar/data/1370637/000137063724000013/,2026-08-05T12:11:50+00:00
etsy,ETSY,0001370637,us-gaap,PaymentsToDevelopSoftware,USD,10-K,2022-02-25,2021-01-01,2021-12-31,2021,FY,2021,,364.0,0001370637-22-000024,16922000.0,https://www.sec.gov/Archives/edgar/data/1370637/000137063722000024/,2026-08-05T12:11:50+00:00
etsy,ETSY,0001370637,us-gaap,PaymentsToDevelopSoftware,USD,10-K,2023-02-23,2021-01-01,2021-12-31,2021,FY,2022,,364.0,0001370637-23-000017,16922000.0,https://www.sec.gov/Archives/edgar/data/1370637/000137063723000017/,2026-08-05T12:11:50+00:00
etsy,ETSY,0001370637,us-gaap,PaymentsToDevelopSoftware,USD,10-K,2024-02-22,2021-01-01,2021-12-31,2021,FY,2023,CY2021,364.0,0001370637-24-000013,16922000.0,https://www.sec.gov/Archives/edgar/data/1370637/000137063724000013/,2026-08-05T12:11:50+00:00
etsy,ETSY,0001370637,us-gaap,RevenueFromContractWithCustomerExcludingAssessedTax,USD,10-K,2022-02-25,2021-01-01,2021-12-31,2021,FY,2021,,364.0,0001370637-22-000024,2329114000.0,https://www.sec.gov/Archives/edgar/data/1370637/000137063722000024/,2026-08-05T12:11:50+00:00
etsy,ETSY,0001370637,us-gaap,RevenueFromContractWithCustomerExcludingAssessedTax,USD,10-K,2023-02-23,2021-01-01,2021-12-31,2021,FY,2022,,364.0,0001370637-23-000017,2329114000.0,https://www.sec.gov/Archives/edgar/data/1370637/000137063723000017/,2026-08-05T12:11:50+00:00
etsy,ETSY,0001370637,us-gaap,RevenueFromContractWithCustomerExcludingAssessedTax,USD,10-K,2024-02-22,2021-01-01,2021-12-31,2021,FY,2023,CY2021,364.0,0001370637-24-000013,2329114000.0,https://www.sec.gov/Archives/edgar/data/1370637/000137063724000013/,2026-08-05T12:11:50+00:00
etsy,ETSY,0001370637,us-gaap,StockholdersEquity,USD,10-K,2022-02-25,,2021-12-31,2021,FY,2021,,,0001370637-22-000024,628619000.0,https://www.sec.gov/Archives/edgar/data/1370637/000137063722000024/,2026-08-05T12:11:50+00:00
etsy,ETSY,0001370637,us-gaap,StockholdersEquity,USD,10-K,2023-02-23,,2021-12-31,2021,FY,2022,,,0001370637-23-000017,628619000.0,https://www.sec.gov/Archives/edgar/data/1370637/000137063723000017/,2026-08-05T12:11:50+00:00
etsy,ETSY,0001370637,us-gaap,StockholdersEquity,USD,10-K,2024-02-22,,2021-12-31,2021,FY,2023,,,0001370637-24-000013,628619000.0,https://www.sec.gov/Archives/edgar/data/1370637/000137063724000013/,2026-08-05T12:11:50+00:00
etsy,ETSY,0001370637,us-gaap,StockholdersEquity,USD,10-K,2025-02-19,,2021-12-31,2021,FY,2024,CY2021Q4I,,0001370637-25-000017,628619000.0,https://www.sec.gov/Archives/edgar/data/1370637/000137063725000017/,2026-08-05T12:11:50+00:00
etsy,ETSY,0001370637,us-gaap,Assets,USD,10-K,2023-02-23,,2022-12-31,2022,FY,2022,,,0001370637-23-000017,2634961000.0,https://www.sec.gov/Archives/edgar/data/1370637/000137063723000017/,2026-08-05T12:11:50+00:00
etsy,ETSY,0001370637,us-gaap,Assets,USD,10-K,2024-02-22,,2022-12-31,2022,FY,2023,CY2022Q4I,,0001370637-24-000013,2634961000.0,https://www.sec.gov/Archives/edgar/data/1370637/000137063724000013/,2026-08-05T12:11:50+00:00
etsy,ETSY,0001370637,us-gaap,AssetsCurrent,USD,10-K,2023-02-23,,2022-12-31,2022,FY,2022,,,0001370637-23-000017,1513743000.0,https://www.sec.gov/Archives/edgar/data/1370637/000137063723000017/,2026-08-05T12:11:50+00:00
etsy,ETSY,0001370637,us-gaap,AssetsCurrent,USD,10-K,2024-02-22,,2022-12-31,2022,FY,2023,CY2022Q4I,,0001370637-24-000013,1513743000.0,https://www.sec.gov/Archives/edgar/data/1370637/000137063724000013/,2026-08-05T12:11:50+00:00
etsy,ETSY,0001370637,us-gaap,CashAndCashEquivalentsAtCarryingValue,USD,10-K,2023-02-23,,2022-12-31,2022,FY,2022,,,0001370637-23-000017,921278000.0,https://www.sec.gov/Archives/edgar/data/1370637/000137063723000017/,2026-08-05T12:11:50+00:00
etsy,ETSY,0001370637,us-gaap,CashAndCashEquivalentsAtCarryingValue,USD,10-K,2024-02-22,,2022-12-31,2022,FY,2023,,,0001370637-24-000013,921278000.0,https://www.sec.gov/Archives/edgar/data/1370637/000137063724000013/,2026-08-05T12:11:50+00:00
etsy,ETSY,0001370637,us-gaap,GrossProfit,USD,10-K,2023-02-23,2022-01-01,2022-12-31,2022,FY,2022,,364.0,0001370637-23-000017,1821519000.0,https://www.sec.gov/Archives/edgar/data/1370637/000137063723000017/,2026-08-05T12:11:50+00:00
etsy,ETSY,0001370637,us-gaap,GrossProfit,USD,10-K,2024-02-22,2022-01-01,2022-12-31,2022,FY,2023,,364.0,0001370637-24-000013,1821519000.0,https://www.sec.gov/Archives/edgar/data/1370637/000137063724000013/,2026-08-05T12:11:50+00:00
etsy,ETSY,0001370637,us-gaap,GrossProfit,USD,10-K,2025-02-19,2022-01-01,2022-12-31,2022,FY,2024,CY2022,364.0,0001370637-25-000017,1821519000.0,https://www.sec.gov/Archives/edgar/data/1370637/000137063725000017/,2026-08-05T12:11:50+00:00
etsy,ETSY,0001370637,us-gaap,Liabilities,USD,10-K,2023-02-23,,2022-12-31,2022,FY,2022,,,0001370637-23-000017,3182235000.0,https://www.sec.gov/Archives/edgar/data/1370637/000137063723000017/,2026-08-05T12:11:50+00:00
etsy,ETSY,0001370637,us-gaap,Liabilities,USD,10-K,2024-02-22,,2022-12-31,2022,FY,2023,CY2022Q4I,,0001370637-24-000013,3182235000.0,https://www.sec.gov/Archives/edgar/data/1370637/000137063724000013/,2026-08-05T12:11:50+00:00
etsy,ETSY,0001370637,us-gaap,LiabilitiesCurrent,USD,10-K,2023-02-23,,2022-12-31,2022,FY,2022,,,0001370637-23-000017,631755000.0,https://www.sec.gov/Archives/edgar/data/1370637/000137063723000017/,2026-08-05T12:11:50+00:00
etsy,ETSY,0001370637,us-gaap,LiabilitiesCurrent,USD,10-K,2024-02-22,,2022-12-31,2022,FY,2023,CY2022Q4I,,0001370637-24-000013,631755000.0,https://www.sec.gov/Archives/edgar/data/1370637/000137063724000013/,2026-08-05T12:11:50+00:00
etsy,ETSY,0001370637,us-gaap,NetCashProvidedByUsedInOperatingActivities,USD,10-K,2023-02-23,2022-01-01,2022-12-31,2022,FY,2022,,364.0,0001370637-23-000017,683612000.0,https://www.sec.gov/Archives/edgar/data/1370637/000137063723000017/,2026-08-05T12:11:50+00:00
etsy,ETSY,0001370637,us-gaap,NetCashProvidedByUsedInOperatingActivities,USD,10-K,2024-02-22,2022-01-01,2022-12-31,2022,FY,2023,,364.0,0001370637-24-000013,683612000.0,https://www.sec.gov/Archives/edgar/data/1370637/000137063724000013/,2026-08-05T12:11:50+00:00
etsy,ETSY,0001370637,us-gaap,NetCashProvidedByUsedInOperatingActivities,USD,10-K,2025-02-19,2022-01-01,2022-12-31,2022,FY,2024,CY2022,364.0,0001370637-25-000017,683612000.0,https://www.sec.gov/Archives/edgar/data/1370637/000137063725000017/,2026-08-05T12:11:50+00:00
etsy,ETSY,0001370637,us-gaap,NetIncomeLoss,USD,10-K,2023-02-23,2022-01-01,2022-12-31,2022,FY,2022,,364.0,0001370637-23-000017,-694288000.0,https://www.sec.gov/Archives/edgar/data/1370637/000137063723000017/,2026-08-05T12:11:50+00:00
etsy,ETSY,0001370637,us-gaap,NetIncomeLoss,USD,10-K,2024-02-22,2022-01-01,2022-12-31,2022,FY,2023,,364.0,0001370637-24-000013,-694288000.0,https://www.sec.gov/Archives/edgar/data/1370637/000137063724000013/,2026-08-05T12:11:50+00:00
etsy,ETSY,0001370637,us-gaap,NetIncomeLoss,USD,10-K,2025-02-19,2022-01-01,2022-12-31,2022,FY,2024,,364.0,0001370637-25-000017,-694288000.0,https://www.sec.gov/Archives/edgar/data/1370637/000137063725000017/,2026-08-05T12:11:50+00:00
etsy,ETSY,0001370637,us-gaap,OperatingIncomeLoss,USD,10-K,2023-02-23,2022-01-01,2022-12-31,2022,FY,2022,,364.0,0001370637-23-000017,-658560000.0,https://www.sec.gov/Archives/edgar/data/1370637/000137063723000017/,2026-08-05T12:11:50+00:00
etsy,ETSY,0001370637,us-gaap,OperatingIncomeLoss,USD,10-K,2024-02-22,2022-01-01,2022-12-31,2022,FY,2023,,364.0,0001370637-24-000013,-658560000.0,https://www.sec.gov/Archives/edgar/data/1370637/000137063724000013/,2026-08-05T12:11:50+00:00
etsy,ETSY,0001370637,us-gaap,OperatingIncomeLoss,USD,10-K,2025-02-19,2022-01-01,2022-12-31,2022,FY,2024,CY2022,364.0,0001370637-25-000017,-658560000.0,https://www.sec.gov/Archives/edgar/data/1370637/000137063725000017/,2026-08-05T12:11:50+00:00
etsy,ETSY,0001370637,us-gaap,PaymentsToAcquirePropertyPlantAndEquipment,USD,10-K,2023-02-23,2022-01-01,2022-12-31,2022,FY,2022,,364.0,0001370637-23-000017,10237000.0,https://www.sec.gov/Archives/edgar/data/1370637/000137063723000017/,2026-08-05T12:11:50+00:00
etsy,ETSY,0001370637,us-gaap,PaymentsToAcquirePropertyPlantAndEquipment,USD,10-K,2024-02-22,2022-01-01,2022-12-31,2022,FY,2023,,364.0,0001370637-24-000013,10237000.0,https://www.sec.gov/Archives/edgar/data/1370637/000137063724000013/,2026-08-05T12:11:50+00:00
etsy,ETSY,0001370637,us-gaap,PaymentsToAcquirePropertyPlantAndEquipment,USD,10-K,2025-02-19,2022-01-01,2022-12-31,2022,FY,2024,CY2022,364.0,0001370637-25-000017,10237000.0,https://www.sec.gov/Archives/edgar/data/1370637/000137063725000017/,2026-08-05T12:11:50+00:00
etsy,ETSY,0001370637,us-gaap,PaymentsToDevelopSoftware,USD,10-K,2023-02-23,2022-01-01,2022-12-31,2022,FY,2022,,364.0,0001370637-23-000017,20506000.0,https://www.sec.gov/Archives/edgar/data/1370637/000137063723000017/,2026-08-05T12:11:50+00:00
etsy,ETSY,0001370637,us-gaap,PaymentsToDevelopSoftware,USD,10-K,2024-02-22,2022-01-01,2022-12-31,2022,FY,2023,,364.0,0001370637-24-000013,20506000.0,https://www.sec.gov/Archives/edgar/data/1370637/000137063724000013/,2026-08-05T12:11:50+00:00
etsy,ETSY,0001370637,us-gaap,PaymentsToDevelopSoftware,USD,10-K,2025-02-19,2022-01-01,2022-12-31,2022,FY,2024,CY2022,364.0,0001370637-25-000017,20506000.0,https://www.sec.gov/Archives/edgar/data/1370637/000137063725000017/,2026-08-05T12:11:50+00:00
etsy,ETSY,0001370637,us-gaap,RevenueFromContractWithCustomerExcludingAssessedTax,USD,10-K,2023-02-23,2022-01-01,2022-12-31,2022,FY,2022,,364.0,0001370637-23-000017,2566111000.0,https://www.sec.gov/Archives/edgar/data/1370637/000137063723000017/,2026-08-05T12:11:50+00:00
etsy,ETSY,0001370637,us-gaap,RevenueFromContractWithCustomerExcludingAssessedTax,USD,10-K,2024-02-22,2022-01-01,2022-12-31,2022,FY,2023,,364.0,0001370637-24-000013,2566111000.0,https://www.sec.gov/Archives/edgar/data/1370637/000137063724000013/,2026-08-05T12:11:50+00:00
etsy,ETSY,0001370637,us-gaap,RevenueFromContractWithCustomerExcludingAssessedTax,USD,10-K,2025-02-19,2022-01-01,2022-12-31,2022,FY,2024,CY2022,364.0,0001370637-25-000017,2566111000.0,https://www.sec.gov/Archives/edgar/data/1370637/000137063725000017/,2026-08-05T12:11:50+00:00
etsy,ETSY,0001370637,us-gaap,StockholdersEquity,USD,10-K,2023-02-23,,2022-12-31,2022,FY,2022,,,0001370637-23-000017,-547274000.0,https://www.sec.gov/Archives/edgar/data/1370637/000137063723000017/,2026-08-05T12:11:50+00:00
etsy,ETSY,0001370637,us-gaap,StockholdersEquity,USD,10-K,2024-02-22,,2022-12-31,2022,FY,2023,,,0001370637-24-000013,-547274000.0,https://www.sec.gov/Archives/edgar/data/1370637/000137063724000013/,2026-08-05T12:11:50+00:00
etsy,ETSY,0001370637,us-gaap,StockholdersEquity,USD,10-K,2025-02-19,,2022-12-31,2022,FY,2024,,,0001370637-25-000017,-547274000.0,https://www.sec.gov/Archives/edgar/data/1370637/000137063725000017/,2026-08-05T12:11:50+00:00
etsy,ETSY,0001370637,us-gaap,StockholdersEquity,USD,10-K,2026-02-19,,2022-12-31,2022,FY,2025,CY2022Q4I,,0001370637-26-000019,-547274000.0,https://www.sec.gov/Archives/edgar/data/1370637/000137063726000019/,2026-08-05T12:11:50+00:00
etsy,ETSY,0001370637,us-gaap,Assets,USD,10-K,2024-02-22,,2023-12-31,2023,FY,2023,,,0001370637-24-000013,2685400000.0,https://www.sec.gov/Archives/edgar/data/1370637/000137063724000013/,2026-08-05T12:11:50+00:00
etsy,ETSY,0001370637,us-gaap,Assets,USD,10-K,2025-02-19,,2023-12-31,2023,FY,2024,CY2023Q4I,,0001370637-25-000017,2685400000.0,https://www.sec.gov/Archives/edgar/data/1370637/000137063725000017/,2026-08-05T12:11:50+00:00
etsy,ETSY,0001370637,us-gaap,AssetsCurrent,USD,10-K,2024-02-22,,2023-12-31,2023,FY,2023,,,0001370637-24-000013,1570446000.0,https://www.sec.gov/Archives/edgar/data/1370637/000137063724000013/,2026-08-05T12:11:50+00:00
etsy,ETSY,0001370637,us-gaap,AssetsCurrent,USD,10-K,2025-02-19,,2023-12-31,2023,FY,2024,CY2023Q4I,,0001370637-25-000017,1570446000.0,https://www.sec.gov/Archives/edgar/data/1370637/000137063725000017/,2026-08-05T12:11:50+00:00
etsy,ETSY,0001370637,us-gaap,CashAndCashEquivalentsAtCarryingValue,USD,10-K,2024-02-22,,2023-12-31,2023,FY,2023,,,0001370637-24-000013,914323000.0,https://www.sec.gov/Archives/edgar/data/1370637/000137063724000013/,2026-08-05T12:11:50+00:00
etsy,ETSY,0001370637,us-gaap,CashAndCashEquivalentsAtCarryingValue,USD,10-K,2025-02-19,,2023-12-31,2023,FY,2024,,,0001370637-25-000017,914323000.0,https://www.sec.gov/Archives/edgar/data/1370637/000137063725000017/,2026-08-05T12:11:50+00:00
etsy,ETSY,0001370637,us-gaap,CashAndCashEquivalentsAtCarryingValue,USD,10-K,2026-02-19,,2023-12-31,2023,FY,2025,CY2023Q4I,,0001370637-26-000019,914323000.0,https://www.sec.gov/Archives/edgar/data/1370637/000137063726000019/,2026-08-05T12:11:50+00:00
etsy,ETSY,0001370637,us-gaap,GrossProfit,USD,10-K,2024-02-22,2023-01-01,2023-12-31,2023,FY,2023,,364.0,0001370637-24-000013,1919702000.0,https://www.sec.gov/Archives/edgar/data/1370637/000137063724000013/,2026-08-05T12:11:50+00:00
etsy,ETSY,0001370637,us-gaap,GrossProfit,USD,10-K,2025-02-19,2023-01-01,2023-12-31,2023,FY,2024,,364.0,0001370637-25-000017,1919702000.0,https://www.sec.gov/Archives/edgar/data/1370637/000137063725000017/,2026-08-05T12:11:50+00:00
etsy,ETSY,0001370637,us-gaap,GrossProfit,USD,10-K,2026-02-19,2023-01-01,2023-12-31,2023,FY,2025,CY2023,364.0,0001370637-26-000019,1919702000.0,https://www.sec.gov/Archives/edgar/data/1370637/000137063726000019/,2026-08-05T12:11:50+00:00
etsy,ETSY,0001370637,us-gaap,Liabilities,USD,10-K,2024-02-22,,2023-12-31,2023,FY,2023,,,0001370637-24-000013,3229115000.0,https://www.sec.gov/Archives/edgar/data/1370637/000137063724000013/,2026-08-05T12:11:50+00:00
etsy,ETSY,0001370637,us-gaap,Liabilities,USD,10-K,2025-02-19,,2023-12-31,2023,FY,2024,CY2023Q4I,,0001370637-25-000017,3229115000.0,https://www.sec.gov/Archives/edgar/data/1370637/000137063725000017/,2026-08-05T12:11:50+00:00
etsy,ETSY,0001370637,us-gaap,LiabilitiesCurrent,USD,10-K,2024-02-22,,2023-12-31,2023,FY,2023,,,0001370637-24-000013,710781000.0,https://www.sec.gov/Archives/edgar/data/1370637/000137063724000013/,2026-08-05T12:11:50+00:00
etsy,ETSY,0001370637,us-gaap,LiabilitiesCurrent,USD,10-K,2025-02-19,,2023-12-31,2023,FY,2024,CY2023Q4I,,0001370637-25-000017,710781000.0,https://www.sec.gov/Archives/edgar/data/1370637/000137063725000017/,2026-08-05T12:11:50+00:00
etsy,ETSY,0001370637,us-gaap,NetCashProvidedByUsedInOperatingActivities,USD,10-K,2024-02-22,2023-01-01,2023-12-31,2023,FY,2023,,364.0,0001370637-24-000013,705513000.0,https://www.sec.gov/Archives/edgar/data/1370637/000137063724000013/,2026-08-05T12:11:50+00:00
etsy,ETSY,0001370637,us-gaap,NetCashProvidedByUsedInOperatingActivities,USD,10-K,2025-02-19,2023-01-01,2023-12-31,2023,FY,2024,,364.0,0001370637-25-000017,705513000.0,https://www.sec.gov/Archives/edgar/data/1370637/000137063725000017/,2026-08-05T12:11:50+00:00
etsy,ETSY,0001370637,us-gaap,NetCashProvidedByUsedInOperatingActivities,USD,10-K,2026-02-19,2023-01-01,2023-12-31,2023,FY,2025,CY2023,364.0,0001370637-26-000019,705513000.0,https://www.sec.gov/Archives/edgar/data/1370637/000137063726000019/,2026-08-05T12:11:50+00:00
etsy,ETSY,0001370637,us-gaap,NetIncomeLoss,USD,10-K,2024-02-22,2023-01-01,2023-12-31,2023,FY,2023,,364.0,0001370637-24-000013,307568000.0,https://www.sec.gov/Archives/edgar/data/1370637/000137063724000013/,2026-08-05T12:11:50+00:00
etsy,ETSY,0001370637,us-gaap,NetIncomeLoss,USD,10-K,2025-02-19,2023-01-01,2023-12-31,2023,FY,2024,,364.0,0001370637-25-000017,307568000.0,https://www.sec.gov/Archives/edgar/data/1370637/000137063725000017/,2026-08-05T12:11:50+00:00
etsy,ETSY,0001370637,us-gaap,NetIncomeLoss,USD,10-K,2026-02-19,2023-01-01,2023-12-31,2023,FY,2025,,364.0,0001370637-26-000019,307568000.0,https://www.sec.gov/Archives/edgar/data/1370637/000137063726000019/,2026-08-05T12:11:50+00:00
etsy,ETSY,0001370637,us-gaap,OperatingIncomeLoss,USD,10-K,2024-02-22,2023-01-01,2023-12-31,2023,FY,2023,,364.0,0001370637-24-000013,279841000.0,https://www.sec.gov/Archives/edgar/data/1370637/000137063724000013/,2026-08-05T12:11:50+00:00
etsy,ETSY,0001370637,us-gaap,OperatingIncomeLoss,USD,10-K,2025-02-19,2023-01-01,2023-12-31,2023,FY,2024,,364.0,0001370637-25-000017,279841000.0,https://www.sec.gov/Archives/edgar/data/1370637/000137063725000017/,2026-08-05T12:11:50+00:00
etsy,ETSY,0001370637,us-gaap,OperatingIncomeLoss,USD,10-K,2026-02-19,2023-01-01,2023-12-31,2023,FY,2025,CY2023,364.0,0001370637-26-000019,279841000.0,https://www.sec.gov/Archives/edgar/data/1370637/000137063726000019/,2026-08-05T12:11:50+00:00
etsy,ETSY,0001370637,us-gaap,PaymentsToAcquirePropertyPlantAndEquipment,USD,10-K,2024-02-22,2023-01-01,2023-12-31,2023,FY,2023,,364.0,0001370637-24-000013,12938000.0,https://www.sec.gov/Archives/edgar/data/1370637/000137063724000013/,2026-08-05T12:11:50+00:00
etsy,ETSY,0001370637,us-gaap,PaymentsToAcquirePropertyPlantAndEquipment,USD,10-K,2025-02-19,2023-01-01,2023-12-31,2023,FY,2024,,364.0,0001370637-25-000017,12938000.0,https://www.sec.gov/Archives/edgar/data/1370637/000137063725000017/,2026-08-05T12:11:50+00:00
etsy,ETSY,0001370637,us-gaap,PaymentsToAcquirePropertyPlantAndEquipment,USD,10-K,2026-02-19,2023-01-01,2023-12-31,2023,FY,2025,CY2023,364.0,0001370637-26-000019,12950000.0,https://www.sec.gov/Archives/edgar/data/1370637/000137063726000019/,2026-08-05T12:11:50+00:00
etsy,ETSY,0001370637,us-gaap,PaymentsToDevelopSoftware,USD,10-K,2024-02-22,2023-01-01,2023-12-31,2023,FY,2023,,364.0,0001370637-24-000013,26958000.0,https://www.sec.gov/Archives/edgar/data/1370637/000137063724000013/,2026-08-05T12:11:50+00:00
etsy,ETSY,0001370637,us-gaap,PaymentsToDevelopSoftware,USD,10-K,2025-02-19,2023-01-01,2023-12-31,2023,FY,2024,,364.0,0001370637-25-000017,26958000.0,https://www.sec.gov/Archives/edgar/data/1370637/000137063725000017/,2026-08-05T12:11:50+00:00
etsy,ETSY,0001370637,us-gaap,PaymentsToDevelopSoftware,USD,10-K,2026-02-19,2023-01-01,2023-12-31,2023,FY,2025,CY2023,364.0,0001370637-26-000019,26958000.0,https://www.sec.gov/Archives/edgar/data/1370637/000137063726000019/,2026-08-05T12:11:50+00:00
etsy,ETSY,0001370637,us-gaap,RevenueFromContractWithCustomerExcludingAssessedTax,USD,10-K,2024-02-22,2023-01-01,2023-12-31,2023,FY,2023,,364.0,0001370637-24-000013,2748377000.0,https://www.sec.gov/Archives/edgar/data/1370637/000137063724000013/,2026-08-05T12:11:50+00:00
etsy,ETSY,0001370637,us-gaap,RevenueFromContractWithCustomerExcludingAssessedTax,USD,10-K,2025-02-19,2023-01-01,2023-12-31,2023,FY,2024,,364.0,0001370637-25-000017,2748377000.0,https://www.sec.gov/Archives/edgar/data/1370637/000137063725000017/,2026-08-05T12:11:50+00:00
etsy,ETSY,0001370637,us-gaap,RevenueFromContractWithCustomerExcludingAssessedTax,USD,10-K,2026-02-19,2023-01-01,2023-12-31,2023,FY,2025,CY2023,364.0,0001370637-26-000019,2748377000.0,https://www.sec.gov/Archives/edgar/data/1370637/000137063726000019/,2026-08-05T12:11:50+00:00
etsy,ETSY,0001370637,us-gaap,StockholdersEquity,USD,10-K,2024-02-22,,2023-12-31,2023,FY,2023,,,0001370637-24-000013,-543715000.0,https://www.sec.gov/Archives/edgar/data/1370637/000137063724000013/,2026-08-05T12:11:50+00:00
etsy,ETSY,0001370637,us-gaap,StockholdersEquity,USD,10-K,2025-02-19,,2023-12-31,2023,FY,2024,,,0001370637-25-000017,-543715000.0,https://www.sec.gov/Archives/edgar/data/1370637/000137063725000017/,2026-08-05T12:11:50+00:00
etsy,ETSY,0001370637,us-gaap,StockholdersEquity,USD,10-K,2026-02-19,,2023-12-31,2023,FY,2025,CY2023Q4I,,0001370637-26-000019,-543715000.0,https://www.sec.gov/Archives/edgar/data/1370637/000137063726000019/,2026-08-05T12:11:50+00:00
