company_id,ticker,accession_number,form,filing_date,period_start,period_end,fiscal_year,fiscal_period,duration_days,canonical_field,taxonomy,source_tag,value_raw,value_standardized,unit,flow_or_stock,source_priority,source_url,loaded_at,cik,source_unit,reported_fiscal_year,frame
amzn,AMZN,0001018724-22-000005,10-K,2022-02-04,2021-01-01,2021-12-31,2021,FY,364.0,capital_expenditure,us-gaap,PaymentsToAcquireProductiveAssets,61053000000.0,61053.0,USD_millions,flow,2,https://www.sec.gov/Archives/edgar/data/1018724/000101872422000005/,2026-08-05T12:11:50+00:00,0001018724,USD,2021,
amzn,AMZN,0001018724-23-000004,10-K,2023-02-03,2021-01-01,2021-12-31,2021,FY,364.0,capital_expenditure,us-gaap,PaymentsToAcquireProductiveAssets,61053000000.0,61053.0,USD_millions,flow,2,https://www.sec.gov/Archives/edgar/data/1018724/000101872423000004/,2026-08-05T12:11:50+00:00,0001018724,USD,2022,
amzn,AMZN,0001018724-24-000008,10-K,2024-02-02,2021-01-01,2021-12-31,2021,FY,364.0,capital_expenditure,us-gaap,PaymentsToAcquireProductiveAssets,61053000000.0,61053.0,USD_millions,flow,2,https://www.sec.gov/Archives/edgar/data/1018724/000101872424000008/,2026-08-05T12:11:50+00:00,0001018724,USD,2023,CY2021
amzn,AMZN,0001018724-22-000005,10-K,2022-02-04,,2021-12-31,2021,FY,,cash_and_equivalents,us-gaap,CashAndCashEquivalentsAtCarryingValue,36220000000.0,36220.0,USD_millions,stock,1,https://www.sec.gov/Archives/edgar/data/1018724/000101872422000005/,2026-08-05T12:11:50+00:00,0001018724,USD,2021,
amzn,AMZN,0001018724-23-000004,10-K,2023-02-03,,2021-12-31,2021,FY,,cash_and_equivalents,us-gaap,CashAndCashEquivalentsAtCarryingValue,36220000000.0,36220.0,USD_millions,stock,1,https://www.sec.gov/Archives/edgar/data/1018724/000101872423000004/,2026-08-05T12:11:50+00:00,0001018724,USD,2022,CY2021Q4I
amzn,AMZN,0001018724-22-000005,10-K,2022-02-04,,2021-12-31,2021,FY,,current_assets,us-gaap,AssetsCurrent,161580000000.0,161580.0,USD_millions,stock,1,https://www.sec.gov/Archives/edgar/data/1018724/000101872422000005/,2026-08-05T12:11:50+00:00,0001018724,USD,2021,
amzn,AMZN,0001018724-23-000004,10-K,2023-02-03,,2021-12-31,2021,FY,,current_assets,us-gaap,AssetsCurrent,161580000000.0,161580.0,USD_millions,stock,1,https://www.sec.gov/Archives/edgar/data/1018724/000101872423000004/,2026-08-05T12:11:50+00:00,0001018724,USD,2022,CY2021Q4I
amzn,AMZN,0001018724-22-000005,10-K,2022-02-04,,2021-12-31,2021,FY,,current_liabilities,us-gaap,LiabilitiesCurrent,142266000000.0,142266.0,USD_millions,stock,1,https://www.sec.gov/Archives/edgar/data/1018724/000101872422000005/,2026-08-05T12:11:50+00:00,0001018724,USD,2021,
amzn,AMZN,0001018724-23-000004,10-K,2023-02-03,,2021-12-31,2021,FY,,current_liabilities,us-gaap,LiabilitiesCurrent,142266000000.0,142266.0,USD_millions,stock,1,https://www.sec.gov/Archives/edgar/data/1018724/000101872423000004/,2026-08-05T12:11:50+00:00,0001018724,USD,2022,CY2021Q4I
amzn,AMZN,0001018724-22-000005,10-K,2022-02-04,,2021-12-31,2021,FY,,inventory,us-gaap,InventoryNet,32640000000.0,32640.0,USD_millions,stock,1,https://www.sec.gov/Archives/edgar/data/1018724/000101872422000005/,2026-08-05T12:11:50+00:00,0001018724,USD,2021,
amzn,AMZN,0001018724-23-000004,10-K,2023-02-03,,2021-12-31,2021,FY,,inventory,us-gaap,InventoryNet,32640000000.0,32640.0,USD_millions,stock,1,https://www.sec.gov/Archives/edgar/data/1018724/000101872423000004/,2026-08-05T12:11:50+00:00,0001018724,USD,2022,CY2021Q4I
amzn,AMZN,0001018724-22-000005,10-K,2022-02-04,2021-01-01,2021-12-31,2021,FY,364.0,net_income,us-gaap,NetIncomeLoss,33364000000.0,33364.0,USD_millions,flow,1,https://www.sec.gov/Archives/edgar/data/1018724/000101872422000005/,2026-08-05T12:11:50+00:00,0001018724,USD,2021,
amzn,AMZN,0001018724-23-000004,10-K,2023-02-03,2021-01-01,2021-12-31,2021,FY,364.0,net_income,us-gaap,NetIncomeLoss,33364000000.0,33364.0,USD_millions,flow,1,https://www.sec.gov/Archives/edgar/data/1018724/000101872423000004/,2026-08-05T12:11:50+00:00,0001018724,USD,2022,
amzn,AMZN,0001018724-24-000008,10-K,2024-02-02,2021-01-01,2021-12-31,2021,FY,364.0,net_income,us-gaap,NetIncomeLoss,33364000000.0,33364.0,USD_millions,flow,1,https://www.sec.gov/Archives/edgar/data/1018724/000101872424000008/,2026-08-05T12:11:50+00:00,0001018724,USD,2023,
amzn,AMZN,0001018724-22-000005,10-K,2022-02-04,2021-01-01,2021-12-31,2021,FY,364.0,operating_cash_flow,us-gaap,NetCashProvidedByUsedInOperatingActivities,46327000000.0,46327.0,USD_millions,flow,1,https://www.sec.gov/Archives/edgar/data/1018724/000101872422000005/,2026-08-05T12:11:50+00:00,0001018724,USD,2021,
amzn,AMZN,0001018724-23-000004,10-K,2023-02-03,2021-01-01,2021-12-31,2021,FY,364.0,operating_cash_flow,us-gaap,NetCashProvidedByUsedInOperatingActivities,46327000000.0,46327.0,USD_millions,flow,1,https://www.sec.gov/Archives/edgar/data/1018724/000101872423000004/,2026-08-05T12:11:50+00:00,0001018724,USD,2022,
amzn,AMZN,0001018724-24-000008,10-K,2024-02-02,2021-01-01,2021-12-31,2021,FY,364.0,operating_cash_flow,us-gaap,NetCashProvidedByUsedInOperatingActivities,46327000000.0,46327.0,USD_millions,flow,1,https://www.sec.gov/Archives/edgar/data/1018724/000101872424000008/,2026-08-05T12:11:50+00:00,0001018724,USD,2023,CY2021
amzn,AMZN,0001018724-22-000005,10-K,2022-02-04,2021-01-01,2021-12-31,2021,FY,364.0,operating_income,us-gaap,OperatingIncomeLoss,24879000000.0,24879.0,USD_millions,flow,1,https://www.sec.gov/Archives/edgar/data/1018724/000101872422000005/,2026-08-05T12:11:50+00:00,0001018724,USD,2021,
amzn,AMZN,0001018724-23-000004,10-K,2023-02-03,2021-01-01,2021-12-31,2021,FY,364.0,operating_income,us-gaap,OperatingIncomeLoss,24879000000.0,24879.0,USD_millions,flow,1,https://www.sec.gov/Archives/edgar/data/1018724/000101872423000004/,2026-08-05T12:11:50+00:00,0001018724,USD,2022,
amzn,AMZN,0001018724-24-000008,10-K,2024-02-02,2021-01-01,2021-12-31,2021,FY,364.0,operating_income,us-gaap,OperatingIncomeLoss,24879000000.0,24879.0,USD_millions,flow,1,https://www.sec.gov/Archives/edgar/data/1018724/000101872424000008/,2026-08-05T12:11:50+00:00,0001018724,USD,2023,CY2021
amzn,AMZN,0001018724-22-000005,10-K,2022-02-04,2021-01-01,2021-12-31,2021,FY,364.0,revenue,us-gaap,RevenueFromContractWithCustomerExcludingAssessedTax,469822000000.0,469822.0,USD_millions,flow,1,https://www.sec.gov/Archives/edgar/data/1018724/000101872422000005/,2026-08-05T12:11:50+00:00,0001018724,USD,2021,
amzn,AMZN,0001018724-23-000004,10-K,2023-02-03,2021-01-01,2021-12-31,2021,FY,364.0,revenue,us-gaap,RevenueFromContractWithCustomerExcludingAssessedTax,469822000000.0,469822.0,USD_millions,flow,1,https://www.sec.gov/Archives/edgar/data/1018724/000101872423000004/,2026-08-05T12:11:50+00:00,0001018724,USD,2022,
amzn,AMZN,0001018724-24-000008,10-K,2024-02-02,2021-01-01,2021-12-31,2021,FY,364.0,revenue,us-gaap,RevenueFromContractWithCustomerExcludingAssessedTax,469822000000.0,469822.0,USD_millions,flow,1,https://www.sec.gov/Archives/edgar/data/1018724/000101872424000008/,2026-08-05T12:11:50+00:00,0001018724,USD,2023,CY2021
amzn,AMZN,0001018724-22-000005,10-K,2022-02-04,,2021-12-31,2021,FY,,total_assets,us-gaap,Assets,420549000000.0,420549.0,USD_millions,stock,1,https://www.sec.gov/Archives/edgar/data/1018724/000101872422000005/,2026-08-05T12:11:50+00:00,0001018724,USD,2021,
amzn,AMZN,0001018724-23-000004,10-K,2023-02-03,,2021-12-31,2021,FY,,total_assets,us-gaap,Assets,420549000000.0,420549.0,USD_millions,stock,1,https://www.sec.gov/Archives/edgar/data/1018724/000101872423000004/,2026-08-05T12:11:50+00:00,0001018724,USD,2022,
amzn,AMZN,0001018724-24-000008,10-K,2024-02-02,,2021-12-31,2021,FY,,total_assets,us-gaap,Assets,420549000000.0,420549.0,USD_millions,stock,1,https://www.sec.gov/Archives/edgar/data/1018724/000101872424000008/,2026-08-05T12:11:50+00:00,0001018724,USD,2023,CY2021Q4I
amzn,AMZN,0001018724-22-000005,10-K,2022-02-04,,2021-12-31,2021,FY,,total_equity,us-gaap,StockholdersEquity,138245000000.0,138245.0,USD_millions,stock,1,https://www.sec.gov/Archives/edgar/data/1018724/000101872422000005/,2026-08-05T12:11:50+00:00,0001018724,USD,2021,
amzn,AMZN,0001018724-23-000004,10-K,2023-02-03,,2021-12-31,2021,FY,,total_equity,us-gaap,StockholdersEquity,138245000000.0,138245.0,USD_millions,stock,1,https://www.sec.gov/Archives/edgar/data/1018724/000101872423000004/,2026-08-05T12:11:50+00:00,0001018724,USD,2022,
amzn,AMZN,0001018724-24-000008,10-K,2024-02-02,,2021-12-31,2021,FY,,total_equity,us-gaap,StockholdersEquity,138245000000.0,138245.0,USD_millions,stock,1,https://www.sec.gov/Archives/edgar/data/1018724/000101872424000008/,2026-08-05T12:11:50+00:00,0001018724,USD,2023,
amzn,AMZN,0001018724-25-000004,10-K,2025-02-07,,2021-12-31,2021,FY,,total_equity,us-gaap,StockholdersEquity,138245000000.0,138245.0,USD_millions,stock,1,https://www.sec.gov/Archives/edgar/data/1018724/000101872425000004/,2026-08-05T12:11:50+00:00,0001018724,USD,2024,CY2021Q4I
amzn,AMZN,0001018724-22-000005,10-K,2022-02-04,,2021-12-31,2021,FY,,total_liabilities,project,derived:Assets-StockholdersEquity,282304000000.0,282304.0,USD_millions,stock,99,https://www.sec.gov/Archives/edgar/data/1018724/000101872422000005/,2026-08-05T12:11:50+00:00,0001018724,USD,2021,
amzn,AMZN,0001018724-23-000004,10-K,2023-02-03,,2021-12-31,2021,FY,,total_liabilities,project,derived:Assets-StockholdersEquity,282304000000.0,282304.0,USD_millions,stock,99,https://www.sec.gov/Archives/edgar/data/1018724/000101872423000004/,2026-08-05T12:11:50+00:00,0001018724,USD,2022,
amzn,AMZN,0001018724-24-000008,10-K,2024-02-02,,2021-12-31,2021,FY,,total_liabilities,project,derived:Assets-StockholdersEquity,282304000000.0,282304.0,USD_millions,stock,99,https://www.sec.gov/Archives/edgar/data/1018724/000101872424000008/,2026-08-05T12:11:50+00:00,0001018724,USD,2023,CY2021Q4I
amzn,AMZN,0001018724-23-000004,10-K,2023-02-03,2022-01-01,2022-12-31,2022,FY,364.0,capital_expenditure,us-gaap,PaymentsToAcquireProductiveAssets,63645000000.0,63645.0,USD_millions,flow,2,https://www.sec.gov/Archives/edgar/data/1018724/000101872423000004/,2026-08-05T12:11:50+00:00,0001018724,USD,2022,
amzn,AMZN,0001018724-24-000008,10-K,2024-02-02,2022-01-01,2022-12-31,2022,FY,364.0,capital_expenditure,us-gaap,PaymentsToAcquireProductiveAssets,63645000000.0,63645.0,USD_millions,flow,2,https://www.sec.gov/Archives/edgar/data/1018724/000101872424000008/,2026-08-05T12:11:50+00:00,0001018724,USD,2023,
amzn,AMZN,0001018724-25-000004,10-K,2025-02-07,2022-01-01,2022-12-31,2022,FY,364.0,capital_expenditure,us-gaap,PaymentsToAcquireProductiveAssets,63645000000.0,63645.0,USD_millions,flow,2,https://www.sec.gov/Archives/edgar/data/1018724/000101872425000004/,2026-08-05T12:11:50+00:00,0001018724,USD,2024,CY2022
amzn,AMZN,0001018724-23-000004,10-K,2023-02-03,,2022-12-31,2022,FY,,cash_and_equivalents,us-gaap,CashAndCashEquivalentsAtCarryingValue,53888000000.0,53888.0,USD_millions,stock,1,https://www.sec.gov/Archives/edgar/data/1018724/000101872423000004/,2026-08-05T12:11:50+00:00,0001018724,USD,2022,
amzn,AMZN,0001018724-24-000008,10-K,2024-02-02,,2022-12-31,2022,FY,,cash_and_equivalents,us-gaap,CashAndCashEquivalentsAtCarryingValue,53888000000.0,53888.0,USD_millions,stock,1,https://www.sec.gov/Archives/edgar/data/1018724/000101872424000008/,2026-08-05T12:11:50+00:00,0001018724,USD,2023,CY2022Q4I
amzn,AMZN,0001018724-23-000004,10-K,2023-02-03,,2022-12-31,2022,FY,,current_assets,us-gaap,AssetsCurrent,146791000000.0,146791.0,USD_millions,stock,1,https://www.sec.gov/Archives/edgar/data/1018724/000101872423000004/,2026-08-05T12:11:50+00:00,0001018724,USD,2022,
amzn,AMZN,0001018724-24-000008,10-K,2024-02-02,,2022-12-31,2022,FY,,current_assets,us-gaap,AssetsCurrent,146791000000.0,146791.0,USD_millions,stock,1,https://www.sec.gov/Archives/edgar/data/1018724/000101872424000008/,2026-08-05T12:11:50+00:00,0001018724,USD,2023,CY2022Q4I
amzn,AMZN,0001018724-23-000004,10-K,2023-02-03,,2022-12-31,2022,FY,,current_liabilities,us-gaap,LiabilitiesCurrent,155393000000.0,155393.0,USD_millions,stock,1,https://www.sec.gov/Archives/edgar/data/1018724/000101872423000004/,2026-08-05T12:11:50+00:00,0001018724,USD,2022,
amzn,AMZN,0001018724-24-000008,10-K,2024-02-02,,2022-12-31,2022,FY,,current_liabilities,us-gaap,LiabilitiesCurrent,155393000000.0,155393.0,USD_millions,stock,1,https://www.sec.gov/Archives/edgar/data/1018724/000101872424000008/,2026-08-05T12:11:50+00:00,0001018724,USD,2023,CY2022Q4I
amzn,AMZN,0001018724-23-000004,10-K,2023-02-03,,2022-12-31,2022,FY,,inventory,us-gaap,InventoryNet,34405000000.0,34405.0,USD_millions,stock,1,https://www.sec.gov/Archives/edgar/data/1018724/000101872423000004/,2026-08-05T12:11:50+00:00,0001018724,USD,2022,
amzn,AMZN,0001018724-24-000008,10-K,2024-02-02,,2022-12-31,2022,FY,,inventory,us-gaap,InventoryNet,34405000000.0,34405.0,USD_millions,stock,1,https://www.sec.gov/Archives/edgar/data/1018724/000101872424000008/,2026-08-05T12:11:50+00:00,0001018724,USD,2023,CY2022Q4I
amzn,AMZN,0001018724-23-000004,10-K,2023-02-03,2022-01-01,2022-12-31,2022,FY,364.0,net_income,us-gaap,NetIncomeLoss,-2722000000.0,-2722.0,USD_millions,flow,1,https://www.sec.gov/Archives/edgar/data/1018724/000101872423000004/,2026-08-05T12:11:50+00:00,0001018724,USD,2022,
amzn,AMZN,0001018724-24-000008,10-K,2024-02-02,2022-01-01,2022-12-31,2022,FY,364.0,net_income,us-gaap,NetIncomeLoss,-2722000000.0,-2722.0,USD_millions,flow,1,https://www.sec.gov/Archives/edgar/data/1018724/000101872424000008/,2026-08-05T12:11:50+00:00,0001018724,USD,2023,
amzn,AMZN,0001018724-25-000004,10-K,2025-02-07,2022-01-01,2022-12-31,2022,FY,364.0,net_income,us-gaap,NetIncomeLoss,-2722000000.0,-2722.0,USD_millions,flow,1,https://www.sec.gov/Archives/edgar/data/1018724/000101872425000004/,2026-08-05T12:11:50+00:00,0001018724,USD,2024,
amzn,AMZN,0001018724-23-000004,10-K,2023-02-03,2022-01-01,2022-12-31,2022,FY,364.0,operating_cash_flow,us-gaap,NetCashProvidedByUsedInOperatingActivities,46752000000.0,46752.0,USD_millions,flow,1,https://www.sec.gov/Archives/edgar/data/1018724/000101872423000004/,2026-08-05T12:11:50+00:00,0001018724,USD,2022,
amzn,AMZN,0001018724-24-000008,10-K,2024-02-02,2022-01-01,2022-12-31,2022,FY,364.0,operating_cash_flow,us-gaap,NetCashProvidedByUsedInOperatingActivities,46752000000.0,46752.0,USD_millions,flow,1,https://www.sec.gov/Archives/edgar/data/1018724/000101872424000008/,2026-08-05T12:11:50+00:00,0001018724,USD,2023,
amzn,AMZN,0001018724-25-000004,10-K,2025-02-07,2022-01-01,2022-12-31,2022,FY,364.0,operating_cash_flow,us-gaap,NetCashProvidedByUsedInOperatingActivities,46752000000.0,46752.0,USD_millions,flow,1,https://www.sec.gov/Archives/edgar/data/1018724/000101872425000004/,2026-08-05T12:11:50+00:00,0001018724,USD,2024,CY2022
amzn,AMZN,0001018724-23-000004,10-K,2023-02-03,2022-01-01,2022-12-31,2022,FY,364.0,operating_income,us-gaap,OperatingIncomeLoss,12248000000.0,12248.0,USD_millions,flow,1,https://www.sec.gov/Archives/edgar/data/1018724/000101872423000004/,2026-08-05T12:11:50+00:00,0001018724,USD,2022,
amzn,AMZN,0001018724-24-000008,10-K,2024-02-02,2022-01-01,2022-12-31,2022,FY,364.0,operating_income,us-gaap,OperatingIncomeLoss,12248000000.0,12248.0,USD_millions,flow,1,https://www.sec.gov/Archives/edgar/data/1018724/000101872424000008/,2026-08-05T12:11:50+00:00,0001018724,USD,2023,
amzn,AMZN,0001018724-25-000004,10-K,2025-02-07,2022-01-01,2022-12-31,2022,FY,364.0,operating_income,us-gaap,OperatingIncomeLoss,12248000000.0,12248.0,USD_millions,flow,1,https://www.sec.gov/Archives/edgar/data/1018724/000101872425000004/,2026-08-05T12:11:50+00:00,0001018724,USD,2024,CY2022
amzn,AMZN,0001018724-23-000004,10-K,2023-02-03,2022-01-01,2022-12-31,2022,FY,364.0,revenue,us-gaap,RevenueFromContractWithCustomerExcludingAssessedTax,513983000000.0,513983.0,USD_millions,flow,1,https://www.sec.gov/Archives/edgar/data/1018724/000101872423000004/,2026-08-05T12:11:50+00:00,0001018724,USD,2022,
amzn,AMZN,0001018724-24-000008,10-K,2024-02-02,2022-01-01,2022-12-31,2022,FY,364.0,revenue,us-gaap,RevenueFromContractWithCustomerExcludingAssessedTax,513983000000.0,513983.0,USD_millions,flow,1,https://www.sec.gov/Archives/edgar/data/1018724/000101872424000008/,2026-08-05T12:11:50+00:00,0001018724,USD,2023,
amzn,AMZN,0001018724-25-000004,10-K,2025-02-07,2022-01-01,2022-12-31,2022,FY,364.0,revenue,us-gaap,RevenueFromContractWithCustomerExcludingAssessedTax,513983000000.0,513983.0,USD_millions,flow,1,https://www.sec.gov/Archives/edgar/data/1018724/000101872425000004/,2026-08-05T12:11:50+00:00,0001018724,USD,2024,CY2022
amzn,AMZN,0001018724-23-000004,10-K,2023-02-03,,2022-12-31,2022,FY,,total_assets,us-gaap,Assets,462675000000.0,462675.0,USD_millions,stock,1,https://www.sec.gov/Archives/edgar/data/1018724/000101872423000004/,2026-08-05T12:11:50+00:00,0001018724,USD,2022,
amzn,AMZN,0001018724-24-000008,10-K,2024-02-02,,2022-12-31,2022,FY,,total_assets,us-gaap,Assets,462675000000.0,462675.0,USD_millions,stock,1,https://www.sec.gov/Archives/edgar/data/1018724/000101872424000008/,2026-08-05T12:11:50+00:00,0001018724,USD,2023,
amzn,AMZN,0001018724-25-000004,10-K,2025-02-07,,2022-12-31,2022,FY,,total_assets,us-gaap,Assets,462675000000.0,462675.0,USD_millions,stock,1,https://www.sec.gov/Archives/edgar/data/1018724/000101872425000004/,2026-08-05T12:11:50+00:00,0001018724,USD,2024,CY2022Q4I
amzn,AMZN,0001018724-23-000004,10-K,2023-02-03,,2022-12-31,2022,FY,,total_equity,us-gaap,StockholdersEquity,146043000000.0,146043.0,USD_millions,stock,1,https://www.sec.gov/Archives/edgar/data/1018724/000101872423000004/,2026-08-05T12:11:50+00:00,0001018724,USD,2022,
amzn,AMZN,0001018724-24-000008,10-K,2024-02-02,,2022-12-31,2022,FY,,total_equity,us-gaap,StockholdersEquity,146043000000.0,146043.0,USD_millions,stock,1,https://www.sec.gov/Archives/edgar/data/1018724/000101872424000008/,2026-08-05T12:11:50+00:00,0001018724,USD,2023,
amzn,AMZN,0001018724-25-000004,10-K,2025-02-07,,2022-12-31,2022,FY,,total_equity,us-gaap,StockholdersEquity,146043000000.0,146043.0,USD_millions,stock,1,https://www.sec.gov/Archives/edgar/data/1018724/000101872425000004/,2026-08-05T12:11:50+00:00,0001018724,USD,2024,
amzn,AMZN,0001018724-26-000004,10-K,2026-02-06,,2022-12-31,2022,FY,,total_equity,us-gaap,StockholdersEquity,146043000000.0,146043.0,USD_millions,stock,1,https://www.sec.gov/Archives/edgar/data/1018724/000101872426000004/,2026-08-05T12:11:50+00:00,0001018724,USD,2025,CY2022Q4I
amzn,AMZN,0001018724-23-000004,10-K,2023-02-03,,2022-12-31,2022,FY,,total_liabilities,project,derived:Assets-StockholdersEquity,316632000000.0,316632.0,USD_millions,stock,99,https://www.sec.gov/Archives/edgar/data/1018724/000101872423000004/,2026-08-05T12:11:50+00:00,0001018724,USD,2022,
amzn,AMZN,0001018724-24-000008,10-K,2024-02-02,,2022-12-31,2022,FY,,total_liabilities,project,derived:Assets-StockholdersEquity,316632000000.0,316632.0,USD_millions,stock,99,https://www.sec.gov/Archives/edgar/data/1018724/000101872424000008/,2026-08-05T12:11:50+00:00,0001018724,USD,2023,
amzn,AMZN,0001018724-25-000004,10-K,2025-02-07,,2022-12-31,2022,FY,,total_liabilities,project,derived:Assets-StockholdersEquity,316632000000.0,316632.0,USD_millions,stock,99,https://www.sec.gov/Archives/edgar/data/1018724/000101872425000004/,2026-08-05T12:11:50+00:00,0001018724,USD,2024,CY2022Q4I
amzn,AMZN,0001018724-24-000008,10-K,2024-02-02,2023-01-01,2023-12-31,2023,FY,364.0,capital_expenditure,us-gaap,PaymentsToAcquireProductiveAssets,52729000000.0,52729.0,USD_millions,flow,2,https://www.sec.gov/Archives/edgar/data/1018724/000101872424000008/,2026-08-05T12:11:50+00:00,0001018724,USD,2023,
amzn,AMZN,0001018724-25-000004,10-K,2025-02-07,2023-01-01,2023-12-31,2023,FY,364.0,capital_expenditure,us-gaap,PaymentsToAcquireProductiveAssets,52729000000.0,52729.0,USD_millions,flow,2,https://www.sec.gov/Archives/edgar/data/1018724/000101872425000004/,2026-08-05T12:11:50+00:00,0001018724,USD,2024,
amzn,AMZN,0001018724-26-000004,10-K,2026-02-06,2023-01-01,2023-12-31,2023,FY,364.0,capital_expenditure,us-gaap,PaymentsToAcquireProductiveAssets,52729000000.0,52729.0,USD_millions,flow,2,https://www.sec.gov/Archives/edgar/data/1018724/000101872426000004/,2026-08-05T12:11:50+00:00,0001018724,USD,2025,CY2023
amzn,AMZN,0001018724-24-000008,10-K,2024-02-02,,2023-12-31,2023,FY,,cash_and_equivalents,us-gaap,CashAndCashEquivalentsAtCarryingValue,73387000000.0,73387.0,USD_millions,stock,1,https://www.sec.gov/Archives/edgar/data/1018724/000101872424000008/,2026-08-05T12:11:50+00:00,0001018724,USD,2023,
amzn,AMZN,0001018724-25-000004,10-K,2025-02-07,,2023-12-31,2023,FY,,cash_and_equivalents,us-gaap,CashAndCashEquivalentsAtCarryingValue,73387000000.0,73387.0,USD_millions,stock,1,https://www.sec.gov/Archives/edgar/data/1018724/000101872425000004/,2026-08-05T12:11:50+00:00,0001018724,USD,2024,CY2023Q4I
amzn,AMZN,0001018724-24-000008,10-K,2024-02-02,,2023-12-31,2023,FY,,current_assets,us-gaap,AssetsCurrent,172351000000.0,172351.0,USD_millions,stock,1,https://www.sec.gov/Archives/edgar/data/1018724/000101872424000008/,2026-08-05T12:11:50+00:00,0001018724,USD,2023,
amzn,AMZN,0001018724-25-000004,10-K,2025-02-07,,2023-12-31,2023,FY,,current_assets,us-gaap,AssetsCurrent,172351000000.0,172351.0,USD_millions,stock,1,https://www.sec.gov/Archives/edgar/data/1018724/000101872425000004/,2026-08-05T12:11:50+00:00,0001018724,USD,2024,CY2023Q4I
amzn,AMZN,0001018724-24-000008,10-K,2024-02-02,,2023-12-31,2023,FY,,current_liabilities,us-gaap,LiabilitiesCurrent,164917000000.0,164917.0,USD_millions,stock,1,https://www.sec.gov/Archives/edgar/data/1018724/000101872424000008/,2026-08-05T12:11:50+00:00,0001018724,USD,2023,
amzn,AMZN,0001018724-25-000004,10-K,2025-02-07,,2023-12-31,2023,FY,,current_liabilities,us-gaap,LiabilitiesCurrent,164917000000.0,164917.0,USD_millions,stock,1,https://www.sec.gov/Archives/edgar/data/1018724/000101872425000004/,2026-08-05T12:11:50+00:00,0001018724,USD,2024,CY2023Q4I
amzn,AMZN,0001018724-24-000008,10-K,2024-02-02,,2023-12-31,2023,FY,,inventory,us-gaap,InventoryNet,33318000000.0,33318.0,USD_millions,stock,1,https://www.sec.gov/Archives/edgar/data/1018724/000101872424000008/,2026-08-05T12:11:50+00:00,0001018724,USD,2023,
amzn,AMZN,0001018724-25-000004,10-K,2025-02-07,,2023-12-31,2023,FY,,inventory,us-gaap,InventoryNet,33318000000.0,33318.0,USD_millions,stock,1,https://www.sec.gov/Archives/edgar/data/1018724/000101872425000004/,2026-08-05T12:11:50+00:00,0001018724,USD,2024,CY2023Q4I
amzn,AMZN,0001018724-24-000008,10-K,2024-02-02,2023-01-01,2023-12-31,2023,FY,364.0,net_income,us-gaap,NetIncomeLoss,30425000000.0,30425.0,USD_millions,flow,1,https://www.sec.gov/Archives/edgar/data/1018724/000101872424000008/,2026-08-05T12:11:50+00:00,0001018724,USD,2023,
amzn,AMZN,0001018724-25-000004,10-K,2025-02-07,2023-01-01,2023-12-31,2023,FY,364.0,net_income,us-gaap,NetIncomeLoss,30425000000.0,30425.0,USD_millions,flow,1,https://www.sec.gov/Archives/edgar/data/1018724/000101872425000004/,2026-08-05T12:11:50+00:00,0001018724,USD,2024,
amzn,AMZN,0001018724-26-000004,10-K,2026-02-06,2023-01-01,2023-12-31,2023,FY,364.0,net_income,us-gaap,NetIncomeLoss,30425000000.0,30425.0,USD_millions,flow,1,https://www.sec.gov/Archives/edgar/data/1018724/000101872426000004/,2026-08-05T12:11:50+00:00,0001018724,USD,2025,
amzn,AMZN,0001018724-24-000008,10-K,2024-02-02,2023-01-01,2023-12-31,2023,FY,364.0,operating_cash_flow,us-gaap,NetCashProvidedByUsedInOperatingActivities,84946000000.0,84946.0,USD_millions,flow,1,https://www.sec.gov/Archives/edgar/data/1018724/000101872424000008/,2026-08-05T12:11:50+00:00,0001018724,USD,2023,
amzn,AMZN,0001018724-25-000004,10-K,2025-02-07,2023-01-01,2023-12-31,2023,FY,364.0,operating_cash_flow,us-gaap,NetCashProvidedByUsedInOperatingActivities,84946000000.0,84946.0,USD_millions,flow,1,https://www.sec.gov/Archives/edgar/data/1018724/000101872425000004/,2026-08-05T12:11:50+00:00,0001018724,USD,2024,
amzn,AMZN,0001018724-26-000004,10-K,2026-02-06,2023-01-01,2023-12-31,2023,FY,364.0,operating_cash_flow,us-gaap,NetCashProvidedByUsedInOperatingActivities,84946000000.0,84946.0,USD_millions,flow,1,https://www.sec.gov/Archives/edgar/data/1018724/000101872426000004/,2026-08-05T12:11:50+00:00,0001018724,USD,2025,CY2023
amzn,AMZN,0001018724-24-000008,10-K,2024-02-02,2023-01-01,2023-12-31,2023,FY,364.0,operating_income,us-gaap,OperatingIncomeLoss,36852000000.0,36852.0,USD_millions,flow,1,https://www.sec.gov/Archives/edgar/data/1018724/000101872424000008/,2026-08-05T12:11:50+00:00,0001018724,USD,2023,
amzn,AMZN,0001018724-25-000004,10-K,2025-02-07,2023-01-01,2023-12-31,2023,FY,364.0,operating_income,us-gaap,OperatingIncomeLoss,36852000000.0,36852.0,USD_millions,flow,1,https://www.sec.gov/Archives/edgar/data/1018724/000101872425000004/,2026-08-05T12:11:50+00:00,0001018724,USD,2024,
amzn,AMZN,0001018724-26-000004,10-K,2026-02-06,2023-01-01,2023-12-31,2023,FY,364.0,operating_income,us-gaap,OperatingIncomeLoss,36852000000.0,36852.0,USD_millions,flow,1,https://www.sec.gov/Archives/edgar/data/1018724/000101872426000004/,2026-08-05T12:11:50+00:00,0001018724,USD,2025,CY2023
amzn,AMZN,0001018724-24-000008,10-K,2024-02-02,2023-01-01,2023-12-31,2023,FY,364.0,revenue,us-gaap,RevenueFromContractWithCustomerExcludingAssessedTax,574785000000.0,574785.0,USD_millions,flow,1,https://www.sec.gov/Archives/edgar/data/1018724/000101872424000008/,2026-08-05T12:11:50+00:00,0001018724,USD,2023,
amzn,AMZN,0001018724-25-000004,10-K,2025-02-07,2023-01-01,2023-12-31,2023,FY,364.0,revenue,us-gaap,RevenueFromContractWithCustomerExcludingAssessedTax,574785000000.0,574785.0,USD_millions,flow,1,https://www.sec.gov/Archives/edgar/data/1018724/000101872425000004/,2026-08-05T12:11:50+00:00,0001018724,USD,2024,
amzn,AMZN,0001018724-26-000004,10-K,2026-02-06,2023-01-01,2023-12-31,2023,FY,364.0,revenue,us-gaap,RevenueFromContractWithCustomerExcludingAssessedTax,574785000000.0,574785.0,USD_millions,flow,1,https://www.sec.gov/Archives/edgar/data/1018724/000101872426000004/,2026-08-05T12:11:50+00:00,0001018724,USD,2025,CY2023
amzn,AMZN,0001018724-24-000008,10-K,2024-02-02,,2023-12-31,2023,FY,,total_assets,us-gaap,Assets,527854000000.0,527854.0,USD_millions,stock,1,https://www.sec.gov/Archives/edgar/data/1018724/000101872424000008/,2026-08-05T12:11:50+00:00,0001018724,USD,2023,
amzn,AMZN,0001018724-25-000004,10-K,2025-02-07,,2023-12-31,2023,FY,,total_assets,us-gaap,Assets,527854000000.0,527854.0,USD_millions,stock,1,https://www.sec.gov/Archives/edgar/data/1018724/000101872425000004/,2026-08-05T12:11:50+00:00,0001018724,USD,2024,
amzn,AMZN,0001018724-26-000004,10-K,2026-02-06,,2023-12-31,2023,FY,,total_assets,us-gaap,Assets,527854000000.0,527854.0,USD_millions,stock,1,https://www.sec.gov/Archives/edgar/data/1018724/000101872426000004/,2026-08-05T12:11:50+00:00,0001018724,USD,2025,CY2023Q4I
amzn,AMZN,0001018724-24-000008,10-K,2024-02-02,,2023-12-31,2023,FY,,total_equity,us-gaap,StockholdersEquity,201875000000.0,201875.0,USD_millions,stock,1,https://www.sec.gov/Archives/edgar/data/1018724/000101872424000008/,2026-08-05T12:11:50+00:00,0001018724,USD,2023,
amzn,AMZN,0001018724-25-000004,10-K,2025-02-07,,2023-12-31,2023,FY,,total_equity,us-gaap,StockholdersEquity,201875000000.0,201875.0,USD_millions,stock,1,https://www.sec.gov/Archives/edgar/data/1018724/000101872425000004/,2026-08-05T12:11:50+00:00,0001018724,USD,2024,
amzn,AMZN,0001018724-26-000004,10-K,2026-02-06,,2023-12-31,2023,FY,,total_equity,us-gaap,StockholdersEquity,201875000000.0,201875.0,USD_millions,stock,1,https://www.sec.gov/Archives/edgar/data/1018724/000101872426000004/,2026-08-05T12:11:50+00:00,0001018724,USD,2025,CY2023Q4I
amzn,AMZN,0001018724-24-000008,10-K,2024-02-02,,2023-12-31,2023,FY,,total_liabilities,project,derived:Assets-StockholdersEquity,325979000000.0,325979.0,USD_millions,stock,99,https://www.sec.gov/Archives/edgar/data/1018724/000101872424000008/,2026-08-05T12:11:50+00:00,0001018724,USD,2023,
amzn,AMZN,0001018724-25-000004,10-K,2025-02-07,,2023-12-31,2023,FY,,total_liabilities,project,derived:Assets-StockholdersEquity,325979000000.0,325979.0,USD_millions,stock,99,https://www.sec.gov/Archives/edgar/data/1018724/000101872425000004/,2026-08-05T12:11:50+00:00,0001018724,USD,2024,
amzn,AMZN,0001018724-26-000004,10-K,2026-02-06,,2023-12-31,2023,FY,,total_liabilities,project,derived:Assets-StockholdersEquity,325979000000.0,325979.0,USD_millions,stock,99,https://www.sec.gov/Archives/edgar/data/1018724/000101872426000004/,2026-08-05T12:11:50+00:00,0001018724,USD,2025,CY2023Q4I
bkng,BKNG,0001075531-22-000008,10-K,2022-02-23,2021-01-01,2021-12-31,2021,FY,364.0,capital_expenditure,us-gaap,PaymentsToAcquirePropertyPlantAndEquipment,304000000.0,304.0,USD_millions,flow,1,https://www.sec.gov/Archives/edgar/data/1075531/000107553122000008/,2026-08-05T12:11:50+00:00,0001075531,USD,2021,
bkng,BKNG,0001075531-23-000016,10-K,2023-02-23,2021-01-01,2021-12-31,2021,FY,364.0,capital_expenditure,us-gaap,PaymentsToAcquirePropertyPlantAndEquipment,304000000.0,304.0,USD_millions,flow,1,https://www.sec.gov/Archives/edgar/data/1075531/000107553123000016/,2026-08-05T12:11:50+00:00,0001075531,USD,2022,
bkng,BKNG,0001075531-24-000014,10-K,2024-02-22,2021-01-01,2021-12-31,2021,FY,364.0,capital_expenditure,us-gaap,PaymentsToAcquirePropertyPlantAndEquipment,304000000.0,304.0,USD_millions,flow,1,https://www.sec.gov/Archives/edgar/data/1075531/000107553124000014/,2026-08-05T12:11:50+00:00,0001075531,USD,2023,CY2021
bkng,BKNG,0001075531-22-000008,10-K,2022-02-23,,2021-12-31,2021,FY,,cash_and_equivalents,us-gaap,CashAndCashEquivalentsAtCarryingValue,11127000000.0,11127.0,USD_millions,stock,1,https://www.sec.gov/Archives/edgar/data/1075531/000107553122000008/,2026-08-05T12:11:50+00:00,0001075531,USD,2021,
bkng,BKNG,0001075531-23-000016,10-K,2023-02-23,,2021-12-31,2021,FY,,cash_and_equivalents,us-gaap,CashAndCashEquivalentsAtCarryingValue,11127000000.0,11127.0,USD_millions,stock,1,https://www.sec.gov/Archives/edgar/data/1075531/000107553123000016/,2026-08-05T12:11:50+00:00,0001075531,USD,2022,CY2021Q4I
bkng,BKNG,0001075531-22-000008,10-K,2022-02-23,,2021-12-31,2021,FY,,current_assets,us-gaap,AssetsCurrent,13145000000.0,13145.0,USD_millions,stock,1,https://www.sec.gov/Archives/edgar/data/1075531/000107553122000008/,2026-08-05T12:11:50+00:00,0001075531,USD,2021,
bkng,BKNG,0001075531-23-000016,10-K,2023-02-23,,2021-12-31,2021,FY,,current_assets,us-gaap,AssetsCurrent,13145000000.0,13145.0,USD_millions,stock,1,https://www.sec.gov/Archives/edgar/data/1075531/000107553123000016/,2026-08-05T12:11:50+00:00,0001075531,USD,2022,CY2021Q4I
bkng,BKNG,0001075531-22-000008,10-K,2022-02-23,,2021-12-31,2021,FY,,current_liabilities,us-gaap,LiabilitiesCurrent,6246000000.0,6246.0,USD_millions,stock,1,https://www.sec.gov/Archives/edgar/data/1075531/000107553122000008/,2026-08-05T12:11:50+00:00,0001075531,USD,2021,
bkng,BKNG,0001075531-23-000016,10-K,2023-02-23,,2021-12-31,2021,FY,,current_liabilities,us-gaap,LiabilitiesCurrent,6246000000.0,6246.0,USD_millions,stock,1,https://www.sec.gov/Archives/edgar/data/1075531/000107553123000016/,2026-08-05T12:11:50+00:00,0001075531,USD,2022,CY2021Q4I
bkng,BKNG,0001075531-22-000008,10-K,2022-02-23,2021-01-01,2021-12-31,2021,FY,364.0,net_income,us-gaap,NetIncomeLossAvailableToCommonStockholdersBasic,1165000000.0,1165.0,USD_millions,flow,3,https://www.sec.gov/Archives/edgar/data/1075531/000107553122000008/,2026-08-05T12:11:50+00:00,0001075531,USD,2021,
bkng,BKNG,0001075531-23-000016,10-K,2023-02-23,2021-01-01,2021-12-31,2021,FY,364.0,net_income,us-gaap,NetIncomeLossAvailableToCommonStockholdersBasic,1165000000.0,1165.0,USD_millions,flow,3,https://www.sec.gov/Archives/edgar/data/1075531/000107553123000016/,2026-08-05T12:11:50+00:00,0001075531,USD,2022,
bkng,BKNG,0001075531-24-000014,10-K,2024-02-22,2021-01-01,2021-12-31,2021,FY,364.0,net_income,us-gaap,NetIncomeLossAvailableToCommonStockholdersBasic,1165000000.0,1165.0,USD_millions,flow,3,https://www.sec.gov/Archives/edgar/data/1075531/000107553124000014/,2026-08-05T12:11:50+00:00,0001075531,USD,2023,CY2021
bkng,BKNG,0001075531-22-000008,10-K,2022-02-23,2021-01-01,2021-12-31,2021,FY,364.0,operating_cash_flow,us-gaap,NetCashProvidedByUsedInOperatingActivities,2820000000.0,2820.0,USD_millions,flow,1,https://www.sec.gov/Archives/edgar/data/1075531/000107553122000008/,2026-08-05T12:11:50+00:00,0001075531,USD,2021,
bkng,BKNG,0001075531-23-000016,10-K,2023-02-23,2021-01-01,2021-12-31,2021,FY,364.0,operating_cash_flow,us-gaap,NetCashProvidedByUsedInOperatingActivities,2820000000.0,2820.0,USD_millions,flow,1,https://www.sec.gov/Archives/edgar/data/1075531/000107553123000016/,2026-08-05T12:11:50+00:00,0001075531,USD,2022,
bkng,BKNG,0001075531-24-000014,10-K,2024-02-22,2021-01-01,2021-12-31,2021,FY,364.0,operating_cash_flow,us-gaap,NetCashProvidedByUsedInOperatingActivities,2820000000.0,2820.0,USD_millions,flow,1,https://www.sec.gov/Archives/edgar/data/1075531/000107553124000014/,2026-08-05T12:11:50+00:00,0001075531,USD,2023,CY2021
bkng,BKNG,0001075531-22-000008,10-K,2022-02-23,2021-01-01,2021-12-31,2021,FY,364.0,operating_income,us-gaap,OperatingIncomeLoss,2496000000.0,2496.0,USD_millions,flow,1,https://www.sec.gov/Archives/edgar/data/1075531/000107553122000008/,2026-08-05T12:11:50+00:00,0001075531,USD,2021,
bkng,BKNG,0001075531-23-000016,10-K,2023-02-23,2021-01-01,2021-12-31,2021,FY,364.0,operating_income,us-gaap,OperatingIncomeLoss,2496000000.0,2496.0,USD_millions,flow,1,https://www.sec.gov/Archives/edgar/data/1075531/000107553123000016/,2026-08-05T12:11:50+00:00,0001075531,USD,2022,
bkng,BKNG,0001075531-24-000014,10-K,2024-02-22,2021-01-01,2021-12-31,2021,FY,364.0,operating_income,us-gaap,OperatingIncomeLoss,2496000000.0,2496.0,USD_millions,flow,1,https://www.sec.gov/Archives/edgar/data/1075531/000107553124000014/,2026-08-05T12:11:50+00:00,0001075531,USD,2023,CY2021
bkng,BKNG,0001075531-22-000008,10-K,2022-02-23,2021-01-01,2021-12-31,2021,FY,364.0,revenue,us-gaap,Revenues,10958000000.0,10958.0,USD_millions,flow,4,https://www.sec.gov/Archives/edgar/data/1075531/000107553122000008/,2026-08-05T12:11:50+00:00,0001075531,USD,2021,
bkng,BKNG,0001075531-23-000016,10-K,2023-02-23,2021-01-01,2021-12-31,2021,FY,364.0,revenue,us-gaap,Revenues,10958000000.0,10958.0,USD_millions,flow,4,https://www.sec.gov/Archives/edgar/data/1075531/000107553123000016/,2026-08-05T12:11:50+00:00,0001075531,USD,2022,
bkng,BKNG,0001075531-24-000014,10-K,2024-02-22,2021-01-01,2021-12-31,2021,FY,364.0,revenue,us-gaap,Revenues,10958000000.0,10958.0,USD_millions,flow,4,https://www.sec.gov/Archives/edgar/data/1075531/000107553124000014/,2026-08-05T12:11:50+00:00,0001075531,USD,2023,CY2021
bkng,BKNG,0001075531-22-000008,10-K,2022-02-23,,2021-12-31,2021,FY,,total_assets,us-gaap,Assets,23641000000.0,23641.0,USD_millions,stock,1,https://www.sec.gov/Archives/edgar/data/1075531/000107553122000008/,2026-08-05T12:11:50+00:00,0001075531,USD,2021,
bkng,BKNG,0001075531-23-000016,10-K,2023-02-23,,2021-12-31,2021,FY,,total_assets,us-gaap,Assets,23641000000.0,23641.0,USD_millions,stock,1,https://www.sec.gov/Archives/edgar/data/1075531/000107553123000016/,2026-08-05T12:11:50+00:00,0001075531,USD,2022,CY2021Q4I
bkng,BKNG,0001075531-22-000008,10-K,2022-02-23,,2021-12-31,2021,FY,,total_equity,us-gaap,StockholdersEquity,6178000000.0,6178.0,USD_millions,stock,1,https://www.sec.gov/Archives/edgar/data/1075531/000107553122000008/,2026-08-05T12:11:50+00:00,0001075531,USD,2021,
bkng,BKNG,0001075531-23-000016,10-K,2023-02-23,,2021-12-31,2021,FY,,total_equity,us-gaap,StockholdersEquity,6178000000.0,6178.0,USD_millions,stock,1,https://www.sec.gov/Archives/edgar/data/1075531/000107553123000016/,2026-08-05T12:11:50+00:00,0001075531,USD,2022,
bkng,BKNG,0001075531-24-000014,10-K,2024-02-22,,2021-12-31,2021,FY,,total_equity,us-gaap,StockholdersEquity,6178000000.0,6178.0,USD_millions,stock,1,https://www.sec.gov/Archives/edgar/data/1075531/000107553124000014/,2026-08-05T12:11:50+00:00,0001075531,USD,2023,
bkng,BKNG,0001075531-25-000010,10-K,2025-02-20,,2021-12-31,2021,FY,,total_equity,us-gaap,StockholdersEquity,6178000000.0,6178.0,USD_millions,stock,1,https://www.sec.gov/Archives/edgar/data/1075531/000107553125000010/,2026-08-05T12:11:50+00:00,0001075531,USD,2024,CY2021Q4I
bkng,BKNG,0001075531-22-000008,10-K,2022-02-23,,2021-12-31,2021,FY,,total_liabilities,us-gaap,Liabilities,17463000000.0,17463.0,USD_millions,stock,1,https://www.sec.gov/Archives/edgar/data/1075531/000107553122000008/,2026-08-05T12:11:50+00:00,0001075531,USD,2021,
bkng,BKNG,0001075531-23-000016,10-K,2023-02-23,,2021-12-31,2021,FY,,total_liabilities,us-gaap,Liabilities,17463000000.0,17463.0,USD_millions,stock,1,https://www.sec.gov/Archives/edgar/data/1075531/000107553123000016/,2026-08-05T12:11:50+00:00,0001075531,USD,2022,CY2021Q4I
bkng,BKNG,0001075531-23-000016,10-K,2023-02-23,2022-01-01,2022-12-31,2022,FY,364.0,capital_expenditure,us-gaap,PaymentsToAcquirePropertyPlantAndEquipment,368000000.0,368.0,USD_millions,flow,1,https://www.sec.gov/Archives/edgar/data/1075531/000107553123000016/,2026-08-05T12:11:50+00:00,0001075531,USD,2022,
bkng,BKNG,0001075531-24-000014,10-K,2024-02-22,2022-01-01,2022-12-31,2022,FY,364.0,capital_expenditure,us-gaap,PaymentsToAcquirePropertyPlantAndEquipment,368000000.0,368.0,USD_millions,flow,1,https://www.sec.gov/Archives/edgar/data/1075531/000107553124000014/,2026-08-05T12:11:50+00:00,0001075531,USD,2023,
bkng,BKNG,0001075531-25-000010,10-K,2025-02-20,2022-01-01,2022-12-31,2022,FY,364.0,capital_expenditure,us-gaap,PaymentsToAcquirePropertyPlantAndEquipment,368000000.0,368.0,USD_millions,flow,1,https://www.sec.gov/Archives/edgar/data/1075531/000107553125000010/,2026-08-05T12:11:50+00:00,0001075531,USD,2024,CY2022
bkng,BKNG,0001075531-23-000016,10-K,2023-02-23,,2022-12-31,2022,FY,,cash_and_equivalents,us-gaap,CashAndCashEquivalentsAtCarryingValue,12221000000.0,12221.0,USD_millions,stock,1,https://www.sec.gov/Archives/edgar/data/1075531/000107553123000016/,2026-08-05T12:11:50+00:00,0001075531,USD,2022,
bkng,BKNG,0001075531-24-000014,10-K,2024-02-22,,2022-12-31,2022,FY,,cash_and_equivalents,us-gaap,CashAndCashEquivalentsAtCarryingValue,12221000000.0,12221.0,USD_millions,stock,1,https://www.sec.gov/Archives/edgar/data/1075531/000107553124000014/,2026-08-05T12:11:50+00:00,0001075531,USD,2023,CY2022Q4I
bkng,BKNG,0001075531-23-000016,10-K,2023-02-23,,2022-12-31,2022,FY,,current_assets,us-gaap,AssetsCurrent,15798000000.0,15798.0,USD_millions,stock,1,https://www.sec.gov/Archives/edgar/data/1075531/000107553123000016/,2026-08-05T12:11:50+00:00,0001075531,USD,2022,
bkng,BKNG,0001075531-24-000014,10-K,2024-02-22,,2022-12-31,2022,FY,,current_assets,us-gaap,AssetsCurrent,15798000000.0,15798.0,USD_millions,stock,1,https://www.sec.gov/Archives/edgar/data/1075531/000107553124000014/,2026-08-05T12:11:50+00:00,0001075531,USD,2023,CY2022Q4I
bkng,BKNG,0001075531-23-000016,10-K,2023-02-23,,2022-12-31,2022,FY,,current_liabilities,us-gaap,LiabilitiesCurrent,8474000000.0,8474.0,USD_millions,stock,1,https://www.sec.gov/Archives/edgar/data/1075531/000107553123000016/,2026-08-05T12:11:50+00:00,0001075531,USD,2022,
bkng,BKNG,0001075531-24-000014,10-K,2024-02-22,,2022-12-31,2022,FY,,current_liabilities,us-gaap,LiabilitiesCurrent,8474000000.0,8474.0,USD_millions,stock,1,https://www.sec.gov/Archives/edgar/data/1075531/000107553124000014/,2026-08-05T12:11:50+00:00,0001075531,USD,2023,CY2022Q4I
bkng,BKNG,0001075531-23-000016,10-K,2023-02-23,2022-01-01,2022-12-31,2022,FY,364.0,net_income,us-gaap,NetIncomeLossAvailableToCommonStockholdersBasic,3058000000.0,3058.0,USD_millions,flow,3,https://www.sec.gov/Archives/edgar/data/1075531/000107553123000016/,2026-08-05T12:11:50+00:00,0001075531,USD,2022,
bkng,BKNG,0001075531-24-000014,10-K,2024-02-22,2022-01-01,2022-12-31,2022,FY,364.0,net_income,us-gaap,NetIncomeLossAvailableToCommonStockholdersBasic,3058000000.0,3058.0,USD_millions,flow,3,https://www.sec.gov/Archives/edgar/data/1075531/000107553124000014/,2026-08-05T12:11:50+00:00,0001075531,USD,2023,
bkng,BKNG,0001075531-25-000010,10-K,2025-02-20,2022-01-01,2022-12-31,2022,FY,364.0,net_income,us-gaap,NetIncomeLossAvailableToCommonStockholdersBasic,3058000000.0,3058.0,USD_millions,flow,3,https://www.sec.gov/Archives/edgar/data/1075531/000107553125000010/,2026-08-05T12:11:50+00:00,0001075531,USD,2024,CY2022
bkng,BKNG,0001075531-23-000016,10-K,2023-02-23,2022-01-01,2022-12-31,2022,FY,364.0,operating_cash_flow,us-gaap,NetCashProvidedByUsedInOperatingActivities,6554000000.0,6554.0,USD_millions,flow,1,https://www.sec.gov/Archives/edgar/data/1075531/000107553123000016/,2026-08-05T12:11:50+00:00,0001075531,USD,2022,
bkng,BKNG,0001075531-24-000014,10-K,2024-02-22,2022-01-01,2022-12-31,2022,FY,364.0,operating_cash_flow,us-gaap,NetCashProvidedByUsedInOperatingActivities,6554000000.0,6554.0,USD_millions,flow,1,https://www.sec.gov/Archives/edgar/data/1075531/000107553124000014/,2026-08-05T12:11:50+00:00,0001075531,USD,2023,
bkng,BKNG,0001075531-25-000010,10-K,2025-02-20,2022-01-01,2022-12-31,2022,FY,364.0,operating_cash_flow,us-gaap,NetCashProvidedByUsedInOperatingActivities,6554000000.0,6554.0,USD_millions,flow,1,https://www.sec.gov/Archives/edgar/data/1075531/000107553125000010/,2026-08-05T12:11:50+00:00,0001075531,USD,2024,CY2022
bkng,BKNG,0001075531-23-000016,10-K,2023-02-23,2022-01-01,2022-12-31,2022,FY,364.0,operating_income,us-gaap,OperatingIncomeLoss,5102000000.0,5102.0,USD_millions,flow,1,https://www.sec.gov/Archives/edgar/data/1075531/000107553123000016/,2026-08-05T12:11:50+00:00,0001075531,USD,2022,
bkng,BKNG,0001075531-24-000014,10-K,2024-02-22,2022-01-01,2022-12-31,2022,FY,364.0,operating_income,us-gaap,OperatingIncomeLoss,5102000000.0,5102.0,USD_millions,flow,1,https://www.sec.gov/Archives/edgar/data/1075531/000107553124000014/,2026-08-05T12:11:50+00:00,0001075531,USD,2023,
bkng,BKNG,0001075531-25-000010,10-K,2025-02-20,2022-01-01,2022-12-31,2022,FY,364.0,operating_income,us-gaap,OperatingIncomeLoss,5102000000.0,5102.0,USD_millions,flow,1,https://www.sec.gov/Archives/edgar/data/1075531/000107553125000010/,2026-08-05T12:11:50+00:00,0001075531,USD,2024,CY2022
bkng,BKNG,0001075531-23-000016,10-K,2023-02-23,2022-01-01,2022-12-31,2022,FY,364.0,revenue,us-gaap,Revenues,17090000000.0,17090.0,USD_millions,flow,4,https://www.sec.gov/Archives/edgar/data/1075531/000107553123000016/,2026-08-05T12:11:50+00:00,0001075531,USD,2022,
bkng,BKNG,0001075531-24-000014,10-K,2024-02-22,2022-01-01,2022-12-31,2022,FY,364.0,revenue,us-gaap,Revenues,17090000000.0,17090.0,USD_millions,flow,4,https://www.sec.gov/Archives/edgar/data/1075531/000107553124000014/,2026-08-05T12:11:50+00:00,0001075531,USD,2023,
bkng,BKNG,0001075531-25-000010,10-K,2025-02-20,2022-01-01,2022-12-31,2022,FY,364.0,revenue,us-gaap,Revenues,17090000000.0,17090.0,USD_millions,flow,4,https://www.sec.gov/Archives/edgar/data/1075531/000107553125000010/,2026-08-05T12:11:50+00:00,0001075531,USD,2024,CY2022
bkng,BKNG,0001075531-23-000016,10-K,2023-02-23,,2022-12-31,2022,FY,,total_assets,us-gaap,Assets,25361000000.0,25361.0,USD_millions,stock,1,https://www.sec.gov/Archives/edgar/data/1075531/000107553123000016/,2026-08-05T12:11:50+00:00,0001075531,USD,2022,
bkng,BKNG,0001075531-24-000014,10-K,2024-02-22,,2022-12-31,2022,FY,,total_assets,us-gaap,Assets,25361000000.0,25361.0,USD_millions,stock,1,https://www.sec.gov/Archives/edgar/data/1075531/000107553124000014/,2026-08-05T12:11:50+00:00,0001075531,USD,2023,CY2022Q4I
bkng,BKNG,0001075531-23-000016,10-K,2023-02-23,,2022-12-31,2022,FY,,total_equity,us-gaap,StockholdersEquity,2782000000.0,2782.0,USD_millions,stock,1,https://www.sec.gov/Archives/edgar/data/1075531/000107553123000016/,2026-08-05T12:11:50+00:00,0001075531,USD,2022,
bkng,BKNG,0001075531-24-000014,10-K,2024-02-22,,2022-12-31,2022,FY,,total_equity,us-gaap,StockholdersEquity,2782000000.0,2782.0,USD_millions,stock,1,https://www.sec.gov/Archives/edgar/data/1075531/000107553124000014/,2026-08-05T12:11:50+00:00,0001075531,USD,2023,
bkng,BKNG,0001075531-25-000010,10-K,2025-02-20,,2022-12-31,2022,FY,,total_equity,us-gaap,StockholdersEquity,2782000000.0,2782.0,USD_millions,stock,1,https://www.sec.gov/Archives/edgar/data/1075531/000107553125000010/,2026-08-05T12:11:50+00:00,0001075531,USD,2024,
bkng,BKNG,0001075531-26-000009,10-K,2026-02-18,,2022-12-31,2022,FY,,total_equity,us-gaap,StockholdersEquity,2782000000.0,2782.0,USD_millions,stock,1,https://www.sec.gov/Archives/edgar/data/1075531/000107553126000009/,2026-08-05T12:11:50+00:00,0001075531,USD,2025,CY2022Q4I
bkng,BKNG,0001075531-23-000016,10-K,2023-02-23,,2022-12-31,2022,FY,,total_liabilities,us-gaap,Liabilities,22579000000.0,22579.0,USD_millions,stock,1,https://www.sec.gov/Archives/edgar/data/1075531/000107553123000016/,2026-08-05T12:11:50+00:00,0001075531,USD,2022,
bkng,BKNG,0001075531-24-000014,10-K,2024-02-22,,2022-12-31,2022,FY,,total_liabilities,us-gaap,Liabilities,22579000000.0,22579.0,USD_millions,stock,1,https://www.sec.gov/Archives/edgar/data/1075531/000107553124000014/,2026-08-05T12:11:50+00:00,0001075531,USD,2023,CY2022Q4I
bkng,BKNG,0001075531-24-000014,10-K,2024-02-22,2023-01-01,2023-12-31,2023,FY,364.0,capital_expenditure,us-gaap,PaymentsToAcquirePropertyPlantAndEquipment,345000000.0,345.0,USD_millions,flow,1,https://www.sec.gov/Archives/edgar/data/1075531/000107553124000014/,2026-08-05T12:11:50+00:00,0001075531,USD,2023,
bkng,BKNG,0001075531-25-000010,10-K,2025-02-20,2023-01-01,2023-12-31,2023,FY,364.0,capital_expenditure,us-gaap,PaymentsToAcquirePropertyPlantAndEquipment,345000000.0,345.0,USD_millions,flow,1,https://www.sec.gov/Archives/edgar/data/1075531/000107553125000010/,2026-08-05T12:11:50+00:00,0001075531,USD,2024,
bkng,BKNG,0001075531-26-000009,10-K,2026-02-18,2023-01-01,2023-12-31,2023,FY,364.0,capital_expenditure,us-gaap,PaymentsToAcquirePropertyPlantAndEquipment,345000000.0,345.0,USD_millions,flow,1,https://www.sec.gov/Archives/edgar/data/1075531/000107553126000009/,2026-08-05T12:11:50+00:00,0001075531,USD,2025,CY2023
bkng,BKNG,0001075531-24-000014,10-K,2024-02-22,,2023-12-31,2023,FY,,cash_and_equivalents,us-gaap,CashAndCashEquivalentsAtCarryingValue,12107000000.0,12107.0,USD_millions,stock,1,https://www.sec.gov/Archives/edgar/data/1075531/000107553124000014/,2026-08-05T12:11:50+00:00,0001075531,USD,2023,
bkng,BKNG,0001075531-25-000010,10-K,2025-02-20,,2023-12-31,2023,FY,,cash_and_equivalents,us-gaap,CashAndCashEquivalentsAtCarryingValue,12107000000.0,12107.0,USD_millions,stock,1,https://www.sec.gov/Archives/edgar/data/1075531/000107553125000010/,2026-08-05T12:11:50+00:00,0001075531,USD,2024,CY2023Q4I
bkng,BKNG,0001075531-24-000014,10-K,2024-02-22,,2023-12-31,2023,FY,,current_assets,us-gaap,AssetsCurrent,17034000000.0,17034.0,USD_millions,stock,1,https://www.sec.gov/Archives/edgar/data/1075531/000107553124000014/,2026-08-05T12:11:50+00:00,0001075531,USD,2023,
bkng,BKNG,0001075531-25-000010,10-K,2025-02-20,,2023-12-31,2023,FY,,current_assets,us-gaap,AssetsCurrent,17034000000.0,17034.0,USD_millions,stock,1,https://www.sec.gov/Archives/edgar/data/1075531/000107553125000010/,2026-08-05T12:11:50+00:00,0001075531,USD,2024,CY2023Q4I
bkng,BKNG,0001075531-24-000014,10-K,2024-02-22,,2023-12-31,2023,FY,,current_liabilities,us-gaap,LiabilitiesCurrent,13330000000.0,13330.0,USD_millions,stock,1,https://www.sec.gov/Archives/edgar/data/1075531/000107553124000014/,2026-08-05T12:11:50+00:00,0001075531,USD,2023,
bkng,BKNG,0001075531-25-000010,10-K,2025-02-20,,2023-12-31,2023,FY,,current_liabilities,us-gaap,LiabilitiesCurrent,13330000000.0,13330.0,USD_millions,stock,1,https://www.sec.gov/Archives/edgar/data/1075531/000107553125000010/,2026-08-05T12:11:50+00:00,0001075531,USD,2024,CY2023Q4I
bkng,BKNG,0001075531-24-000014,10-K,2024-02-22,2023-01-01,2023-12-31,2023,FY,364.0,net_income,us-gaap,NetIncomeLossAvailableToCommonStockholdersBasic,4289000000.0,4289.0,USD_millions,flow,3,https://www.sec.gov/Archives/edgar/data/1075531/000107553124000014/,2026-08-05T12:11:50+00:00,0001075531,USD,2023,
bkng,BKNG,0001075531-25-000010,10-K,2025-02-20,2023-01-01,2023-12-31,2023,FY,364.0,net_income,us-gaap,NetIncomeLossAvailableToCommonStockholdersBasic,4289000000.0,4289.0,USD_millions,flow,3,https://www.sec.gov/Archives/edgar/data/1075531/000107553125000010/,2026-08-05T12:11:50+00:00,0001075531,USD,2024,
bkng,BKNG,0001075531-26-000009,10-K,2026-02-18,2023-01-01,2023-12-31,2023,FY,364.0,net_income,us-gaap,NetIncomeLossAvailableToCommonStockholdersBasic,4289000000.0,4289.0,USD_millions,flow,3,https://www.sec.gov/Archives/edgar/data/1075531/000107553126000009/,2026-08-05T12:11:50+00:00,0001075531,USD,2025,CY2023
bkng,BKNG,0001075531-24-000014,10-K,2024-02-22,2023-01-01,2023-12-31,2023,FY,364.0,operating_cash_flow,us-gaap,NetCashProvidedByUsedInOperatingActivities,7344000000.0,7344.0,USD_millions,flow,1,https://www.sec.gov/Archives/edgar/data/1075531/000107553124000014/,2026-08-05T12:11:50+00:00,0001075531,USD,2023,
bkng,BKNG,0001075531-25-000010,10-K,2025-02-20,2023-01-01,2023-12-31,2023,FY,364.0,operating_cash_flow,us-gaap,NetCashProvidedByUsedInOperatingActivities,7344000000.0,7344.0,USD_millions,flow,1,https://www.sec.gov/Archives/edgar/data/1075531/000107553125000010/,2026-08-05T12:11:50+00:00,0001075531,USD,2024,
bkng,BKNG,0001075531-26-000009,10-K,2026-02-18,2023-01-01,2023-12-31,2023,FY,364.0,operating_cash_flow,us-gaap,NetCashProvidedByUsedInOperatingActivities,7344000000.0,7344.0,USD_millions,flow,1,https://www.sec.gov/Archives/edgar/data/1075531/000107553126000009/,2026-08-05T12:11:50+00:00,0001075531,USD,2025,CY2023
bkng,BKNG,0001075531-24-000014,10-K,2024-02-22,2023-01-01,2023-12-31,2023,FY,364.0,operating_income,us-gaap,OperatingIncomeLoss,5835000000.0,5835.0,USD_millions,flow,1,https://www.sec.gov/Archives/edgar/data/1075531/000107553124000014/,2026-08-05T12:11:50+00:00,0001075531,USD,2023,
bkng,BKNG,0001075531-25-000010,10-K,2025-02-20,2023-01-01,2023-12-31,2023,FY,364.0,operating_income,us-gaap,OperatingIncomeLoss,5835000000.0,5835.0,USD_millions,flow,1,https://www.sec.gov/Archives/edgar/data/1075531/000107553125000010/,2026-08-05T12:11:50+00:00,0001075531,USD,2024,
bkng,BKNG,0001075531-26-000009,10-K,2026-02-18,2023-01-01,2023-12-31,2023,FY,364.0,operating_income,us-gaap,OperatingIncomeLoss,5835000000.0,5835.0,USD_millions,flow,1,https://www.sec.gov/Archives/edgar/data/1075531/000107553126000009/,2026-08-05T12:11:50+00:00,0001075531,USD,2025,CY2023
bkng,BKNG,0001075531-24-000014,10-K,2024-02-22,2023-01-01,2023-12-31,2023,FY,364.0,revenue,us-gaap,Revenues,21365000000.0,21365.0,USD_millions,flow,4,https://www.sec.gov/Archives/edgar/data/1075531/000107553124000014/,2026-08-05T12:11:50+00:00,0001075531,USD,2023,
bkng,BKNG,0001075531-25-000010,10-K,2025-02-20,2023-01-01,2023-12-31,2023,FY,364.0,revenue,us-gaap,Revenues,21365000000.0,21365.0,USD_millions,flow,4,https://www.sec.gov/Archives/edgar/data/1075531/000107553125000010/,2026-08-05T12:11:50+00:00,0001075531,USD,2024,
bkng,BKNG,0001075531-26-000009,10-K,2026-02-18,2023-01-01,2023-12-31,2023,FY,364.0,revenue,us-gaap,Revenues,21365000000.0,21365.0,USD_millions,flow,4,https://www.sec.gov/Archives/edgar/data/1075531/000107553126000009/,2026-08-05T12:11:50+00:00,0001075531,USD,2025,CY2023
bkng,BKNG,0001075531-24-000014,10-K,2024-02-22,,2023-12-31,2023,FY,,total_assets,us-gaap,Assets,24342000000.0,24342.0,USD_millions,stock,1,https://www.sec.gov/Archives/edgar/data/1075531/000107553124000014/,2026-08-05T12:11:50+00:00,0001075531,USD,2023,
bkng,BKNG,0001075531-25-000010,10-K,2025-02-20,,2023-12-31,2023,FY,,total_assets,us-gaap,Assets,24342000000.0,24342.0,USD_millions,stock,1,https://www.sec.gov/Archives/edgar/data/1075531/000107553125000010/,2026-08-05T12:11:50+00:00,0001075531,USD,2024,CY2023Q4I
bkng,BKNG,0001075531-24-000014,10-K,2024-02-22,,2023-12-31,2023,FY,,total_equity,us-gaap,StockholdersEquity,-2744000000.0,-2744.0,USD_millions,stock,1,https://www.sec.gov/Archives/edgar/data/1075531/000107553124000014/,2026-08-05T12:11:50+00:00,0001075531,USD,2023,
bkng,BKNG,0001075531-25-000010,10-K,2025-02-20,,2023-12-31,2023,FY,,total_equity,us-gaap,StockholdersEquity,-2744000000.0,-2744.0,USD_millions,stock,1,https://www.sec.gov/Archives/edgar/data/1075531/000107553125000010/,2026-08-05T12:11:50+00:00,0001075531,USD,2024,
bkng,BKNG,0001075531-26-000009,10-K,2026-02-18,,2023-12-31,2023,FY,,total_equity,us-gaap,StockholdersEquity,-2744000000.0,-2744.0,USD_millions,stock,1,https://www.sec.gov/Archives/edgar/data/1075531/000107553126000009/,2026-08-05T12:11:50+00:00,0001075531,USD,2025,CY2023Q4I
bkng,BKNG,0001075531-24-000014,10-K,2024-02-22,,2023-12-31,2023,FY,,total_liabilities,us-gaap,Liabilities,27086000000.0,27086.0,USD_millions,stock,1,https://www.sec.gov/Archives/edgar/data/1075531/000107553124000014/,2026-08-05T12:11:50+00:00,0001075531,USD,2023,
bkng,BKNG,0001075531-25-000010,10-K,2025-02-20,,2023-12-31,2023,FY,,total_liabilities,us-gaap,Liabilities,27086000000.0,27086.0,USD_millions,stock,1,https://www.sec.gov/Archives/edgar/data/1075531/000107553125000010/,2026-08-05T12:11:50+00:00,0001075531,USD,2024,CY2023Q4I
chwy,CHWY,0001766502-24-000014,10-K,2024-03-20,2021-02-01,2022-01-30,2021,FY,363.0,capital_expenditure,us-gaap,PaymentsToAcquireProductiveAssets,183186000.0,183.186,USD_millions,flow,2,https://www.sec.gov/Archives/edgar/data/1766502/000176650224000014/,2026-08-05T12:11:50+00:00,0001766502,USD,2023,CY2021
chwy,CHWY,0001766502-22-000008,10-K,2022-03-29,,2022-01-30,2021,FY,,cash_and_equivalents,us-gaap,CashAndCashEquivalentsAtCarryingValue,603079000.0,603.079,USD_millions,stock,1,https://www.sec.gov/Archives/edgar/data/1766502/000176650222000008/,2026-08-05T12:11:50+00:00,0001766502,USD,2021,
chwy,CHWY,0001766502-23-000011,10-K,2023-03-22,,2022-01-30,2021,FY,,cash_and_equivalents,us-gaap,CashAndCashEquivalentsAtCarryingValue,603079000.0,603.079,USD_millions,stock,1,https://www.sec.gov/Archives/edgar/data/1766502/000176650223000011/,2026-08-05T12:11:50+00:00,0001766502,USD,2022,CY2021Q4I
chwy,CHWY,0001766502-22-000008,10-K,2022-03-29,,2022-01-30,2021,FY,,current_assets,us-gaap,AssetsCurrent,1323532000.0,1323.532,USD_millions,stock,1,https://www.sec.gov/Archives/edgar/data/1766502/000176650222000008/,2026-08-05T12:11:50+00:00,0001766502,USD,2021,
chwy,CHWY,0001766502-23-000011,10-K,2023-03-22,,2022-01-30,2021,FY,,current_assets,us-gaap,AssetsCurrent,1323532000.0,1323.532,USD_millions,stock,1,https://www.sec.gov/Archives/edgar/data/1766502/000176650223000011/,2026-08-05T12:11:50+00:00,0001766502,USD,2022,CY2021Q4I
chwy,CHWY,0001766502-22-000008,10-K,2022-03-29,,2022-01-30,2021,FY,,current_liabilities,us-gaap,LiabilitiesCurrent,1644879000.0,1644.879,USD_millions,stock,1,https://www.sec.gov/Archives/edgar/data/1766502/000176650222000008/,2026-08-05T12:11:50+00:00,0001766502,USD,2021,
chwy,CHWY,0001766502-23-000011,10-K,2023-03-22,,2022-01-30,2021,FY,,current_liabilities,us-gaap,LiabilitiesCurrent,1644879000.0,1644.879,USD_millions,stock,1,https://www.sec.gov/Archives/edgar/data/1766502/000176650223000011/,2026-08-05T12:11:50+00:00,0001766502,USD,2022,CY2021Q4I
chwy,CHWY,0001766502-22-000008,10-K,2022-03-29,,2022-01-30,2021,FY,,inventory,us-gaap,InventoryNet,560430000.0,560.43,USD_millions,stock,1,https://www.sec.gov/Archives/edgar/data/1766502/000176650222000008/,2026-08-05T12:11:50+00:00,0001766502,USD,2021,
chwy,CHWY,0001766502-23-000011,10-K,2023-03-22,,2022-01-30,2021,FY,,inventory,us-gaap,InventoryNet,560430000.0,560.43,USD_millions,stock,1,https://www.sec.gov/Archives/edgar/data/1766502/000176650223000011/,2026-08-05T12:11:50+00:00,0001766502,USD,2022,CY2021Q4I
chwy,CHWY,0001766502-22-000008,10-K,2022-03-29,2021-02-01,2022-01-30,2021,FY,363.0,net_income,us-gaap,NetIncomeLoss,-73817000.0,-73.817,USD_millions,flow,1,https://www.sec.gov/Archives/edgar/data/1766502/000176650222000008/,2026-08-05T12:11:50+00:00,0001766502,USD,2021,
chwy,CHWY,0001766502-23-000011,10-K,2023-03-22,2021-02-01,2022-01-30,2021,FY,363.0,net_income,us-gaap,NetIncomeLoss,-73817000.0,-73.817,USD_millions,flow,1,https://www.sec.gov/Archives/edgar/data/1766502/000176650223000011/,2026-08-05T12:11:50+00:00,0001766502,USD,2022,
chwy,CHWY,0001766502-24-000014,10-K,2024-03-20,2021-02-01,2022-01-30,2021,FY,363.0,net_income,us-gaap,NetIncomeLoss,-75207000.0,-75.207,USD_millions,flow,1,https://www.sec.gov/Archives/edgar/data/1766502/000176650224000014/,2026-08-05T12:11:50+00:00,0001766502,USD,2023,
chwy,CHWY,0001766502-22-000008,10-K,2022-03-29,2021-02-01,2022-01-30,2021,FY,363.0,operating_cash_flow,us-gaap,NetCashProvidedByUsedInOperatingActivities,191739000.0,191.739,USD_millions,flow,1,https://www.sec.gov/Archives/edgar/data/1766502/000176650222000008/,2026-08-05T12:11:50+00:00,0001766502,USD,2021,
chwy,CHWY,0001766502-23-000011,10-K,2023-03-22,2021-02-01,2022-01-30,2021,FY,363.0,operating_cash_flow,us-gaap,NetCashProvidedByUsedInOperatingActivities,191739000.0,191.739,USD_millions,flow,1,https://www.sec.gov/Archives/edgar/data/1766502/000176650223000011/,2026-08-05T12:11:50+00:00,0001766502,USD,2022,
chwy,CHWY,0001766502-24-000014,10-K,2024-03-20,2021-02-01,2022-01-30,2021,FY,363.0,operating_cash_flow,us-gaap,NetCashProvidedByUsedInOperatingActivities,191743000.0,191.743,USD_millions,flow,1,https://www.sec.gov/Archives/edgar/data/1766502/000176650224000014/,2026-08-05T12:11:50+00:00,0001766502,USD,2023,CY2021
chwy,CHWY,0001766502-22-000008,10-K,2022-03-29,2021-02-01,2022-01-30,2021,FY,363.0,operating_income,us-gaap,OperatingIncomeLoss,-72178000.0,-72.178,USD_millions,flow,1,https://www.sec.gov/Archives/edgar/data/1766502/000176650222000008/,2026-08-05T12:11:50+00:00,0001766502,USD,2021,
chwy,CHWY,0001766502-23-000011,10-K,2023-03-22,2021-02-01,2022-01-30,2021,FY,363.0,operating_income,us-gaap,OperatingIncomeLoss,-72178000.0,-72.178,USD_millions,flow,1,https://www.sec.gov/Archives/edgar/data/1766502/000176650223000011/,2026-08-05T12:11:50+00:00,0001766502,USD,2022,
chwy,CHWY,0001766502-24-000014,10-K,2024-03-20,2021-02-01,2022-01-30,2021,FY,363.0,operating_income,us-gaap,OperatingIncomeLoss,-73566000.0,-73.566,USD_millions,flow,1,https://www.sec.gov/Archives/edgar/data/1766502/000176650224000014/,2026-08-05T12:11:50+00:00,0001766502,USD,2023,CY2021
chwy,CHWY,0001766502-22-000008,10-K,2022-03-29,2021-02-01,2022-01-30,2021,FY,363.0,revenue,us-gaap,RevenueFromContractWithCustomerExcludingAssessedTax,8890773000.0,8890.773,USD_millions,flow,1,https://www.sec.gov/Archives/edgar/data/1766502/000176650222000008/,2026-08-05T12:11:50+00:00,0001766502,USD,2021,
chwy,CHWY,0001766502-23-000011,10-K,2023-03-22,2021-02-01,2022-01-30,2021,FY,363.0,revenue,us-gaap,RevenueFromContractWithCustomerExcludingAssessedTax,8890773000.0,8890.773,USD_millions,flow,1,https://www.sec.gov/Archives/edgar/data/1766502/000176650223000011/,2026-08-05T12:11:50+00:00,0001766502,USD,2022,
chwy,CHWY,0001766502-24-000014,10-K,2024-03-20,2021-02-01,2022-01-30,2021,FY,363.0,revenue,us-gaap,RevenueFromContractWithCustomerExcludingAssessedTax,8967407000.0,8967.407,USD_millions,flow,1,https://www.sec.gov/Archives/edgar/data/1766502/000176650224000014/,2026-08-05T12:11:50+00:00,0001766502,USD,2023,CY2021
chwy,CHWY,0001766502-22-000008,10-K,2022-03-29,,2022-01-30,2021,FY,,total_assets,us-gaap,Assets,2086281000.0,2086.281,USD_millions,stock,1,https://www.sec.gov/Archives/edgar/data/1766502/000176650222000008/,2026-08-05T12:11:50+00:00,0001766502,USD,2021,
chwy,CHWY,0001766502-23-000011,10-K,2023-03-22,,2022-01-30,2021,FY,,total_assets,us-gaap,Assets,2086281000.0,2086.281,USD_millions,stock,1,https://www.sec.gov/Archives/edgar/data/1766502/000176650223000011/,2026-08-05T12:11:50+00:00,0001766502,USD,2022,CY2021Q4I
chwy,CHWY,0001766502-22-000008,10-K,2022-03-29,,2022-01-30,2021,FY,,total_equity,us-gaap,StockholdersEquity,14736000.0,14.736,USD_millions,stock,1,https://www.sec.gov/Archives/edgar/data/1766502/000176650222000008/,2026-08-05T12:11:50+00:00,0001766502,USD,2021,
chwy,CHWY,0001766502-23-000011,10-K,2023-03-22,,2022-01-30,2021,FY,,total_equity,us-gaap,StockholdersEquity,14736000.0,14.736,USD_millions,stock,1,https://www.sec.gov/Archives/edgar/data/1766502/000176650223000011/,2026-08-05T12:11:50+00:00,0001766502,USD,2022,
chwy,CHWY,0001766502-24-000014,10-K,2024-03-20,,2022-01-30,2021,FY,,total_equity,us-gaap,StockholdersEquity,-39620000.0,-39.62,USD_millions,stock,1,https://www.sec.gov/Archives/edgar/data/1766502/000176650224000014/,2026-08-05T12:11:50+00:00,0001766502,USD,2023,
chwy,CHWY,0001766502-25-000014,10-K,2025-03-26,,2022-01-30,2021,FY,,total_equity,us-gaap,StockholdersEquity,-39620000.0,-39.62,USD_millions,stock,1,https://www.sec.gov/Archives/edgar/data/1766502/000176650225000014/,2026-08-05T12:11:50+00:00,0001766502,USD,2024,CY2021Q4I
chwy,CHWY,0001766502-22-000008,10-K,2022-03-29,,2022-01-30,2021,FY,,total_liabilities,us-gaap,Liabilities,2071545000.0,2071.545,USD_millions,stock,1,https://www.sec.gov/Archives/edgar/data/1766502/000176650222000008/,2026-08-05T12:11:50+00:00,0001766502,USD,2021,
chwy,CHWY,0001766502-23-000011,10-K,2023-03-22,,2022-01-30,2021,FY,,total_liabilities,us-gaap,Liabilities,2071545000.0,2071.545,USD_millions,stock,1,https://www.sec.gov/Archives/edgar/data/1766502/000176650223000011/,2026-08-05T12:11:50+00:00,0001766502,USD,2022,CY2021Q4I
chwy,CHWY,0001766502-24-000014,10-K,2024-03-20,2022-01-31,2023-01-29,2022,FY,363.0,capital_expenditure,us-gaap,PaymentsToAcquireProductiveAssets,230310000.0,230.31,USD_millions,flow,2,https://www.sec.gov/Archives/edgar/data/1766502/000176650224000014/,2026-08-05T12:11:50+00:00,0001766502,USD,2023,
chwy,CHWY,0001766502-25-000014,10-K,2025-03-26,2022-01-31,2023-01-29,2022,FY,363.0,capital_expenditure,us-gaap,PaymentsToAcquireProductiveAssets,230310000.0,230.31,USD_millions,flow,2,https://www.sec.gov/Archives/edgar/data/1766502/000176650225000014/,2026-08-05T12:11:50+00:00,0001766502,USD,2024,CY2022
chwy,CHWY,0001766502-23-000011,10-K,2023-03-22,,2023-01-29,2022,FY,,cash_and_equivalents,us-gaap,CashAndCashEquivalentsAtCarryingValue,330441000.0,330.441,USD_millions,stock,1,https://www.sec.gov/Archives/edgar/data/1766502/000176650223000011/,2026-08-05T12:11:50+00:00,0001766502,USD,2022,
chwy,CHWY,0001766502-24-000014,10-K,2024-03-20,,2023-01-29,2022,FY,,cash_and_equivalents,us-gaap,CashAndCashEquivalentsAtCarryingValue,331641000.0,331.641,USD_millions,stock,1,https://www.sec.gov/Archives/edgar/data/1766502/000176650224000014/,2026-08-05T12:11:50+00:00,0001766502,USD,2023,CY2022Q4I
chwy,CHWY,0001766502-23-000011,10-K,2023-03-22,,2023-01-29,2022,FY,,current_assets,us-gaap,AssetsCurrent,1520321000.0,1520.321,USD_millions,stock,1,https://www.sec.gov/Archives/edgar/data/1766502/000176650223000011/,2026-08-05T12:11:50+00:00,0001766502,USD,2022,
chwy,CHWY,0001766502-24-000014,10-K,2024-03-20,,2023-01-29,2022,FY,,current_assets,us-gaap,AssetsCurrent,1524780000.0,1524.78,USD_millions,stock,1,https://www.sec.gov/Archives/edgar/data/1766502/000176650224000014/,2026-08-05T12:11:50+00:00,0001766502,USD,2023,CY2022Q4I
chwy,CHWY,0001766502-23-000011,10-K,2023-03-22,,2023-01-29,2022,FY,,current_liabilities,us-gaap,LiabilitiesCurrent,1769349000.0,1769.349,USD_millions,stock,1,https://www.sec.gov/Archives/edgar/data/1766502/000176650223000011/,2026-08-05T12:11:50+00:00,0001766502,USD,2022,
chwy,CHWY,0001766502-24-000014,10-K,2024-03-20,,2023-01-29,2022,FY,,current_liabilities,us-gaap,LiabilitiesCurrent,1827718000.0,1827.718,USD_millions,stock,1,https://www.sec.gov/Archives/edgar/data/1766502/000176650224000014/,2026-08-05T12:11:50+00:00,0001766502,USD,2023,CY2022Q4I
chwy,CHWY,0001766502-23-000011,10-K,2023-03-22,,2023-01-29,2022,FY,,inventory,us-gaap,InventoryNet,675520000.0,675.52,USD_millions,stock,1,https://www.sec.gov/Archives/edgar/data/1766502/000176650223000011/,2026-08-05T12:11:50+00:00,0001766502,USD,2022,
chwy,CHWY,0001766502-24-000014,10-K,2024-03-20,,2023-01-29,2022,FY,,inventory,us-gaap,InventoryNet,678005000.0,678.005,USD_millions,stock,1,https://www.sec.gov/Archives/edgar/data/1766502/000176650224000014/,2026-08-05T12:11:50+00:00,0001766502,USD,2023,CY2022Q4I
chwy,CHWY,0001766502-23-000011,10-K,2023-03-22,2022-01-31,2023-01-29,2022,FY,363.0,net_income,us-gaap,NetIncomeLoss,49232000.0,49.232,USD_millions,flow,1,https://www.sec.gov/Archives/edgar/data/1766502/000176650223000011/,2026-08-05T12:11:50+00:00,0001766502,USD,2022,
chwy,CHWY,0001766502-24-000014,10-K,2024-03-20,2022-01-31,2023-01-29,2022,FY,363.0,net_income,us-gaap,NetIncomeLoss,49899000.0,49.899,USD_millions,flow,1,https://www.sec.gov/Archives/edgar/data/1766502/000176650224000014/,2026-08-05T12:11:50+00:00,0001766502,USD,2023,
chwy,CHWY,0001766502-25-000014,10-K,2025-03-26,2022-01-31,2023-01-29,2022,FY,363.0,net_income,us-gaap,NetIncomeLoss,49899000.0,49.899,USD_millions,flow,1,https://www.sec.gov/Archives/edgar/data/1766502/000176650225000014/,2026-08-05T12:11:50+00:00,0001766502,USD,2024,
chwy,CHWY,0001766502-23-000011,10-K,2023-03-22,2022-01-31,2023-01-29,2022,FY,363.0,operating_cash_flow,us-gaap,NetCashProvidedByUsedInOperatingActivities,349572000.0,349.572,USD_millions,flow,1,https://www.sec.gov/Archives/edgar/data/1766502/000176650223000011/,2026-08-05T12:11:50+00:00,0001766502,USD,2022,
chwy,CHWY,0001766502-24-000014,10-K,2024-03-20,2022-01-31,2023-01-29,2022,FY,363.0,operating_cash_flow,us-gaap,NetCashProvidedByUsedInOperatingActivities,349777000.0,349.777,USD_millions,flow,1,https://www.sec.gov/Archives/edgar/data/1766502/000176650224000014/,2026-08-05T12:11:50+00:00,0001766502,USD,2023,
chwy,CHWY,0001766502-25-000014,10-K,2025-03-26,2022-01-31,2023-01-29,2022,FY,363.0,operating_cash_flow,us-gaap,NetCashProvidedByUsedInOperatingActivities,349777000.0,349.777,USD_millions,flow,1,https://www.sec.gov/Archives/edgar/data/1766502/000176650225000014/,2026-08-05T12:11:50+00:00,0001766502,USD,2024,CY2022
chwy,CHWY,0001766502-23-000011,10-K,2023-03-22,2022-01-31,2023-01-29,2022,FY,363.0,operating_income,us-gaap,OperatingIncomeLoss,55753000.0,55.753,USD_millions,flow,1,https://www.sec.gov/Archives/edgar/data/1766502/000176650223000011/,2026-08-05T12:11:50+00:00,0001766502,USD,2022,
chwy,CHWY,0001766502-24-000014,10-K,2024-03-20,2022-01-31,2023-01-29,2022,FY,363.0,operating_income,us-gaap,OperatingIncomeLoss,56421000.0,56.421,USD_millions,flow,1,https://www.sec.gov/Archives/edgar/data/1766502/000176650224000014/,2026-08-05T12:11:50+00:00,0001766502,USD,2023,
chwy,CHWY,0001766502-25-000014,10-K,2025-03-26,2022-01-31,2023-01-29,2022,FY,363.0,operating_income,us-gaap,OperatingIncomeLoss,56421000.0,56.421,USD_millions,flow,1,https://www.sec.gov/Archives/edgar/data/1766502/000176650225000014/,2026-08-05T12:11:50+00:00,0001766502,USD,2024,CY2022
chwy,CHWY,0001766502-23-000011,10-K,2023-03-22,2022-01-31,2023-01-29,2022,FY,363.0,revenue,us-gaap,RevenueFromContractWithCustomerExcludingAssessedTax,10098939000.0,10098.939,USD_millions,flow,1,https://www.sec.gov/Archives/edgar/data/1766502/000176650223000011/,2026-08-05T12:11:50+00:00,0001766502,USD,2022,
chwy,CHWY,0001766502-24-000014,10-K,2024-03-20,2022-01-31,2023-01-29,2022,FY,363.0,revenue,us-gaap,RevenueFromContractWithCustomerExcludingAssessedTax,10119000000.0,10119.0,USD_millions,flow,1,https://www.sec.gov/Archives/edgar/data/1766502/000176650224000014/,2026-08-05T12:11:50+00:00,0001766502,USD,2023,
chwy,CHWY,0001766502-25-000014,10-K,2025-03-26,2022-01-31,2023-01-29,2022,FY,363.0,revenue,us-gaap,RevenueFromContractWithCustomerExcludingAssessedTax,10119000000.0,10119.0,USD_millions,flow,1,https://www.sec.gov/Archives/edgar/data/1766502/000176650225000014/,2026-08-05T12:11:50+00:00,0001766502,USD,2024,CY2022
chwy,CHWY,0001766502-23-000011,10-K,2023-03-22,,2023-01-29,2022,FY,,total_assets,us-gaap,Assets,2515076000.0,2515.076,USD_millions,stock,1,https://www.sec.gov/Archives/edgar/data/1766502/000176650223000011/,2026-08-05T12:11:50+00:00,0001766502,USD,2022,
chwy,CHWY,0001766502-24-000014,10-K,2024-03-20,,2023-01-29,2022,FY,,total_assets,us-gaap,Assets,2519818000.0,2519.818,USD_millions,stock,1,https://www.sec.gov/Archives/edgar/data/1766502/000176650224000014/,2026-08-05T12:11:50+00:00,0001766502,USD,2023,CY2022Q4I
chwy,CHWY,0001766502-23-000011,10-K,2023-03-22,,2023-01-29,2022,FY,,total_equity,us-gaap,StockholdersEquity,213957000.0,213.957,USD_millions,stock,1,https://www.sec.gov/Archives/edgar/data/1766502/000176650223000011/,2026-08-05T12:11:50+00:00,0001766502,USD,2022,
chwy,CHWY,0001766502-24-000014,10-K,2024-03-20,,2023-01-29,2022,FY,,total_equity,us-gaap,StockholdersEquity,160268000.0,160.268,USD_millions,stock,1,https://www.sec.gov/Archives/edgar/data/1766502/000176650224000014/,2026-08-05T12:11:50+00:00,0001766502,USD,2023,
chwy,CHWY,0001766502-25-000014,10-K,2025-03-26,,2023-01-29,2022,FY,,total_equity,us-gaap,StockholdersEquity,160268000.0,160.268,USD_millions,stock,1,https://www.sec.gov/Archives/edgar/data/1766502/000176650225000014/,2026-08-05T12:11:50+00:00,0001766502,USD,2024,
chwy,CHWY,0001766502-26-000034,10-K,2026-03-25,,2023-01-29,2022,FY,,total_equity,us-gaap,StockholdersEquity,160300000.0,160.3,USD_millions,stock,1,https://www.sec.gov/Archives/edgar/data/1766502/000176650226000034/,2026-08-05T12:11:50+00:00,0001766502,USD,2025,CY2022Q4I
chwy,CHWY,0001766502-23-000011,10-K,2023-03-22,,2023-01-29,2022,FY,,total_liabilities,us-gaap,Liabilities,2301119000.0,2301.119,USD_millions,stock,1,https://www.sec.gov/Archives/edgar/data/1766502/000176650223000011/,2026-08-05T12:11:50+00:00,0001766502,USD,2022,
chwy,CHWY,0001766502-24-000014,10-K,2024-03-20,,2023-01-29,2022,FY,,total_liabilities,us-gaap,Liabilities,2359550000.0,2359.55,USD_millions,stock,1,https://www.sec.gov/Archives/edgar/data/1766502/000176650224000014/,2026-08-05T12:11:50+00:00,0001766502,USD,2023,CY2022Q4I
chwy,CHWY,0001766502-24-000014,10-K,2024-03-20,2023-01-30,2024-01-28,2023,FY,363.0,capital_expenditure,us-gaap,PaymentsToAcquireProductiveAssets,143282000.0,143.282,USD_millions,flow,2,https://www.sec.gov/Archives/edgar/data/1766502/000176650224000014/,2026-08-05T12:11:50+00:00,0001766502,USD,2023,
chwy,CHWY,0001766502-25-000014,10-K,2025-03-26,2023-01-30,2024-01-28,2023,FY,363.0,capital_expenditure,us-gaap,PaymentsToAcquireProductiveAssets,143282000.0,143.282,USD_millions,flow,2,https://www.sec.gov/Archives/edgar/data/1766502/000176650225000014/,2026-08-05T12:11:50+00:00,0001766502,USD,2024,
chwy,CHWY,0001766502-26-000034,10-K,2026-03-25,2023-01-30,2024-01-28,2023,FY,363.0,capital_expenditure,us-gaap,PaymentsToAcquireProductiveAssets,143300000.0,143.3,USD_millions,flow,2,https://www.sec.gov/Archives/edgar/data/1766502/000176650226000034/,2026-08-05T12:11:50+00:00,0001766502,USD,2025,CY2023
chwy,CHWY,0001766502-24-000014,10-K,2024-03-20,,2024-01-28,2023,FY,,cash_and_equivalents,us-gaap,CashAndCashEquivalentsAtCarryingValue,602232000.0,602.232,USD_millions,stock,1,https://www.sec.gov/Archives/edgar/data/1766502/000176650224000014/,2026-08-05T12:11:50+00:00,0001766502,USD,2023,
chwy,CHWY,0001766502-25-000014,10-K,2025-03-26,,2024-01-28,2023,FY,,cash_and_equivalents,us-gaap,CashAndCashEquivalentsAtCarryingValue,602232000.0,602.232,USD_millions,stock,1,https://www.sec.gov/Archives/edgar/data/1766502/000176650225000014/,2026-08-05T12:11:50+00:00,0001766502,USD,2024,CY2023Q4I
chwy,CHWY,0001766502-24-000014,10-K,2024-03-20,,2024-01-28,2023,FY,,current_assets,us-gaap,AssetsCurrent,2104348000.0,2104.348,USD_millions,stock,1,https://www.sec.gov/Archives/edgar/data/1766502/000176650224000014/,2026-08-05T12:11:50+00:00,0001766502,USD,2023,
chwy,CHWY,0001766502-25-000014,10-K,2025-03-26,,2024-01-28,2023,FY,,current_assets,us-gaap,AssetsCurrent,2104348000.0,2104.348,USD_millions,stock,1,https://www.sec.gov/Archives/edgar/data/1766502/000176650225000014/,2026-08-05T12:11:50+00:00,0001766502,USD,2024,CY2023Q4I
chwy,CHWY,0001766502-24-000014,10-K,2024-03-20,,2024-01-28,2023,FY,,current_liabilities,us-gaap,LiabilitiesCurrent,2110877000.0,2110.877,USD_millions,stock,1,https://www.sec.gov/Archives/edgar/data/1766502/000176650224000014/,2026-08-05T12:11:50+00:00,0001766502,USD,2023,
chwy,CHWY,0001766502-25-000014,10-K,2025-03-26,,2024-01-28,2023,FY,,current_liabilities,us-gaap,LiabilitiesCurrent,2110877000.0,2110.877,USD_millions,stock,1,https://www.sec.gov/Archives/edgar/data/1766502/000176650225000014/,2026-08-05T12:11:50+00:00,0001766502,USD,2024,CY2023Q4I
chwy,CHWY,0001766502-24-000014,10-K,2024-03-20,,2024-01-28,2023,FY,,inventory,us-gaap,InventoryNet,719273000.0,719.273,USD_millions,stock,1,https://www.sec.gov/Archives/edgar/data/1766502/000176650224000014/,2026-08-05T12:11:50+00:00,0001766502,USD,2023,
chwy,CHWY,0001766502-25-000014,10-K,2025-03-26,,2024-01-28,2023,FY,,inventory,us-gaap,InventoryNet,719273000.0,719.273,USD_millions,stock,1,https://www.sec.gov/Archives/edgar/data/1766502/000176650225000014/,2026-08-05T12:11:50+00:00,0001766502,USD,2024,CY2023Q4I
chwy,CHWY,0001766502-24-000014,10-K,2024-03-20,2023-01-30,2024-01-28,2023,FY,363.0,net_income,us-gaap,NetIncomeLoss,39580000.0,39.58,USD_millions,flow,1,https://www.sec.gov/Archives/edgar/data/1766502/000176650224000014/,2026-08-05T12:11:50+00:00,0001766502,USD,2023,
chwy,CHWY,0001766502-25-000014,10-K,2025-03-26,2023-01-30,2024-01-28,2023,FY,363.0,net_income,us-gaap,NetIncomeLoss,39580000.0,39.58,USD_millions,flow,1,https://www.sec.gov/Archives/edgar/data/1766502/000176650225000014/,2026-08-05T12:11:50+00:00,0001766502,USD,2024,
chwy,CHWY,0001766502-26-000034,10-K,2026-03-25,2023-01-30,2024-01-28,2023,FY,363.0,net_income,us-gaap,NetIncomeLoss,39600000.0,39.6,USD_millions,flow,1,https://www.sec.gov/Archives/edgar/data/1766502/000176650226000034/,2026-08-05T12:11:50+00:00,0001766502,USD,2025,
chwy,CHWY,0001766502-24-000014,10-K,2024-03-20,2023-01-30,2024-01-28,2023,FY,363.0,operating_cash_flow,us-gaap,NetCashProvidedByUsedInOperatingActivities,486211000.0,486.211,USD_millions,flow,1,https://www.sec.gov/Archives/edgar/data/1766502/000176650224000014/,2026-08-05T12:11:50+00:00,0001766502,USD,2023,
chwy,CHWY,0001766502-25-000014,10-K,2025-03-26,2023-01-30,2024-01-28,2023,FY,363.0,operating_cash_flow,us-gaap,NetCashProvidedByUsedInOperatingActivities,486211000.0,486.211,USD_millions,flow,1,https://www.sec.gov/Archives/edgar/data/1766502/000176650225000014/,2026-08-05T12:11:50+00:00,0001766502,USD,2024,
chwy,CHWY,0001766502-26-000034,10-K,2026-03-25,2023-01-30,2024-01-28,2023,FY,363.0,operating_cash_flow,us-gaap,NetCashProvidedByUsedInOperatingActivities,486200000.0,486.2,USD_millions,flow,1,https://www.sec.gov/Archives/edgar/data/1766502/000176650226000034/,2026-08-05T12:11:50+00:00,0001766502,USD,2025,CY2023
chwy,CHWY,0001766502-24-000014,10-K,2024-03-20,2023-01-30,2024-01-28,2023,FY,363.0,operating_income,us-gaap,OperatingIncomeLoss,-23625000.0,-23.625,USD_millions,flow,1,https://www.sec.gov/Archives/edgar/data/1766502/000176650224000014/,2026-08-05T12:11:50+00:00,0001766502,USD,2023,
chwy,CHWY,0001766502-25-000014,10-K,2025-03-26,2023-01-30,2024-01-28,2023,FY,363.0,operating_income,us-gaap,OperatingIncomeLoss,-23625000.0,-23.625,USD_millions,flow,1,https://www.sec.gov/Archives/edgar/data/1766502/000176650225000014/,2026-08-05T12:11:50+00:00,0001766502,USD,2024,
chwy,CHWY,0001766502-26-000034,10-K,2026-03-25,2023-01-30,2024-01-28,2023,FY,363.0,operating_income,us-gaap,OperatingIncomeLoss,-23600000.0,-23.6,USD_millions,flow,1,https://www.sec.gov/Archives/edgar/data/1766502/000176650226000034/,2026-08-05T12:11:50+00:00,0001766502,USD,2025,CY2023
chwy,CHWY,0001766502-24-000014,10-K,2024-03-20,2023-01-30,2024-01-28,2023,FY,363.0,revenue,us-gaap,RevenueFromContractWithCustomerExcludingAssessedTax,11147720000.0,11147.72,USD_millions,flow,1,https://www.sec.gov/Archives/edgar/data/1766502/000176650224000014/,2026-08-05T12:11:50+00:00,0001766502,USD,2023,
chwy,CHWY,0001766502-25-000014,10-K,2025-03-26,2023-01-30,2024-01-28,2023,FY,363.0,revenue,us-gaap,RevenueFromContractWithCustomerExcludingAssessedTax,11147720000.0,11147.72,USD_millions,flow,1,https://www.sec.gov/Archives/edgar/data/1766502/000176650225000014/,2026-08-05T12:11:50+00:00,0001766502,USD,2024,
chwy,CHWY,0001766502-26-000034,10-K,2026-03-25,2023-01-30,2024-01-28,2023,FY,363.0,revenue,us-gaap,RevenueFromContractWithCustomerExcludingAssessedTax,11147700000.0,11147.7,USD_millions,flow,1,https://www.sec.gov/Archives/edgar/data/1766502/000176650226000034/,2026-08-05T12:11:50+00:00,0001766502,USD,2025,CY2023
chwy,CHWY,0001766502-24-000014,10-K,2024-03-20,,2024-01-28,2023,FY,,total_assets,us-gaap,Assets,3186851000.0,3186.851,USD_millions,stock,1,https://www.sec.gov/Archives/edgar/data/1766502/000176650224000014/,2026-08-05T12:11:50+00:00,0001766502,USD,2023,
chwy,CHWY,0001766502-25-000014,10-K,2025-03-26,,2024-01-28,2023,FY,,total_assets,us-gaap,Assets,3186851000.0,3186.851,USD_millions,stock,1,https://www.sec.gov/Archives/edgar/data/1766502/000176650225000014/,2026-08-05T12:11:50+00:00,0001766502,USD,2024,CY2023Q4I
chwy,CHWY,0001766502-24-000014,10-K,2024-03-20,,2024-01-28,2023,FY,,total_equity,us-gaap,StockholdersEquity,510244000.0,510.244,USD_millions,stock,1,https://www.sec.gov/Archives/edgar/data/1766502/000176650224000014/,2026-08-05T12:11:50+00:00,0001766502,USD,2023,
chwy,CHWY,0001766502-25-000014,10-K,2025-03-26,,2024-01-28,2023,FY,,total_equity,us-gaap,StockholdersEquity,510244000.0,510.244,USD_millions,stock,1,https://www.sec.gov/Archives/edgar/data/1766502/000176650225000014/,2026-08-05T12:11:50+00:00,0001766502,USD,2024,
chwy,CHWY,0001766502-26-000034,10-K,2026-03-25,,2024-01-28,2023,FY,,total_equity,us-gaap,StockholdersEquity,510300000.0,510.3,USD_millions,stock,1,https://www.sec.gov/Archives/edgar/data/1766502/000176650226000034/,2026-08-05T12:11:50+00:00,0001766502,USD,2025,CY2023Q4I
chwy,CHWY,0001766502-24-000014,10-K,2024-03-20,,2024-01-28,2023,FY,,total_liabilities,us-gaap,Liabilities,2676607000.0,2676.607,USD_millions,stock,1,https://www.sec.gov/Archives/edgar/data/1766502/000176650224000014/,2026-08-05T12:11:50+00:00,0001766502,USD,2023,
chwy,CHWY,0001766502-25-000014,10-K,2025-03-26,,2024-01-28,2023,FY,,total_liabilities,us-gaap,Liabilities,2676607000.0,2676.607,USD_millions,stock,1,https://www.sec.gov/Archives/edgar/data/1766502/000176650225000014/,2026-08-05T12:11:50+00:00,0001766502,USD,2024,CY2023Q4I
dash,DASH,0001628280-22-004350,10-K,2022-03-01,2021-01-01,2021-12-31,2021,FY,364.0,capital_expenditure,us-gaap,PaymentsToAcquirePropertyPlantAndEquipment,129000000.0,129.0,USD_millions,flow,1,https://www.sec.gov/Archives/edgar/data/1792789/000162828022004350/,2026-08-05T12:11:50+00:00,0001792789,USD,2021,
dash,DASH,0001628280-23-005131,10-K,2023-02-27,2021-01-01,2021-12-31,2021,FY,364.0,capital_expenditure,us-gaap,PaymentsToAcquirePropertyPlantAndEquipment,129000000.0,129.0,USD_millions,flow,1,https://www.sec.gov/Archives/edgar/data/1792789/000162828023005131/,2026-08-05T12:11:50+00:00,0001792789,USD,2022,
dash,DASH,0001628280-24-005600,10-K,2024-02-20,2021-01-01,2021-12-31,2021,FY,364.0,capital_expenditure,us-gaap,override:PaymentsToAcquirePropertyPlantAndEquipment+PaymentsToDevelopSoftware,237000000.0,237.0,USD_millions,flow,0,https://www.sec.gov/Archives/edgar/data/1792789/000162828024005600/,2026-08-05T12:11:50+00:00,0001792789,USD,2023,CY2021
dash,DASH,0001628280-24-005600,10-K,2024-02-20,2021-01-01,2021-12-31,2021,FY,364.0,capital_expenditure,us-gaap,PaymentsToAcquirePropertyPlantAndEquipment,129000000.0,129.0,USD_millions,flow,1,https://www.sec.gov/Archives/edgar/data/1792789/000162828024005600/,2026-08-05T12:11:50+00:00,0001792789,USD,2023,CY2021
dash,DASH,0001628280-22-004350,10-K,2022-03-01,,2021-12-31,2021,FY,,cash_and_equivalents,us-gaap,CashAndCashEquivalentsAtCarryingValue,2504000000.0,2504.0,USD_millions,stock,1,https://www.sec.gov/Archives/edgar/data/1792789/000162828022004350/,2026-08-05T12:11:50+00:00,0001792789,USD,2021,
dash,DASH,0001628280-23-005131,10-K,2023-02-27,,2021-12-31,2021,FY,,cash_and_equivalents,us-gaap,CashAndCashEquivalentsAtCarryingValue,2504000000.0,2504.0,USD_millions,stock,1,https://www.sec.gov/Archives/edgar/data/1792789/000162828023005131/,2026-08-05T12:11:50+00:00,0001792789,USD,2022,
dash,DASH,0001628280-24-005600,10-K,2024-02-20,,2021-12-31,2021,FY,,cash_and_equivalents,us-gaap,CashAndCashEquivalentsAtCarryingValue,2504000000.0,2504.0,USD_millions,stock,1,https://www.sec.gov/Archives/edgar/data/1792789/000162828024005600/,2026-08-05T12:11:50+00:00,0001792789,USD,2023,CY2021Q4I
dash,DASH,0001628280-22-004350,10-K,2022-03-01,,2021-12-31,2021,FY,,current_assets,us-gaap,AssetsCurrent,4565000000.0,4565.0,USD_millions,stock,1,https://www.sec.gov/Archives/edgar/data/1792789/000162828022004350/,2026-08-05T12:11:50+00:00,0001792789,USD,2021,
dash,DASH,0001628280-23-005131,10-K,2023-02-27,,2021-12-31,2021,FY,,current_assets,us-gaap,AssetsCurrent,4565000000.0,4565.0,USD_millions,stock,1,https://www.sec.gov/Archives/edgar/data/1792789/000162828023005131/,2026-08-05T12:11:50+00:00,0001792789,USD,2022,CY2021Q4I
dash,DASH,0001628280-22-004350,10-K,2022-03-01,,2021-12-31,2021,FY,,current_liabilities,us-gaap,LiabilitiesCurrent,1760000000.0,1760.0,USD_millions,stock,1,https://www.sec.gov/Archives/edgar/data/1792789/000162828022004350/,2026-08-05T12:11:50+00:00,0001792789,USD,2021,
dash,DASH,0001628280-23-005131,10-K,2023-02-27,,2021-12-31,2021,FY,,current_liabilities,us-gaap,LiabilitiesCurrent,1760000000.0,1760.0,USD_millions,stock,1,https://www.sec.gov/Archives/edgar/data/1792789/000162828023005131/,2026-08-05T12:11:50+00:00,0001792789,USD,2022,CY2021Q4I
dash,DASH,0001628280-22-004350,10-K,2022-03-01,2021-01-01,2021-12-31,2021,FY,364.0,net_income,us-gaap,NetIncomeLoss,-468000000.0,-468.0,USD_millions,flow,1,https://www.sec.gov/Archives/edgar/data/1792789/000162828022004350/,2026-08-05T12:11:50+00:00,0001792789,USD,2021,
dash,DASH,0001628280-22-004350,10-K,2022-03-01,2021-01-01,2021-12-31,2021,FY,364.0,net_income,us-gaap,NetIncomeLossAvailableToCommonStockholdersBasic,-468000000.0,-468.0,USD_millions,flow,3,https://www.sec.gov/Archives/edgar/data/1792789/000162828022004350/,2026-08-05T12:11:50+00:00,0001792789,USD,2021,CY2021
dash,DASH,0001628280-23-005131,10-K,2023-02-27,2021-01-01,2021-12-31,2021,FY,364.0,net_income,us-gaap,NetIncomeLoss,-468000000.0,-468.0,USD_millions,flow,1,https://www.sec.gov/Archives/edgar/data/1792789/000162828023005131/,2026-08-05T12:11:50+00:00,0001792789,USD,2022,
dash,DASH,0001628280-23-005131,10-K,2023-02-27,2021-01-01,2021-12-31,2021,FY,364.0,net_income,us-gaap,ProfitLoss,-468000000.0,-468.0,USD_millions,flow,2,https://www.sec.gov/Archives/edgar/data/1792789/000162828023005131/,2026-08-05T12:11:50+00:00,0001792789,USD,2022,
dash,DASH,0001628280-24-005600,10-K,2024-02-20,2021-01-01,2021-12-31,2021,FY,364.0,net_income,us-gaap,NetIncomeLoss,-468000000.0,-468.0,USD_millions,flow,1,https://www.sec.gov/Archives/edgar/data/1792789/000162828024005600/,2026-08-05T12:11:50+00:00,0001792789,USD,2023,
dash,DASH,0001628280-24-005600,10-K,2024-02-20,2021-01-01,2021-12-31,2021,FY,364.0,net_income,us-gaap,ProfitLoss,-468000000.0,-468.0,USD_millions,flow,2,https://www.sec.gov/Archives/edgar/data/1792789/000162828024005600/,2026-08-05T12:11:50+00:00,0001792789,USD,2023,CY2021
dash,DASH,0001628280-22-004350,10-K,2022-03-01,2021-01-01,2021-12-31,2021,FY,364.0,operating_cash_flow,us-gaap,NetCashProvidedByUsedInOperatingActivities,692000000.0,692.0,USD_millions,flow,1,https://www.sec.gov/Archives/edgar/data/1792789/000162828022004350/,2026-08-05T12:11:50+00:00,0001792789,USD,2021,
dash,DASH,0001628280-23-005131,10-K,2023-02-27,2021-01-01,2021-12-31,2021,FY,364.0,operating_cash_flow,us-gaap,NetCashProvidedByUsedInOperatingActivities,692000000.0,692.0,USD_millions,flow,1,https://www.sec.gov/Archives/edgar/data/1792789/000162828023005131/,2026-08-05T12:11:50+00:00,0001792789,USD,2022,
dash,DASH,0001628280-24-005600,10-K,2024-02-20,2021-01-01,2021-12-31,2021,FY,364.0,operating_cash_flow,us-gaap,NetCashProvidedByUsedInOperatingActivities,692000000.0,692.0,USD_millions,flow,1,https://www.sec.gov/Archives/edgar/data/1792789/000162828024005600/,2026-08-05T12:11:50+00:00,0001792789,USD,2023,CY2021
dash,DASH,0001628280-22-004350,10-K,2022-03-01,2021-01-01,2021-12-31,2021,FY,364.0,operating_income,us-gaap,OperatingIncomeLoss,-452000000.0,-452.0,USD_millions,flow,1,https://www.sec.gov/Archives/edgar/data/1792789/000162828022004350/,2026-08-05T12:11:50+00:00,0001792789,USD,2021,
dash,DASH,0001628280-23-005131,10-K,2023-02-27,2021-01-01,2021-12-31,2021,FY,364.0,operating_income,us-gaap,OperatingIncomeLoss,-452000000.0,-452.0,USD_millions,flow,1,https://www.sec.gov/Archives/edgar/data/1792789/000162828023005131/,2026-08-05T12:11:50+00:00,0001792789,USD,2022,
dash,DASH,0001628280-24-005600,10-K,2024-02-20,2021-01-01,2021-12-31,2021,FY,364.0,operating_income,us-gaap,OperatingIncomeLoss,-452000000.0,-452.0,USD_millions,flow,1,https://www.sec.gov/Archives/edgar/data/1792789/000162828024005600/,2026-08-05T12:11:50+00:00,0001792789,USD,2023,CY2021
dash,DASH,0001628280-22-004350,10-K,2022-03-01,2021-01-01,2021-12-31,2021,FY,364.0,revenue,us-gaap,RevenueFromContractWithCustomerExcludingAssessedTax,4888000000.0,4888.0,USD_millions,flow,1,https://www.sec.gov/Archives/edgar/data/1792789/000162828022004350/,2026-08-05T12:11:50+00:00,0001792789,USD,2021,
dash,DASH,0001628280-23-005131,10-K,2023-02-27,2021-01-01,2021-12-31,2021,FY,364.0,revenue,us-gaap,RevenueFromContractWithCustomerExcludingAssessedTax,4888000000.0,4888.0,USD_millions,flow,1,https://www.sec.gov/Archives/edgar/data/1792789/000162828023005131/,2026-08-05T12:11:50+00:00,0001792789,USD,2022,
dash,DASH,0001628280-24-005600,10-K,2024-02-20,2021-01-01,2021-12-31,2021,FY,364.0,revenue,us-gaap,RevenueFromContractWithCustomerExcludingAssessedTax,4888000000.0,4888.0,USD_millions,flow,1,https://www.sec.gov/Archives/edgar/data/1792789/000162828024005600/,2026-08-05T12:11:50+00:00,0001792789,USD,2023,CY2021
dash,DASH,0001628280-22-004350,10-K,2022-03-01,,2021-12-31,2021,FY,,total_assets,us-gaap,Assets,6809000000.0,6809.0,USD_millions,stock,1,https://www.sec.gov/Archives/edgar/data/1792789/000162828022004350/,2026-08-05T12:11:50+00:00,0001792789,USD,2021,
dash,DASH,0001628280-23-005131,10-K,2023-02-27,,2021-12-31,2021,FY,,total_assets,us-gaap,Assets,6809000000.0,6809.0,USD_millions,stock,1,https://www.sec.gov/Archives/edgar/data/1792789/000162828023005131/,2026-08-05T12:11:50+00:00,0001792789,USD,2022,CY2021Q4I
dash,DASH,0001628280-22-004350,10-K,2022-03-01,,2021-12-31,2021,FY,,total_equity,us-gaap,StockholdersEquity,4667000000.0,4667.0,USD_millions,stock,1,https://www.sec.gov/Archives/edgar/data/1792789/000162828022004350/,2026-08-05T12:11:50+00:00,0001792789,USD,2021,
dash,DASH,0001628280-23-005131,10-K,2023-02-27,,2021-12-31,2021,FY,,total_equity,us-gaap,StockholdersEquity,4667000000.0,4667.0,USD_millions,stock,1,https://www.sec.gov/Archives/edgar/data/1792789/000162828023005131/,2026-08-05T12:11:50+00:00,0001792789,USD,2022,
dash,DASH,0001628280-24-005600,10-K,2024-02-20,,2021-12-31,2021,FY,,total_equity,us-gaap,StockholdersEquity,4667000000.0,4667.0,USD_millions,stock,1,https://www.sec.gov/Archives/edgar/data/1792789/000162828024005600/,2026-08-05T12:11:50+00:00,0001792789,USD,2023,
dash,DASH,0001628280-25-005715,10-K,2025-02-14,,2021-12-31,2021,FY,,total_equity,us-gaap,StockholdersEquity,4667000000.0,4667.0,USD_millions,stock,1,https://www.sec.gov/Archives/edgar/data/1792789/000162828025005715/,2026-08-05T12:11:50+00:00,0001792789,USD,2024,CY2021Q4I
dash,DASH,0001628280-22-004350,10-K,2022-03-01,,2021-12-31,2021,FY,,total_liabilities,us-gaap,Liabilities,2142000000.0,2142.0,USD_millions,stock,1,https://www.sec.gov/Archives/edgar/data/1792789/000162828022004350/,2026-08-05T12:11:50+00:00,0001792789,USD,2021,
dash,DASH,0001628280-23-005131,10-K,2023-02-27,,2021-12-31,2021,FY,,total_liabilities,us-gaap,Liabilities,2142000000.0,2142.0,USD_millions,stock,1,https://www.sec.gov/Archives/edgar/data/1792789/000162828023005131/,2026-08-05T12:11:50+00:00,0001792789,USD,2022,CY2021Q4I
dash,DASH,0001628280-23-005131,10-K,2023-02-27,2022-01-01,2022-12-31,2022,FY,364.0,capital_expenditure,us-gaap,PaymentsToAcquirePropertyPlantAndEquipment,176000000.0,176.0,USD_millions,flow,1,https://www.sec.gov/Archives/edgar/data/1792789/000162828023005131/,2026-08-05T12:11:50+00:00,0001792789,USD,2022,
dash,DASH,0001628280-24-005600,10-K,2024-02-20,2022-01-01,2022-12-31,2022,FY,364.0,capital_expenditure,us-gaap,PaymentsToAcquirePropertyPlantAndEquipment,176000000.0,176.0,USD_millions,flow,1,https://www.sec.gov/Archives/edgar/data/1792789/000162828024005600/,2026-08-05T12:11:50+00:00,0001792789,USD,2023,
dash,DASH,0001628280-25-005715,10-K,2025-02-14,2022-01-01,2022-12-31,2022,FY,364.0,capital_expenditure,us-gaap,override:PaymentsToAcquirePropertyPlantAndEquipment+PaymentsToDevelopSoftware,346000000.0,346.0,USD_millions,flow,0,https://www.sec.gov/Archives/edgar/data/1792789/000162828025005715/,2026-08-05T12:11:50+00:00,0001792789,USD,2024,CY2022
dash,DASH,0001628280-25-005715,10-K,2025-02-14,2022-01-01,2022-12-31,2022,FY,364.0,capital_expenditure,us-gaap,PaymentsToAcquirePropertyPlantAndEquipment,176000000.0,176.0,USD_millions,flow,1,https://www.sec.gov/Archives/edgar/data/1792789/000162828025005715/,2026-08-05T12:11:50+00:00,0001792789,USD,2024,CY2022
dash,DASH,0001628280-23-005131,10-K,2023-02-27,,2022-12-31,2022,FY,,cash_and_equivalents,us-gaap,CashAndCashEquivalentsAtCarryingValue,1977000000.0,1977.0,USD_millions,stock,1,https://www.sec.gov/Archives/edgar/data/1792789/000162828023005131/,2026-08-05T12:11:50+00:00,0001792789,USD,2022,
dash,DASH,0001628280-24-005600,10-K,2024-02-20,,2022-12-31,2022,FY,,cash_and_equivalents,us-gaap,CashAndCashEquivalentsAtCarryingValue,1977000000.0,1977.0,USD_millions,stock,1,https://www.sec.gov/Archives/edgar/data/1792789/000162828024005600/,2026-08-05T12:11:50+00:00,0001792789,USD,2023,
dash,DASH,0001628280-25-005715,10-K,2025-02-14,,2022-12-31,2022,FY,,cash_and_equivalents,us-gaap,CashAndCashEquivalentsAtCarryingValue,1977000000.0,1977.0,USD_millions,stock,1,https://www.sec.gov/Archives/edgar/data/1792789/000162828025005715/,2026-08-05T12:11:50+00:00,0001792789,USD,2024,CY2022Q4I
dash,DASH,0001628280-23-005131,10-K,2023-02-27,,2022-12-31,2022,FY,,current_assets,us-gaap,AssetsCurrent,4720000000.0,4720.0,USD_millions,stock,1,https://www.sec.gov/Archives/edgar/data/1792789/000162828023005131/,2026-08-05T12:11:50+00:00,0001792789,USD,2022,
dash,DASH,0001628280-24-005600,10-K,2024-02-20,,2022-12-31,2022,FY,,current_assets,us-gaap,AssetsCurrent,4720000000.0,4720.0,USD_millions,stock,1,https://www.sec.gov/Archives/edgar/data/1792789/000162828024005600/,2026-08-05T12:11:50+00:00,0001792789,USD,2023,CY2022Q4I
dash,DASH,0001628280-23-005131,10-K,2023-02-27,,2022-12-31,2022,FY,,current_liabilities,us-gaap,LiabilitiesCurrent,2544000000.0,2544.0,USD_millions,stock,1,https://www.sec.gov/Archives/edgar/data/1792789/000162828023005131/,2026-08-05T12:11:50+00:00,0001792789,USD,2022,
dash,DASH,0001628280-24-005600,10-K,2024-02-20,,2022-12-31,2022,FY,,current_liabilities,us-gaap,LiabilitiesCurrent,2544000000.0,2544.0,USD_millions,stock,1,https://www.sec.gov/Archives/edgar/data/1792789/000162828024005600/,2026-08-05T12:11:50+00:00,0001792789,USD,2023,CY2022Q4I
dash,DASH,0001628280-23-005131,10-K,2023-02-27,2022-01-01,2022-12-31,2022,FY,364.0,net_income,us-gaap,NetIncomeLoss,-1365000000.0,-1365.0,USD_millions,flow,1,https://www.sec.gov/Archives/edgar/data/1792789/000162828023005131/,2026-08-05T12:11:50+00:00,0001792789,USD,2022,
dash,DASH,0001628280-23-005131,10-K,2023-02-27,2022-01-01,2022-12-31,2022,FY,364.0,net_income,us-gaap,ProfitLoss,-1368000000.0,-1368.0,USD_millions,flow,2,https://www.sec.gov/Archives/edgar/data/1792789/000162828023005131/,2026-08-05T12:11:50+00:00,0001792789,USD,2022,
dash,DASH,0001628280-24-005600,10-K,2024-02-20,2022-01-01,2022-12-31,2022,FY,364.0,net_income,us-gaap,NetIncomeLoss,-1365000000.0,-1365.0,USD_millions,flow,1,https://www.sec.gov/Archives/edgar/data/1792789/000162828024005600/,2026-08-05T12:11:50+00:00,0001792789,USD,2023,
dash,DASH,0001628280-24-005600,10-K,2024-02-20,2022-01-01,2022-12-31,2022,FY,364.0,net_income,us-gaap,ProfitLoss,-1368000000.0,-1368.0,USD_millions,flow,2,https://www.sec.gov/Archives/edgar/data/1792789/000162828024005600/,2026-08-05T12:11:50+00:00,0001792789,USD,2023,
dash,DASH,0001628280-25-005715,10-K,2025-02-14,2022-01-01,2022-12-31,2022,FY,364.0,net_income,us-gaap,NetIncomeLoss,-1365000000.0,-1365.0,USD_millions,flow,1,https://www.sec.gov/Archives/edgar/data/1792789/000162828025005715/,2026-08-05T12:11:50+00:00,0001792789,USD,2024,
dash,DASH,0001628280-25-005715,10-K,2025-02-14,2022-01-01,2022-12-31,2022,FY,364.0,net_income,us-gaap,ProfitLoss,-1368000000.0,-1368.0,USD_millions,flow,2,https://www.sec.gov/Archives/edgar/data/1792789/000162828025005715/,2026-08-05T12:11:50+00:00,0001792789,USD,2024,CY2022
dash,DASH,0001628280-23-005131,10-K,2023-02-27,2022-01-01,2022-12-31,2022,FY,364.0,operating_cash_flow,us-gaap,NetCashProvidedByUsedInOperatingActivities,367000000.0,367.0,USD_millions,flow,1,https://www.sec.gov/Archives/edgar/data/1792789/000162828023005131/,2026-08-05T12:11:50+00:00,0001792789,USD,2022,
dash,DASH,0001628280-24-005600,10-K,2024-02-20,2022-01-01,2022-12-31,2022,FY,364.0,operating_cash_flow,us-gaap,NetCashProvidedByUsedInOperatingActivities,367000000.0,367.0,USD_millions,flow,1,https://www.sec.gov/Archives/edgar/data/1792789/000162828024005600/,2026-08-05T12:11:50+00:00,0001792789,USD,2023,
dash,DASH,0001628280-25-005715,10-K,2025-02-14,2022-01-01,2022-12-31,2022,FY,364.0,operating_cash_flow,us-gaap,NetCashProvidedByUsedInOperatingActivities,367000000.0,367.0,USD_millions,flow,1,https://www.sec.gov/Archives/edgar/data/1792789/000162828025005715/,2026-08-05T12:11:50+00:00,0001792789,USD,2024,CY2022
dash,DASH,0001628280-23-005131,10-K,2023-02-27,2022-01-01,2022-12-31,2022,FY,364.0,operating_income,us-gaap,OperatingIncomeLoss,-1124000000.0,-1124.0,USD_millions,flow,1,https://www.sec.gov/Archives/edgar/data/1792789/000162828023005131/,2026-08-05T12:11:50+00:00,0001792789,USD,2022,
dash,DASH,0001628280-24-005600,10-K,2024-02-20,2022-01-01,2022-12-31,2022,FY,364.0,operating_income,us-gaap,OperatingIncomeLoss,-1124000000.0,-1124.0,USD_millions,flow,1,https://www.sec.gov/Archives/edgar/data/1792789/000162828024005600/,2026-08-05T12:11:50+00:00,0001792789,USD,2023,
dash,DASH,0001628280-25-005715,10-K,2025-02-14,2022-01-01,2022-12-31,2022,FY,364.0,operating_income,us-gaap,OperatingIncomeLoss,-1124000000.0,-1124.0,USD_millions,flow,1,https://www.sec.gov/Archives/edgar/data/1792789/000162828025005715/,2026-08-05T12:11:50+00:00,0001792789,USD,2024,CY2022
dash,DASH,0001628280-23-005131,10-K,2023-02-27,2022-01-01,2022-12-31,2022,FY,364.0,revenue,us-gaap,RevenueFromContractWithCustomerExcludingAssessedTax,6583000000.0,6583.0,USD_millions,flow,1,https://www.sec.gov/Archives/edgar/data/1792789/000162828023005131/,2026-08-05T12:11:50+00:00,0001792789,USD,2022,
dash,DASH,0001628280-24-005600,10-K,2024-02-20,2022-01-01,2022-12-31,2022,FY,364.0,revenue,us-gaap,RevenueFromContractWithCustomerExcludingAssessedTax,6583000000.0,6583.0,USD_millions,flow,1,https://www.sec.gov/Archives/edgar/data/1792789/000162828024005600/,2026-08-05T12:11:50+00:00,0001792789,USD,2023,
dash,DASH,0001628280-25-005715,10-K,2025-02-14,2022-01-01,2022-12-31,2022,FY,364.0,revenue,us-gaap,RevenueFromContractWithCustomerExcludingAssessedTax,6583000000.0,6583.0,USD_millions,flow,1,https://www.sec.gov/Archives/edgar/data/1792789/000162828025005715/,2026-08-05T12:11:50+00:00,0001792789,USD,2024,CY2022
dash,DASH,0001628280-23-005131,10-K,2023-02-27,,2022-12-31,2022,FY,,total_assets,us-gaap,Assets,9789000000.0,9789.0,USD_millions,stock,1,https://www.sec.gov/Archives/edgar/data/1792789/000162828023005131/,2026-08-05T12:11:50+00:00,0001792789,USD,2022,
dash,DASH,0001628280-24-005600,10-K,2024-02-20,,2022-12-31,2022,FY,,total_assets,us-gaap,Assets,9789000000.0,9789.0,USD_millions,stock,1,https://www.sec.gov/Archives/edgar/data/1792789/000162828024005600/,2026-08-05T12:11:50+00:00,0001792789,USD,2023,CY2022Q4I
dash,DASH,0001628280-23-005131,10-K,2023-02-27,,2022-12-31,2022,FY,,total_equity,us-gaap,StockholdersEquity,6754000000.0,6754.0,USD_millions,stock,1,https://www.sec.gov/Archives/edgar/data/1792789/000162828023005131/,2026-08-05T12:11:50+00:00,0001792789,USD,2022,
dash,DASH,0001628280-24-005600,10-K,2024-02-20,,2022-12-31,2022,FY,,total_equity,us-gaap,StockholdersEquity,6754000000.0,6754.0,USD_millions,stock,1,https://www.sec.gov/Archives/edgar/data/1792789/000162828024005600/,2026-08-05T12:11:50+00:00,0001792789,USD,2023,
dash,DASH,0001628280-25-005715,10-K,2025-02-14,,2022-12-31,2022,FY,,total_equity,us-gaap,StockholdersEquity,6754000000.0,6754.0,USD_millions,stock,1,https://www.sec.gov/Archives/edgar/data/1792789/000162828025005715/,2026-08-05T12:11:50+00:00,0001792789,USD,2024,
dash,DASH,0001792789-26-000013,10-K,2026-02-18,,2022-12-31,2022,FY,,total_equity,us-gaap,StockholdersEquity,6754000000.0,6754.0,USD_millions,stock,1,https://www.sec.gov/Archives/edgar/data/1792789/000179278926000013/,2026-08-05T12:11:50+00:00,0001792789,USD,2025,
dash,DASH,0001792789-26-000035,10-K/A,2026-05-06,,2022-12-31,2022,FY,,total_equity,us-gaap,StockholdersEquity,6754000000.0,6754.0,USD_millions,stock,1,https://www.sec.gov/Archives/edgar/data/1792789/000179278926000035/,2026-08-05T12:11:50+00:00,0001792789,USD,2025,CY2022Q4I
dash,DASH,0001628280-23-005131,10-K,2023-02-27,,2022-12-31,2022,FY,,total_liabilities,us-gaap,Liabilities,3021000000.0,3021.0,USD_millions,stock,1,https://www.sec.gov/Archives/edgar/data/1792789/000162828023005131/,2026-08-05T12:11:50+00:00,0001792789,USD,2022,
dash,DASH,0001628280-24-005600,10-K,2024-02-20,,2022-12-31,2022,FY,,total_liabilities,us-gaap,Liabilities,3021000000.0,3021.0,USD_millions,stock,1,https://www.sec.gov/Archives/edgar/data/1792789/000162828024005600/,2026-08-05T12:11:50+00:00,0001792789,USD,2023,CY2022Q4I
dash,DASH,0001628280-24-005600,10-K,2024-02-20,2023-01-01,2023-12-31,2023,FY,364.0,capital_expenditure,us-gaap,PaymentsToAcquirePropertyPlantAndEquipment,123000000.0,123.0,USD_millions,flow,1,https://www.sec.gov/Archives/edgar/data/1792789/000162828024005600/,2026-08-05T12:11:50+00:00,0001792789,USD,2023,
dash,DASH,0001628280-25-005715,10-K,2025-02-14,2023-01-01,2023-12-31,2023,FY,364.0,capital_expenditure,us-gaap,PaymentsToAcquirePropertyPlantAndEquipment,123000000.0,123.0,USD_millions,flow,1,https://www.sec.gov/Archives/edgar/data/1792789/000162828025005715/,2026-08-05T12:11:50+00:00,0001792789,USD,2024,
dash,DASH,0001792789-26-000013,10-K,2026-02-18,2023-01-01,2023-12-31,2023,FY,364.0,capital_expenditure,us-gaap,PaymentsToAcquirePropertyPlantAndEquipment,123000000.0,123.0,USD_millions,flow,1,https://www.sec.gov/Archives/edgar/data/1792789/000179278926000013/,2026-08-05T12:11:50+00:00,0001792789,USD,2025,
dash,DASH,0001792789-26-000035,10-K/A,2026-05-06,2023-01-01,2023-12-31,2023,FY,364.0,capital_expenditure,us-gaap,override:PaymentsToAcquirePropertyPlantAndEquipment+PaymentsToDevelopSoftware,324000000.0,324.0,USD_millions,flow,0,https://www.sec.gov/Archives/edgar/data/1792789/000179278926000035/,2026-08-05T12:11:50+00:00,0001792789,USD,2025,CY2023
dash,DASH,0001792789-26-000035,10-K/A,2026-05-06,2023-01-01,2023-12-31,2023,FY,364.0,capital_expenditure,us-gaap,PaymentsToAcquirePropertyPlantAndEquipment,123000000.0,123.0,USD_millions,flow,1,https://www.sec.gov/Archives/edgar/data/1792789/000179278926000035/,2026-08-05T12:11:50+00:00,0001792789,USD,2025,CY2023
dash,DASH,0001628280-24-005600,10-K,2024-02-20,,2023-12-31,2023,FY,,cash_and_equivalents,us-gaap,CashAndCashEquivalentsAtCarryingValue,2656000000.0,2656.0,USD_millions,stock,1,https://www.sec.gov/Archives/edgar/data/1792789/000162828024005600/,2026-08-05T12:11:50+00:00,0001792789,USD,2023,
dash,DASH,0001628280-25-005715,10-K,2025-02-14,,2023-12-31,2023,FY,,cash_and_equivalents,us-gaap,CashAndCashEquivalentsAtCarryingValue,2656000000.0,2656.0,USD_millions,stock,1,https://www.sec.gov/Archives/edgar/data/1792789/000162828025005715/,2026-08-05T12:11:50+00:00,0001792789,USD,2024,
dash,DASH,0001792789-26-000013,10-K,2026-02-18,,2023-12-31,2023,FY,,cash_and_equivalents,us-gaap,CashAndCashEquivalentsAtCarryingValue,2656000000.0,2656.0,USD_millions,stock,1,https://www.sec.gov/Archives/edgar/data/1792789/000179278926000013/,2026-08-05T12:11:50+00:00,0001792789,USD,2025,
dash,DASH,0001792789-26-000035,10-K/A,2026-05-06,,2023-12-31,2023,FY,,cash_and_equivalents,us-gaap,CashAndCashEquivalentsAtCarryingValue,2656000000.0,2656.0,USD_millions,stock,1,https://www.sec.gov/Archives/edgar/data/1792789/000179278926000035/,2026-08-05T12:11:50+00:00,0001792789,USD,2025,CY2023Q4I
dash,DASH,0001628280-24-005600,10-K,2024-02-20,,2023-12-31,2023,FY,,current_assets,us-gaap,AssetsCurrent,5597000000.0,5597.0,USD_millions,stock,1,https://www.sec.gov/Archives/edgar/data/1792789/000162828024005600/,2026-08-05T12:11:50+00:00,0001792789,USD,2023,
dash,DASH,0001628280-25-005715,10-K,2025-02-14,,2023-12-31,2023,FY,,current_assets,us-gaap,AssetsCurrent,5597000000.0,5597.0,USD_millions,stock,1,https://www.sec.gov/Archives/edgar/data/1792789/000162828025005715/,2026-08-05T12:11:50+00:00,0001792789,USD,2024,CY2023Q4I
dash,DASH,0001628280-24-005600,10-K,2024-02-20,,2023-12-31,2023,FY,,current_liabilities,us-gaap,LiabilitiesCurrent,3410000000.0,3410.0,USD_millions,stock,1,https://www.sec.gov/Archives/edgar/data/1792789/000162828024005600/,2026-08-05T12:11:50+00:00,0001792789,USD,2023,
dash,DASH,0001628280-25-005715,10-K,2025-02-14,,2023-12-31,2023,FY,,current_liabilities,us-gaap,LiabilitiesCurrent,3410000000.0,3410.0,USD_millions,stock,1,https://www.sec.gov/Archives/edgar/data/1792789/000162828025005715/,2026-08-05T12:11:50+00:00,0001792789,USD,2024,CY2023Q4I
dash,DASH,0001628280-24-005600,10-K,2024-02-20,2023-01-01,2023-12-31,2023,FY,364.0,net_income,us-gaap,NetIncomeLoss,-558000000.0,-558.0,USD_millions,flow,1,https://www.sec.gov/Archives/edgar/data/1792789/000162828024005600/,2026-08-05T12:11:50+00:00,0001792789,USD,2023,
dash,DASH,0001628280-24-005600,10-K,2024-02-20,2023-01-01,2023-12-31,2023,FY,364.0,net_income,us-gaap,ProfitLoss,-565000000.0,-565.0,USD_millions,flow,2,https://www.sec.gov/Archives/edgar/data/1792789/000162828024005600/,2026-08-05T12:11:50+00:00,0001792789,USD,2023,
dash,DASH,0001628280-25-005715,10-K,2025-02-14,2023-01-01,2023-12-31,2023,FY,364.0,net_income,us-gaap,NetIncomeLoss,-558000000.0,-558.0,USD_millions,flow,1,https://www.sec.gov/Archives/edgar/data/1792789/000162828025005715/,2026-08-05T12:11:50+00:00,0001792789,USD,2024,
dash,DASH,0001628280-25-005715,10-K,2025-02-14,2023-01-01,2023-12-31,2023,FY,364.0,net_income,us-gaap,ProfitLoss,-565000000.0,-565.0,USD_millions,flow,2,https://www.sec.gov/Archives/edgar/data/1792789/000162828025005715/,2026-08-05T12:11:50+00:00,0001792789,USD,2024,
dash,DASH,0001792789-26-000013,10-K,2026-02-18,2023-01-01,2023-12-31,2023,FY,364.0,net_income,us-gaap,NetIncomeLoss,-558000000.0,-558.0,USD_millions,flow,1,https://www.sec.gov/Archives/edgar/data/1792789/000179278926000013/,2026-08-05T12:11:50+00:00,0001792789,USD,2025,
dash,DASH,0001792789-26-000013,10-K,2026-02-18,2023-01-01,2023-12-31,2023,FY,364.0,net_income,us-gaap,ProfitLoss,-565000000.0,-565.0,USD_millions,flow,2,https://www.sec.gov/Archives/edgar/data/1792789/000179278926000013/,2026-08-05T12:11:50+00:00,0001792789,USD,2025,
dash,DASH,0001792789-26-000035,10-K/A,2026-05-06,2023-01-01,2023-12-31,2023,FY,364.0,net_income,us-gaap,NetIncomeLoss,-558000000.0,-558.0,USD_millions,flow,1,https://www.sec.gov/Archives/edgar/data/1792789/000179278926000035/,2026-08-05T12:11:50+00:00,0001792789,USD,2025,CY2023
dash,DASH,0001792789-26-000035,10-K/A,2026-05-06,2023-01-01,2023-12-31,2023,FY,364.0,net_income,us-gaap,ProfitLoss,-565000000.0,-565.0,USD_millions,flow,2,https://www.sec.gov/Archives/edgar/data/1792789/000179278926000035/,2026-08-05T12:11:50+00:00,0001792789,USD,2025,CY2023
dash,DASH,0001628280-24-005600,10-K,2024-02-20,2023-01-01,2023-12-31,2023,FY,364.0,operating_cash_flow,us-gaap,NetCashProvidedByUsedInOperatingActivities,1673000000.0,1673.0,USD_millions,flow,1,https://www.sec.gov/Archives/edgar/data/1792789/000162828024005600/,2026-08-05T12:11:50+00:00,0001792789,USD,2023,
dash,DASH,0001628280-25-005715,10-K,2025-02-14,2023-01-01,2023-12-31,2023,FY,364.0,operating_cash_flow,us-gaap,NetCashProvidedByUsedInOperatingActivities,1673000000.0,1673.0,USD_millions,flow,1,https://www.sec.gov/Archives/edgar/data/1792789/000162828025005715/,2026-08-05T12:11:50+00:00,0001792789,USD,2024,
dash,DASH,0001792789-26-000013,10-K,2026-02-18,2023-01-01,2023-12-31,2023,FY,364.0,operating_cash_flow,us-gaap,NetCashProvidedByUsedInOperatingActivities,1673000000.0,1673.0,USD_millions,flow,1,https://www.sec.gov/Archives/edgar/data/1792789/000179278926000013/,2026-08-05T12:11:50+00:00,0001792789,USD,2025,
dash,DASH,0001792789-26-000035,10-K/A,2026-05-06,2023-01-01,2023-12-31,2023,FY,364.0,operating_cash_flow,us-gaap,NetCashProvidedByUsedInOperatingActivities,1673000000.0,1673.0,USD_millions,flow,1,https://www.sec.gov/Archives/edgar/data/1792789/000179278926000035/,2026-08-05T12:11:50+00:00,0001792789,USD,2025,CY2023
dash,DASH,0001628280-24-005600,10-K,2024-02-20,2023-01-01,2023-12-31,2023,FY,364.0,operating_income,us-gaap,OperatingIncomeLoss,-579000000.0,-579.0,USD_millions,flow,1,https://www.sec.gov/Archives/edgar/data/1792789/000162828024005600/,2026-08-05T12:11:50+00:00,0001792789,USD,2023,
dash,DASH,0001628280-25-005715,10-K,2025-02-14,2023-01-01,2023-12-31,2023,FY,364.0,operating_income,us-gaap,OperatingIncomeLoss,-579000000.0,-579.0,USD_millions,flow,1,https://www.sec.gov/Archives/edgar/data/1792789/000162828025005715/,2026-08-05T12:11:50+00:00,0001792789,USD,2024,
dash,DASH,0001792789-26-000013,10-K,2026-02-18,2023-01-01,2023-12-31,2023,FY,364.0,operating_income,us-gaap,OperatingIncomeLoss,-579000000.0,-579.0,USD_millions,flow,1,https://www.sec.gov/Archives/edgar/data/1792789/000179278926000013/,2026-08-05T12:11:50+00:00,0001792789,USD,2025,
dash,DASH,0001792789-26-000035,10-K/A,2026-05-06,2023-01-01,2023-12-31,2023,FY,364.0,operating_income,us-gaap,OperatingIncomeLoss,-579000000.0,-579.0,USD_millions,flow,1,https://www.sec.gov/Archives/edgar/data/1792789/000179278926000035/,2026-08-05T12:11:50+00:00,0001792789,USD,2025,CY2023
dash,DASH,0001628280-24-005600,10-K,2024-02-20,2023-01-01,2023-12-31,2023,FY,364.0,revenue,us-gaap,RevenueFromContractWithCustomerExcludingAssessedTax,8635000000.0,8635.0,USD_millions,flow,1,https://www.sec.gov/Archives/edgar/data/1792789/000162828024005600/,2026-08-05T12:11:50+00:00,0001792789,USD,2023,
dash,DASH,0001628280-25-005715,10-K,2025-02-14,2023-01-01,2023-12-31,2023,FY,364.0,revenue,us-gaap,RevenueFromContractWithCustomerExcludingAssessedTax,8635000000.0,8635.0,USD_millions,flow,1,https://www.sec.gov/Archives/edgar/data/1792789/000162828025005715/,2026-08-05T12:11:50+00:00,0001792789,USD,2024,
dash,DASH,0001792789-26-000013,10-K,2026-02-18,2023-01-01,2023-12-31,2023,FY,364.0,revenue,us-gaap,RevenueFromContractWithCustomerExcludingAssessedTax,8635000000.0,8635.0,USD_millions,flow,1,https://www.sec.gov/Archives/edgar/data/1792789/000179278926000013/,2026-08-05T12:11:50+00:00,0001792789,USD,2025,
dash,DASH,0001792789-26-000035,10-K/A,2026-05-06,2023-01-01,2023-12-31,2023,FY,364.0,revenue,us-gaap,RevenueFromContractWithCustomerExcludingAssessedTax,8635000000.0,8635.0,USD_millions,flow,1,https://www.sec.gov/Archives/edgar/data/1792789/000179278926000035/,2026-08-05T12:11:50+00:00,0001792789,USD,2025,CY2023
dash,DASH,0001628280-24-005600,10-K,2024-02-20,,2023-12-31,2023,FY,,total_assets,us-gaap,Assets,10839000000.0,10839.0,USD_millions,stock,1,https://www.sec.gov/Archives/edgar/data/1792789/000162828024005600/,2026-08-05T12:11:50+00:00,0001792789,USD,2023,
dash,DASH,0001628280-25-005715,10-K,2025-02-14,,2023-12-31,2023,FY,,total_assets,us-gaap,Assets,10839000000.0,10839.0,USD_millions,stock,1,https://www.sec.gov/Archives/edgar/data/1792789/000162828025005715/,2026-08-05T12:11:50+00:00,0001792789,USD,2024,CY2023Q4I
dash,DASH,0001628280-24-005600,10-K,2024-02-20,,2023-12-31,2023,FY,,total_equity,us-gaap,StockholdersEquity,6806000000.0,6806.0,USD_millions,stock,1,https://www.sec.gov/Archives/edgar/data/1792789/000162828024005600/,2026-08-05T12:11:50+00:00,0001792789,USD,2023,
dash,DASH,0001628280-25-005715,10-K,2025-02-14,,2023-12-31,2023,FY,,total_equity,us-gaap,StockholdersEquity,6806000000.0,6806.0,USD_millions,stock,1,https://www.sec.gov/Archives/edgar/data/1792789/000162828025005715/,2026-08-05T12:11:50+00:00,0001792789,USD,2024,
dash,DASH,0001792789-26-000013,10-K,2026-02-18,,2023-12-31,2023,FY,,total_equity,us-gaap,StockholdersEquity,6806000000.0,6806.0,USD_millions,stock,1,https://www.sec.gov/Archives/edgar/data/1792789/000179278926000013/,2026-08-05T12:11:50+00:00,0001792789,USD,2025,
dash,DASH,0001792789-26-000035,10-K/A,2026-05-06,,2023-12-31,2023,FY,,total_equity,us-gaap,StockholdersEquity,6806000000.0,6806.0,USD_millions,stock,1,https://www.sec.gov/Archives/edgar/data/1792789/000179278926000035/,2026-08-05T12:11:50+00:00,0001792789,USD,2025,CY2023Q4I
dash,DASH,0001628280-24-005600,10-K,2024-02-20,,2023-12-31,2023,FY,,total_liabilities,us-gaap,Liabilities,4026000000.0,4026.0,USD_millions,stock,1,https://www.sec.gov/Archives/edgar/data/1792789/000162828024005600/,2026-08-05T12:11:50+00:00,0001792789,USD,2023,
dash,DASH,0001628280-25-005715,10-K,2025-02-14,,2023-12-31,2023,FY,,total_liabilities,us-gaap,Liabilities,4026000000.0,4026.0,USD_millions,stock,1,https://www.sec.gov/Archives/edgar/data/1792789/000162828025005715/,2026-08-05T12:11:50+00:00,0001792789,USD,2024,CY2023Q4I
ebay,EBAY,0001065088-22-000006,10-K,2022-02-24,2021-01-01,2021-12-31,2021,FY,364.0,capital_expenditure,us-gaap,PaymentsToAcquirePropertyPlantAndEquipment,444000000.0,444.0,USD_millions,flow,1,https://www.sec.gov/Archives/edgar/data/1065088/000106508822000006/,2026-08-05T12:11:50+00:00,0001065088,USD,2021,
ebay,EBAY,0001065088-23-000006,10-K,2023-02-23,2021-01-01,2021-12-31,2021,FY,364.0,capital_expenditure,us-gaap,PaymentsToAcquirePropertyPlantAndEquipment,444000000.0,444.0,USD_millions,flow,1,https://www.sec.gov/Archives/edgar/data/1065088/000106508823000006/,2026-08-05T12:11:50+00:00,0001065088,USD,2022,
ebay,EBAY,0001065088-24-000036,10-K,2024-02-28,2021-01-01,2021-12-31,2021,FY,364.0,capital_expenditure,us-gaap,PaymentsToAcquirePropertyPlantAndEquipment,444000000.0,444.0,USD_millions,flow,1,https://www.sec.gov/Archives/edgar/data/1065088/000106508824000036/,2026-08-05T12:11:50+00:00,0001065088,USD,2023,CY2021
ebay,EBAY,0001065088-22-000006,10-K,2022-02-24,,2021-12-31,2021,FY,,cash_and_equivalents,us-gaap,CashAndCashEquivalentsAtCarryingValue,1379000000.0,1379.0,USD_millions,stock,1,https://www.sec.gov/Archives/edgar/data/1065088/000106508822000006/,2026-08-05T12:11:50+00:00,0001065088,USD,2021,
ebay,EBAY,0001065088-23-000006,10-K,2023-02-23,,2021-12-31,2021,FY,,cash_and_equivalents,us-gaap,CashAndCashEquivalentsAtCarryingValue,1379000000.0,1379.0,USD_millions,stock,1,https://www.sec.gov/Archives/edgar/data/1065088/000106508823000006/,2026-08-05T12:11:50+00:00,0001065088,USD,2022,
ebay,EBAY,0001065088-24-000036,10-K,2024-02-28,,2021-12-31,2021,FY,,cash_and_equivalents,us-gaap,CashAndCashEquivalentsAtCarryingValue,1379000000.0,1379.0,USD_millions,stock,1,https://www.sec.gov/Archives/edgar/data/1065088/000106508824000036/,2026-08-05T12:11:50+00:00,0001065088,USD,2023,CY2021Q4I
ebay,EBAY,0001065088-22-000006,10-K,2022-02-24,,2021-12-31,2021,FY,,current_assets,us-gaap,AssetsCurrent,9111000000.0,9111.0,USD_millions,stock,1,https://www.sec.gov/Archives/edgar/data/1065088/000106508822000006/,2026-08-05T12:11:50+00:00,0001065088,USD,2021,
ebay,EBAY,0001065088-23-000006,10-K,2023-02-23,,2021-12-31,2021,FY,,current_assets,us-gaap,AssetsCurrent,9111000000.0,9111.0,USD_millions,stock,1,https://www.sec.gov/Archives/edgar/data/1065088/000106508823000006/,2026-08-05T12:11:50+00:00,0001065088,USD,2022,CY2021Q4I
ebay,EBAY,0001065088-22-000006,10-K,2022-02-24,,2021-12-31,2021,FY,,current_liabilities,us-gaap,LiabilitiesCurrent,4622000000.0,4622.0,USD_millions,stock,1,https://www.sec.gov/Archives/edgar/data/1065088/000106508822000006/,2026-08-05T12:11:50+00:00,0001065088,USD,2021,
ebay,EBAY,0001065088-23-000006,10-K,2023-02-23,,2021-12-31,2021,FY,,current_liabilities,us-gaap,LiabilitiesCurrent,4622000000.0,4622.0,USD_millions,stock,1,https://www.sec.gov/Archives/edgar/data/1065088/000106508823000006/,2026-08-05T12:11:50+00:00,0001065088,USD,2022,CY2021Q4I
ebay,EBAY,0001065088-22-000006,10-K,2022-02-24,2021-01-01,2021-12-31,2021,FY,364.0,net_income,us-gaap,NetIncomeLoss,13608000000.0,13608.0,USD_millions,flow,1,https://www.sec.gov/Archives/edgar/data/1065088/000106508822000006/,2026-08-05T12:11:50+00:00,0001065088,USD,2021,
ebay,EBAY,0001065088-23-000006,10-K,2023-02-23,2021-01-01,2021-12-31,2021,FY,364.0,net_income,us-gaap,NetIncomeLoss,13608000000.0,13608.0,USD_millions,flow,1,https://www.sec.gov/Archives/edgar/data/1065088/000106508823000006/,2026-08-05T12:11:50+00:00,0001065088,USD,2022,
ebay,EBAY,0001065088-24-000036,10-K,2024-02-28,2021-01-01,2021-12-31,2021,FY,364.0,net_income,us-gaap,NetIncomeLoss,13608000000.0,13608.0,USD_millions,flow,1,https://www.sec.gov/Archives/edgar/data/1065088/000106508824000036/,2026-08-05T12:11:50+00:00,0001065088,USD,2023,
ebay,EBAY,0001065088-22-000006,10-K,2022-02-24,2021-01-01,2021-12-31,2021,FY,364.0,operating_cash_flow,us-gaap,NetCashProvidedByUsedInOperatingActivities,2657000000.0,2657.0,USD_millions,flow,1,https://www.sec.gov/Archives/edgar/data/1065088/000106508822000006/,2026-08-05T12:11:50+00:00,0001065088,USD,2021,
ebay,EBAY,0001065088-23-000006,10-K,2023-02-23,2021-01-01,2021-12-31,2021,FY,364.0,operating_cash_flow,us-gaap,NetCashProvidedByUsedInOperatingActivities,2657000000.0,2657.0,USD_millions,flow,1,https://www.sec.gov/Archives/edgar/data/1065088/000106508823000006/,2026-08-05T12:11:50+00:00,0001065088,USD,2022,
ebay,EBAY,0001065088-24-000036,10-K,2024-02-28,2021-01-01,2021-12-31,2021,FY,364.0,operating_cash_flow,us-gaap,NetCashProvidedByUsedInOperatingActivities,2657000000.0,2657.0,USD_millions,flow,1,https://www.sec.gov/Archives/edgar/data/1065088/000106508824000036/,2026-08-05T12:11:50+00:00,0001065088,USD,2023,CY2021
ebay,EBAY,0001065088-22-000006,10-K,2022-02-24,2021-01-01,2021-12-31,2021,FY,364.0,operating_income,us-gaap,OperatingIncomeLoss,2923000000.0,2923.0,USD_millions,flow,1,https://www.sec.gov/Archives/edgar/data/1065088/000106508822000006/,2026-08-05T12:11:50+00:00,0001065088,USD,2021,
ebay,EBAY,0001065088-23-000006,10-K,2023-02-23,2021-01-01,2021-12-31,2021,FY,364.0,operating_income,us-gaap,OperatingIncomeLoss,2923000000.0,2923.0,USD_millions,flow,1,https://www.sec.gov/Archives/edgar/data/1065088/000106508823000006/,2026-08-05T12:11:50+00:00,0001065088,USD,2022,
ebay,EBAY,0001065088-24-000036,10-K,2024-02-28,2021-01-01,2021-12-31,2021,FY,364.0,operating_income,us-gaap,OperatingIncomeLoss,2923000000.0,2923.0,USD_millions,flow,1,https://www.sec.gov/Archives/edgar/data/1065088/000106508824000036/,2026-08-05T12:11:50+00:00,0001065088,USD,2023,CY2021
ebay,EBAY,0001065088-22-000006,10-K,2022-02-24,2021-01-01,2021-12-31,2021,FY,364.0,revenue,us-gaap,RevenueFromContractWithCustomerExcludingAssessedTax,10420000000.0,10420.0,USD_millions,flow,1,https://www.sec.gov/Archives/edgar/data/1065088/000106508822000006/,2026-08-05T12:11:50+00:00,0001065088,USD,2021,
ebay,EBAY,0001065088-23-000006,10-K,2023-02-23,2021-01-01,2021-12-31,2021,FY,364.0,revenue,us-gaap,RevenueFromContractWithCustomerExcludingAssessedTax,10420000000.0,10420.0,USD_millions,flow,1,https://www.sec.gov/Archives/edgar/data/1065088/000106508823000006/,2026-08-05T12:11:50+00:00,0001065088,USD,2022,
ebay,EBAY,0001065088-24-000036,10-K,2024-02-28,2021-01-01,2021-12-31,2021,FY,364.0,revenue,us-gaap,RevenueFromContractWithCustomerExcludingAssessedTax,10420000000.0,10420.0,USD_millions,flow,1,https://www.sec.gov/Archives/edgar/data/1065088/000106508824000036/,2026-08-05T12:11:50+00:00,0001065088,USD,2023,CY2021
ebay,EBAY,0001065088-22-000006,10-K,2022-02-24,,2021-12-31,2021,FY,,total_assets,us-gaap,Assets,26626000000.0,26626.0,USD_millions,stock,1,https://www.sec.gov/Archives/edgar/data/1065088/000106508822000006/,2026-08-05T12:11:50+00:00,0001065088,USD,2021,
ebay,EBAY,0001065088-23-000006,10-K,2023-02-23,,2021-12-31,2021,FY,,total_assets,us-gaap,Assets,26626000000.0,26626.0,USD_millions,stock,1,https://www.sec.gov/Archives/edgar/data/1065088/000106508823000006/,2026-08-05T12:11:50+00:00,0001065088,USD,2022,CY2021Q4I
ebay,EBAY,0001065088-22-000006,10-K,2022-02-24,,2021-12-31,2021,FY,,total_debt,us-gaap,DebtLongtermAndShorttermCombinedAmount,9082000000.0,9082.0,USD_millions,stock,1,https://www.sec.gov/Archives/edgar/data/1065088/000106508822000006/,2026-08-05T12:11:50+00:00,0001065088,USD,2021,
ebay,EBAY,0001065088-23-000006,10-K,2023-02-23,,2021-12-31,2021,FY,,total_debt,us-gaap,DebtLongtermAndShorttermCombinedAmount,9082000000.0,9082.0,USD_millions,stock,1,https://www.sec.gov/Archives/edgar/data/1065088/000106508823000006/,2026-08-05T12:11:50+00:00,0001065088,USD,2022,CY2021Q4I
ebay,EBAY,0001065088-22-000006,10-K,2022-02-24,,2021-12-31,2021,FY,,total_equity,us-gaap,StockholdersEquity,9778000000.0,9778.0,USD_millions,stock,1,https://www.sec.gov/Archives/edgar/data/1065088/000106508822000006/,2026-08-05T12:11:50+00:00,0001065088,USD,2021,
ebay,EBAY,0001065088-23-000006,10-K,2023-02-23,,2021-12-31,2021,FY,,total_equity,us-gaap,StockholdersEquity,9778000000.0,9778.0,USD_millions,stock,1,https://www.sec.gov/Archives/edgar/data/1065088/000106508823000006/,2026-08-05T12:11:50+00:00,0001065088,USD,2022,
ebay,EBAY,0001065088-24-000036,10-K,2024-02-28,,2021-12-31,2021,FY,,total_equity,us-gaap,StockholdersEquity,9778000000.0,9778.0,USD_millions,stock,1,https://www.sec.gov/Archives/edgar/data/1065088/000106508824000036/,2026-08-05T12:11:50+00:00,0001065088,USD,2023,CY2021Q4I
ebay,EBAY,0001065088-22-000006,10-K,2022-02-24,,2021-12-31,2021,FY,,total_liabilities,us-gaap,Liabilities,16848000000.0,16848.0,USD_millions,stock,1,https://www.sec.gov/Archives/edgar/data/1065088/000106508822000006/,2026-08-05T12:11:50+00:00,0001065088,USD,2021,
ebay,EBAY,0001065088-23-000006,10-K,2023-02-23,,2021-12-31,2021,FY,,total_liabilities,us-gaap,Liabilities,16848000000.0,16848.0,USD_millions,stock,1,https://www.sec.gov/Archives/edgar/data/1065088/000106508823000006/,2026-08-05T12:11:50+00:00,0001065088,USD,2022,CY2021Q4I
ebay,EBAY,0001065088-23-000006,10-K,2023-02-23,2022-01-01,2022-12-31,2022,FY,364.0,capital_expenditure,us-gaap,PaymentsToAcquirePropertyPlantAndEquipment,449000000.0,449.0,USD_millions,flow,1,https://www.sec.gov/Archives/edgar/data/1065088/000106508823000006/,2026-08-05T12:11:50+00:00,0001065088,USD,2022,
ebay,EBAY,0001065088-24-000036,10-K,2024-02-28,2022-01-01,2022-12-31,2022,FY,364.0,capital_expenditure,us-gaap,PaymentsToAcquirePropertyPlantAndEquipment,449000000.0,449.0,USD_millions,flow,1,https://www.sec.gov/Archives/edgar/data/1065088/000106508824000036/,2026-08-05T12:11:50+00:00,0001065088,USD,2023,
ebay,EBAY,0001065088-25-000037,10-K,2025-02-27,2022-01-01,2022-12-31,2022,FY,364.0,capital_expenditure,us-gaap,PaymentsToAcquirePropertyPlantAndEquipment,449000000.0,449.0,USD_millions,flow,1,https://www.sec.gov/Archives/edgar/data/1065088/000106508825000037/,2026-08-05T12:11:50+00:00,0001065088,USD,2024,CY2022
ebay,EBAY,0001065088-23-000006,10-K,2023-02-23,,2022-12-31,2022,FY,,cash_and_equivalents,us-gaap,CashAndCashEquivalentsAtCarryingValue,2154000000.0,2154.0,USD_millions,stock,1,https://www.sec.gov/Archives/edgar/data/1065088/000106508823000006/,2026-08-05T12:11:50+00:00,0001065088,USD,2022,
ebay,EBAY,0001065088-24-000036,10-K,2024-02-28,,2022-12-31,2022,FY,,cash_and_equivalents,us-gaap,CashAndCashEquivalentsAtCarryingValue,2154000000.0,2154.0,USD_millions,stock,1,https://www.sec.gov/Archives/edgar/data/1065088/000106508824000036/,2026-08-05T12:11:50+00:00,0001065088,USD,2023,
ebay,EBAY,0001065088-25-000037,10-K,2025-02-27,,2022-12-31,2022,FY,,cash_and_equivalents,us-gaap,CashAndCashEquivalentsAtCarryingValue,2154000000.0,2154.0,USD_millions,stock,1,https://www.sec.gov/Archives/edgar/data/1065088/000106508825000037/,2026-08-05T12:11:50+00:00,0001065088,USD,2024,CY2022Q4I
ebay,EBAY,0001065088-23-000006,10-K,2023-02-23,,2022-12-31,2022,FY,,current_assets,us-gaap,AssetsCurrent,9290000000.0,9290.0,USD_millions,stock,1,https://www.sec.gov/Archives/edgar/data/1065088/000106508823000006/,2026-08-05T12:11:50+00:00,0001065088,USD,2022,
ebay,EBAY,0001065088-24-000036,10-K,2024-02-28,,2022-12-31,2022,FY,,current_assets,us-gaap,AssetsCurrent,9290000000.0,9290.0,USD_millions,stock,1,https://www.sec.gov/Archives/edgar/data/1065088/000106508824000036/,2026-08-05T12:11:50+00:00,0001065088,USD,2023,CY2022Q4I
ebay,EBAY,0001065088-23-000006,10-K,2023-02-23,,2022-12-31,2022,FY,,current_liabilities,us-gaap,LiabilitiesCurrent,4271000000.0,4271.0,USD_millions,stock,1,https://www.sec.gov/Archives/edgar/data/1065088/000106508823000006/,2026-08-05T12:11:50+00:00,0001065088,USD,2022,
ebay,EBAY,0001065088-24-000036,10-K,2024-02-28,,2022-12-31,2022,FY,,current_liabilities,us-gaap,LiabilitiesCurrent,4271000000.0,4271.0,USD_millions,stock,1,https://www.sec.gov/Archives/edgar/data/1065088/000106508824000036/,2026-08-05T12:11:50+00:00,0001065088,USD,2023,CY2022Q4I
ebay,EBAY,0001065088-23-000006,10-K,2023-02-23,2022-01-01,2022-12-31,2022,FY,364.0,net_income,us-gaap,NetIncomeLoss,-1269000000.0,-1269.0,USD_millions,flow,1,https://www.sec.gov/Archives/edgar/data/1065088/000106508823000006/,2026-08-05T12:11:50+00:00,0001065088,USD,2022,
ebay,EBAY,0001065088-24-000036,10-K,2024-02-28,2022-01-01,2022-12-31,2022,FY,364.0,net_income,us-gaap,NetIncomeLoss,-1269000000.0,-1269.0,USD_millions,flow,1,https://www.sec.gov/Archives/edgar/data/1065088/000106508824000036/,2026-08-05T12:11:50+00:00,0001065088,USD,2023,
ebay,EBAY,0001065088-25-000037,10-K,2025-02-27,2022-01-01,2022-12-31,2022,FY,364.0,net_income,us-gaap,NetIncomeLoss,-1269000000.0,-1269.0,USD_millions,flow,1,https://www.sec.gov/Archives/edgar/data/1065088/000106508825000037/,2026-08-05T12:11:50+00:00,0001065088,USD,2024,
ebay,EBAY,0001065088-23-000006,10-K,2023-02-23,2022-01-01,2022-12-31,2022,FY,364.0,operating_cash_flow,us-gaap,NetCashProvidedByUsedInOperatingActivities,2254000000.0,2254.0,USD_millions,flow,1,https://www.sec.gov/Archives/edgar/data/1065088/000106508823000006/,2026-08-05T12:11:50+00:00,0001065088,USD,2022,
ebay,EBAY,0001065088-24-000036,10-K,2024-02-28,2022-01-01,2022-12-31,2022,FY,364.0,operating_cash_flow,us-gaap,NetCashProvidedByUsedInOperatingActivities,2254000000.0,2254.0,USD_millions,flow,1,https://www.sec.gov/Archives/edgar/data/1065088/000106508824000036/,2026-08-05T12:11:50+00:00,0001065088,USD,2023,
ebay,EBAY,0001065088-25-000037,10-K,2025-02-27,2022-01-01,2022-12-31,2022,FY,364.0,operating_cash_flow,us-gaap,NetCashProvidedByUsedInOperatingActivities,2254000000.0,2254.0,USD_millions,flow,1,https://www.sec.gov/Archives/edgar/data/1065088/000106508825000037/,2026-08-05T12:11:50+00:00,0001065088,USD,2024,CY2022
ebay,EBAY,0001065088-23-000006,10-K,2023-02-23,2022-01-01,2022-12-31,2022,FY,364.0,operating_income,us-gaap,OperatingIncomeLoss,2350000000.0,2350.0,USD_millions,flow,1,https://www.sec.gov/Archives/edgar/data/1065088/000106508823000006/,2026-08-05T12:11:50+00:00,0001065088,USD,2022,
ebay,EBAY,0001065088-24-000036,10-K,2024-02-28,2022-01-01,2022-12-31,2022,FY,364.0,operating_income,us-gaap,OperatingIncomeLoss,2350000000.0,2350.0,USD_millions,flow,1,https://www.sec.gov/Archives/edgar/data/1065088/000106508824000036/,2026-08-05T12:11:50+00:00,0001065088,USD,2023,
ebay,EBAY,0001065088-25-000037,10-K,2025-02-27,2022-01-01,2022-12-31,2022,FY,364.0,operating_income,us-gaap,OperatingIncomeLoss,2350000000.0,2350.0,USD_millions,flow,1,https://www.sec.gov/Archives/edgar/data/1065088/000106508825000037/,2026-08-05T12:11:50+00:00,0001065088,USD,2024,CY2022
ebay,EBAY,0001065088-23-000006,10-K,2023-02-23,2022-01-01,2022-12-31,2022,FY,364.0,revenue,us-gaap,RevenueFromContractWithCustomerExcludingAssessedTax,9795000000.0,9795.0,USD_millions,flow,1,https://www.sec.gov/Archives/edgar/data/1065088/000106508823000006/,2026-08-05T12:11:50+00:00,0001065088,USD,2022,
ebay,EBAY,0001065088-24-000036,10-K,2024-02-28,2022-01-01,2022-12-31,2022,FY,364.0,revenue,us-gaap,RevenueFromContractWithCustomerExcludingAssessedTax,9795000000.0,9795.0,USD_millions,flow,1,https://www.sec.gov/Archives/edgar/data/1065088/000106508824000036/,2026-08-05T12:11:50+00:00,0001065088,USD,2023,
ebay,EBAY,0001065088-25-000037,10-K,2025-02-27,2022-01-01,2022-12-31,2022,FY,364.0,revenue,us-gaap,RevenueFromContractWithCustomerExcludingAssessedTax,9795000000.0,9795.0,USD_millions,flow,1,https://www.sec.gov/Archives/edgar/data/1065088/000106508825000037/,2026-08-05T12:11:50+00:00,0001065088,USD,2024,CY2022
ebay,EBAY,0001065088-23-000006,10-K,2023-02-23,,2022-12-31,2022,FY,,total_assets,us-gaap,Assets,20850000000.0,20850.0,USD_millions,stock,1,https://www.sec.gov/Archives/edgar/data/1065088/000106508823000006/,2026-08-05T12:11:50+00:00,0001065088,USD,2022,
ebay,EBAY,0001065088-24-000036,10-K,2024-02-28,,2022-12-31,2022,FY,,total_assets,us-gaap,Assets,20850000000.0,20850.0,USD_millions,stock,1,https://www.sec.gov/Archives/edgar/data/1065088/000106508824000036/,2026-08-05T12:11:50+00:00,0001065088,USD,2023,CY2022Q4I
ebay,EBAY,0001065088-23-000006,10-K,2023-02-23,,2022-12-31,2022,FY,,total_debt,us-gaap,DebtLongtermAndShorttermCombinedAmount,8871000000.0,8871.0,USD_millions,stock,1,https://www.sec.gov/Archives/edgar/data/1065088/000106508823000006/,2026-08-05T12:11:50+00:00,0001065088,USD,2022,
ebay,EBAY,0001065088-24-000036,10-K,2024-02-28,,2022-12-31,2022,FY,,total_debt,us-gaap,DebtLongtermAndShorttermCombinedAmount,8871000000.0,8871.0,USD_millions,stock,1,https://www.sec.gov/Archives/edgar/data/1065088/000106508824000036/,2026-08-05T12:11:50+00:00,0001065088,USD,2023,CY2022Q4I
ebay,EBAY,0001065088-24-000036,10-K,2024-02-28,,2022-12-31,2022,FY,,total_debt,us-gaap,LongTermDebtAndCapitalLeaseObligations,7721000000.0,7721.0,USD_millions,stock,3,https://www.sec.gov/Archives/edgar/data/1065088/000106508824000036/,2026-08-05T12:11:50+00:00,0001065088,USD,2023,CY2022Q4I
ebay,EBAY,0001065088-23-000006,10-K,2023-02-23,,2022-12-31,2022,FY,,total_equity,us-gaap,StockholdersEquity,5153000000.0,5153.0,USD_millions,stock,1,https://www.sec.gov/Archives/edgar/data/1065088/000106508823000006/,2026-08-05T12:11:50+00:00,0001065088,USD,2022,
ebay,EBAY,0001065088-24-000036,10-K,2024-02-28,,2022-12-31,2022,FY,,total_equity,us-gaap,StockholdersEquity,5153000000.0,5153.0,USD_millions,stock,1,https://www.sec.gov/Archives/edgar/data/1065088/000106508824000036/,2026-08-05T12:11:50+00:00,0001065088,USD,2023,
ebay,EBAY,0001065088-25-000037,10-K,2025-02-27,,2022-12-31,2022,FY,,total_equity,us-gaap,StockholdersEquity,5153000000.0,5153.0,USD_millions,stock,1,https://www.sec.gov/Archives/edgar/data/1065088/000106508825000037/,2026-08-05T12:11:50+00:00,0001065088,USD,2024,CY2022Q4I
ebay,EBAY,0001065088-23-000006,10-K,2023-02-23,,2022-12-31,2022,FY,,total_liabilities,us-gaap,Liabilities,15697000000.0,15697.0,USD_millions,stock,1,https://www.sec.gov/Archives/edgar/data/1065088/000106508823000006/,2026-08-05T12:11:50+00:00,0001065088,USD,2022,
ebay,EBAY,0001065088-24-000036,10-K,2024-02-28,,2022-12-31,2022,FY,,total_liabilities,us-gaap,Liabilities,15697000000.0,15697.0,USD_millions,stock,1,https://www.sec.gov/Archives/edgar/data/1065088/000106508824000036/,2026-08-05T12:11:50+00:00,0001065088,USD,2023,CY2022Q4I
ebay,EBAY,0001065088-24-000036,10-K,2024-02-28,2023-01-01,2023-12-31,2023,FY,364.0,capital_expenditure,us-gaap,PaymentsToAcquirePropertyPlantAndEquipment,456000000.0,456.0,USD_millions,flow,1,https://www.sec.gov/Archives/edgar/data/1065088/000106508824000036/,2026-08-05T12:11:50+00:00,0001065088,USD,2023,
ebay,EBAY,0001065088-25-000037,10-K,2025-02-27,2023-01-01,2023-12-31,2023,FY,364.0,capital_expenditure,us-gaap,PaymentsToAcquirePropertyPlantAndEquipment,456000000.0,456.0,USD_millions,flow,1,https://www.sec.gov/Archives/edgar/data/1065088/000106508825000037/,2026-08-05T12:11:50+00:00,0001065088,USD,2024,
ebay,EBAY,0001065088-26-000027,10-K,2026-02-19,2023-01-01,2023-12-31,2023,FY,364.0,capital_expenditure,us-gaap,PaymentsToAcquirePropertyPlantAndEquipment,456000000.0,456.0,USD_millions,flow,1,https://www.sec.gov/Archives/edgar/data/1065088/000106508826000027/,2026-08-05T12:11:50+00:00,0001065088,USD,2025,CY2023
ebay,EBAY,0001065088-24-000036,10-K,2024-02-28,,2023-12-31,2023,FY,,cash_and_equivalents,us-gaap,CashAndCashEquivalentsAtCarryingValue,1985000000.0,1985.0,USD_millions,stock,1,https://www.sec.gov/Archives/edgar/data/1065088/000106508824000036/,2026-08-05T12:11:50+00:00,0001065088,USD,2023,
ebay,EBAY,0001065088-25-000037,10-K,2025-02-27,,2023-12-31,2023,FY,,cash_and_equivalents,us-gaap,CashAndCashEquivalentsAtCarryingValue,1985000000.0,1985.0,USD_millions,stock,1,https://www.sec.gov/Archives/edgar/data/1065088/000106508825000037/,2026-08-05T12:11:50+00:00,0001065088,USD,2024,
ebay,EBAY,0001065088-26-000027,10-K,2026-02-19,,2023-12-31,2023,FY,,cash_and_equivalents,us-gaap,CashAndCashEquivalentsAtCarryingValue,1985000000.0,1985.0,USD_millions,stock,1,https://www.sec.gov/Archives/edgar/data/1065088/000106508826000027/,2026-08-05T12:11:50+00:00,0001065088,USD,2025,CY2023Q4I
ebay,EBAY,0001065088-24-000036,10-K,2024-02-28,,2023-12-31,2023,FY,,current_assets,us-gaap,AssetsCurrent,11016000000.0,11016.0,USD_millions,stock,1,https://www.sec.gov/Archives/edgar/data/1065088/000106508824000036/,2026-08-05T12:11:50+00:00,0001065088,USD,2023,
ebay,EBAY,0001065088-25-000037,10-K,2025-02-27,,2023-12-31,2023,FY,,current_assets,us-gaap,AssetsCurrent,11016000000.0,11016.0,USD_millions,stock,1,https://www.sec.gov/Archives/edgar/data/1065088/000106508825000037/,2026-08-05T12:11:50+00:00,0001065088,USD,2024,CY2023Q4I
ebay,EBAY,0001065088-24-000036,10-K,2024-02-28,,2023-12-31,2023,FY,,current_liabilities,us-gaap,LiabilitiesCurrent,4520000000.0,4520.0,USD_millions,stock,1,https://www.sec.gov/Archives/edgar/data/1065088/000106508824000036/,2026-08-05T12:11:50+00:00,0001065088,USD,2023,
ebay,EBAY,0001065088-25-000037,10-K,2025-02-27,,2023-12-31,2023,FY,,current_liabilities,us-gaap,LiabilitiesCurrent,4520000000.0,4520.0,USD_millions,stock,1,https://www.sec.gov/Archives/edgar/data/1065088/000106508825000037/,2026-08-05T12:11:50+00:00,0001065088,USD,2024,CY2023Q4I
ebay,EBAY,0001065088-24-000036,10-K,2024-02-28,2023-01-01,2023-12-31,2023,FY,364.0,net_income,us-gaap,NetIncomeLoss,2767000000.0,2767.0,USD_millions,flow,1,https://www.sec.gov/Archives/edgar/data/1065088/000106508824000036/,2026-08-05T12:11:50+00:00,0001065088,USD,2023,
ebay,EBAY,0001065088-25-000037,10-K,2025-02-27,2023-01-01,2023-12-31,2023,FY,364.0,net_income,us-gaap,NetIncomeLoss,2767000000.0,2767.0,USD_millions,flow,1,https://www.sec.gov/Archives/edgar/data/1065088/000106508825000037/,2026-08-05T12:11:50+00:00,0001065088,USD,2024,
ebay,EBAY,0001065088-26-000027,10-K,2026-02-19,2023-01-01,2023-12-31,2023,FY,364.0,net_income,us-gaap,NetIncomeLoss,2767000000.0,2767.0,USD_millions,flow,1,https://www.sec.gov/Archives/edgar/data/1065088/000106508826000027/,2026-08-05T12:11:50+00:00,0001065088,USD,2025,
ebay,EBAY,0001065088-24-000036,10-K,2024-02-28,2023-01-01,2023-12-31,2023,FY,364.0,operating_cash_flow,us-gaap,NetCashProvidedByUsedInOperatingActivities,2426000000.0,2426.0,USD_millions,flow,1,https://www.sec.gov/Archives/edgar/data/1065088/000106508824000036/,2026-08-05T12:11:50+00:00,0001065088,USD,2023,
ebay,EBAY,0001065088-25-000037,10-K,2025-02-27,2023-01-01,2023-12-31,2023,FY,364.0,operating_cash_flow,us-gaap,NetCashProvidedByUsedInOperatingActivities,2426000000.0,2426.0,USD_millions,flow,1,https://www.sec.gov/Archives/edgar/data/1065088/000106508825000037/,2026-08-05T12:11:50+00:00,0001065088,USD,2024,
ebay,EBAY,0001065088-26-000027,10-K,2026-02-19,2023-01-01,2023-12-31,2023,FY,364.0,operating_cash_flow,us-gaap,NetCashProvidedByUsedInOperatingActivities,2426000000.0,2426.0,USD_millions,flow,1,https://www.sec.gov/Archives/edgar/data/1065088/000106508826000027/,2026-08-05T12:11:50+00:00,0001065088,USD,2025,CY2023
ebay,EBAY,0001065088-24-000036,10-K,2024-02-28,2023-01-01,2023-12-31,2023,FY,364.0,operating_income,us-gaap,OperatingIncomeLoss,1941000000.0,1941.0,USD_millions,flow,1,https://www.sec.gov/Archives/edgar/data/1065088/000106508824000036/,2026-08-05T12:11:50+00:00,0001065088,USD,2023,
ebay,EBAY,0001065088-25-000037,10-K,2025-02-27,2023-01-01,2023-12-31,2023,FY,364.0,operating_income,us-gaap,OperatingIncomeLoss,1941000000.0,1941.0,USD_millions,flow,1,https://www.sec.gov/Archives/edgar/data/1065088/000106508825000037/,2026-08-05T12:11:50+00:00,0001065088,USD,2024,
ebay,EBAY,0001065088-26-000027,10-K,2026-02-19,2023-01-01,2023-12-31,2023,FY,364.0,operating_income,us-gaap,OperatingIncomeLoss,1941000000.0,1941.0,USD_millions,flow,1,https://www.sec.gov/Archives/edgar/data/1065088/000106508826000027/,2026-08-05T12:11:50+00:00,0001065088,USD,2025,CY2023
ebay,EBAY,0001065088-24-000036,10-K,2024-02-28,2023-01-01,2023-12-31,2023,FY,364.0,revenue,us-gaap,RevenueFromContractWithCustomerExcludingAssessedTax,10112000000.0,10112.0,USD_millions,flow,1,https://www.sec.gov/Archives/edgar/data/1065088/000106508824000036/,2026-08-05T12:11:50+00:00,0001065088,USD,2023,
ebay,EBAY,0001065088-25-000037,10-K,2025-02-27,2023-01-01,2023-12-31,2023,FY,364.0,revenue,us-gaap,RevenueFromContractWithCustomerExcludingAssessedTax,10112000000.0,10112.0,USD_millions,flow,1,https://www.sec.gov/Archives/edgar/data/1065088/000106508825000037/,2026-08-05T12:11:50+00:00,0001065088,USD,2024,
ebay,EBAY,0001065088-26-000027,10-K,2026-02-19,2023-01-01,2023-12-31,2023,FY,364.0,revenue,us-gaap,RevenueFromContractWithCustomerExcludingAssessedTax,10112000000.0,10112.0,USD_millions,flow,1,https://www.sec.gov/Archives/edgar/data/1065088/000106508826000027/,2026-08-05T12:11:50+00:00,0001065088,USD,2025,CY2023
ebay,EBAY,0001065088-24-000036,10-K,2024-02-28,,2023-12-31,2023,FY,,total_assets,us-gaap,Assets,21620000000.0,21620.0,USD_millions,stock,1,https://www.sec.gov/Archives/edgar/data/1065088/000106508824000036/,2026-08-05T12:11:50+00:00,0001065088,USD,2023,
ebay,EBAY,0001065088-25-000037,10-K,2025-02-27,,2023-12-31,2023,FY,,total_assets,us-gaap,Assets,21620000000.0,21620.0,USD_millions,stock,1,https://www.sec.gov/Archives/edgar/data/1065088/000106508825000037/,2026-08-05T12:11:50+00:00,0001065088,USD,2024,CY2023Q4I
ebay,EBAY,0001065088-24-000036,10-K,2024-02-28,,2023-12-31,2023,FY,,total_debt,us-gaap,DebtLongtermAndShorttermCombinedAmount,7723000000.0,7723.0,USD_millions,stock,1,https://www.sec.gov/Archives/edgar/data/1065088/000106508824000036/,2026-08-05T12:11:50+00:00,0001065088,USD,2023,CY2023Q4I
ebay,EBAY,0001065088-24-000036,10-K,2024-02-28,,2023-12-31,2023,FY,,total_debt,us-gaap,LongTermDebtAndCapitalLeaseObligations,6973000000.0,6973.0,USD_millions,stock,3,https://www.sec.gov/Archives/edgar/data/1065088/000106508824000036/,2026-08-05T12:11:50+00:00,0001065088,USD,2023,
ebay,EBAY,0001065088-25-000037,10-K,2025-02-27,,2023-12-31,2023,FY,,total_debt,us-gaap,DebtAndCapitalLeaseObligations,7723000000.0,7723.0,USD_millions,stock,2,https://www.sec.gov/Archives/edgar/data/1065088/000106508825000037/,2026-08-05T12:11:50+00:00,0001065088,USD,2024,CY2023Q4I
ebay,EBAY,0001065088-25-000037,10-K,2025-02-27,,2023-12-31,2023,FY,,total_debt,us-gaap,LongTermDebtAndCapitalLeaseObligations,6973000000.0,6973.0,USD_millions,stock,3,https://www.sec.gov/Archives/edgar/data/1065088/000106508825000037/,2026-08-05T12:11:50+00:00,0001065088,USD,2024,CY2023Q4I
ebay,EBAY,0001065088-24-000036,10-K,2024-02-28,,2023-12-31,2023,FY,,total_equity,us-gaap,StockholdersEquity,6396000000.0,6396.0,USD_millions,stock,1,https://www.sec.gov/Archives/edgar/data/1065088/000106508824000036/,2026-08-05T12:11:50+00:00,0001065088,USD,2023,
ebay,EBAY,0001065088-25-000037,10-K,2025-02-27,,2023-12-31,2023,FY,,total_equity,us-gaap,StockholdersEquity,6396000000.0,6396.0,USD_millions,stock,1,https://www.sec.gov/Archives/edgar/data/1065088/000106508825000037/,2026-08-05T12:11:50+00:00,0001065088,USD,2024,
ebay,EBAY,0001065088-26-000027,10-K,2026-02-19,,2023-12-31,2023,FY,,total_equity,us-gaap,StockholdersEquity,6396000000.0,6396.0,USD_millions,stock,1,https://www.sec.gov/Archives/edgar/data/1065088/000106508826000027/,2026-08-05T12:11:50+00:00,0001065088,USD,2025,CY2023Q4I
ebay,EBAY,0001065088-24-000036,10-K,2024-02-28,,2023-12-31,2023,FY,,total_liabilities,us-gaap,Liabilities,15224000000.0,15224.0,USD_millions,stock,1,https://www.sec.gov/Archives/edgar/data/1065088/000106508824000036/,2026-08-05T12:11:50+00:00,0001065088,USD,2023,
ebay,EBAY,0001065088-25-000037,10-K,2025-02-27,,2023-12-31,2023,FY,,total_liabilities,us-gaap,Liabilities,15224000000.0,15224.0,USD_millions,stock,1,https://www.sec.gov/Archives/edgar/data/1065088/000106508825000037/,2026-08-05T12:11:50+00:00,0001065088,USD,2024,CY2023Q4I
etsy,ETSY,0001370637-22-000024,10-K,2022-02-25,2021-01-01,2021-12-31,2021,FY,364.0,capital_expenditure,us-gaap,PaymentsToAcquirePropertyPlantAndEquipment,11248000.0,11.248,USD_millions,flow,1,https://www.sec.gov/Archives/edgar/data/1370637/000137063722000024/,2026-08-05T12:11:50+00:00,0001370637,USD,2021,
etsy,ETSY,0001370637-23-000017,10-K,2023-02-23,2021-01-01,2021-12-31,2021,FY,364.0,capital_expenditure,us-gaap,PaymentsToAcquirePropertyPlantAndEquipment,11248000.0,11.248,USD_millions,flow,1,https://www.sec.gov/Archives/edgar/data/1370637/000137063723000017/,2026-08-05T12:11:50+00:00,0001370637,USD,2022,
etsy,ETSY,0001370637-24-000013,10-K,2024-02-22,2021-01-01,2021-12-31,2021,FY,364.0,capital_expenditure,us-gaap,override:PaymentsToAcquirePropertyPlantAndEquipment+PaymentsToDevelopSoftware,28170000.0,28.17,USD_millions,flow,0,https://www.sec.gov/Archives/edgar/data/1370637/000137063724000013/,2026-08-05T12:11:50+00:00,0001370637,USD,2023,CY2021
etsy,ETSY,0001370637-24-000013,10-K,2024-02-22,2021-01-01,2021-12-31,2021,FY,364.0,capital_expenditure,us-gaap,PaymentsToAcquirePropertyPlantAndEquipment,11248000.0,11.248,USD_millions,flow,1,https://www.sec.gov/Archives/edgar/data/1370637/000137063724000013/,2026-08-05T12:11:50+00:00,0001370637,USD,2023,CY2021
etsy,ETSY,0001370637-22-000024,10-K,2022-02-25,,2021-12-31,2021,FY,,cash_and_equivalents,us-gaap,CashAndCashEquivalentsAtCarryingValue,780196000.0,780.196,USD_millions,stock,1,https://www.sec.gov/Archives/edgar/data/1370637/000137063722000024/,2026-08-05T12:11:50+00:00,0001370637,USD,2021,
etsy,ETSY,0001370637-23-000017,10-K,2023-02-23,,2021-12-31,2021,FY,,cash_and_equivalents,us-gaap,CashAndCashEquivalentsAtCarryingValue,780196000.0,780.196,USD_millions,stock,1,https://www.sec.gov/Archives/edgar/data/1370637/000137063723000017/,2026-08-05T12:11:50+00:00,0001370637,USD,2022,
etsy,ETSY,0001370637-24-000013,10-K,2024-02-22,,2021-12-31,2021,FY,,cash_and_equivalents,us-gaap,CashAndCashEquivalentsAtCarryingValue,780196000.0,780.196,USD_millions,stock,1,https://www.sec.gov/Archives/edgar/data/1370637/000137063724000013/,2026-08-05T12:11:50+00:00,0001370637,USD,2023,CY2021Q4I
etsy,ETSY,0001370637-22-000024,10-K,2022-02-25,,2021-12-31,2021,FY,,current_assets,us-gaap,AssetsCurrent,1341501000.0,1341.501,USD_millions,stock,1,https://www.sec.gov/Archives/edgar/data/1370637/000137063722000024/,2026-08-05T12:11:50+00:00,0001370637,USD,2021,
etsy,ETSY,0001370637-23-000017,10-K,2023-02-23,,2021-12-31,2021,FY,,current_assets,us-gaap,AssetsCurrent,1341501000.0,1341.501,USD_millions,stock,1,https://www.sec.gov/Archives/edgar/data/1370637/000137063723000017/,2026-08-05T12:11:50+00:00,0001370637,USD,2022,CY2021Q4I
etsy,ETSY,0001370637-22-000024,10-K,2022-02-25,,2021-12-31,2021,FY,,current_liabilities,us-gaap,LiabilitiesCurrent,615588000.0,615.588,USD_millions,stock,1,https://www.sec.gov/Archives/edgar/data/1370637/000137063722000024/,2026-08-05T12:11:50+00:00,0001370637,USD,2021,
etsy,ETSY,0001370637-23-000017,10-K,2023-02-23,,2021-12-31,2021,FY,,current_liabilities,us-gaap,LiabilitiesCurrent,615588000.0,615.588,USD_millions,stock,1,https://www.sec.gov/Archives/edgar/data/1370637/000137063723000017/,2026-08-05T12:11:50+00:00,0001370637,USD,2022,CY2021Q4I
etsy,ETSY,0001370637-22-000024,10-K,2022-02-25,2021-01-01,2021-12-31,2021,FY,364.0,net_income,us-gaap,NetIncomeLoss,493507000.0,493.507,USD_millions,flow,1,https://www.sec.gov/Archives/edgar/data/1370637/000137063722000024/,2026-08-05T12:11:50+00:00,0001370637,USD,2021,
etsy,ETSY,0001370637-23-000017,10-K,2023-02-23,2021-01-01,2021-12-31,2021,FY,364.0,net_income,us-gaap,NetIncomeLoss,493507000.0,493.507,USD_millions,flow,1,https://www.sec.gov/Archives/edgar/data/1370637/000137063723000017/,2026-08-05T12:11:50+00:00,0001370637,USD,2022,
etsy,ETSY,0001370637-24-000013,10-K,2024-02-22,2021-01-01,2021-12-31,2021,FY,364.0,net_income,us-gaap,NetIncomeLoss,493507000.0,493.507,USD_millions,flow,1,https://www.sec.gov/Archives/edgar/data/1370637/000137063724000013/,2026-08-05T12:11:50+00:00,0001370637,USD,2023,
etsy,ETSY,0001370637-22-000024,10-K,2022-02-25,2021-01-01,2021-12-31,2021,FY,364.0,operating_cash_flow,us-gaap,NetCashProvidedByUsedInOperatingActivities,651551000.0,651.551,USD_millions,flow,1,https://www.sec.gov/Archives/edgar/data/1370637/000137063722000024/,2026-08-05T12:11:50+00:00,0001370637,USD,2021,
etsy,ETSY,0001370637-23-000017,10-K,2023-02-23,2021-01-01,2021-12-31,2021,FY,364.0,operating_cash_flow,us-gaap,NetCashProvidedByUsedInOperatingActivities,651551000.0,651.551,USD_millions,flow,1,https://www.sec.gov/Archives/edgar/data/1370637/000137063723000017/,2026-08-05T12:11:50+00:00,0001370637,USD,2022,
etsy,ETSY,0001370637-24-000013,10-K,2024-02-22,2021-01-01,2021-12-31,2021,FY,364.0,operating_cash_flow,us-gaap,NetCashProvidedByUsedInOperatingActivities,651551000.0,651.551,USD_millions,flow,1,https://www.sec.gov/Archives/edgar/data/1370637/000137063724000013/,2026-08-05T12:11:50+00:00,0001370637,USD,2023,CY2021
etsy,ETSY,0001370637-22-000024,10-K,2022-02-25,2021-01-01,2021-12-31,2021,FY,364.0,operating_income,us-gaap,OperatingIncomeLoss,465732000.0,465.732,USD_millions,flow,1,https://www.sec.gov/Archives/edgar/data/1370637/000137063722000024/,2026-08-05T12:11:50+00:00,0001370637,USD,2021,
etsy,ETSY,0001370637-23-000017,10-K,2023-02-23,2021-01-01,2021-12-31,2021,FY,364.0,operating_income,us-gaap,OperatingIncomeLoss,465732000.0,465.732,USD_millions,flow,1,https://www.sec.gov/Archives/edgar/data/1370637/000137063723000017/,2026-08-05T12:11:50+00:00,0001370637,USD,2022,
etsy,ETSY,0001370637-24-000013,10-K,2024-02-22,2021-01-01,2021-12-31,2021,FY,364.0,operating_income,us-gaap,OperatingIncomeLoss,465732000.0,465.732,USD_millions,flow,1,https://www.sec.gov/Archives/edgar/data/1370637/000137063724000013/,2026-08-05T12:11:50+00:00,0001370637,USD,2023,CY2021
etsy,ETSY,0001370637-22-000024,10-K,2022-02-25,2021-01-01,2021-12-31,2021,FY,364.0,revenue,us-gaap,RevenueFromContractWithCustomerExcludingAssessedTax,2329114000.0,2329.114,USD_millions,flow,1,https://www.sec.gov/Archives/edgar/data/1370637/000137063722000024/,2026-08-05T12:11:50+00:00,0001370637,USD,2021,
etsy,ETSY,0001370637-23-000017,10-K,2023-02-23,2021-01-01,2021-12-31,2021,FY,364.0,revenue,us-gaap,RevenueFromContractWithCustomerExcludingAssessedTax,2329114000.0,2329.114,USD_millions,flow,1,https://www.sec.gov/Archives/edgar/data/1370637/000137063723000017/,2026-08-05T12:11:50+00:00,0001370637,USD,2022,
etsy,ETSY,0001370637-24-000013,10-K,2024-02-22,2021-01-01,2021-12-31,2021,FY,364.0,revenue,us-gaap,RevenueFromContractWithCustomerExcludingAssessedTax,2329114000.0,2329.114,USD_millions,flow,1,https://www.sec.gov/Archives/edgar/data/1370637/000137063724000013/,2026-08-05T12:11:50+00:00,0001370637,USD,2023,CY2021
etsy,ETSY,0001370637-22-000024,10-K,2022-02-25,,2021-12-31,2021,FY,,total_assets,us-gaap,Assets,3831809000.0,3831.809,USD_millions,stock,1,https://www.sec.gov/Archives/edgar/data/1370637/000137063722000024/,2026-08-05T12:11:50+00:00,0001370637,USD,2021,
etsy,ETSY,0001370637-23-000017,10-K,2023-02-23,,2021-12-31,2021,FY,,total_assets,us-gaap,Assets,3831809000.0,3831.809,USD_millions,stock,1,https://www.sec.gov/Archives/edgar/data/1370637/000137063723000017/,2026-08-05T12:11:50+00:00,0001370637,USD,2022,CY2021Q4I
etsy,ETSY,0001370637-22-000024,10-K,2022-02-25,,2021-12-31,2021,FY,,total_equity,us-gaap,StockholdersEquity,628619000.0,628.619,USD_millions,stock,1,https://www.sec.gov/Archives/edgar/data/1370637/000137063722000024/,2026-08-05T12:11:50+00:00,0001370637,USD,2021,
etsy,ETSY,0001370637-23-000017,10-K,2023-02-23,,2021-12-31,2021,FY,,total_equity,us-gaap,StockholdersEquity,628619000.0,628.619,USD_millions,stock,1,https://www.sec.gov/Archives/edgar/data/1370637/000137063723000017/,2026-08-05T12:11:50+00:00,0001370637,USD,2022,
etsy,ETSY,0001370637-24-000013,10-K,2024-02-22,,2021-12-31,2021,FY,,total_equity,us-gaap,StockholdersEquity,628619000.0,628.619,USD_millions,stock,1,https://www.sec.gov/Archives/edgar/data/1370637/000137063724000013/,2026-08-05T12:11:50+00:00,0001370637,USD,2023,
etsy,ETSY,0001370637-25-000017,10-K,2025-02-19,,2021-12-31,2021,FY,,total_equity,us-gaap,StockholdersEquity,628619000.0,628.619,USD_millions,stock,1,https://www.sec.gov/Archives/edgar/data/1370637/000137063725000017/,2026-08-05T12:11:50+00:00,0001370637,USD,2024,CY2021Q4I
etsy,ETSY,0001370637-22-000024,10-K,2022-02-25,,2021-12-31,2021,FY,,total_liabilities,us-gaap,Liabilities,3203190000.0,3203.19,USD_millions,stock,1,https://www.sec.gov/Archives/edgar/data/1370637/000137063722000024/,2026-08-05T12:11:50+00:00,0001370637,USD,2021,
etsy,ETSY,0001370637-23-000017,10-K,2023-02-23,,2021-12-31,2021,FY,,total_liabilities,us-gaap,Liabilities,3203190000.0,3203.19,USD_millions,stock,1,https://www.sec.gov/Archives/edgar/data/1370637/000137063723000017/,2026-08-05T12:11:50+00:00,0001370637,USD,2022,CY2021Q4I
etsy,ETSY,0001370637-23-000017,10-K,2023-02-23,2022-01-01,2022-12-31,2022,FY,364.0,capital_expenditure,us-gaap,PaymentsToAcquirePropertyPlantAndEquipment,10237000.0,10.237,USD_millions,flow,1,https://www.sec.gov/Archives/edgar/data/1370637/000137063723000017/,2026-08-05T12:11:50+00:00,0001370637,USD,2022,
etsy,ETSY,0001370637-24-000013,10-K,2024-02-22,2022-01-01,2022-12-31,2022,FY,364.0,capital_expenditure,us-gaap,PaymentsToAcquirePropertyPlantAndEquipment,10237000.0,10.237,USD_millions,flow,1,https://www.sec.gov/Archives/edgar/data/1370637/000137063724000013/,2026-08-05T12:11:50+00:00,0001370637,USD,2023,
etsy,ETSY,0001370637-25-000017,10-K,2025-02-19,2022-01-01,2022-12-31,2022,FY,364.0,capital_expenditure,us-gaap,override:PaymentsToAcquirePropertyPlantAndEquipment+PaymentsToDevelopSoftware,30743000.0,30.743,USD_millions,flow,0,https://www.sec.gov/Archives/edgar/data/1370637/000137063725000017/,2026-08-05T12:11:50+00:00,0001370637,USD,2024,CY2022
etsy,ETSY,0001370637-25-000017,10-K,2025-02-19,2022-01-01,2022-12-31,2022,FY,364.0,capital_expenditure,us-gaap,PaymentsToAcquirePropertyPlantAndEquipment,10237000.0,10.237,USD_millions,flow,1,https://www.sec.gov/Archives/edgar/data/1370637/000137063725000017/,2026-08-05T12:11:50+00:00,0001370637,USD,2024,CY2022
etsy,ETSY,0001370637-23-000017,10-K,2023-02-23,,2022-12-31,2022,FY,,cash_and_equivalents,us-gaap,CashAndCashEquivalentsAtCarryingValue,921278000.0,921.278,USD_millions,stock,1,https://www.sec.gov/Archives/edgar/data/1370637/000137063723000017/,2026-08-05T12:11:50+00:00,0001370637,USD,2022,
etsy,ETSY,0001370637-24-000013,10-K,2024-02-22,,2022-12-31,2022,FY,,cash_and_equivalents,us-gaap,CashAndCashEquivalentsAtCarryingValue,921278000.0,921.278,USD_millions,stock,1,https://www.sec.gov/Archives/edgar/data/1370637/000137063724000013/,2026-08-05T12:11:50+00:00,0001370637,USD,2023,
etsy,ETSY,0001370637-23-000017,10-K,2023-02-23,,2022-12-31,2022,FY,,current_assets,us-gaap,AssetsCurrent,1513743000.0,1513.743,USD_millions,stock,1,https://www.sec.gov/Archives/edgar/data/1370637/000137063723000017/,2026-08-05T12:11:50+00:00,0001370637,USD,2022,
etsy,ETSY,0001370637-24-000013,10-K,2024-02-22,,2022-12-31,2022,FY,,current_assets,us-gaap,AssetsCurrent,1513743000.0,1513.743,USD_millions,stock,1,https://www.sec.gov/Archives/edgar/data/1370637/000137063724000013/,2026-08-05T12:11:50+00:00,0001370637,USD,2023,CY2022Q4I
etsy,ETSY,0001370637-23-000017,10-K,2023-02-23,,2022-12-31,2022,FY,,current_liabilities,us-gaap,LiabilitiesCurrent,631755000.0,631.755,USD_millions,stock,1,https://www.sec.gov/Archives/edgar/data/1370637/000137063723000017/,2026-08-05T12:11:50+00:00,0001370637,USD,2022,
etsy,ETSY,0001370637-24-000013,10-K,2024-02-22,,2022-12-31,2022,FY,,current_liabilities,us-gaap,LiabilitiesCurrent,631755000.0,631.755,USD_millions,stock,1,https://www.sec.gov/Archives/edgar/data/1370637/000137063724000013/,2026-08-05T12:11:50+00:00,0001370637,USD,2023,CY2022Q4I
etsy,ETSY,0001370637-23-000017,10-K,2023-02-23,2022-01-01,2022-12-31,2022,FY,364.0,net_income,us-gaap,NetIncomeLoss,-694288000.0,-694.288,USD_millions,flow,1,https://www.sec.gov/Archives/edgar/data/1370637/000137063723000017/,2026-08-05T12:11:50+00:00,0001370637,USD,2022,
etsy,ETSY,0001370637-24-000013,10-K,2024-02-22,2022-01-01,2022-12-31,2022,FY,364.0,net_income,us-gaap,NetIncomeLoss,-694288000.0,-694.288,USD_millions,flow,1,https://www.sec.gov/Archives/edgar/data/1370637/000137063724000013/,2026-08-05T12:11:50+00:00,0001370637,USD,2023,
etsy,ETSY,0001370637-25-000017,10-K,2025-02-19,2022-01-01,2022-12-31,2022,FY,364.0,net_income,us-gaap,NetIncomeLoss,-694288000.0,-694.288,USD_millions,flow,1,https://www.sec.gov/Archives/edgar/data/1370637/000137063725000017/,2026-08-05T12:11:50+00:00,0001370637,USD,2024,
etsy,ETSY,0001370637-23-000017,10-K,2023-02-23,2022-01-01,2022-12-31,2022,FY,364.0,operating_cash_flow,us-gaap,NetCashProvidedByUsedInOperatingActivities,683612000.0,683.612,USD_millions,flow,1,https://www.sec.gov/Archives/edgar/data/1370637/000137063723000017/,2026-08-05T12:11:50+00:00,0001370637,USD,2022,
etsy,ETSY,0001370637-24-000013,10-K,2024-02-22,2022-01-01,2022-12-31,2022,FY,364.0,operating_cash_flow,us-gaap,NetCashProvidedByUsedInOperatingActivities,683612000.0,683.612,USD_millions,flow,1,https://www.sec.gov/Archives/edgar/data/1370637/000137063724000013/,2026-08-05T12:11:50+00:00,0001370637,USD,2023,
etsy,ETSY,0001370637-25-000017,10-K,2025-02-19,2022-01-01,2022-12-31,2022,FY,364.0,operating_cash_flow,us-gaap,NetCashProvidedByUsedInOperatingActivities,683612000.0,683.612,USD_millions,flow,1,https://www.sec.gov/Archives/edgar/data/1370637/000137063725000017/,2026-08-05T12:11:50+00:00,0001370637,USD,2024,CY2022
etsy,ETSY,0001370637-23-000017,10-K,2023-02-23,2022-01-01,2022-12-31,2022,FY,364.0,operating_income,us-gaap,OperatingIncomeLoss,-658560000.0,-658.56,USD_millions,flow,1,https://www.sec.gov/Archives/edgar/data/1370637/000137063723000017/,2026-08-05T12:11:50+00:00,0001370637,USD,2022,
etsy,ETSY,0001370637-24-000013,10-K,2024-02-22,2022-01-01,2022-12-31,2022,FY,364.0,operating_income,us-gaap,OperatingIncomeLoss,-658560000.0,-658.56,USD_millions,flow,1,https://www.sec.gov/Archives/edgar/data/1370637/000137063724000013/,2026-08-05T12:11:50+00:00,0001370637,USD,2023,
etsy,ETSY,0001370637-25-000017,10-K,2025-02-19,2022-01-01,2022-12-31,2022,FY,364.0,operating_income,us-gaap,OperatingIncomeLoss,-658560000.0,-658.56,USD_millions,flow,1,https://www.sec.gov/Archives/edgar/data/1370637/000137063725000017/,2026-08-05T12:11:50+00:00,0001370637,USD,2024,CY2022
etsy,ETSY,0001370637-23-000017,10-K,2023-02-23,2022-01-01,2022-12-31,2022,FY,364.0,revenue,us-gaap,RevenueFromContractWithCustomerExcludingAssessedTax,2566111000.0,2566.111,USD_millions,flow,1,https://www.sec.gov/Archives/edgar/data/1370637/000137063723000017/,2026-08-05T12:11:50+00:00,0001370637,USD,2022,
etsy,ETSY,0001370637-24-000013,10-K,2024-02-22,2022-01-01,2022-12-31,2022,FY,364.0,revenue,us-gaap,RevenueFromContractWithCustomerExcludingAssessedTax,2566111000.0,2566.111,USD_millions,flow,1,https://www.sec.gov/Archives/edgar/data/1370637/000137063724000013/,2026-08-05T12:11:50+00:00,0001370637,USD,2023,
etsy,ETSY,0001370637-25-000017,10-K,2025-02-19,2022-01-01,2022-12-31,2022,FY,364.0,revenue,us-gaap,RevenueFromContractWithCustomerExcludingAssessedTax,2566111000.0,2566.111,USD_millions,flow,1,https://www.sec.gov/Archives/edgar/data/1370637/000137063725000017/,2026-08-05T12:11:50+00:00,0001370637,USD,2024,CY2022
etsy,ETSY,0001370637-23-000017,10-K,2023-02-23,,2022-12-31,2022,FY,,total_assets,us-gaap,Assets,2634961000.0,2634.961,USD_millions,stock,1,https://www.sec.gov/Archives/edgar/data/1370637/000137063723000017/,2026-08-05T12:11:50+00:00,0001370637,USD,2022,
etsy,ETSY,0001370637-24-000013,10-K,2024-02-22,,2022-12-31,2022,FY,,total_assets,us-gaap,Assets,2634961000.0,2634.961,USD_millions,stock,1,https://www.sec.gov/Archives/edgar/data/1370637/000137063724000013/,2026-08-05T12:11:50+00:00,0001370637,USD,2023,CY2022Q4I
etsy,ETSY,0001370637-23-000017,10-K,2023-02-23,,2022-12-31,2022,FY,,total_equity,us-gaap,StockholdersEquity,-547274000.0,-547.274,USD_millions,stock,1,https://www.sec.gov/Archives/edgar/data/1370637/000137063723000017/,2026-08-05T12:11:50+00:00,0001370637,USD,2022,
etsy,ETSY,0001370637-24-000013,10-K,2024-02-22,,2022-12-31,2022,FY,,total_equity,us-gaap,StockholdersEquity,-547274000.0,-547.274,USD_millions,stock,1,https://www.sec.gov/Archives/edgar/data/1370637/000137063724000013/,2026-08-05T12:11:50+00:00,0001370637,USD,2023,
etsy,ETSY,0001370637-25-000017,10-K,2025-02-19,,2022-12-31,2022,FY,,total_equity,us-gaap,StockholdersEquity,-547274000.0,-547.274,USD_millions,stock,1,https://www.sec.gov/Archives/edgar/data/1370637/000137063725000017/,2026-08-05T12:11:50+00:00,0001370637,USD,2024,
etsy,ETSY,0001370637-26-000019,10-K,2026-02-19,,2022-12-31,2022,FY,,total_equity,us-gaap,StockholdersEquity,-547274000.0,-547.274,USD_millions,stock,1,https://www.sec.gov/Archives/edgar/data/1370637/000137063726000019/,2026-08-05T12:11:50+00:00,0001370637,USD,2025,CY2022Q4I
etsy,ETSY,0001370637-23-000017,10-K,2023-02-23,,2022-12-31,2022,FY,,total_liabilities,us-gaap,Liabilities,3182235000.0,3182.235,USD_millions,stock,1,https://www.sec.gov/Archives/edgar/data/1370637/000137063723000017/,2026-08-05T12:11:50+00:00,0001370637,USD,2022,
etsy,ETSY,0001370637-24-000013,10-K,2024-02-22,,2022-12-31,2022,FY,,total_liabilities,us-gaap,Liabilities,3182235000.0,3182.235,USD_millions,stock,1,https://www.sec.gov/Archives/edgar/data/1370637/000137063724000013/,2026-08-05T12:11:50+00:00,0001370637,USD,2023,CY2022Q4I
etsy,ETSY,0001370637-24-000013,10-K,2024-02-22,2023-01-01,2023-12-31,2023,FY,364.0,capital_expenditure,us-gaap,PaymentsToAcquirePropertyPlantAndEquipment,12938000.0,12.938,USD_millions,flow,1,https://www.sec.gov/Archives/edgar/data/1370637/000137063724000013/,2026-08-05T12:11:50+00:00,0001370637,USD,2023,
etsy,ETSY,0001370637-25-000017,10-K,2025-02-19,2023-01-01,2023-12-31,2023,FY,364.0,capital_expenditure,us-gaap,PaymentsToAcquirePropertyPlantAndEquipment,12938000.0,12.938,USD_millions,flow,1,https://www.sec.gov/Archives/edgar/data/1370637/000137063725000017/,2026-08-05T12:11:50+00:00,0001370637,USD,2024,
etsy,ETSY,0001370637-26-000019,10-K,2026-02-19,2023-01-01,2023-12-31,2023,FY,364.0,capital_expenditure,us-gaap,override:PaymentsToAcquirePropertyPlantAndEquipment+PaymentsToDevelopSoftware,39908000.0,39.908,USD_millions,flow,0,https://www.sec.gov/Archives/edgar/data/1370637/000137063726000019/,2026-08-05T12:11:50+00:00,0001370637,USD,2025,CY2023
etsy,ETSY,0001370637-26-000019,10-K,2026-02-19,2023-01-01,2023-12-31,2023,FY,364.0,capital_expenditure,us-gaap,PaymentsToAcquirePropertyPlantAndEquipment,12950000.0,12.95,USD_millions,flow,1,https://www.sec.gov/Archives/edgar/data/1370637/000137063726000019/,2026-08-05T12:11:50+00:00,0001370637,USD,2025,CY2023
etsy,ETSY,0001370637-24-000013,10-K,2024-02-22,,2023-12-31,2023,FY,,cash_and_equivalents,us-gaap,CashAndCashEquivalentsAtCarryingValue,914323000.0,914.323,USD_millions,stock,1,https://www.sec.gov/Archives/edgar/data/1370637/000137063724000013/,2026-08-05T12:11:50+00:00,0001370637,USD,2023,
etsy,ETSY,0001370637-25-000017,10-K,2025-02-19,,2023-12-31,2023,FY,,cash_and_equivalents,us-gaap,CashAndCashEquivalentsAtCarryingValue,914323000.0,914.323,USD_millions,stock,1,https://www.sec.gov/Archives/edgar/data/1370637/000137063725000017/,2026-08-05T12:11:50+00:00,0001370637,USD,2024,
etsy,ETSY,0001370637-26-000019,10-K,2026-02-19,,2023-12-31,2023,FY,,cash_and_equivalents,us-gaap,CashAndCashEquivalentsAtCarryingValue,914323000.0,914.323,USD_millions,stock,1,https://www.sec.gov/Archives/edgar/data/1370637/000137063726000019/,2026-08-05T12:11:50+00:00,0001370637,USD,2025,CY2023Q4I
etsy,ETSY,0001370637-24-000013,10-K,2024-02-22,,2023-12-31,2023,FY,,current_assets,us-gaap,AssetsCurrent,1570446000.0,1570.446,USD_millions,stock,1,https://www.sec.gov/Archives/edgar/data/1370637/000137063724000013/,2026-08-05T12:11:50+00:00,0001370637,USD,2023,
etsy,ETSY,0001370637-25-000017,10-K,2025-02-19,,2023-12-31,2023,FY,,current_assets,us-gaap,AssetsCurrent,1570446000.0,1570.446,USD_millions,stock,1,https://www.sec.gov/Archives/edgar/data/1370637/000137063725000017/,2026-08-05T12:11:50+00:00,0001370637,USD,2024,CY2023Q4I
etsy,ETSY,0001370637-24-000013,10-K,2024-02-22,,2023-12-31,2023,FY,,current_liabilities,us-gaap,LiabilitiesCurrent,710781000.0,710.781,USD_millions,stock,1,https://www.sec.gov/Archives/edgar/data/1370637/000137063724000013/,2026-08-05T12:11:50+00:00,0001370637,USD,2023,
etsy,ETSY,0001370637-25-000017,10-K,2025-02-19,,2023-12-31,2023,FY,,current_liabilities,us-gaap,LiabilitiesCurrent,710781000.0,710.781,USD_millions,stock,1,https://www.sec.gov/Archives/edgar/data/1370637/000137063725000017/,2026-08-05T12:11:50+00:00,0001370637,USD,2024,CY2023Q4I
etsy,ETSY,0001370637-24-000013,10-K,2024-02-22,2023-01-01,2023-12-31,2023,FY,364.0,net_income,us-gaap,NetIncomeLoss,307568000.0,307.568,USD_millions,flow,1,https://www.sec.gov/Archives/edgar/data/1370637/000137063724000013/,2026-08-05T12:11:50+00:00,0001370637,USD,2023,
etsy,ETSY,0001370637-25-000017,10-K,2025-02-19,2023-01-01,2023-12-31,2023,FY,364.0,net_income,us-gaap,NetIncomeLoss,307568000.0,307.568,USD_millions,flow,1,https://www.sec.gov/Archives/edgar/data/1370637/000137063725000017/,2026-08-05T12:11:50+00:00,0001370637,USD,2024,
etsy,ETSY,0001370637-26-000019,10-K,2026-02-19,2023-01-01,2023-12-31,2023,FY,364.0,net_income,us-gaap,NetIncomeLoss,307568000.0,307.568,USD_millions,flow,1,https://www.sec.gov/Archives/edgar/data/1370637/000137063726000019/,2026-08-05T12:11:50+00:00,0001370637,USD,2025,
etsy,ETSY,0001370637-24-000013,10-K,2024-02-22,2023-01-01,2023-12-31,2023,FY,364.0,operating_cash_flow,us-gaap,NetCashProvidedByUsedInOperatingActivities,705513000.0,705.513,USD_millions,flow,1,https://www.sec.gov/Archives/edgar/data/1370637/000137063724000013/,2026-08-05T12:11:50+00:00,0001370637,USD,2023,
etsy,ETSY,0001370637-25-000017,10-K,2025-02-19,2023-01-01,2023-12-31,2023,FY,364.0,operating_cash_flow,us-gaap,NetCashProvidedByUsedInOperatingActivities,705513000.0,705.513,USD_millions,flow,1,https://www.sec.gov/Archives/edgar/data/1370637/000137063725000017/,2026-08-05T12:11:50+00:00,0001370637,USD,2024,
etsy,ETSY,0001370637-26-000019,10-K,2026-02-19,2023-01-01,2023-12-31,2023,FY,364.0,operating_cash_flow,us-gaap,NetCashProvidedByUsedInOperatingActivities,705513000.0,705.513,USD_millions,flow,1,https://www.sec.gov/Archives/edgar/data/1370637/000137063726000019/,2026-08-05T12:11:50+00:00,0001370637,USD,2025,CY2023
etsy,ETSY,0001370637-24-000013,10-K,2024-02-22,2023-01-01,2023-12-31,2023,FY,364.0,operating_income,us-gaap,OperatingIncomeLoss,279841000.0,279.841,USD_millions,flow,1,https://www.sec.gov/Archives/edgar/data/1370637/000137063724000013/,2026-08-05T12:11:50+00:00,0001370637,USD,2023,
etsy,ETSY,0001370637-25-000017,10-K,2025-02-19,2023-01-01,2023-12-31,2023,FY,364.0,operating_income,us-gaap,OperatingIncomeLoss,279841000.0,279.841,USD_millions,flow,1,https://www.sec.gov/Archives/edgar/data/1370637/000137063725000017/,2026-08-05T12:11:50+00:00,0001370637,USD,2024,
etsy,ETSY,0001370637-26-000019,10-K,2026-02-19,2023-01-01,2023-12-31,2023,FY,364.0,operating_income,us-gaap,OperatingIncomeLoss,279841000.0,279.841,USD_millions,flow,1,https://www.sec.gov/Archives/edgar/data/1370637/000137063726000019/,2026-08-05T12:11:50+00:00,0001370637,USD,2025,CY2023
etsy,ETSY,0001370637-24-000013,10-K,2024-02-22,2023-01-01,2023-12-31,2023,FY,364.0,revenue,us-gaap,RevenueFromContractWithCustomerExcludingAssessedTax,2748377000.0,2748.377,USD_millions,flow,1,https://www.sec.gov/Archives/edgar/data/1370637/000137063724000013/,2026-08-05T12:11:50+00:00,0001370637,USD,2023,
etsy,ETSY,0001370637-25-000017,10-K,2025-02-19,2023-01-01,2023-12-31,2023,FY,364.0,revenue,us-gaap,RevenueFromContractWithCustomerExcludingAssessedTax,2748377000.0,2748.377,USD_millions,flow,1,https://www.sec.gov/Archives/edgar/data/1370637/000137063725000017/,2026-08-05T12:11:50+00:00,0001370637,USD,2024,
etsy,ETSY,0001370637-26-000019,10-K,2026-02-19,2023-01-01,2023-12-31,2023,FY,364.0,revenue,us-gaap,RevenueFromContractWithCustomerExcludingAssessedTax,2748377000.0,2748.377,USD_millions,flow,1,https://www.sec.gov/Archives/edgar/data/1370637/000137063726000019/,2026-08-05T12:11:50+00:00,0001370637,USD,2025,CY2023
etsy,ETSY,0001370637-24-000013,10-K,2024-02-22,,2023-12-31,2023,FY,,total_assets,us-gaap,Assets,2685400000.0,2685.4,USD_millions,stock,1,https://www.sec.gov/Archives/edgar/data/1370637/000137063724000013/,2026-08-05T12:11:50+00:00,0001370637,USD,2023,
etsy,ETSY,0001370637-25-000017,10-K,2025-02-19,,2023-12-31,2023,FY,,total_assets,us-gaap,Assets,2685400000.0,2685.4,USD_millions,stock,1,https://www.sec.gov/Archives/edgar/data/1370637/000137063725000017/,2026-08-05T12:11:50+00:00,0001370637,USD,2024,CY2023Q4I
etsy,ETSY,0001370637-24-000013,10-K,2024-02-22,,2023-12-31,2023,FY,,total_equity,us-gaap,StockholdersEquity,-543715000.0,-543.715,USD_millions,stock,1,https://www.sec.gov/Archives/edgar/data/1370637/000137063724000013/,2026-08-05T12:11:50+00:00,0001370637,USD,2023,
etsy,ETSY,0001370637-25-000017,10-K,2025-02-19,,2023-12-31,2023,FY,,total_equity,us-gaap,StockholdersEquity,-543715000.0,-543.715,USD_millions,stock,1,https://www.sec.gov/Archives/edgar/data/1370637/000137063725000017/,2026-08-05T12:11:50+00:00,0001370637,USD,2024,
etsy,ETSY,0001370637-26-000019,10-K,2026-02-19,,2023-12-31,2023,FY,,total_equity,us-gaap,StockholdersEquity,-543715000.0,-543.715,USD_millions,stock,1,https://www.sec.gov/Archives/edgar/data/1370637/000137063726000019/,2026-08-05T12:11:50+00:00,0001370637,USD,2025,CY2023Q4I
etsy,ETSY,0001370637-24-000013,10-K,2024-02-22,,2023-12-31,2023,FY,,total_liabilities,us-gaap,Liabilities,3229115000.0,3229.115,USD_millions,stock,1,https://www.sec.gov/Archives/edgar/data/1370637/000137063724000013/,2026-08-05T12:11:50+00:00,0001370637,USD,2023,
etsy,ETSY,0001370637-25-000017,10-K,2025-02-19,,2023-12-31,2023,FY,,total_liabilities,us-gaap,Liabilities,3229115000.0,3229.115,USD_millions,stock,1,https://www.sec.gov/Archives/edgar/data/1370637/000137063725000017/,2026-08-05T12:11:50+00:00,0001370637,USD,2024,CY2023Q4I
